batch_id,key_index,thermal_state,keygen_cycles
1,0,0,486.978165
1,1,0,407.054031
1,2,0,496.975214
1,3,0,417.406601
1,4,0,455.376288
1,5,0,417.226504
1,6,0,415.043598
1,7,0,425.886267
1,8,0,401.199124
1,9,0,468.176653
1,10,0,429.663147
1,11,0,411.625787
1,12,0,425.349353
1,13,0,412.115021
1,14,0,409.026198
1,15,0,426.905992
1,16,0,412.158675
1,17,0,424.899604
1,18,0,431.012519
1,19,0,471.832934
1,20,0,421.962745
1,21,0,467.142572
1,22,0,407.985911
1,23,0,407.200203
1,24,0,425.657985
1,25,0,502.195836
1,26,0,398.776318
1,27,0,425.808984
1,28,0,417.053453
1,29,0,413.069831
1,30,0,418.273574
1,31,0,428.279248
1,32,0,431.064363
1,33,0,432.096629
1,34,0,479.771504
1,35,0,494.162701
1,36,0,482.162331
1,37,0,420.51098
1,38,0,471.807221
1,39,0,403.906045
1,40,0,423.11307
1,41,0,431.545454
1,42,0,487.870494
1,43,0,497.110364
1,44,0,427.110009
1,45,0,401.215565
1,46,0,491.84804
1,47,0,469.075101
1,48,0,435.095232
1,49,0,493.523732
1,50,0,462.924013
1,51,0,417.165756
1,52,0,483.759558
1,53,0,494.984529
1,54,0,444.416346
1,55,0,464.335118
1,56,0,415.551282
1,57,0,481.577254
1,58,0,445.515427
1,59,0,421.096519
1,60,0,478.655139
1,61,0,488.744022
1,62,0,429.974277
1,63,0,423.463356
1,64,0,440.353209
1,65,0,423.561468
1,66,0,437.694877
1,67,0,506.582019
1,68,0,422.686866
1,69,0,434.209732
1,70,0,448.459345
1,71,0,404.925228
1,72,0,417.036613
1,73,0,407.230859
1,74,0,508.524716
1,75,0,428.847396
1,76,0,478.293961
1,77,0,426.485435
1,78,0,493.23938
1,79,0,420.188241
1,80,0,431.154703
1,81,0,428.815413
1,82,0,415.798547
1,83,0,424.954978
1,84,0,415.507283
1,85,0,463.922167
1,86,0,483.011549
1,87,0,502.735739
1,88,0,415.73071
1,89,0,405.322437
1,90,0,407.194091
1,91,0,483.830032
1,92,0,504.110175
1,93,0,488.902611
1,94,0,403.091465
1,95,0,415.942715
1,96,0,484.78502
1,97,0,470.882696
1,98,0,411.041268
1,99,0,437.083901
1,100,0,475.570436
1,101,0,483.690056
1,102,0,431.95362
1,103,0,418.153053
1,104,0,401.977779
1,105,0,407.472672
1,106,0,416.470373
1,107,0,406.954977
1,108,0,412.782322
1,109,0,500.529489
1,110,0,506.655069
1,111,0,412.915016
1,112,0,469.00218
1,113,0,413.101935
1,114,0,530.221901
1,115,0,416.390113
1,116,0,399.296134
1,117,0,509.213781
1,118,0,493.566133
1,119,0,487.184777
1,120,0,399.90004
1,121,0,414.652644
1,122,0,440.091149
1,123,0,493.404661
1,124,0,408.934224
1,125,0,437.18382
1,126,0,482.515821
1,127,0,478.167535
1,128,0,415.100277
1,129,0,450.456331
1,130,0,411.863723
1,131,0,484.585396
1,132,0,510.867541
1,133,0,419.378119
1,134,0,467.301913
1,135,0,402.915083
1,136,0,502.045748
1,137,0,497.758941
1,138,0,493.903456
1,139,0,418.478445
1,140,0,428.504549
1,141,0,501.172974
1,142,0,489.061658
1,143,0,451.447575
1,144,0,513.082513
1,145,0,411.752236
1,146,0,427.531025
1,147,0,489.689939
1,148,0,421.968946
1,149,0,418.907801
1,150,0,436.649212
1,151,0,417.485201
1,152,0,445.791888
1,153,0,492.733773
1,154,0,413.365177
1,155,0,515.206482
1,156,0,499.153043
1,157,0,417.109684
1,158,0,485.562041
1,159,0,420.644378
1,160,0,426.498064
1,161,0,469.971335
1,162,0,520.700744
1,163,0,436.12613
1,164,0,489.083656
1,165,0,404.983972
1,166,0,418.824149
1,167,0,414.059054
1,168,0,479.953975
1,169,0,439.176571
1,170,0,413.166303
1,171,0,406.909295
1,172,0,414.843379
1,173,0,427.240221
1,174,0,482.206104
1,175,0,471.009629
1,176,0,425.320861
1,177,0,471.223455
1,178,0,478.320725
1,179,0,479.071096
1,180,0,483.110616
1,181,0,416.724556
1,182,0,417.508787
1,183,0,409.654595
1,184,0,424.986845
1,185,0,420.872813
1,186,0,512.350706
1,187,0,531.017912
1,188,0,488.847719
1,189,0,458.984291
1,190,0,467.785395
1,191,0,409.634729
1,192,0,414.568183
1,193,0,429.84313
1,194,0,422.895509
1,195,0,493.324685
1,196,0,430.683316
1,197,0,420.67597
1,198,0,468.683525
1,199,0,500.61946
1,200,0,408.194102
1,201,0,412.175087
1,202,0,412.951433
1,203,0,468.396992
1,204,0,494.463009
1,205,0,431.223937
1,206,0,434.454836
1,207,0,496.186835
1,208,0,420.236246
1,209,0,422.784659
1,210,0,410.27725
1,211,0,486.869295
1,212,0,423.398083
1,213,0,462.571642
1,214,0,506.645492
1,215,0,485.060067
1,216,0,416.230502
1,217,0,410.526495
1,218,0,401.089579
1,219,0,514.807586
1,220,0,423.402091
1,221,0,404.121374
1,222,0,414.088254
1,223,0,439.893248
1,224,0,485.050227
1,225,0,419.449127
1,226,0,442.887728
1,227,0,420.50111
1,228,0,427.167906
1,229,0,412.900508
1,230,0,419.53764
1,231,0,428.146297
1,232,0,403.182341
1,233,0,429.034007
1,234,0,477.941112
1,235,0,429.819427
1,236,0,442.289956
1,237,0,428.609899
1,238,0,475.529593
1,239,0,476.110469
1,240,0,412.623748
1,241,0,422.591647
1,242,0,468.422935
1,243,0,436.640907
1,244,0,400.590264
1,245,0,432.867956
1,246,0,513.535584
1,247,0,490.900062
1,248,0,431.071715
1,249,0,489.281672
1,250,0,434.898175
1,251,0,411.964236
1,252,0,405.245175
1,253,0,422.744172
1,254,0,421.213696
1,255,0,479.198615
1,256,0,494.104859
1,257,0,428.798408
1,258,0,406.169272
1,259,0,475.148552
1,260,0,516.63
1,261,0,479.090078
1,262,0,491.169685
1,263,0,418.150299
1,264,0,430.325911
1,265,0,532.997942
1,266,0,468.223793
1,267,0,429.801868
1,268,0,423.889607
1,269,0,477.245558
1,270,0,405.325647
1,271,0,435.371748
1,272,0,405.753911
1,273,0,427.965714
1,274,0,451.154419
1,275,0,485.982955
1,276,0,481.356345
1,277,0,424.37498
1,278,0,412.652006
1,279,0,426.296612
1,280,0,418.032146
1,281,0,403.657029
1,282,0,407.58317
1,283,0,422.403449
1,284,0,460.605779
1,285,0,407.678293
1,286,0,421.451277
1,287,0,463.871507
1,288,0,414.627112
1,289,0,438.092944
1,290,0,409.310523
1,291,0,412.374959
1,292,0,424.112955
1,293,0,436.681665
1,294,0,400.450855
1,295,0,404.425753
1,296,0,489.380813
1,297,0,426.534063
1,298,0,399.495537
1,299,0,435.603314
1,300,0,407.989279
1,301,0,410.845627
1,302,0,420.518704
1,303,0,501.180583
1,304,0,448.81873
1,305,0,422.486093
1,306,0,411.647394
1,307,0,401.494148
1,308,0,472.827601
1,309,0,414.100495
1,310,0,413.45685
1,311,0,416.249244
1,312,0,423.60876
1,313,0,407.587635
1,314,0,491.79141
1,315,0,483.028314
1,316,0,412.577879
1,317,0,484.574307
1,318,0,401.810321
1,319,0,428.943999
1,320,0,415.511119
1,321,0,408.618347
1,322,0,409.995422
1,323,0,412.624534
1,324,0,426.956696
1,325,0,448.748383
1,326,0,467.316406
1,327,0,498.83236
1,328,0,417.421066
1,329,0,465.823911
1,330,0,414.025847
1,331,0,479.995141
1,332,0,412.846017
1,333,0,412.813483
1,334,0,487.167643
1,335,0,453.679508
1,336,0,417.646978
1,337,0,502.559329
1,338,0,427.878118
1,339,0,424.521247
1,340,0,421.703143
1,341,0,410.491375
1,342,0,412.737231
1,343,0,401.689904
1,344,0,407.51069
1,345,0,474.685406
1,346,0,427.793548
1,347,0,480.20976
1,348,0,465.272435
1,349,0,409.447069
1,350,0,439.783408
1,351,0,421.527864
1,352,0,432.198379
1,353,0,494.298547
1,354,0,409.232795
1,355,0,500.061826
1,356,0,407.950936
1,357,0,444.148621
1,358,0,431.95278
1,359,0,424.325576
1,360,0,444.21328
1,361,0,503.283511
1,362,0,421.859405
1,363,0,447.900977
1,364,0,424.444425
1,365,0,434.931845
1,366,0,434.361741
1,367,0,403.226795
1,368,0,408.609609
1,369,0,426.630719
1,370,0,485.359144
1,371,0,428.994078
1,372,0,424.929393
1,373,0,427.378236
1,374,0,421.361595
1,375,0,437.517224
1,376,0,404.671955
1,377,0,480.052725
1,378,0,441.490152
1,379,0,410.103504
1,380,0,426.384463
1,381,0,496.533575
1,382,0,469.690769
1,383,0,406.722607
1,384,0,490.549839
1,385,0,436.424557
1,386,0,404.566057
1,387,0,483.917844
1,388,0,411.428132
1,389,0,464.006918
1,390,0,418.726336
1,391,0,479.987744
1,392,0,447.52093
1,393,0,413.018096
1,394,0,483.611132
1,395,0,427.280345
1,396,0,413.358045
1,397,0,402.673357
1,398,0,422.112398
1,399,0,416.716345
1,400,0,426.508491
1,401,0,413.870226
1,402,0,402.692254
1,403,0,436.849985
1,404,0,483.989963
1,405,0,423.701471
1,406,0,519.994286
1,407,0,470.043467
1,408,0,417.062151
1,409,0,420.114691
1,410,0,439.116053
1,411,0,431.772661
1,412,0,427.552751
1,413,0,479.425991
1,414,0,503.669606
1,415,0,418.258582
1,416,0,441.423405
1,417,0,408.556524
1,418,0,469.765038
1,419,0,417.418059
1,420,0,504.580446
1,421,0,402.238405
1,422,0,414.013526
1,423,0,407.796497
1,424,0,486.240317
1,425,0,436.361632
1,426,0,415.751345
1,427,0,411.02286
1,428,0,487.688792
1,429,0,410.855366
1,430,0,464.984
1,431,0,435.671183
1,432,0,483.237452
1,433,0,435.432265
1,434,0,415.100296
1,435,0,427.509997
1,436,0,470.626124
1,437,0,422.514613
1,438,0,420.638761
1,439,0,406.057134
1,440,0,418.281083
1,441,0,486.378148
1,442,0,468.396854
1,443,0,435.145902
1,444,0,431.14689
1,445,0,419.746099
1,446,0,481.980428
1,447,0,418.585826
1,448,0,418.842386
1,449,0,446.998712
1,450,0,477.395719
1,451,0,500.215235
1,452,0,422.639026
1,453,0,418.781
1,454,0,495.165377
1,455,0,421.75617
1,456,0,425.620578
1,457,0,489.713284
1,458,0,418.750465
1,459,0,420.926557
1,460,0,479.859425
1,461,0,414.086622
1,462,0,494.134987
1,463,0,484.573234
1,464,0,432.328778
1,465,0,405.064065
1,466,0,414.570971
1,467,0,505.279377
1,468,0,426.700283
1,469,0,411.735316
1,470,0,432.22474
1,471,0,433.499732
1,472,0,488.055487
1,473,0,427.599617
1,474,0,411.584595
1,475,0,421.345258
1,476,0,414.877662
1,477,0,421.771365
1,478,0,421.899985
1,479,0,421.600192
1,480,0,427.703429
1,481,0,425.733333
1,482,0,423.652506
1,483,0,496.013881
1,484,0,420.835191
1,485,0,462.116937
1,486,0,428.867048
1,487,0,420.881726
1,488,0,411.686601
1,489,0,465.144854
1,490,0,446.699641
1,491,0,411.336074
1,492,0,412.96239
1,493,0,492.736038
1,494,0,422.620699
1,495,0,496.80551
1,496,0,484.094273
1,497,0,409.141092
1,498,0,405.672785
1,499,0,430.40388
1,500,0,418.585496
1,501,0,442.789394
1,502,0,489.061028
1,503,0,513.51519
1,504,0,498.187017
1,505,0,482.7356
1,506,0,434.60613
1,507,0,468.583352
1,508,0,482.437136
1,509,0,507.315428
1,510,0,451.122679
1,511,0,445.726507
1,512,0,510.022732
1,513,0,511.284049
1,514,0,413.489322
1,515,0,486.00636
1,516,0,429.414338
1,517,0,493.138738
1,518,0,486.086686
1,519,0,488.395236
1,520,0,490.839775
1,521,0,414.302516
1,522,0,419.624943
1,523,0,489.623657
1,524,0,479.833658
1,525,0,409.65742
1,526,0,441.38243
1,527,0,443.63818
1,528,0,429.811775
1,529,0,419.672486
1,530,0,415.416616
1,531,0,485.469512
1,532,0,486.982873
1,533,0,423.216372
1,534,0,477.116484
1,535,0,431.954666
1,536,0,436.941111
1,537,0,410.254139
1,538,0,429.447966
1,539,0,412.218312
1,540,0,408.131821
1,541,0,489.917212
1,542,0,423.456795
1,543,0,431.249168
1,544,0,441.071392
1,545,0,492.421283
1,546,0,483.290716
1,547,0,414.086701
1,548,0,415.775198
1,549,0,471.361127
1,550,0,400.962865
1,551,0,511.001397
1,552,0,414.268416
1,553,0,499.092248
1,554,0,455.652917
1,555,0,432.885248
1,556,0,413.514226
1,557,0,426.643832
1,558,0,431.955688
1,559,0,419.521412
1,560,0,410.050927
1,561,0,452.192807
1,562,0,420.756611
1,563,0,489.682355
1,564,0,475.680816
1,565,0,483.344491
1,566,0,474.936444
1,567,0,473.815773
1,568,0,494.047854
1,569,0,423.953705
1,570,0,497.683633
1,571,0,424.606226
1,572,0,473.01796
1,573,0,470.748886
1,574,0,460.309003
1,575,0,431.625614
1,576,0,487.394876
1,577,0,416.218842
1,578,0,423.996413
1,579,0,476.760855
1,580,0,486.740996
1,581,0,414.40725
1,582,0,417.531117
1,583,0,511.059053
1,584,0,528.209954
1,585,0,412.075778
1,586,0,465.190781
1,587,0,411.730112
1,588,0,427.565378
1,589,0,433.290043
1,590,0,481.729796
1,591,0,476.885046
1,592,0,410.508869
1,593,0,507.271057
1,594,0,427.039636
1,595,0,416.376983
1,596,0,484.823592
1,597,0,500.08935
1,598,0,417.280154
1,599,0,426.560119
1,600,0,426.750693
1,601,0,425.500709
1,602,0,420.252822
1,603,0,481.290534
1,604,0,415.820209
1,605,0,411.131844
1,606,0,432.840295
1,607,0,429.12149
1,608,0,422.653816
1,609,0,503.272386
1,610,0,418.912678
1,611,0,435.590451
1,612,0,416.03084
1,613,0,413.404458
1,614,0,457.464479
1,615,0,466.383392
1,616,0,415.806485
1,617,0,437.274812
1,618,0,408.482409
1,619,0,443.4294
1,620,0,411.76843
1,621,0,437.826263
1,622,0,485.736585
1,623,0,476.06899
1,624,0,415.095418
1,625,0,441.816607
1,626,0,405.294617
1,627,0,435.282023
1,628,0,432.123369
1,629,0,412.504535
1,630,0,499.612571
1,631,0,420.191448
1,632,0,425.399838
1,633,0,468.196046
1,634,0,436.357217
1,635,0,433.797652
1,636,0,406.773338
1,637,0,417.526731
1,638,0,470.001643
1,639,0,476.725537
1,640,0,447.337082
1,641,0,447.833487
1,642,0,406.366994
1,643,0,510.971494
1,644,0,414.774561
1,645,0,413.85923
1,646,0,427.269417
1,647,0,473.462441
1,648,0,445.293684
1,649,0,417.805467
1,650,0,414.28528
1,651,0,402.195538
1,652,0,482.868695
1,653,0,417.824551
1,654,0,478.419127
1,655,0,428.249096
1,656,0,417.881717
1,657,0,420.645808
1,658,0,415.155443
1,659,0,523.927889
1,660,0,472.550565
1,661,0,494.646008
1,662,0,519.955201
1,663,0,416.041303
1,664,0,426.4622
1,665,0,488.158259
1,666,0,478.835803
1,667,0,512.720686
1,668,0,405.467578
1,669,0,434.370201
1,670,0,431.530302
1,671,0,402.086006
1,672,0,415.838588
1,673,0,407.139421
1,674,0,486.124924
1,675,0,415.562218
1,676,0,412.598728
1,677,0,483.899225
1,678,0,483.107353
1,679,0,463.362201
1,680,0,410.093894
1,681,0,463.577031
1,682,0,434.715683
1,683,0,410.882808
1,684,0,536.880776
1,685,0,419.285713
1,686,0,426.538869
1,687,0,450.851293
1,688,0,478.077806
1,689,0,493.677971
1,690,0,429.122003
1,691,0,424.26463
1,692,0,429.978334
1,693,0,408.981072
1,694,0,442.393715
1,695,0,412.437696
1,696,0,432.526441
1,697,0,420.94692
1,698,0,417.148003
1,699,0,429.971889
1,700,0,423.804137
1,701,0,462.198315
1,702,0,458.736824
1,703,0,422.190695
1,704,0,428.768325
1,705,0,489.433346
1,706,0,467.516839
1,707,0,403.446252
1,708,0,418.843173
1,709,0,422.162923
1,710,0,489.533199
1,711,0,489.586279
1,712,0,457.07989
1,713,0,465.152315
1,714,0,464.369783
1,715,0,431.371804
1,716,0,485.162031
1,717,0,458.605022
1,718,0,479.104032
1,719,0,415.868428
1,720,0,425.852997
1,721,0,482.642418
1,722,0,449.647855
1,723,0,417.470688
1,724,0,408.241992
1,725,0,485.458672
1,726,0,498.167099
1,727,0,499.32963
1,728,0,487.126894
1,729,0,420.317457
1,730,0,416.396294
1,731,0,425.386832
1,732,0,416.338389
1,733,0,423.579521
1,734,0,412.438552
1,735,0,481.964019
1,736,0,457.883373
1,737,0,433.2254
1,738,0,459.27417
1,739,0,511.650833
1,740,0,419.244547
1,741,0,498.162485
1,742,0,470.540197
1,743,0,427.294272
1,744,0,444.236669
1,745,0,408.706362
1,746,0,455.826579
1,747,0,497.662217
1,748,0,418.157967
1,749,0,438.318185
1,750,0,467.156445
1,751,0,446.423197
1,752,0,430.655748
1,753,0,497.06724
1,754,0,491.60295
1,755,0,484.277483
1,756,0,437.208305
1,757,0,497.367466
1,758,0,426.650297
1,759,0,436.176476
1,760,0,522.86147
1,761,0,444.169147
1,762,0,488.728389
1,763,0,455.494915
1,764,0,419.210959
1,765,0,501.810436
1,766,0,478.362198
1,767,0,466.51606
1,768,0,410.672998
1,769,0,503.988517
1,770,0,435.152518
1,771,0,485.622822
1,772,0,445.299709
1,773,0,427.628209
1,774,0,467.832801
1,775,0,412.720526
1,776,0,474.33227
1,777,0,415.034507
1,778,0,427.447806
1,779,0,423.748915
1,780,0,493.285183
1,781,0,416.203036
1,782,0,414.590548
1,783,0,417.29772
1,784,0,416.780206
1,785,0,444.424977
1,786,0,413.252779
1,787,0,445.851608
1,788,0,406.743198
1,789,0,442.059187
1,790,0,413.569734
1,791,0,427.950577
1,792,0,490.560595
1,793,0,403.725174
1,794,0,416.283217
1,795,0,517.398342
1,796,0,428.69254
1,797,0,429.739636
1,798,0,405.192443
1,799,0,500.532891
1,800,0,488.680629
1,801,0,439.652163
1,802,0,454.560132
1,803,0,423.255588
1,804,0,493.932431
1,805,0,412.722596
1,806,0,413.463341
1,807,0,410.030041
1,808,0,424.02335
1,809,0,425.998716
1,810,0,432.963529
1,811,0,489.826538
1,812,0,466.105728
1,813,0,469.141788
1,814,0,423.3245
1,815,0,529.368476
1,816,0,486.415916
1,817,0,441.384875
1,818,0,436.343767
1,819,0,484.842945
1,820,0,467.468632
1,821,0,421.77062
1,822,0,499.267644
1,823,0,427.140621
1,824,0,437.329054
1,825,0,482.83132
1,826,0,484.720405
1,827,0,458.469193
1,828,0,425.800406
1,829,0,421.757987
1,830,0,402.884699
1,831,0,413.635863
1,832,0,488.348856
1,833,0,402.267156
1,834,0,504.320539
1,835,0,467.540351
1,836,0,479.721978
1,837,0,426.843413
1,838,0,427.907193
1,839,0,420.995858
1,840,0,458.000516
1,841,0,491.462742
1,842,0,413.288898
1,843,0,409.401572
1,844,0,428.303857
1,845,0,425.478885
1,846,0,429.747228
1,847,0,443.83421
1,848,0,498.56882
1,849,0,420.68286
1,850,0,498.047153
1,851,0,415.4185
1,852,0,436.954624
1,853,0,499.480639
1,854,0,403.061922
1,855,0,490.075786
1,856,0,470.156619
1,857,0,464.040517
1,858,0,410.506599
1,859,0,417.976367
1,860,0,477.932985
1,861,0,419.566116
1,862,0,424.245739
1,863,0,464.127149
1,864,0,449.310081
1,865,0,426.311722
1,866,0,497.710054
1,867,0,495.148337
1,868,0,421.503279
1,869,0,505.148338
1,870,0,408.938116
1,871,0,496.503784
1,872,0,425.963282
1,873,0,414.51559
1,874,0,415.285693
1,875,0,408.886397
1,876,0,488.335094
1,877,0,490.565518
1,878,0,408.153869
1,879,0,410.548933
1,880,0,438.461983
1,881,0,472.441766
1,882,0,495.219842
1,883,0,523.893175
1,884,0,492.324845
1,885,0,415.994801
1,886,0,471.422267
1,887,0,433.10463
1,888,0,482.577755
1,889,0,420.511152
1,890,0,487.342159
1,891,0,438.273341
1,892,0,449.880456
1,893,0,439.788652
1,894,0,471.590941
1,895,0,423.829004
1,896,0,453.960345
1,897,0,407.975987
1,898,0,428.626732
1,899,0,484.880704
1,900,0,499.695513
1,901,0,483.722305
1,902,0,508.383773
1,903,0,404.980784
1,904,0,497.538567
1,905,0,503.520326
1,906,0,415.533788
1,907,0,410.135421
1,908,0,501.384563
1,909,0,423.713398
1,910,0,426.01495
1,911,0,444.57795
1,912,0,417.498581
1,913,0,468.582263
1,914,0,418.805122
1,915,0,438.326341
1,916,0,422.461437
1,917,0,434.395077
1,918,0,420.629224
1,919,0,430.921369
1,920,0,413.055329
1,921,0,478.464509
1,922,0,482.103937
1,923,0,459.077957
1,924,0,424.996224
1,925,0,482.16717
1,926,0,431.65028
1,927,0,426.527137
1,928,0,499.460449
1,929,0,421.196655
1,930,0,429.851842
1,931,0,413.744963
1,932,0,434.993278
1,933,0,479.032869
1,934,0,486.589636
1,935,0,426.34243
1,936,0,492.951357
1,937,0,419.773926
1,938,0,427.937405
1,939,0,415.814691
1,940,0,427.536441
1,941,0,466.160973
1,942,0,427.859319
1,943,0,484.289662
1,944,0,418.637581
1,945,0,441.820832
1,946,0,501.214549
1,947,0,429.555484
1,948,0,414.725345
1,949,0,473.639463
1,950,0,428.209186
1,951,0,477.343894
1,952,0,475.752523
1,953,0,439.236589
1,954,0,421.757535
1,955,0,497.244286
1,956,0,473.325029
1,957,0,410.084899
1,958,0,426.095827
1,959,0,422.774819
1,960,0,493.521665
1,961,0,479.246127
1,962,0,491.224114
1,963,0,423.262299
1,964,0,414.465083
1,965,0,436.615508
1,966,0,474.866054
1,967,0,455.912052
1,968,0,433.189929
1,969,0,418.883818
1,970,0,506.259368
1,971,0,419.329598
1,972,0,425.181328
1,973,0,449.808491
1,974,0,414.319965
1,975,0,442.01898
1,976,0,471.889067
1,977,0,451.933444
1,978,0,423.610678
1,979,0,415.864962
1,980,0,415.608927
1,981,0,439.254012
1,982,0,409.447848
1,983,0,410.439794
1,984,0,505.728939
1,985,0,408.175258
1,986,0,432.925593
1,987,0,423.451266
1,988,0,487.847712
1,989,0,495.834158
1,990,0,437.104496
1,991,0,425.783095
1,992,0,511.617478
1,993,0,450.002402
1,994,0,436.679997
1,995,0,493.579074
1,996,0,492.494683
1,997,0,471.880955
1,998,0,424.087601
1,999,0,409.293941
2,0,0,422.159728
2,1,0,429.317898
2,2,0,428.527627
2,3,0,413.644528
2,4,0,498.123439
2,5,0,495.228425
2,6,0,464.719011
2,7,0,413.294637
2,8,0,472.325951
2,9,0,421.328215
2,10,0,408.946155
2,11,0,491.975498
2,12,0,417.750437
2,13,0,493.562276
2,14,0,481.346096
2,15,0,419.182195
2,16,0,422.947233
2,17,0,463.149741
2,18,0,477.583543
2,19,0,419.703089
2,20,0,479.898818
2,21,0,411.011827
2,22,0,418.581381
2,23,0,421.170162
2,24,0,415.764071
2,25,0,412.41541
2,26,0,433.19328
2,27,0,414.974897
2,28,0,403.630105
2,29,0,483.498832
2,30,0,415.787376
2,31,0,410.807324
2,32,0,417.317316
2,33,0,403.450637
2,34,0,405.373959
2,35,0,474.368482
2,36,0,494.296547
2,37,0,411.59472
2,38,0,414.538771
2,39,0,457.216058
2,40,0,464.146654
2,41,0,498.704639
2,42,0,433.125148
2,43,0,424.214928
2,44,0,419.039511
2,45,0,412.101296
2,46,0,472.822129
2,47,0,414.564608
2,48,0,414.996479
2,49,0,465.821201
2,50,0,421.353573
2,51,0,417.67639
2,52,0,418.161302
2,53,0,415.514845
2,54,0,431.880338
2,55,0,435.040227
2,56,0,428.062343
2,57,0,423.495972
2,58,0,442.404351
2,59,0,471.758265
2,60,0,415.379461
2,61,0,476.145653
2,62,0,464.580532
2,63,0,436.676529
2,64,0,521.720696
2,65,0,473.482097
2,66,0,405.819636
2,67,0,492.188223
2,68,0,428.72798
2,69,0,479.949289
2,70,0,423.173154
2,71,0,465.377043
2,72,0,429.73816
2,73,0,440.211205
2,74,0,468.311911
2,75,0,421.65865
2,76,0,431.974678
2,77,0,424.95364
2,78,0,422.021234
2,79,0,478.524498
2,80,0,412.855446
2,81,0,420.466924
2,82,0,406.197535
2,83,0,404.89271
2,84,0,409.130389
2,85,0,496.852701
2,86,0,510.723816
2,87,0,479.41471
2,88,0,422.05232
2,89,0,480.879834
2,90,0,488.060072
2,91,0,416.873239
2,92,0,442.389452
2,93,0,436.117104
2,94,0,483.132212
2,95,0,433.156537
2,96,0,461.420303
2,97,0,520.548497
2,98,0,482.851756
2,99,0,418.310993
2,100,0,424.089871
2,101,0,424.454281
2,102,0,400.891588
2,103,0,415.457298
2,104,0,434.108682
2,105,0,469.146764
2,106,0,453.378921
2,107,0,415.180829
2,108,0,411.412983
2,109,0,454.910765
2,110,0,464.797021
2,111,0,420.407879
2,112,0,491.599137
2,113,0,442.235455
2,114,0,409.791088
2,115,0,480.953936
2,116,0,410.392231
2,117,0,463.41
2,118,0,477.831798
2,119,0,469.418276
2,120,0,487.945208
2,121,0,496.217031
2,122,0,422.141696
2,123,0,410.763028
2,124,0,475.010833
2,125,0,430.166139
2,126,0,449.919709
2,127,0,439.535309
2,128,0,398.798742
2,129,0,435.003549
2,130,0,482.03362
2,131,0,432.394987
2,132,0,414.073771
2,133,0,459.890101
2,134,0,476.259233
2,135,0,429.366514
2,136,0,433.968652
2,137,0,423.97422
2,138,0,499.584337
2,139,0,425.420632
2,140,0,415.893803
2,141,0,438.843216
2,142,0,413.006245
2,143,0,432.598127
2,144,0,422.813052
2,145,0,520.931657
2,146,0,467.838784
2,147,0,477.773822
2,148,0,414.79757
2,149,0,424.079782
2,150,0,489.933615
2,151,0,497.093769
2,152,0,477.66931
2,153,0,432.24188
2,154,0,433.567834
2,155,0,422.338852
2,156,0,417.33077
2,157,0,490.115176
2,158,0,420.948061
2,159,0,427.645519
2,160,0,430.953981
2,161,0,407.486602
2,162,0,481.052367
2,163,0,477.256134
2,164,0,423.515584
2,165,0,457.652791
2,166,0,407.502546
2,167,0,495.294346
2,168,0,430.014248
2,169,0,422.204622
2,170,0,487.130505
2,171,0,500.962177
2,172,0,428.977753
2,173,0,403.018664
2,174,0,525.286174
2,175,0,486.276236
2,176,0,516.868918
2,177,0,418.654009
2,178,0,423.417608
2,179,0,427.529695
2,180,0,419.13799
2,181,0,473.546386
2,182,0,502.827445
2,183,0,407.666899
2,184,0,441.514953
2,185,0,418.884191
2,186,0,443.849318
2,187,0,441.781053
2,188,0,480.517594
2,189,0,479.718641
2,190,0,405.905033
2,191,0,492.169093
2,192,0,430.916139
2,193,0,429.54929
2,194,0,508.458735
2,195,0,517.743896
2,196,0,400.952495
2,197,0,438.153047
2,198,0,497.593997
2,199,0,430.130129
2,200,0,510.525143
2,201,0,413.661124
2,202,0,433.950585
2,203,0,416.983767
2,204,0,417.458653
2,205,0,429.133199
2,206,0,412.642905
2,207,0,421.91515
2,208,0,489.673945
2,209,0,415.167642
2,210,0,446.38472
2,211,0,485.428738
2,212,0,431.79253
2,213,0,487.421058
2,214,0,458.223143
2,215,0,429.927157
2,216,0,563.519036
2,217,0,429.142942
2,218,0,491.691905
2,219,0,403.103564
2,220,0,400.935703
2,221,0,474.19002
2,222,0,499.779993
2,223,0,411.992746
2,224,0,475.583234
2,225,0,436.580977
2,226,0,417.250097
2,227,0,483.926177
2,228,0,496.858618
2,229,0,403.381281
2,230,0,417.844966
2,231,0,415.076358
2,232,0,460.206698
2,233,0,412.265683
2,234,0,399.099463
2,235,0,473.674528
2,236,0,406.369948
2,237,0,474.838603
2,238,0,482.292215
2,239,0,406.187876
2,240,0,411.11341
2,241,0,496.613649
2,242,0,420.02279
2,243,0,537.547675
2,244,0,426.356072
2,245,0,422.157071
2,246,0,433.277606
2,247,0,420.056841
2,248,0,404.543529
2,249,0,411.16711
2,250,0,414.710013
2,251,0,400.959662
2,252,0,457.368202
2,253,0,423.795341
2,254,0,438.415433
2,255,0,432.076557
2,256,0,459.413986
2,257,0,481.603608
2,258,0,404.373715
2,259,0,412.672625
2,260,0,488.836372
2,261,0,414.393031
2,262,0,478.465834
2,263,0,426.544982
2,264,0,491.534442
2,265,0,466.809505
2,266,0,489.871573
2,267,0,426.063504
2,268,0,414.201614
2,269,0,456.779848
2,270,0,413.530437
2,271,0,432.072825
2,272,0,478.5627
2,273,0,420.274029
2,274,0,422.580688
2,275,0,412.138499
2,276,0,413.041986
2,277,0,497.304386
2,278,0,419.069947
2,279,0,497.730666
2,280,0,481.846278
2,281,0,426.100783
2,282,0,465.235266
2,283,0,421.615297
2,284,0,506.122441
2,285,0,431.590212
2,286,0,457.269332
2,287,0,417.43667
2,288,0,499.100725
2,289,0,410.760425
2,290,0,407.109374
2,291,0,408.727525
2,292,0,419.101433
2,293,0,415.065711
2,294,0,415.717774
2,295,0,436.765802
2,296,0,429.654045
2,297,0,420.102342
2,298,0,423.061132
2,299,0,429.054127
2,300,0,515.736903
2,301,0,421.184046
2,302,0,488.246347
2,303,0,410.341105
2,304,0,429.253504
2,305,0,473.055058
2,306,0,523.278858
2,307,0,489.822778
2,308,0,417.328409
2,309,0,484.350092
2,310,0,408.636886
2,311,0,423.101611
2,312,0,498.023835
2,313,0,426.984833
2,314,0,471.004636
2,315,0,427.476081
2,316,0,505.528915
2,317,0,460.423475
2,318,0,402.54209
2,319,0,433.584703
2,320,0,480.005627
2,321,0,438.851933
2,322,0,501.068172
2,323,0,482.666635
2,324,0,411.325069
2,325,0,487.126656
2,326,0,402.769287
2,327,0,478.149918
2,328,0,483.886838
2,329,0,467.360218
2,330,0,407.136869
2,331,0,426.003394
2,332,0,492.396352
2,333,0,467.493115
2,334,0,438.659501
2,335,0,406.625057
2,336,0,419.534331
2,337,0,482.725388
2,338,0,421.133306
2,339,0,423.976219
2,340,0,497.774431
2,341,0,408.976243
2,342,0,482.722051
2,343,0,410.960149
2,344,0,424.069255
2,345,0,425.153115
2,346,0,425.581536
2,347,0,483.559347
2,348,0,482.245442
2,349,0,438.332619
2,350,0,486.810455
2,351,0,477.627034
2,352,0,420.88776
2,353,0,488.628221
2,354,0,496.976879
2,355,0,410.225426
2,356,0,440.710054
2,357,0,439.067258
2,358,0,408.58086
2,359,0,419.853851
2,360,0,430.849349
2,361,0,472.795781
2,362,0,488.025633
2,363,0,477.162197
2,364,0,408.488697
2,365,0,434.12716
2,366,0,402.923894
2,367,0,404.77194
2,368,0,552.682705
2,369,0,422.03965
2,370,0,464.177894
2,371,0,434.185724
2,372,0,426.449797
2,373,0,417.085848
2,374,0,421.695924
2,375,0,405.978776
2,376,0,420.303139
2,377,0,431.781695
2,378,0,430.878776
2,379,0,417.539117
2,380,0,484.241588
2,381,0,508.783176
2,382,0,423.455228
2,383,0,436.316011
2,384,0,437.454024
2,385,0,484.99294
2,386,0,411.828315
2,387,0,423.256893
2,388,0,410.186218
2,389,0,415.334271
2,390,0,417.105975
2,391,0,427.677308
2,392,0,492.299738
2,393,0,507.233833
2,394,0,463.653178
2,395,0,420.46335
2,396,0,475.060477
2,397,0,502.094151
2,398,0,415.475249
2,399,0,480.714885
2,400,0,504.027828
2,401,0,465.457939
2,402,0,444.260934
2,403,0,419.875903
2,404,0,403.775548
2,405,0,420.571663
2,406,0,421.168559
2,407,0,474.963687
2,408,0,459.823206
2,409,0,444.343834
2,410,0,432.03704
2,411,0,511.383121
2,412,0,409.406377
2,413,0,487.636096
2,414,0,473.783143
2,415,0,466.293861
2,416,0,427.683993
2,417,0,483.665613
2,418,0,494.456352
2,419,0,417.25712
2,420,0,486.8112
2,421,0,410.996455
2,422,0,432.356377
2,423,0,471.455507
2,424,0,435.08591
2,425,0,498.10877
2,426,0,433.524072
2,427,0,485.059244
2,428,0,452.491342
2,429,0,409.790419
2,430,0,442.495893
2,431,0,419.679395
2,432,0,488.849979
2,433,0,420.927869
2,434,0,442.347551
2,435,0,510.874346
2,436,0,411.312394
2,437,0,411.573741
2,438,0,442.58265
2,439,0,436.492977
2,440,0,406.707541
2,441,0,480.469784
2,442,0,422.033305
2,443,0,424.234741
2,444,0,420.698738
2,445,0,413.276483
2,446,0,416.992231
2,447,0,429.042837
2,448,0,412.757472
2,449,0,495.905141
2,450,0,436.137121
2,451,0,480.958068
2,452,0,423.360945
2,453,0,435.695905
2,454,0,446.663939
2,455,0,424.59522
2,456,0,416.86789
2,457,0,505.192534
2,458,0,436.95843
2,459,0,490.378189
2,460,0,422.203626
2,461,0,509.144647
2,462,0,435.526621
2,463,0,449.653075
2,464,0,480.113122
2,465,0,411.600853
2,466,0,475.84143
2,467,0,490.70696
2,468,0,482.495352
2,469,0,425.871511
2,470,0,471.481305
2,471,0,418.408175
2,472,0,482.628223
2,473,0,474.997102
2,474,0,421.122466
2,475,0,419.305603
2,476,0,418.942356
2,477,0,470.182644
2,478,0,494.099597
2,479,0,430.520351
2,480,0,426.754065
2,481,0,477.339866
2,482,0,495.154949
2,483,0,483.35675
2,484,0,496.340073
2,485,0,428.721154
2,486,0,429.232954
2,487,0,410.109919
2,488,0,409.913465
2,489,0,491.908836
2,490,0,479.501937
2,491,0,431.597133
2,492,0,431.771045
2,493,0,480.207709
2,494,0,501.863545
2,495,0,400.745803
2,496,0,441.002055
2,497,0,488.587345
2,498,0,406.277809
2,499,0,425.085983
2,500,0,414.784338
2,501,0,480.23611
2,502,0,426.348988
2,503,0,405.053258
2,504,0,515.843096
2,505,0,486.167073
2,506,0,420.829938
2,507,0,470.42853
2,508,0,404.75836
2,509,0,444.376699
2,510,0,437.497964
2,511,0,429.485495
2,512,0,485.994053
2,513,0,487.796206
2,514,0,412.401335
2,515,0,417.252058
2,516,0,474.390525
2,517,0,429.604748
2,518,0,453.038429
2,519,0,476.274109
2,520,0,474.483097
2,521,0,407.356255
2,522,0,415.461005
2,523,0,413.832229
2,524,0,431.956554
2,525,0,425.127197
2,526,0,407.733742
2,527,0,428.443723
2,528,0,416.267603
2,529,0,447.822519
2,530,0,469.37245
2,531,0,430.3617
2,532,0,410.023371
2,533,0,423.152249
2,534,0,496.975862
2,535,0,478.661606
2,536,0,426.4013
2,537,0,421.969112
2,538,0,410.98683
2,539,0,420.360582
2,540,0,510.360747
2,541,0,427.697203
2,542,0,496.561664
2,543,0,500.934691
2,544,0,517.344807
2,545,0,451.850648
2,546,0,478.822684
2,547,0,463.058752
2,548,0,472.230477
2,549,0,491.436717
2,550,0,401.08003
2,551,0,417.613327
2,552,0,415.446749
2,553,0,438.793766
2,554,0,467.619048
2,555,0,439.442361
2,556,0,492.061882
2,557,0,402.332709
2,558,0,432.258133
2,559,0,438.800545
2,560,0,414.208306
2,561,0,415.267419
2,562,0,507.088823
2,563,0,434.199295
2,564,0,425.07369
2,565,0,446.089446
2,566,0,415.264756
2,567,0,472.517429
2,568,0,405.239621
2,569,0,416.052693
2,570,0,483.232356
2,571,0,445.935414
2,572,0,439.197007
2,573,0,474.58382
2,574,0,400.596693
2,575,0,434.845692
2,576,0,404.539676
2,577,0,419.099443
2,578,0,407.313635
2,579,0,496.859762
2,580,0,462.905697
2,581,0,498.734668
2,582,0,487.545242
2,583,0,433.418737
2,584,0,470.443571
2,585,0,502.937456
2,586,0,488.362266
2,587,0,435.666616
2,588,0,412.518961
2,589,0,435.608221
2,590,0,412.633496
2,591,0,499.790671
2,592,0,472.433849
2,593,0,401.629275
2,594,0,466.872992
2,595,0,479.654476
2,596,0,424.572391
2,597,0,479.626908
2,598,0,406.540228
2,599,0,423.132192
2,600,0,404.684953
2,601,0,496.226722
2,602,0,423.802371
2,603,0,430.16277
2,604,0,505.837856
2,605,0,435.189384
2,606,0,476.477724
2,607,0,487.501525
2,608,0,427.381769
2,609,0,494.242058
2,610,0,428.344571
2,611,0,412.752035
2,612,0,499.112089
2,613,0,402.606937
2,614,0,475.726556
2,615,0,408.655716
2,616,0,486.972737
2,617,0,413.546652
2,618,0,417.516301
2,619,0,427.145205
2,620,0,485.784668
2,621,0,422.678921
2,622,0,513.490263
2,623,0,410.323162
2,624,0,413.500981
2,625,0,421.019581
2,626,0,420.41126
2,627,0,400.771458
2,628,0,528.564371
2,629,0,404.520991
2,630,0,459.026516
2,631,0,485.752472
2,632,0,463.527994
2,633,0,487.554522
2,634,0,420.377335
2,635,0,477.540576
2,636,0,487.180858
2,637,0,410.757726
2,638,0,411.92049
2,639,0,429.035729
2,640,0,493.320083
2,641,0,478.663716
2,642,0,462.72964
2,643,0,517.400145
2,644,0,418.89612
2,645,0,440.157637
2,646,0,469.301131
2,647,0,417.051817
2,648,0,441.437978
2,649,0,474.729135
2,650,0,426.51235
2,651,0,424.16593
2,652,0,422.636976
2,653,0,483.310593
2,654,0,413.200053
2,655,0,423.69047
2,656,0,419.152527
2,657,0,407.057244
2,658,0,430.929546
2,659,0,409.46687
2,660,0,425.020954
2,661,0,411.655001
2,662,0,412.248083
2,663,0,478.595207
2,664,0,418.999911
2,665,0,411.786814
2,666,0,413.70818
2,667,0,424.340377
2,668,0,479.406426
2,669,0,425.586448
2,670,0,426.819745
2,671,0,435.560066
2,672,0,450.588998
2,673,0,415.980504
2,674,0,414.42826
2,675,0,493.364631
2,676,0,492.736811
2,677,0,421.718513
2,678,0,431.31607
2,679,0,438.841048
2,680,0,470.159176
2,681,0,447.688597
2,682,0,408.765027
2,683,0,421.827003
2,684,0,437.435435
2,685,0,432.561229
2,686,0,487.779451
2,687,0,412.308083
2,688,0,438.775372
2,689,0,427.328762
2,690,0,421.277608
2,691,0,431.073239
2,692,0,419.871326
2,693,0,435.318419
2,694,0,439.800371
2,695,0,419.86594
2,696,0,454.738054
2,697,0,442.13413
2,698,0,422.7868
2,699,0,495.999146
2,700,0,479.209664
2,701,0,480.054881
2,702,0,511.327878
2,703,0,416.591598
2,704,0,416.224439
2,705,0,416.840761
2,706,0,430.049086
2,707,0,429.185704
2,708,0,409.207216
2,709,0,453.811638
2,710,0,424.420566
2,711,0,435.706701
2,712,0,484.542151
2,713,0,537.935523
2,714,0,497.380975
2,715,0,502.28182
2,716,0,433.149308
2,717,0,494.965126
2,718,0,401.349582
2,719,0,493.751467
2,720,0,423.955663
2,721,0,501.619618
2,722,0,427.584947
2,723,0,423.532955
2,724,0,468.467516
2,725,0,427.89971
2,726,0,466.35319
2,727,0,414.402395
2,728,0,422.081266
2,729,0,477.315046
2,730,0,491.968505
2,731,0,409.871152
2,732,0,434.114117
2,733,0,429.715416
2,734,0,504.562885
2,735,0,439.819509
2,736,0,498.574414
2,737,0,410.644523
2,738,0,483.85334
2,739,0,485.449215
2,740,0,442.868594
2,741,0,471.757781
2,742,0,415.74384
2,743,0,405.103625
2,744,0,408.470164
2,745,0,403.09503
2,746,0,419.682512
2,747,0,424.808255
2,748,0,418.885952
2,749,0,409.470542
2,750,0,466.383897
2,751,0,467.103215
2,752,0,413.199067
2,753,0,427.775479
2,754,0,475.069858
2,755,0,406.901864
2,756,0,428.4668
2,757,0,432.26933
2,758,0,466.562543
2,759,0,434.357145
2,760,0,495.385031
2,761,0,482.151304
2,762,0,518.58102
2,763,0,430.504823
2,764,0,492.177866
2,765,0,480.573975
2,766,0,411.03309
2,767,0,415.838131
2,768,0,429.354999
2,769,0,417.754664
2,770,0,411.306339
2,771,0,416.7874
2,772,0,502.95311
2,773,0,432.079629
2,774,0,470.267693
2,775,0,508.88787
2,776,0,410.135929
2,777,0,421.839817
2,778,0,416.363331
2,779,0,447.014744
2,780,0,449.174264
2,781,0,456.410826
2,782,0,420.147567
2,783,0,409.800424
2,784,0,409.201885
2,785,0,479.306485
2,786,0,439.504746
2,787,0,406.2018
2,788,0,427.970425
2,789,0,486.33018
2,790,0,432.783366
2,791,0,449.28603
2,792,0,444.111421
2,793,0,433.819011
2,794,0,442.149675
2,795,0,461.447395
2,796,0,474.730878
2,797,0,407.797187
2,798,0,467.930658
2,799,0,433.870908
2,800,0,436.434588
2,801,0,471.754749
2,802,0,460.048781
2,803,0,410.428631
2,804,0,437.313829
2,805,0,421.931721
2,806,0,483.810879
2,807,0,464.795926
2,808,0,420.886812
2,809,0,495.212167
2,810,0,415.858327
2,811,0,479.988811
2,812,0,469.694192
2,813,0,414.724864
2,814,0,422.766509
2,815,0,478.411971
2,816,0,480.274369
2,817,0,427.923023
2,818,0,408.251416
2,819,0,407.7628
2,820,0,411.769589
2,821,0,474.125922
2,822,0,415.295584
2,823,0,416.354752
2,824,0,422.08341
2,825,0,439.803845
2,826,0,431.642245
2,827,0,489.052106
2,828,0,399.909996
2,829,0,408.646118
2,830,0,482.717356
2,831,0,409.760522
2,832,0,490.396037
2,833,0,513.281014
2,834,0,412.908154
2,835,0,413.228112
2,836,0,444.770597
2,837,0,407.759182
2,838,0,414.012734
2,839,0,481.047845
2,840,0,413.221142
2,841,0,420.265669
2,842,0,429.783858
2,843,0,445.960253
2,844,0,479.939127
2,845,0,414.239036
2,846,0,426.591937
2,847,0,415.54412
2,848,0,416.953896
2,849,0,486.369766
2,850,0,425.732213
2,851,0,487.60099
2,852,0,419.326742
2,853,0,431.498058
2,854,0,507.23726
2,855,0,500.689066
2,856,0,482.017259
2,857,0,400.586879
2,858,0,525.585357
2,859,0,400.454366
2,860,0,485.80881
2,861,0,504.831357
2,862,0,495.949279
2,863,0,427.146852
2,864,0,482.816808
2,865,0,426.780266
2,866,0,437.637114
2,867,0,418.348119
2,868,0,437.764912
2,869,0,425.180496
2,870,0,409.494474
2,871,0,415.074999
2,872,0,475.185725
2,873,0,498.935699
2,874,0,417.45086
2,875,0,424.19762
2,876,0,432.9407
2,877,0,497.699402
2,878,0,491.149086
2,879,0,430.423236
2,880,0,423.35816
2,881,0,423.183187
2,882,0,408.633887
2,883,0,423.703264
2,884,0,494.864009
2,885,0,460.001819
2,886,0,420.483564
2,887,0,414.600126
2,888,0,413.730269
2,889,0,424.282572
2,890,0,433.260121
2,891,0,409.024748
2,892,0,506.001079
2,893,0,454.614967
2,894,0,487.474849
2,895,0,414.47584
2,896,0,480.903168
2,897,0,468.586952
2,898,0,507.497639
2,899,0,422.804394
2,900,0,437.660702
2,901,0,494.817959
2,902,0,459.421131
2,903,0,410.281454
2,904,0,427.218386
2,905,0,422.631153
2,906,0,416.503207
2,907,0,421.301364
2,908,0,482.812496
2,909,0,499.627411
2,910,0,436.392359
2,911,0,450.016259
2,912,0,406.424578
2,913,0,441.167847
2,914,0,467.973535
2,915,0,408.026752
2,916,0,461.573854
2,917,0,514.832502
2,918,0,440.715309
2,919,0,416.700707
2,920,0,471.605031
2,921,0,430.251758
2,922,0,437.020718
2,923,0,427.393268
2,924,0,455.314347
2,925,0,412.606929
2,926,0,523.514175
2,927,0,490.228471
2,928,0,420.004681
2,929,0,411.808474
2,930,0,403.037854
2,931,0,428.470252
2,932,0,488.559146
2,933,0,430.909623
2,934,0,433.425553
2,935,0,499.925481
2,936,0,428.707418
2,937,0,485.363965
2,938,0,414.57121
2,939,0,416.123364
2,940,0,506.468726
2,941,0,463.321322
2,942,0,469.899705
2,943,0,434.457324
2,944,0,429.043459
2,945,0,414.948347
2,946,0,410.992441
2,947,0,504.766908
2,948,0,472.980332
2,949,0,429.594399
2,950,0,464.144641
2,951,0,494.297784
2,952,0,420.896813
2,953,0,410.365039
2,954,0,406.708306
2,955,0,467.952909
2,956,0,488.002711
2,957,0,422.529294
2,958,0,402.115818
2,959,0,416.966832
2,960,0,417.202569
2,961,0,405.337111
2,962,0,428.152417
2,963,0,404.475351
2,964,0,429.501688
2,965,0,434.157533
2,966,0,482.825143
2,967,0,431.870321
2,968,0,407.932324
2,969,0,418.772404
2,970,0,480.841892
2,971,0,409.942532
2,972,0,417.946815
2,973,0,429.900631
2,974,0,423.303317
2,975,0,474.719076
2,976,0,481.880444
2,977,0,484.814959
2,978,0,459.499267
2,979,0,488.217235
2,980,0,425.874435
2,981,0,407.550998
2,982,0,483.788197
2,983,0,495.291544
2,984,0,421.953016
2,985,0,440.597197
2,986,0,492.022646
2,987,0,416.270016
2,988,0,417.53869
2,989,0,422.607906
2,990,0,520.39802
2,991,0,434.364269
2,992,0,488.920006
2,993,0,415.58194
2,994,0,441.581404
2,995,0,509.856332
2,996,0,420.268963
2,997,0,502.942552
2,998,0,406.557775
2,999,0,410.979697
3,0,0,448.123086
3,1,0,467.90122
3,2,0,489.595606
3,3,0,433.599992
3,4,0,490.059739
3,5,0,431.814592
3,6,0,491.147396
3,7,0,493.180283
3,8,0,507.320296
3,9,0,452.490177
3,10,0,488.21223
3,11,0,406.961602
3,12,0,436.383125
3,13,0,413.887905
3,14,0,442.576146
3,15,0,422.33709
3,16,0,454.408841
3,17,0,430.614678
3,18,0,497.187605
3,19,0,410.893162
3,20,0,415.224022
3,21,0,417.634346
3,22,0,439.582329
3,23,0,426.884986
3,24,0,430.154301
3,25,0,476.957213
3,26,0,423.711155
3,27,0,513.626198
3,28,0,414.893321
3,29,0,427.356608
3,30,0,492.01778
3,31,0,482.431126
3,32,0,494.40062
3,33,0,489.420034
3,34,0,440.120806
3,35,0,495.102247
3,36,0,524.499072
3,37,0,475.328026
3,38,0,432.043689
3,39,0,491.351375
3,40,0,450.595176
3,41,0,442.331553
3,42,0,435.740867
3,43,0,506.397609
3,44,0,424.045965
3,45,0,412.193032
3,46,0,469.191504
3,47,0,522.349945
3,48,0,484.30558
3,49,0,417.196317
3,50,0,426.957691
3,51,0,491.327543
3,52,0,498.060991
3,53,0,430.183535
3,54,0,437.632577
3,55,0,420.606223
3,56,0,490.305279
3,57,0,458.458551
3,58,0,407.79935
3,59,0,435.47771
3,60,0,430.167241
3,61,0,486.415973
3,62,0,438.478721
3,63,0,458.636521
3,64,0,420.758026
3,65,0,449.583899
3,66,0,434.776768
3,67,0,424.309556
3,68,0,421.081311
3,69,0,495.128518
3,70,0,510.050425
3,71,0,465.658978
3,72,0,477.931108
3,73,0,473.555585
3,74,0,466.794641
3,75,0,427.888264
3,76,0,497.401297
3,77,0,479.866874
3,78,0,435.503841
3,79,0,424.73324
3,80,0,438.918297
3,81,0,491.093594
3,82,0,430.345787
3,83,0,420.785569
3,84,0,444.531422
3,85,0,439.184123
3,86,0,455.03224
3,87,0,459.961202
3,88,0,423.283127
3,89,0,490.599752
3,90,0,433.97602
3,91,0,435.647883
3,92,0,461.379684
3,93,0,494.489002
3,94,0,479.28469
3,95,0,405.455842
3,96,0,501.910289
3,97,0,482.810558
3,98,0,412.425877
3,99,0,438.713722
3,100,0,429.220429
3,101,0,439.615194
3,102,0,488.018498
3,103,0,442.450359
3,104,0,450.549189
3,105,0,416.241976
3,106,0,487.003665
3,107,0,413.302771
3,108,0,416.589005
3,109,0,423.750457
3,110,0,427.206609
3,111,0,424.118825
3,112,0,435.245372
3,113,0,486.887045
3,114,0,413.388184
3,115,0,442.323964
3,116,0,479.049516
3,117,0,469.194351
3,118,0,444.70336
3,119,0,418.742651
3,120,0,512.455756
3,121,0,506.559512
3,122,0,500.561068
3,123,0,414.313084
3,124,0,426.433559
3,125,0,425.90676
3,126,0,418.071284
3,127,0,493.75378
3,128,0,425.182895
3,129,0,417.213262
3,130,0,427.982949
3,131,0,492.35438
3,132,0,464.536868
3,133,0,490.990447
3,134,0,487.628342
3,135,0,429.055262
3,136,0,515.828746
3,137,0,429.583059
3,138,0,518.411093
3,139,0,484.157247
3,140,0,452.006606
3,141,0,502.10339
3,142,0,437.083353
3,143,0,420.827547
3,144,0,448.919821
3,145,0,468.840958
3,146,0,417.460043
3,147,0,483.772785
3,148,0,423.936765
3,149,0,428.341179
3,150,0,408.287967
3,151,0,436.906407
3,152,0,498.955351
3,153,0,407.78467
3,154,0,443.818065
3,155,0,425.087339
3,156,0,428.491439
3,157,0,426.621271
3,158,0,512.575733
3,159,0,480.006465
3,160,0,451.246587
3,161,0,410.432596
3,162,0,423.561321
3,163,0,492.971421
3,164,0,499.179472
3,165,0,442.320667
3,166,0,416.803377
3,167,0,486.373462
3,168,0,418.228587
3,169,0,484.472712
3,170,0,489.28807
3,171,0,510.656736
3,172,0,436.063923
3,173,0,482.272311
3,174,0,422.735747
3,175,0,517.539769
3,176,0,433.088649
3,177,0,505.932513
3,178,0,478.830925
3,179,0,527.170844
3,180,0,512.141834
3,181,0,486.288732
3,182,0,479.411657
3,183,0,429.296878
3,184,0,483.311853
3,185,0,427.613897
3,186,0,478.854382
3,187,0,408.248913
3,188,0,442.550326
3,189,0,462.837239
3,190,0,487.618353
3,191,0,419.310865
3,192,0,455.144827
3,193,0,452.064859
3,194,0,490.326738
3,195,0,413.981048
3,196,0,448.926064
3,197,0,420.897796
3,198,0,416.847254
3,199,0,485.774696
3,200,0,437.390828
3,201,0,428.654398
3,202,0,438.146888
3,203,0,433.332242
3,204,0,447.31024
3,205,0,498.341371
3,206,0,500.043671
3,207,0,423.236469
3,208,0,409.619325
3,209,0,503.974127
3,210,0,487.054059
3,211,0,419.516637
3,212,0,456.123494
3,213,0,497.168705
3,214,0,480.559166
3,215,0,436.209603
3,216,0,458.920001
3,217,0,452.694225
3,218,0,424.920986
3,219,0,488.382088
3,220,0,495.099904
3,221,0,440.160064
3,222,0,452.313152
3,223,0,488.395016
3,224,0,486.055518
3,225,0,443.181546
3,226,0,442.418314
3,227,0,431.948644
3,228,0,455.262961
3,229,0,447.965218
3,230,0,425.651082
3,231,0,434.830851
3,232,0,418.754884
3,233,0,441.168542
3,234,0,431.392334
3,235,0,404.92769
3,236,0,429.080279
3,237,0,430.966054
3,238,0,467.038443
3,239,0,417.511453
3,240,0,416.715863
3,241,0,420.040697
3,242,0,422.381454
3,243,0,410.998226
3,244,0,480.2166
3,245,0,422.036171
3,246,0,433.160539
3,247,0,426.043724
3,248,0,434.742983
3,249,0,411.355801
3,250,0,419.690634
3,251,0,495.649496
3,252,0,447.555764
3,253,0,479.149571
3,254,0,454.153991
3,255,0,448.992664
3,256,0,435.570462
3,257,0,512.329316
3,258,0,459.442781
3,259,0,536.546203
3,260,0,436.830261
3,261,0,435.367046
3,262,0,430.002445
3,263,0,491.58104
3,264,0,428.378614
3,265,0,549.29968
3,266,0,443.409248
3,267,0,444.808496
3,268,0,478.228382
3,269,0,475.2165
3,270,0,451.533406
3,271,0,410.903341
3,272,0,480.027927
3,273,0,465.347148
3,274,0,478.73454
3,275,0,475.550669
3,276,0,511.350548
3,277,0,435.603195
3,278,0,516.787423
3,279,0,442.716423
3,280,0,510.179732
3,281,0,430.958369
3,282,0,414.225059
3,283,0,442.303079
3,284,0,472.350363
3,285,0,438.83024
3,286,0,422.870953
3,287,0,479.236301
3,288,0,478.806289
3,289,0,428.86195
3,290,0,510.769052
3,291,0,512.065311
3,292,0,458.047771
3,293,0,492.222023
3,294,0,415.869296
3,295,0,441.993371
3,296,0,511.50979
3,297,0,420.330059
3,298,0,433.980581
3,299,0,474.042756
3,300,0,482.423174
3,301,0,468.208267
3,302,0,502.586119
3,303,0,412.717564
3,304,0,434.100006
3,305,0,419.479965
3,306,0,445.152791
3,307,0,453.439599
3,308,0,507.253038
3,309,0,441.297443
3,310,0,434.054949
3,311,0,430.100162
3,312,0,432.778319
3,313,0,459.026088
3,314,0,486.55812
3,315,0,414.4752
3,316,0,425.037048
3,317,0,511.459107
3,318,0,491.349246
3,319,0,497.838506
3,320,0,436.796739
3,321,0,427.094979
3,322,0,445.99415
3,323,0,442.506535
3,324,0,460.303357
3,325,0,441.816774
3,326,0,439.121191
3,327,0,430.498023
3,328,0,466.132314
3,329,0,517.8039
3,330,0,487.699289
3,331,0,471.739246
3,332,0,498.355893
3,333,0,515.070495
3,334,0,439.650676
3,335,0,414.889699
3,336,0,458.711406
3,337,0,460.819362
3,338,0,424.989492
3,339,0,474.920912
3,340,0,434.845435
3,341,0,419.07083
3,342,0,465.416047
3,343,0,420.290685
3,344,0,439.155413
3,345,0,461.610487
3,346,0,438.002932
3,347,0,475.788721
3,348,0,433.812784
3,349,0,489.784823
3,350,0,447.786553
3,351,0,429.234431
3,352,0,411.060794
3,353,0,424.70305
3,354,0,514.239365
3,355,0,424.995149
3,356,0,514.911883
3,357,0,478.642806
3,358,0,431.590229
3,359,0,465.029248
3,360,0,424.016678
3,361,0,480.7401
3,362,0,496.069568
3,363,0,434.300845
3,364,0,440.068615
3,365,0,468.798579
3,366,0,492.419817
3,367,0,482.653689
3,368,0,524.035183
3,369,0,507.412176
3,370,0,498.28936
3,371,0,432.246844
3,372,0,422.791242
3,373,0,497.15201
3,374,0,427.86816
3,375,0,427.900314
3,376,0,436.920058
3,377,0,428.325857
3,378,0,514.513072
3,379,0,465.996675
3,380,0,472.299001
3,381,0,425.011432
3,382,0,433.983878
3,383,0,502.358499
3,384,0,429.640125
3,385,0,440.521481
3,386,0,444.320707
3,387,0,416.078049
3,388,0,444.954138
3,389,0,422.862451
3,390,0,497.759015
3,391,0,506.034487
3,392,0,416.782041
3,393,0,449.779832
3,394,0,435.384058
3,395,0,511.761378
3,396,0,441.645352
3,397,0,421.772833
3,398,0,437.892627
3,399,0,495.142028
3,400,0,440.639615
3,401,0,428.277537
3,402,0,420.157468
3,403,0,429.436425
3,404,0,455.142745
3,405,0,443.572057
3,406,0,502.387485
3,407,0,506.800882
3,408,0,435.305565
3,409,0,444.496457
3,410,0,419.70402
3,411,0,468.167951
3,412,0,485.00984
3,413,0,448.621132
3,414,0,421.249411
3,415,0,482.012205
3,416,0,527.590494
3,417,0,431.985452
3,418,0,433.333608
3,419,0,557.161082
3,420,0,423.70465
3,421,0,475.326585
3,422,0,412.37892
3,423,0,435.052643
3,424,0,439.979646
3,425,0,466.601256
3,426,0,513.90832
3,427,0,423.245323
3,428,0,521.950541
3,429,0,436.512933
3,430,0,434.211875
3,431,0,427.210256
3,432,0,412.852156
3,433,0,423.291639
3,434,0,432.92702
3,435,0,487.798452
3,436,0,511.880934
3,437,0,500.510623
3,438,0,441.45331
3,439,0,439.256405
3,440,0,519.971259
3,441,0,440.890815
3,442,0,427.330466
3,443,0,441.483744
3,444,0,502.782879
3,445,0,440.930137
3,446,0,454.876003
3,447,0,436.27693
3,448,0,502.043018
3,449,0,442.83948
3,450,0,420.871891
3,451,0,487.972433
3,452,0,420.5997
3,453,0,422.717367
3,454,0,483.995488
3,455,0,517.702498
3,456,0,409.54093
3,457,0,416.916834
3,458,0,423.0374
3,459,0,432.053676
3,460,0,418.447527
3,461,0,422.414546
3,462,0,416.875154
3,463,0,439.862589
3,464,0,537.913416
3,465,0,477.305219
3,466,0,498.451896
3,467,0,507.263065
3,468,0,446.951217
3,469,0,494.09908
3,470,0,423.039358
3,471,0,439.229357
3,472,0,418.503585
3,473,0,514.743
3,474,0,454.6214
3,475,0,493.112394
3,476,0,437.696248
3,477,0,437.748005
3,478,0,428.199196
3,479,0,437.898079
3,480,0,482.814608
3,481,0,497.927349
3,482,0,413.999559
3,483,0,485.577798
3,484,0,424.431848
3,485,0,419.104694
3,486,0,452.74349
3,487,0,529.870195
3,488,0,415.053101
3,489,0,474.103771
3,490,0,420.970908
3,491,0,413.92252
3,492,0,439.700736
3,493,0,494.04684
3,494,0,430.381326
3,495,0,473.611222
3,496,0,416.776334
3,497,0,430.907223
3,498,0,518.049247
3,499,0,440.942701
3,500,0,429.965698
3,501,0,440.481912
3,502,0,414.678562
3,503,0,498.874531
3,504,0,494.235643
3,505,0,424.383306
3,506,0,433.270373
3,507,0,420.700302
3,508,0,437.266276
3,509,0,427.04988
3,510,0,411.460724
3,511,0,482.780102
3,512,0,502.284837
3,513,0,495.559974
3,514,0,517.131305
3,515,0,465.522587
3,516,0,485.981976
3,517,0,428.901144
3,518,0,495.56339
3,519,0,420.782948
3,520,0,445.339262
3,521,0,478.724216
3,522,0,423.210411
3,523,0,437.640866
3,524,0,440.31481
3,525,0,426.93736
3,526,0,511.228045
3,527,0,474.994787
3,528,0,432.00552
3,529,0,423.576466
3,530,0,424.712092
3,531,0,461.801565
3,532,0,497.252723
3,533,0,418.723147
3,534,0,421.799321
3,535,0,481.519637
3,536,0,461.790609
3,537,0,449.147018
3,538,0,421.015942
3,539,0,439.550782
3,540,0,419.803371
3,541,0,514.466133
3,542,0,475.101725
3,543,0,487.107513
3,544,0,423.667213
3,545,0,429.01437
3,546,0,433.267984
3,547,0,423.253434
3,548,0,486.885041
3,549,0,464.057121
3,550,0,518.921505
3,551,0,436.032658
3,552,0,436.000708
3,553,0,473.200653
3,554,0,455.66065
3,555,0,444.975778
3,556,0,431.480105
3,557,0,438.89551
3,558,0,500.383835
3,559,0,449.540623
3,560,0,431.846064
3,561,0,427.226317
3,562,0,420.084017
3,563,0,482.801415
3,564,0,407.352911
3,565,0,466.226199
3,566,0,414.323357
3,567,0,435.202756
3,568,0,488.981714
3,569,0,427.711998
3,570,0,426.571506
3,571,0,414.149507
3,572,0,474.108697
3,573,0,462.760796
3,574,0,503.601537
3,575,0,410.414865
3,576,0,475.003105
3,577,0,461.318404
3,578,0,486.908999
3,579,0,485.16412
3,580,0,489.887553
3,581,0,422.021196
3,582,0,503.314845
3,583,0,420.677721
3,584,0,421.788352
3,585,0,441.03416
3,586,0,491.429626
3,587,0,454.707225
3,588,0,475.240454
3,589,0,426.924202
3,590,0,422.95271
3,591,0,415.756115
3,592,0,427.903965
3,593,0,444.853186
3,594,0,518.817106
3,595,0,448.052061
3,596,0,408.500317
3,597,0,494.646765
3,598,0,500.924916
3,599,0,446.110844
3,600,0,490.489163
3,601,0,429.531055
3,602,0,484.481906
3,603,0,507.112213
3,604,0,415.768704
3,605,0,470.324736
3,606,0,411.840918
3,607,0,426.011369
3,608,0,512.264534
3,609,0,451.496234
3,610,0,497.63343
3,611,0,432.125728
3,612,0,485.449096
3,613,0,415.225611
3,614,0,432.871626
3,615,0,431.317518
3,616,0,430.023762
3,617,0,468.418129
3,618,0,464.47624
3,619,0,416.733166
3,620,0,409.422121
3,621,0,507.76519
3,622,0,421.972036
3,623,0,441.357205
3,624,0,484.223506
3,625,0,478.024781
3,626,0,480.310472
3,627,0,487.498611
3,628,0,428.258366
3,629,0,424.639777
3,630,0,432.582272
3,631,0,432.64938
3,632,0,495.078163
3,633,0,499.994005
3,634,0,429.567458
3,635,0,444.426921
3,636,0,430.879024
3,637,0,423.76208
3,638,0,493.546052
3,639,0,443.010941
3,640,0,441.194249
3,641,0,420.614344
3,642,0,500.495978
3,643,0,446.138532
3,644,0,422.231639
3,645,0,450.965484
3,646,0,491.457588
3,647,0,436.928068
3,648,0,564.681413
3,649,0,476.680208
3,650,0,470.21449
3,651,0,448.854136
3,652,0,410.004424
3,653,0,432.986102
3,654,0,498.370119
3,655,0,454.075699
3,656,0,417.302263
3,657,0,425.96539
3,658,0,420.187713
3,659,0,413.278826
3,660,0,411.816668
3,661,0,439.290322
3,662,0,414.530439
3,663,0,445.510253
3,664,0,438.896057
3,665,0,515.057089
3,666,0,423.478234
3,667,0,477.177287
3,668,0,439.499034
3,669,0,424.612095
3,670,0,423.694037
3,671,0,426.596384
3,672,0,433.351063
3,673,0,470.232256
3,674,0,436.296667
3,675,0,501.623093
3,676,0,409.016944
3,677,0,428.574796
3,678,0,442.798946
3,679,0,418.031827
3,680,0,437.362323
3,681,0,433.489424
3,682,0,430.336822
3,683,0,462.607346
3,684,0,429.623065
3,685,0,436.441153
3,686,0,420.8523
3,687,0,457.268753
3,688,0,496.11093
3,689,0,432.018726
3,690,0,436.023048
3,691,0,425.382015
3,692,0,475.217426
3,693,0,491.835552
3,694,0,440.389222
3,695,0,427.646843
3,696,0,496.769392
3,697,0,432.929662
3,698,0,431.595768
3,699,0,497.845454
3,700,0,430.103108
3,701,0,410.881846
3,702,0,432.956534
3,703,0,416.419371
3,704,0,427.938124
3,705,0,453.281463
3,706,0,411.883267
3,707,0,418.179267
3,708,0,500.128371
3,709,0,420.835494
3,710,0,414.247516
3,711,0,427.10318
3,712,0,495.451801
3,713,0,481.419788
3,714,0,463.046144
3,715,0,435.93934
3,716,0,466.0626
3,717,0,455.406512
3,718,0,492.172471
3,719,0,433.086405
3,720,0,499.992331
3,721,0,498.865473
3,722,0,426.484506
3,723,0,430.362694
3,724,0,468.575931
3,725,0,494.740032
3,726,0,432.661396
3,727,0,513.118673
3,728,0,438.647143
3,729,0,427.864569
3,730,0,499.254455
3,731,0,435.886122
3,732,0,442.483807
3,733,0,444.029222
3,734,0,434.265333
3,735,0,558.243831
3,736,0,419.743425
3,737,0,436.960267
3,738,0,414.916943
3,739,0,427.966187
3,740,0,410.760153
3,741,0,452.223629
3,742,0,452.843011
3,743,0,428.083195
3,744,0,450.241218
3,745,0,421.915416
3,746,0,437.111294
3,747,0,414.368355
3,748,0,435.152585
3,749,0,422.337817
3,750,0,432.704307
3,751,0,511.74391
3,752,0,494.446661
3,753,0,425.536074
3,754,0,524.754345
3,755,0,459.430828
3,756,0,462.068973
3,757,0,433.999756
3,758,0,438.160732
3,759,0,427.008634
3,760,0,490.882861
3,761,0,425.950381
3,762,0,427.72845
3,763,0,435.697176
3,764,0,450.546514
3,765,0,524.613654
3,766,0,418.930825
3,767,0,426.575564
3,768,0,451.145101
3,769,0,556.445502
3,770,0,421.273904
3,771,0,500.775961
3,772,0,499.273396
3,773,0,446.638947
3,774,0,418.54527
3,775,0,487.066137
3,776,0,419.16224
3,777,0,499.041586
3,778,0,506.879101
3,779,0,413.386325
3,780,0,482.014152
3,781,0,494.298058
3,782,0,434.240479
3,783,0,419.378574
3,784,0,415.33839
3,785,0,491.498392
3,786,0,498.521463
3,787,0,443.676371
3,788,0,436.005544
3,789,0,433.709024
3,790,0,431.606837
3,791,0,502.367102
3,792,0,432.385813
3,793,0,427.352869
3,794,0,412.072497
3,795,0,495.199681
3,796,0,428.161372
3,797,0,427.618137
3,798,0,494.408034
3,799,0,418.803597
3,800,0,446.521555
3,801,0,509.278287
3,802,0,443.664421
3,803,0,439.35893
3,804,0,487.491004
3,805,0,464.109575
3,806,0,474.045561
3,807,0,480.388946
3,808,0,433.202122
3,809,0,431.506016
3,810,0,426.73655
3,811,0,414.905117
3,812,0,464.240656
3,813,0,452.014997
3,814,0,424.917703
3,815,0,442.180457
3,816,0,440.835223
3,817,0,425.749401
3,818,0,437.042505
3,819,0,436.832148
3,820,0,558.683979
3,821,0,427.66342
3,822,0,437.952909
3,823,0,425.278139
3,824,0,512.914336
3,825,0,442.248594
3,826,0,489.420594
3,827,0,428.712598
3,828,0,414.293254
3,829,0,489.980701
3,830,0,494.649423
3,831,0,440.302967
3,832,0,494.295219
3,833,0,484.703329
3,834,0,425.160452
3,835,0,486.343471
3,836,0,510.024381
3,837,0,515.352069
3,838,0,525.787974
3,839,0,508.576959
3,840,0,511.189114
3,841,0,510.514161
3,842,0,438.583494
3,843,0,425.424112
3,844,0,492.862198
3,845,0,414.588721
3,846,0,457.178884
3,847,0,424.702341
3,848,0,467.902395
3,849,0,436.977526
3,850,0,498.899284
3,851,0,471.075379
3,852,0,553.269091
3,853,0,431.831916
3,854,0,412.952741
3,855,0,496.769517
3,856,0,422.60298
3,857,0,478.466253
3,858,0,436.686414
3,859,0,436.141462
3,860,0,428.098695
3,861,0,514.829685
3,862,0,493.641146
3,863,0,414.075886
3,864,0,443.832014
3,865,0,465.351478
3,866,0,473.967209
3,867,0,442.927039
3,868,0,428.033042
3,869,0,525.325892
3,870,0,451.718945
3,871,0,489.926981
3,872,0,433.080055
3,873,0,422.07273
3,874,0,494.833576
3,875,0,464.911017
3,876,0,443.86686
3,877,0,419.86732
3,878,0,434.852299
3,879,0,440.547014
3,880,0,424.242441
3,881,0,436.164834
3,882,0,427.14897
3,883,0,415.98361
3,884,0,445.241309
3,885,0,510.27551
3,886,0,499.898231
3,887,0,447.783693
3,888,0,457.346498
3,889,0,414.237799
3,890,0,434.493335
3,891,0,456.386191
3,892,0,475.562626
3,893,0,427.646354
3,894,0,452.886524
3,895,0,508.904095
3,896,0,426.157427
3,897,0,415.07907
3,898,0,440.882675
3,899,0,486.060092
3,900,0,439.869232
3,901,0,509.147235
3,902,0,501.375348
3,903,0,437.377205
3,904,0,480.266044
3,905,0,429.870593
3,906,0,491.841082
3,907,0,482.434274
3,908,0,439.201345
3,909,0,525.642893
3,910,0,489.805468
3,911,0,519.311516
3,912,0,429.859642
3,913,0,437.806184
3,914,0,433.041273
3,915,0,419.876571
3,916,0,411.717278
3,917,0,436.38629
3,918,0,413.364994
3,919,0,487.287595
3,920,0,449.58638
3,921,0,501.10387
3,922,0,426.074745
3,923,0,507.28442
3,924,0,447.24333
3,925,0,423.946679
3,926,0,438.169898
3,927,0,438.124415
3,928,0,446.827702
3,929,0,479.370169
3,930,0,445.998509
3,931,0,429.282319
3,932,0,435.189135
3,933,0,447.814514
3,934,0,424.730695
3,935,0,447.725188
3,936,0,509.612223
3,937,0,447.860217
3,938,0,435.350153
3,939,0,487.052039
3,940,0,516.976957
3,941,0,419.204808
3,942,0,431.125489
3,943,0,442.749011
3,944,0,416.100374
3,945,0,428.825165
3,946,0,427.310864
3,947,0,432.602527
3,948,0,529.210558
3,949,0,419.271522
3,950,0,440.579083
3,951,0,424.678564
3,952,0,438.006403
3,953,0,426.31471
3,954,0,520.599226
3,955,0,506.556588
3,956,0,482.112685
3,957,0,522.201923
3,958,0,555.899503
3,959,0,509.032715
3,960,0,421.379026
3,961,0,492.805101
3,962,0,501.009335
3,963,0,420.863959
3,964,0,497.370265
3,965,0,510.933283
3,966,0,497.034235
3,967,0,487.25522
3,968,0,427.953954
3,969,0,430.294158
3,970,0,434.460092
3,971,0,436.085173
3,972,0,419.463328
3,973,0,494.538101
3,974,0,409.954856
3,975,0,442.452374
3,976,0,495.07209
3,977,0,497.978951
3,978,0,451.89684
3,979,0,511.988125
3,980,0,492.859988
3,981,0,443.131889
3,982,0,425.084828
3,983,0,428.052835
3,984,0,508.180887
3,985,0,485.937357
3,986,0,420.783053
3,987,0,429.018147
3,988,0,432.224014
3,989,0,430.22211
3,990,0,423.237006
3,991,0,433.81173
3,992,0,437.223416
3,993,0,433.547499
3,994,0,519.442062
3,995,0,445.832934
3,996,0,425.097865
3,997,0,493.819902
3,998,0,441.474358
3,999,0,497.104701
4,0,0,413.811198
4,1,0,434.71236
4,2,0,419.250779
4,3,0,435.867301
4,4,0,493.771179
4,5,0,420.137359
4,6,0,416.936899
4,7,0,431.567738
4,8,0,490.168633
4,9,0,404.439262
4,10,0,508.019845
4,11,0,422.550211
4,12,0,485.512592
4,13,0,431.999857
4,14,0,420.333902
4,15,0,411.523208
4,16,0,476.447195
4,17,0,438.908784
4,18,0,485.126427
4,19,0,427.25789
4,20,0,493.086714
4,21,0,441.794354
4,22,0,406.884307
4,23,0,410.731241
4,24,0,422.295001
4,25,0,428.706994
4,26,0,409.01996
4,27,0,486.233307
4,28,0,431.908587
4,29,0,431.548719
4,30,0,423.208271
4,31,0,416.520371
4,32,0,422.59792
4,33,0,414.993802
4,34,0,502.817994
4,35,0,429.428027
4,36,0,421.308487
4,37,0,428.068094
4,38,0,418.491535
4,39,0,420.558651
4,40,0,414.281006
4,41,0,425.080856
4,42,0,411.788701
4,43,0,426.015674
4,44,0,477.772283
4,45,0,462.10348
4,46,0,422.966464
4,47,0,462.530671
4,48,0,514.517194
4,49,0,436.414102
4,50,0,452.065224
4,51,0,417.769889
4,52,0,429.978011
4,53,0,501.561916
4,54,0,439.795887
4,55,0,434.958097
4,56,0,422.883678
4,57,0,418.686193
4,58,0,458.485087
4,59,0,425.742444
4,60,0,430.368073
4,61,0,450.700028
4,62,0,426.89218
4,63,0,443.69302
4,64,0,501.769364
4,65,0,411.631348
4,66,0,420.175622
4,67,0,417.417955
4,68,0,412.186008
4,69,0,474.599221
4,70,0,426.387466
4,71,0,495.305259
4,72,0,420.607368
4,73,0,520.204975
4,74,0,401.392287
4,75,0,426.967081
4,76,0,409.885807
4,77,0,423.205839
4,78,0,419.502831
4,79,0,437.814339
4,80,0,476.449798
4,81,0,407.188665
4,82,0,410.237463
4,83,0,487.187087
4,84,0,407.529726
4,85,0,514.690182
4,86,0,420.841917
4,87,0,532.579288
4,88,0,484.690683
4,89,0,421.594766
4,90,0,428.047562
4,91,0,436.895224
4,92,0,497.346988
4,93,0,432.093266
4,94,0,483.90484
4,95,0,418.871949
4,96,0,410.837653
4,97,0,425.194354
4,98,0,463.063496
4,99,0,444.968823
4,100,0,439.10812
4,101,0,434.773915
4,102,0,522.903313
4,103,0,427.872355
4,104,0,426.053205
4,105,0,458.903993
4,106,0,427.716083
4,107,0,443.872767
4,108,0,419.148167
4,109,0,419.683094
4,110,0,421.613934
4,111,0,406.729309
4,112,0,417.828818
4,113,0,416.036025
4,114,0,438.383894
4,115,0,414.268679
4,116,0,430.595289
4,117,0,466.244373
4,118,0,469.037491
4,119,0,404.472434
4,120,0,418.404093
4,121,0,427.386495
4,122,0,415.632062
4,123,0,431.161355
4,124,0,490.679219
4,125,0,410.964364
4,126,0,514.641009
4,127,0,412.335612
4,128,0,508.701097
4,129,0,424.458882
4,130,0,411.652354
4,131,0,425.165484
4,132,0,488.233298
4,133,0,466.339964
4,134,0,427.497416
4,135,0,469.163831
4,136,0,481.470346
4,137,0,418.603399
4,138,0,493.459503
4,139,0,445.010417
4,140,0,412.629583
4,141,0,410.251627
4,142,0,415.828287
4,143,0,470.530843
4,144,0,407.137587
4,145,0,409.611034
4,146,0,418.980212
4,147,0,493.788616
4,148,0,410.160946
4,149,0,430.81735
4,150,0,428.539811
4,151,0,426.42836
4,152,0,476.237062
4,153,0,420.000155
4,154,0,427.943795
4,155,0,410.124995
4,156,0,474.414734
4,157,0,403.226169
4,158,0,489.198044
4,159,0,441.863762
4,160,0,471.791136
4,161,0,477.031397
4,162,0,421.399489
4,163,0,420.57414
4,164,0,425.9209
4,165,0,457.552462
4,166,0,460.782449
4,167,0,479.178428
4,168,0,435.880817
4,169,0,414.30224
4,170,0,406.556619
4,171,0,432.694936
4,172,0,425.510326
4,173,0,494.871923
4,174,0,431.017692
4,175,0,445.880325
4,176,0,441.136695
4,177,0,498.311547
4,178,0,474.496525
4,179,0,416.174654
4,180,0,498.75004
4,181,0,401.262303
4,182,0,420.679257
4,183,0,499.436273
4,184,0,488.635541
4,185,0,409.489396
4,186,0,413.227896
4,187,0,417.102418
4,188,0,413.105234
4,189,0,439.271121
4,190,0,427.805538
4,191,0,507.84695
4,192,0,515.523331
4,193,0,503.792956
4,194,0,470.788431
4,195,0,432.096489
4,196,0,426.309355
4,197,0,420.238497
4,198,0,494.685617
4,199,0,421.202874
4,200,0,480.923278
4,201,0,438.99809
4,202,0,468.587649
4,203,0,474.317182
4,204,0,440.863755
4,205,0,401.306624
4,206,0,416.869303
4,207,0,412.989874
4,208,0,432.717338
4,209,0,411.209278
4,210,0,483.00747
4,211,0,406.164168
4,212,0,431.933339
4,213,0,486.795692
4,214,0,416.276004
4,215,0,457.854426
4,216,0,483.05261
4,217,0,502.109866
4,218,0,460.655274
4,219,0,495.526496
4,220,0,421.045451
4,221,0,439.816794
4,222,0,474.505957
4,223,0,421.360631
4,224,0,486.089022
4,225,0,412.35995
4,226,0,495.888378
4,227,0,461.696771
4,228,0,468.721065
4,229,0,479.127683
4,230,0,418.45099
4,231,0,414.084952
4,232,0,459.319663
4,233,0,405.19891
4,234,0,450.419506
4,235,0,466.698988
4,236,0,501.156188
4,237,0,491.538874
4,238,0,439.64637
4,239,0,413.330559
4,240,0,406.028534
4,241,0,434.307249
4,242,0,440.920904
4,243,0,443.291176
4,244,0,412.02724
4,245,0,422.302571
4,246,0,418.771268
4,247,0,416.202922
4,248,0,488.09628
4,249,0,406.701265
4,250,0,410.341253
4,251,0,490.299714
4,252,0,419.657085
4,253,0,411.226364
4,254,0,490.176498
4,255,0,427.704968
4,256,0,426.647352
4,257,0,415.264919
4,258,0,413.417895
4,259,0,430.325566
4,260,0,476.796227
4,261,0,475.201424
4,262,0,479.963827
4,263,0,410.99305
4,264,0,476.598634
4,265,0,482.057349
4,266,0,425.482293
4,267,0,410.045746
4,268,0,421.67354
4,269,0,431.942292
4,270,0,428.696269
4,271,0,420.701406
4,272,0,404.756474
4,273,0,430.046268
4,274,0,506.055508
4,275,0,420.215395
4,276,0,410.415023
4,277,0,423.241724
4,278,0,426.692248
4,279,0,419.699866
4,280,0,486.234303
4,281,0,415.332531
4,282,0,470.418165
4,283,0,419.720947
4,284,0,435.40081
4,285,0,504.505459
4,286,0,413.211209
4,287,0,445.15494
4,288,0,415.668895
4,289,0,411.13364
4,290,0,423.944312
4,291,0,431.778673
4,292,0,435.06318
4,293,0,495.17547
4,294,0,426.680792
4,295,0,420.935973
4,296,0,491.898947
4,297,0,493.240774
4,298,0,481.145672
4,299,0,400.072106
4,300,0,513.91195
4,301,0,418.691744
4,302,0,419.580695
4,303,0,447.87271
4,304,0,409.856795
4,305,0,424.390109
4,306,0,488.249364
4,307,0,476.975848
4,308,0,417.947349
4,309,0,482.939853
4,310,0,424.32425
4,311,0,486.415455
4,312,0,427.008956
4,313,0,511.188106
4,314,0,418.535351
4,315,0,421.389371
4,316,0,507.160074
4,317,0,419.056027
4,318,0,495.051277
4,319,0,426.018176
4,320,0,432.00956
4,321,0,437.530641
4,322,0,525.915158
4,323,0,426.134566
4,324,0,467.575839
4,325,0,488.824365
4,326,0,411.15696
4,327,0,496.591716
4,328,0,428.173131
4,329,0,471.74448
4,330,0,441.719035
4,331,0,491.179442
4,332,0,445.703214
4,333,0,401.520152
4,334,0,405.087414
4,335,0,483.95568
4,336,0,452.934861
4,337,0,483.712863
4,338,0,471.504173
4,339,0,418.975267
4,340,0,454.970709
4,341,0,483.901996
4,342,0,439.925141
4,343,0,421.107316
4,344,0,445.167202
4,345,0,416.898395
4,346,0,469.930327
4,347,0,461.007006
4,348,0,426.026694
4,349,0,440.97645
4,350,0,482.682761
4,351,0,443.671284
4,352,0,476.152416
4,353,0,479.327168
4,354,0,481.525529
4,355,0,433.863385
4,356,0,430.898505
4,357,0,423.456002
4,358,0,508.764961
4,359,0,419.839894
4,360,0,413.83704
4,361,0,468.953264
4,362,0,408.278611
4,363,0,411.094852
4,364,0,421.719975
4,365,0,418.803263
4,366,0,437.174499
4,367,0,509.98283
4,368,0,493.904129
4,369,0,424.592997
4,370,0,479.609381
4,371,0,482.031742
4,372,0,402.594201
4,373,0,471.631964
4,374,0,493.063592
4,375,0,411.48379
4,376,0,419.571052
4,377,0,408.336489
4,378,0,410.518391
4,379,0,494.817538
4,380,0,407.213352
4,381,0,433.194873
4,382,0,414.965707
4,383,0,418.225963
4,384,0,406.90237
4,385,0,488.024763
4,386,0,447.714416
4,387,0,505.004196
4,388,0,428.647297
4,389,0,423.124283
4,390,0,414.43472
4,391,0,423.683555
4,392,0,479.04147
4,393,0,412.073964
4,394,0,478.837165
4,395,0,430.724423
4,396,0,457.693166
4,397,0,487.945983
4,398,0,501.912751
4,399,0,415.418568
4,400,0,466.492334
4,401,0,487.503331
4,402,0,476.436952
4,403,0,493.762267
4,404,0,427.146308
4,405,0,406.893491
4,406,0,414.091082
4,407,0,484.898975
4,408,0,413.007292
4,409,0,494.810112
4,410,0,428.170219
4,411,0,460.796218
4,412,0,424.957901
4,413,0,406.096267
4,414,0,432.753996
4,415,0,441.036074
4,416,0,484.273423
4,417,0,421.910177
4,418,0,404.547971
4,419,0,489.779545
4,420,0,468.940379
4,421,0,409.720351
4,422,0,400.197484
4,423,0,420.159716
4,424,0,424.454271
4,425,0,483.550143
4,426,0,412.919882
4,427,0,419.882175
4,428,0,453.193208
4,429,0,486.195038
4,430,0,408.507904
4,431,0,439.750024
4,432,0,428.559734
4,433,0,497.494631
4,434,0,422.897307
4,435,0,495.215425
4,436,0,430.165377
4,437,0,416.693101
4,438,0,458.242363
4,439,0,457.549406
4,440,0,411.15089
4,441,0,417.080738
4,442,0,416.046664
4,443,0,480.507253
4,444,0,441.24857
4,445,0,490.675883
4,446,0,411.035645
4,447,0,471.029595
4,448,0,464.494381
4,449,0,413.131492
4,450,0,439.452438
4,451,0,465.453519
4,452,0,418.497011
4,453,0,411.239084
4,454,0,431.066791
4,455,0,416.327449
4,456,0,460.173786
4,457,0,419.452364
4,458,0,504.158225
4,459,0,445.37734
4,460,0,421.93713
4,461,0,479.527263
4,462,0,405.46466
4,463,0,408.184636
4,464,0,515.388794
4,465,0,427.206358
4,466,0,424.164308
4,467,0,423.378388
4,468,0,413.209466
4,469,0,425.276844
4,470,0,416.05856
4,471,0,408.526553
4,472,0,419.254675
4,473,0,425.936949
4,474,0,483.228402
4,475,0,428.520377
4,476,0,481.23311
4,477,0,435.915136
4,478,0,497.697045
4,479,0,440.367881
4,480,0,445.137935
4,481,0,408.266175
4,482,0,415.013009
4,483,0,450.47189
4,484,0,443.753407
4,485,0,412.375507
4,486,0,505.574244
4,487,0,427.260923
4,488,0,422.185703
4,489,0,482.596355
4,490,0,461.689805
4,491,0,440.768427
4,492,0,436.998327
4,493,0,417.105391
4,494,0,414.787132
4,495,0,487.508935
4,496,0,433.210102
4,497,0,426.657155
4,498,0,499.057869
4,499,0,412.534026
4,500,0,407.717158
4,501,0,466.910016
4,502,0,437.908833
4,503,0,451.148931
4,504,0,428.353337
4,505,0,415.773954
4,506,0,453.814014
4,507,0,411.946515
4,508,0,531.588214
4,509,0,487.352192
4,510,0,421.295307
4,511,0,483.846355
4,512,0,421.038877
4,513,0,434.328863
4,514,0,430.482879
4,515,0,433.02535
4,516,0,464.380428
4,517,0,486.007684
4,518,0,444.745703
4,519,0,423.658479
4,520,0,400.519025
4,521,0,484.921248
4,522,0,484.231422
4,523,0,436.866064
4,524,0,416.739123
4,525,0,496.678068
4,526,0,419.213871
4,527,0,429.244703
4,528,0,490.683534
4,529,0,418.95704
4,530,0,424.31304
4,531,0,444.722175
4,532,0,429.374195
4,533,0,433.455621
4,534,0,476.37868
4,535,0,421.295842
4,536,0,423.004209
4,537,0,420.49842
4,538,0,419.135717
4,539,0,500.641258
4,540,0,496.215226
4,541,0,419.630429
4,542,0,439.913824
4,543,0,510.520715
4,544,0,413.939954
4,545,0,426.54519
4,546,0,438.91673
4,547,0,461.08433
4,548,0,426.2707
4,549,0,410.829111
4,550,0,433.255382
4,551,0,428.222497
4,552,0,430.8633
4,553,0,468.67954
4,554,0,408.4621
4,555,0,422.706502
4,556,0,490.182896
4,557,0,486.449256
4,558,0,410.097734
4,559,0,447.843315
4,560,0,456.087835
4,561,0,484.720498
4,562,0,524.468424
4,563,0,414.352514
4,564,0,424.898759
4,565,0,490.211725
4,566,0,436.986499
4,567,0,481.32386
4,568,0,480.014043
4,569,0,489.70286
4,570,0,430.451499
4,571,0,501.467636
4,572,0,444.365632
4,573,0,513.558402
4,574,0,432.722292
4,575,0,408.835602
4,576,0,451.821742
4,577,0,429.332806
4,578,0,451.342936
4,579,0,477.657919
4,580,0,432.26589
4,581,0,502.821062
4,582,0,413.522395
4,583,0,425.58544
4,584,0,432.148668
4,585,0,411.791518
4,586,0,422.477383
4,587,0,510.875018
4,588,0,410.574141
4,589,0,413.066211
4,590,0,497.18493
4,591,0,405.558924
4,592,0,424.611821
4,593,0,412.067023
4,594,0,473.165707
4,595,0,482.87943
4,596,0,497.153334
4,597,0,419.482143
4,598,0,499.261845
4,599,0,415.739668
4,600,0,427.46584
4,601,0,414.16719
4,602,0,411.926199
4,603,0,476.168132
4,604,0,443.854197
4,605,0,490.357658
4,606,0,476.371128
4,607,0,467.614295
4,608,0,420.4937
4,609,0,406.19354
4,610,0,485.716647
4,611,0,412.894867
4,612,0,427.824734
4,613,0,437.589389
4,614,0,418.368687
4,615,0,419.987213
4,616,0,425.347098
4,617,0,426.76306
4,618,0,447.638929
4,619,0,424.607833
4,620,0,408.849175
4,621,0,462.229767
4,622,0,478.836934
4,623,0,423.670932
4,624,0,493.608961
4,625,0,419.842221
4,626,0,453.114514
4,627,0,479.66582
4,628,0,489.899724
4,629,0,437.216471
4,630,0,423.795946
4,631,0,510.790698
4,632,0,409.114777
4,633,0,408.493467
4,634,0,426.363302
4,635,0,423.0033
4,636,0,487.275006
4,637,0,420.070755
4,638,0,426.993282
4,639,0,416.594694
4,640,0,421.30151
4,641,0,426.362492
4,642,0,430.809192
4,643,0,412.719119
4,644,0,429.175647
4,645,0,425.90852
4,646,0,418.334344
4,647,0,418.35549
4,648,0,421.488394
4,649,0,423.292175
4,650,0,486.607085
4,651,0,425.697848
4,652,0,472.074247
4,653,0,418.444702
4,654,0,425.49845
4,655,0,438.295004
4,656,0,419.636147
4,657,0,404.27257
4,658,0,468.680833
4,659,0,429.630502
4,660,0,449.690086
4,661,0,505.538296
4,662,0,420.782049
4,663,0,415.130781
4,664,0,427.03099
4,665,0,449.030107
4,666,0,432.6004
4,667,0,517.626477
4,668,0,499.369437
4,669,0,423.521925
4,670,0,407.258445
4,671,0,430.941712
4,672,0,419.739611
4,673,0,486.565657
4,674,0,515.6045
4,675,0,422.741832
4,676,0,482.248169
4,677,0,486.058395
4,678,0,463.368264
4,679,0,484.821337
4,680,0,424.374209
4,681,0,410.289651
4,682,0,420.298007
4,683,0,412.724863
4,684,0,415.110061
4,685,0,402.189537
4,686,0,441.225521
4,687,0,441.051242
4,688,0,430.931334
4,689,0,488.383898
4,690,0,470.241608
4,691,0,431.976697
4,692,0,420.778981
4,693,0,439.692625
4,694,0,414.92148
4,695,0,405.003788
4,696,0,488.78115
4,697,0,491.305026
4,698,0,489.876628
4,699,0,498.594321
4,700,0,426.086407
4,701,0,420.572265
4,702,0,419.235436
4,703,0,483.919988
4,704,0,426.454837
4,705,0,425.963998
4,706,0,493.184541
4,707,0,429.977497
4,708,0,425.495264
4,709,0,467.002617
4,710,0,435.358869
4,711,0,492.1936
4,712,0,411.195978
4,713,0,436.797846
4,714,0,430.082063
4,715,0,488.107414
4,716,0,473.403221
4,717,0,418.012742
4,718,0,465.612753
4,719,0,470.869236
4,720,0,488.659216
4,721,0,425.279333
4,722,0,412.094186
4,723,0,421.231928
4,724,0,440.542217
4,725,0,431.680338
4,726,0,442.601405
4,727,0,414.918229
4,728,0,448.929589
4,729,0,412.336277
4,730,0,480.099284
4,731,0,440.90067
4,732,0,480.815384
4,733,0,401.819875
4,734,0,420.541027
4,735,0,439.046563
4,736,0,472.078681
4,737,0,426.220246
4,738,0,419.651142
4,739,0,425.165978
4,740,0,482.683935
4,741,0,490.104935
4,742,0,492.525503
4,743,0,475.541166
4,744,0,481.640701
4,745,0,487.788484
4,746,0,437.610536
4,747,0,432.919443
4,748,0,407.587261
4,749,0,429.341334
4,750,0,425.885775
4,751,0,480.386131
4,752,0,429.965945
4,753,0,471.74133
4,754,0,477.919261
4,755,0,444.756814
4,756,0,425.618513
4,757,0,504.317785
4,758,0,407.873795
4,759,0,423.866581
4,760,0,423.704604
4,761,0,411.935755
4,762,0,407.776121
4,763,0,490.110471
4,764,0,444.465317
4,765,0,410.312491
4,766,0,412.876473
4,767,0,423.698391
4,768,0,410.782758
4,769,0,469.980632
4,770,0,487.333644
4,771,0,481.361678
4,772,0,407.989025
4,773,0,427.725925
4,774,0,498.146579
4,775,0,418.414157
4,776,0,417.481956
4,777,0,423.614546
4,778,0,419.990973
4,779,0,534.563985
4,780,0,445.821268
4,781,0,421.064345
4,782,0,502.875939
4,783,0,415.890718
4,784,0,517.829374
4,785,0,448.703663
4,786,0,427.454229
4,787,0,422.522378
4,788,0,507.272093
4,789,0,418.684243
4,790,0,431.686903
4,791,0,427.242477
4,792,0,469.500849
4,793,0,475.841239
4,794,0,466.092025
4,795,0,446.031551
4,796,0,414.404608
4,797,0,483.471519
4,798,0,432.233341
4,799,0,420.51139
4,800,0,495.415998
4,801,0,426.115367
4,802,0,476.630152
4,803,0,444.52846
4,804,0,484.656701
4,805,0,427.33792
4,806,0,408.290693
4,807,0,433.817897
4,808,0,429.433742
4,809,0,468.32667
4,810,0,512.146744
4,811,0,426.775203
4,812,0,424.742441
4,813,0,426.369069
4,814,0,486.703132
4,815,0,479.341735
4,816,0,425.215657
4,817,0,479.175519
4,818,0,415.109769
4,819,0,486.899992
4,820,0,414.034873
4,821,0,421.262959
4,822,0,506.369023
4,823,0,451.538459
4,824,0,423.035478
4,825,0,474.643769
4,826,0,508.506546
4,827,0,411.301763
4,828,0,440.963967
4,829,0,440.124236
4,830,0,486.190351
4,831,0,425.771605
4,832,0,437.179278
4,833,0,494.193517
4,834,0,429.79555
4,835,0,414.180269
4,836,0,459.897327
4,837,0,421.764048
4,838,0,418.773509
4,839,0,411.909322
4,840,0,414.315699
4,841,0,415.831082
4,842,0,415.182252
4,843,0,427.448948
4,844,0,408.822035
4,845,0,427.630678
4,846,0,512.896196
4,847,0,417.877193
4,848,0,419.163642
4,849,0,402.182738
4,850,0,428.625462
4,851,0,431.994238
4,852,0,420.304746
4,853,0,418.955297
4,854,0,485.571408
4,855,0,418.846365
4,856,0,501.814581
4,857,0,475.241991
4,858,0,531.19702
4,859,0,427.170535
4,860,0,417.763709
4,861,0,418.333163
4,862,0,422.786612
4,863,0,485.573118
4,864,0,465.020057
4,865,0,481.080298
4,866,0,427.302037
4,867,0,484.642196
4,868,0,407.343958
4,869,0,476.037122
4,870,0,506.399373
4,871,0,428.32474
4,872,0,427.544605
4,873,0,411.012638
4,874,0,410.092662
4,875,0,423.467213
4,876,0,498.713366
4,877,0,467.920139
4,878,0,416.552631
4,879,0,458.715094
4,880,0,421.926976
4,881,0,422.619542
4,882,0,456.215109
4,883,0,501.212076
4,884,0,483.231264
4,885,0,513.880801
4,886,0,484.258811
4,887,0,436.320117
4,888,0,404.231747
4,889,0,428.227661
4,890,0,486.960242
4,891,0,491.443778
4,892,0,408.277629
4,893,0,415.03073
4,894,0,481.212867
4,895,0,510.183855
4,896,0,481.591734
4,897,0,440.436599
4,898,0,443.313169
4,899,0,423.068946
4,900,0,507.994433
4,901,0,495.453195
4,902,0,434.070665
4,903,0,402.905546
4,904,0,502.18528
4,905,0,443.324965
4,906,0,420.528243
4,907,0,423.987339
4,908,0,436.239667
4,909,0,427.95618
4,910,0,428.335865
4,911,0,480.68599
4,912,0,512.734437
4,913,0,481.255044
4,914,0,495.198433
4,915,0,410.564249
4,916,0,429.597382
4,917,0,505.629957
4,918,0,405.428004
4,919,0,494.310088
4,920,0,494.018994
4,921,0,409.785329
4,922,0,426.417855
4,923,0,491.011316
4,924,0,412.083072
4,925,0,424.696985
4,926,0,428.852379
4,927,0,429.693183
4,928,0,416.825679
4,929,0,411.355323
4,930,0,430.318111
4,931,0,419.889761
4,932,0,418.571618
4,933,0,534.26477
4,934,0,500.993036
4,935,0,486.466872
4,936,0,405.390794
4,937,0,529.129307
4,938,0,521.073304
4,939,0,433.552568
4,940,0,502.425226
4,941,0,410.078146
4,942,0,488.808651
4,943,0,485.228986
4,944,0,449.325504
4,945,0,442.45477
4,946,0,437.961978
4,947,0,416.644823
4,948,0,421.148848
4,949,0,439.924236
4,950,0,494.777758
4,951,0,406.748439
4,952,0,439.735349
4,953,0,423.838645
4,954,0,407.606908
4,955,0,417.238175
4,956,0,413.431501
4,957,0,446.755925
4,958,0,412.426395
4,959,0,435.621535
4,960,0,413.959483
4,961,0,426.442215
4,962,0,468.00364
4,963,0,431.943629
4,964,0,405.39238
4,965,0,416.31201
4,966,0,490.61545
4,967,0,433.8982
4,968,0,426.814866
4,969,0,499.168234
4,970,0,422.833657
4,971,0,487.898076
4,972,0,411.93206
4,973,0,412.882078
4,974,0,440.540022
4,975,0,471.836055
4,976,0,412.415008
4,977,0,413.572726
4,978,0,428.721545
4,979,0,516.39548
4,980,0,489.188764
4,981,0,411.613889
4,982,0,419.820989
4,983,0,466.022457
4,984,0,427.636924
4,985,0,453.864799
4,986,0,422.001907
4,987,0,409.604545
4,988,0,404.700912
4,989,0,499.525365
4,990,0,418.618416
4,991,0,404.413978
4,992,0,427.648254
4,993,0,413.370894
4,994,0,419.013409
4,995,0,466.998518
4,996,0,422.850294
4,997,0,423.346321
4,998,0,439.303117
4,999,0,440.135273
5,0,0,511.695212
5,1,0,428.78358
5,2,0,415.540156
5,3,0,419.138862
5,4,0,418.697111
5,5,0,443.448828
5,6,0,483.284699
5,7,0,428.55466
5,8,0,433.680153
5,9,0,426.626931
5,10,0,429.731461
5,11,0,415.50039
5,12,0,442.739499
5,13,0,442.119846
5,14,0,432.697485
5,15,0,430.656646
5,16,0,487.513904
5,17,0,414.942119
5,18,0,483.382205
5,19,0,474.344647
5,20,0,408.515228
5,21,0,473.599353
5,22,0,486.74167
5,23,0,446.644488
5,24,0,420.729273
5,25,0,477.61033
5,26,0,444.742315
5,27,0,415.47268
5,28,0,428.548822
5,29,0,446.831015
5,30,0,437.540904
5,31,0,416.849592
5,32,0,503.056347
5,33,0,515.214563
5,34,0,404.322832
5,35,0,452.145273
5,36,0,466.420433
5,37,0,415.770594
5,38,0,428.477245
5,39,0,397.71365
5,40,0,397.357358
5,41,0,476.68097
5,42,0,448.727995
5,43,0,408.464149
5,44,0,473.846038
5,45,0,411.801313
5,46,0,424.244866
5,47,0,467.791636
5,48,0,476.661122
5,49,0,487.214644
5,50,0,492.713049
5,51,0,491.685657
5,52,0,417.130878
5,53,0,415.266474
5,54,0,497.207697
5,55,0,474.528719
5,56,0,474.794493
5,57,0,418.453908
5,58,0,481.496415
5,59,0,467.953108
5,60,0,431.540332
5,61,0,517.495217
5,62,0,436.251845
5,63,0,469.213105
5,64,0,458.731306
5,65,0,425.080305
5,66,0,398.066602
5,67,0,406.269577
5,68,0,438.027781
5,69,0,482.822585
5,70,0,472.221286
5,71,0,444.513031
5,72,0,483.34099
5,73,0,475.24072
5,74,0,413.435001
5,75,0,478.725279
5,76,0,468.891217
5,77,0,412.190575
5,78,0,423.691257
5,79,0,409.502521
5,80,0,416.226269
5,81,0,429.092294
5,82,0,418.579941
5,83,0,413.284678
5,84,0,508.420189
5,85,0,473.273055
5,86,0,440.17727
5,87,0,411.235767
5,88,0,495.635635
5,89,0,429.709276
5,90,0,480.810377
5,91,0,430.440635
5,92,0,445.154967
5,93,0,414.501114
5,94,0,455.211031
5,95,0,459.766953
5,96,0,437.329617
5,97,0,429.984679
5,98,0,418.598304
5,99,0,403.699989
5,100,0,409.930441
5,101,0,417.005954
5,102,0,465.758547
5,103,0,417.588343
5,104,0,427.557365
5,105,0,422.313539
5,106,0,499.605812
5,107,0,430.54093
5,108,0,401.750037
5,109,0,477.140517
5,110,0,474.859935
5,111,0,434.052122
5,112,0,464.425374
5,113,0,413.504226
5,114,0,501.230939
5,115,0,412.296384
5,116,0,420.929205
5,117,0,434.545699
5,118,0,424.11301
5,119,0,401.651474
5,120,0,469.527405
5,121,0,427.395186
5,122,0,472.898788
5,123,0,427.590559
5,124,0,407.385063
5,125,0,430.987982
5,126,0,496.671964
5,127,0,427.610964
5,128,0,416.576717
5,129,0,504.680384
5,130,0,478.080214
5,131,0,404.289692
5,132,0,416.293817
5,133,0,433.678269
5,134,0,399.63145
5,135,0,502.939767
5,136,0,428.644672
5,137,0,399.899587
5,138,0,427.424016
5,139,0,421.839773
5,140,0,493.687022
5,141,0,422.765132
5,142,0,526.353722
5,143,0,422.440461
5,144,0,408.170771
5,145,0,470.786594
5,146,0,410.894282
5,147,0,488.658158
5,148,0,436.571667
5,149,0,428.335861
5,150,0,415.973118
5,151,0,409.580441
5,152,0,471.885231
5,153,0,413.816126
5,154,0,423.020994
5,155,0,429.075236
5,156,0,477.444482
5,157,0,491.024185
5,158,0,481.67737
5,159,0,449.649518
5,160,0,485.60551
5,161,0,436.728315
5,162,0,498.100107
5,163,0,428.139929
5,164,0,435.653313
5,165,0,461.317116
5,166,0,428.214587
5,167,0,428.560509
5,168,0,412.117464
5,169,0,489.907936
5,170,0,415.821791
5,171,0,431.336866
5,172,0,413.616595
5,173,0,492.516188
5,174,0,478.026139
5,175,0,420.669617
5,176,0,430.392395
5,177,0,406.913755
5,178,0,490.425139
5,179,0,422.179623
5,180,0,411.247613
5,181,0,522.574915
5,182,0,413.882648
5,183,0,488.272257
5,184,0,404.714684
5,185,0,429.193136
5,186,0,481.58874
5,187,0,439.655921
5,188,0,468.175037
5,189,0,421.685131
5,190,0,440.982727
5,191,0,407.126049
5,192,0,498.991542
5,193,0,415.223438
5,194,0,417.135925
5,195,0,407.148861
5,196,0,419.63976
5,197,0,427.811147
5,198,0,417.546922
5,199,0,437.105345
5,200,0,414.986992
5,201,0,429.582748
5,202,0,464.444561
5,203,0,421.633994
5,204,0,479.655146
5,205,0,426.936137
5,206,0,463.053146
5,207,0,423.44596
5,208,0,441.380273
5,209,0,435.057046
5,210,0,412.98796
5,211,0,423.563854
5,212,0,425.343442
5,213,0,433.555005
5,214,0,417.911106
5,215,0,422.08179
5,216,0,500.025589
5,217,0,498.583322
5,218,0,487.770266
5,219,0,420.418681
5,220,0,429.362825
5,221,0,478.993881
5,222,0,482.874251
5,223,0,427.99451
5,224,0,446.82527
5,225,0,436.488441
5,226,0,487.099715
5,227,0,416.274486
5,228,0,491.320223
5,229,0,425.687204
5,230,0,498.904403
5,231,0,419.555494
5,232,0,482.611556
5,233,0,425.094205
5,234,0,468.479944
5,235,0,416.264918
5,236,0,416.009222
5,237,0,401.079444
5,238,0,416.766232
5,239,0,440.808541
5,240,0,414.002949
5,241,0,489.977026
5,242,0,433.418478
5,243,0,459.451605
5,244,0,510.110883
5,245,0,478.647515
5,246,0,407.61907
5,247,0,431.204595
5,248,0,484.128783
5,249,0,489.067397
5,250,0,492.728705
5,251,0,430.336406
5,252,0,439.720331
5,253,0,430.813499
5,254,0,470.673261
5,255,0,510.350055
5,256,0,504.160293
5,257,0,449.458519
5,258,0,432.032463
5,259,0,434.998335
5,260,0,432.157097
5,261,0,429.188307
5,262,0,426.067689
5,263,0,422.600925
5,264,0,496.790218
5,265,0,421.382081
5,266,0,436.345526
5,267,0,440.282956
5,268,0,407.904765
5,269,0,429.769342
5,270,0,460.759014
5,271,0,420.968385
5,272,0,412.339852
5,273,0,441.584494
5,274,0,479.556672
5,275,0,426.073226
5,276,0,399.439107
5,277,0,489.983463
5,278,0,467.30728
5,279,0,470.513496
5,280,0,420.060792
5,281,0,435.091286
5,282,0,404.143284
5,283,0,535.486087
5,284,0,419.377398
5,285,0,428.042206
5,286,0,465.730663
5,287,0,491.97484
5,288,0,436.324818
5,289,0,427.920166
5,290,0,499.042297
5,291,0,432.605978
5,292,0,475.882204
5,293,0,431.954693
5,294,0,425.948753
5,295,0,484.398242
5,296,0,409.756074
5,297,0,486.082016
5,298,0,411.901337
5,299,0,420.485001
5,300,0,474.098194
5,301,0,416.006414
5,302,0,420.344386
5,303,0,414.69394
5,304,0,444.049437
5,305,0,414.694591
5,306,0,460.228948
5,307,0,417.590468
5,308,0,412.125221
5,309,0,420.816456
5,310,0,431.854175
5,311,0,405.873068
5,312,0,477.300833
5,313,0,489.366664
5,314,0,489.982464
5,315,0,411.487743
5,316,0,422.763923
5,317,0,459.576767
5,318,0,417.621966
5,319,0,406.301451
5,320,0,471.17354
5,321,0,427.992099
5,322,0,484.027038
5,323,0,414.201518
5,324,0,432.527185
5,325,0,408.249967
5,326,0,487.93906
5,327,0,502.717069
5,328,0,398.497612
5,329,0,441.185527
5,330,0,409.389569
5,331,0,443.736371
5,332,0,436.423494
5,333,0,465.490659
5,334,0,476.602565
5,335,0,409.62602
5,336,0,430.182267
5,337,0,477.90151
5,338,0,483.207512
5,339,0,429.98352
5,340,0,487.103104
5,341,0,418.440201
5,342,0,462.476972
5,343,0,422.482085
5,344,0,410.94468
5,345,0,488.708798
5,346,0,483.959494
5,347,0,419.966331
5,348,0,527.889828
5,349,0,438.034369
5,350,0,485.031648
5,351,0,437.127101
5,352,0,461.499251
5,353,0,431.250867
5,354,0,507.809086
5,355,0,435.342342
5,356,0,407.893041
5,357,0,499.799138
5,358,0,415.870166
5,359,0,468.015521
5,360,0,423.429201
5,361,0,423.644034
5,362,0,473.945304
5,363,0,436.318224
5,364,0,410.13193
5,365,0,476.984594
5,366,0,425.15554
5,367,0,421.96405
5,368,0,491.165797
5,369,0,416.017211
5,370,0,423.111737
5,371,0,439.704267
5,372,0,406.914663
5,373,0,416.577173
5,374,0,505.517968
5,375,0,449.315851
5,376,0,448.331089
5,377,0,508.8996
5,378,0,429.590444
5,379,0,513.946635
5,380,0,447.111726
5,381,0,490.666943
5,382,0,477.469064
5,383,0,483.730085
5,384,0,478.637596
5,385,0,474.30302
5,386,0,421.964287
5,387,0,501.095272
5,388,0,452.586628
5,389,0,465.973272
5,390,0,433.815897
5,391,0,430.891262
5,392,0,430.818257
5,393,0,403.04157
5,394,0,415.286456
5,395,0,424.321655
5,396,0,407.831518
5,397,0,426.994113
5,398,0,413.468557
5,399,0,413.457296
5,400,0,412.60827
5,401,0,404.23479
5,402,0,511.871953
5,403,0,433.967968
5,404,0,429.004432
5,405,0,412.243159
5,406,0,402.769256
5,407,0,467.504552
5,408,0,413.225345
5,409,0,458.295586
5,410,0,492.061067
5,411,0,474.413822
5,412,0,415.174866
5,413,0,421.81096
5,414,0,412.810743
5,415,0,486.793528
5,416,0,404.263626
5,417,0,425.028762
5,418,0,474.345436
5,419,0,416.306536
5,420,0,420.451496
5,421,0,424.301827
5,422,0,410.193366
5,423,0,401.368165
5,424,0,504.295964
5,425,0,429.768849
5,426,0,422.467449
5,427,0,492.567962
5,428,0,483.061926
5,429,0,489.904928
5,430,0,417.429485
5,431,0,492.024985
5,432,0,411.533714
5,433,0,435.658202
5,434,0,404.182814
5,435,0,415.557572
5,436,0,475.255257
5,437,0,460.41772
5,438,0,476.635125
5,439,0,423.623967
5,440,0,406.134352
5,441,0,473.922218
5,442,0,401.84609
5,443,0,497.987245
5,444,0,413.631589
5,445,0,423.134411
5,446,0,472.219618
5,447,0,477.080895
5,448,0,478.181896
5,449,0,454.990723
5,450,0,416.364536
5,451,0,411.476553
5,452,0,419.858435
5,453,0,488.310829
5,454,0,410.854735
5,455,0,519.892477
5,456,0,483.372567
5,457,0,413.297672
5,458,0,469.223202
5,459,0,435.336156
5,460,0,415.267896
5,461,0,456.341357
5,462,0,474.087063
5,463,0,418.889849
5,464,0,480.828892
5,465,0,468.182789
5,466,0,480.926477
5,467,0,489.549888
5,468,0,442.174385
5,469,0,495.438963
5,470,0,422.874823
5,471,0,484.896367
5,472,0,461.239884
5,473,0,434.193706
5,474,0,416.790731
5,475,0,420.743765
5,476,0,413.090236
5,477,0,407.482856
5,478,0,420.332144
5,479,0,408.747261
5,480,0,426.401579
5,481,0,419.921275
5,482,0,421.774601
5,483,0,422.697752
5,484,0,448.863123
5,485,0,431.149449
5,486,0,424.502518
5,487,0,483.309523
5,488,0,436.118639
5,489,0,483.878444
5,490,0,414.688034
5,491,0,402.443974
5,492,0,466.681836
5,493,0,501.139681
5,494,0,415.588185
5,495,0,430.080052
5,496,0,431.206148
5,497,0,440.400597
5,498,0,410.629054
5,499,0,403.026512
5,500,0,472.891456
5,501,0,503.124657
5,502,0,502.203896
5,503,0,484.862233
5,504,0,444.80497
5,505,0,426.099519
5,506,0,425.596982
5,507,0,510.459664
5,508,0,443.946591
5,509,0,505.205828
5,510,0,423.762548
5,511,0,479.606764
5,512,0,498.503208
5,513,0,420.481905
5,514,0,482.66754
5,515,0,438.726132
5,516,0,412.650912
5,517,0,422.454842
5,518,0,471.359766
5,519,0,419.252759
5,520,0,407.664886
5,521,0,433.028748
5,522,0,426.490007
5,523,0,436.694843
5,524,0,425.527141
5,525,0,486.913274
5,526,0,413.937667
5,527,0,467.542867
5,528,0,505.149124
5,529,0,410.363008
5,530,0,427.615617
5,531,0,498.550418
5,532,0,410.526098
5,533,0,477.352873
5,534,0,433.227185
5,535,0,441.442138
5,536,0,430.360249
5,537,0,425.043665
5,538,0,476.515976
5,539,0,411.665431
5,540,0,507.492383
5,541,0,464.099383
5,542,0,464.687177
5,543,0,437.259407
5,544,0,497.848196
5,545,0,418.567888
5,546,0,482.709674
5,547,0,437.266101
5,548,0,423.986768
5,549,0,414.879995
5,550,0,414.949264
5,551,0,415.529153
5,552,0,433.875627
5,553,0,409.541187
5,554,0,412.116318
5,555,0,422.150243
5,556,0,418.144687
5,557,0,461.361242
5,558,0,418.836474
5,559,0,422.255793
5,560,0,484.587069
5,561,0,441.373791
5,562,0,484.687389
5,563,0,419.781079
5,564,0,411.142181
5,565,0,418.982537
5,566,0,489.01867
5,567,0,420.49716
5,568,0,409.702249
5,569,0,506.582289
5,570,0,486.035787
5,571,0,488.69204
5,572,0,453.07024
5,573,0,424.146906
5,574,0,425.358848
5,575,0,485.929075
5,576,0,435.559042
5,577,0,429.784446
5,578,0,505.498549
5,579,0,424.784598
5,580,0,434.916627
5,581,0,423.357839
5,582,0,427.238891
5,583,0,491.388035
5,584,0,424.673384
5,585,0,529.09981
5,586,0,405.475399
5,587,0,496.864799
5,588,0,443.333435
5,589,0,464.366294
5,590,0,452.722508
5,591,0,415.754909
5,592,0,438.489616
5,593,0,471.689299
5,594,0,425.816372
5,595,0,497.883437
5,596,0,501.976803
5,597,0,426.489162
5,598,0,422.773088
5,599,0,433.541367
5,600,0,533.465031
5,601,0,488.104849
5,602,0,438.950626
5,603,0,488.314977
5,604,0,500.288494
5,605,0,429.535501
5,606,0,502.546524
5,607,0,492.707911
5,608,0,427.427286
5,609,0,429.750879
5,610,0,417.85658
5,611,0,425.939781
5,612,0,412.221395
5,613,0,470.533588
5,614,0,420.169831
5,615,0,478.612713
5,616,0,452.278624
5,617,0,462.099395
5,618,0,419.602325
5,619,0,418.029706
5,620,0,495.862674
5,621,0,509.097197
5,622,0,492.138797
5,623,0,491.971359
5,624,0,430.748885
5,625,0,417.171721
5,626,0,401.572804
5,627,0,412.957935
5,628,0,473.123802
5,629,0,416.281281
5,630,0,417.524385
5,631,0,438.208107
5,632,0,481.470561
5,633,0,471.613946
5,634,0,431.928301
5,635,0,458.203253
5,636,0,422.194638
5,637,0,421.408047
5,638,0,423.731003
5,639,0,421.776343
5,640,0,430.846876
5,641,0,418.09131
5,642,0,475.933917
5,643,0,408.186198
5,644,0,408.194747
5,645,0,514.311194
5,646,0,428.523276
5,647,0,491.452193
5,648,0,485.144131
5,649,0,431.821972
5,650,0,411.797575
5,651,0,438.968853
5,652,0,410.589075
5,653,0,458.793247
5,654,0,473.050525
5,655,0,418.634417
5,656,0,491.675469
5,657,0,425.810828
5,658,0,434.208733
5,659,0,475.301423
5,660,0,445.318896
5,661,0,413.246084
5,662,0,429.492307
5,663,0,471.331429
5,664,0,429.72564
5,665,0,484.769027
5,666,0,421.118383
5,667,0,410.600976
5,668,0,438.810536
5,669,0,508.97463
5,670,0,426.7297
5,671,0,417.145194
5,672,0,490.965702
5,673,0,417.151074
5,674,0,424.359353
5,675,0,430.638114
5,676,0,410.421861
5,677,0,422.230156
5,678,0,417.45053
5,679,0,507.118951
5,680,0,477.97712
5,681,0,493.503456
5,682,0,435.985674
5,683,0,426.278313
5,684,0,472.45805
5,685,0,408.803267
5,686,0,407.862922
5,687,0,443.946712
5,688,0,440.353732
5,689,0,431.059041
5,690,0,409.689713
5,691,0,449.742686
5,692,0,423.87848
5,693,0,442.496452
5,694,0,512.851671
5,695,0,413.956666
5,696,0,419.470098
5,697,0,425.367103
5,698,0,414.090463
5,699,0,450.030039
5,700,0,433.572975
5,701,0,416.81255
5,702,0,431.985615
5,703,0,474.486588
5,704,0,436.744044
5,705,0,413.181587
5,706,0,409.264262
5,707,0,422.863114
5,708,0,419.521995
5,709,0,436.053941
5,710,0,427.97379
5,711,0,433.970475
5,712,0,494.727267
5,713,0,480.514484
5,714,0,403.532636
5,715,0,512.400508
5,716,0,421.527738
5,717,0,470.767513
5,718,0,481.224153
5,719,0,490.011179
5,720,0,416.990067
5,721,0,424.754579
5,722,0,437.406882
5,723,0,406.566066
5,724,0,422.617241
5,725,0,422.220788
5,726,0,465.493824
5,727,0,411.733937
5,728,0,418.154709
5,729,0,418.898171
5,730,0,419.327287
5,731,0,415.627482
5,732,0,398.147587
5,733,0,424.054092
5,734,0,425.260539
5,735,0,501.493666
5,736,0,402.780376
5,737,0,492.670282
5,738,0,484.98192
5,739,0,424.989178
5,740,0,442.105551
5,741,0,431.256172
5,742,0,427.304097
5,743,0,427.079646
5,744,0,427.193189
5,745,0,504.360158
5,746,0,448.855824
5,747,0,481.435972
5,748,0,428.613047
5,749,0,429.503916
5,750,0,454.922351
5,751,0,481.984865
5,752,0,417.468373
5,753,0,411.097879
5,754,0,419.346936
5,755,0,480.753985
5,756,0,421.526984
5,757,0,466.659763
5,758,0,428.721504
5,759,0,485.468295
5,760,0,420.530752
5,761,0,424.72222
5,762,0,441.649997
5,763,0,410.946502
5,764,0,442.885082
5,765,0,414.051815
5,766,0,499.066688
5,767,0,454.826564
5,768,0,420.030568
5,769,0,440.006705
5,770,0,462.854678
5,771,0,473.014546
5,772,0,477.963992
5,773,0,538.707113
5,774,0,495.223976
5,775,0,462.966685
5,776,0,477.261348
5,777,0,423.005117
5,778,0,428.814374
5,779,0,487.554838
5,780,0,417.514839
5,781,0,475.949646
5,782,0,487.859658
5,783,0,411.775517
5,784,0,478.782652
5,785,0,447.02241
5,786,0,412.480714
5,787,0,431.892713
5,788,0,494.766398
5,789,0,524.060517
5,790,0,434.535413
5,791,0,421.979935
5,792,0,485.617754
5,793,0,433.202486
5,794,0,402.849422
5,795,0,438.547357
5,796,0,543.155192
5,797,0,425.936893
5,798,0,433.961006
5,799,0,445.676356
5,800,0,423.936896
5,801,0,421.931845
5,802,0,423.525266
5,803,0,420.770668
5,804,0,419.802502
5,805,0,517.896436
5,806,0,437.890039
5,807,0,413.503979
5,808,0,439.078321
5,809,0,478.529916
5,810,0,482.711227
5,811,0,419.049163
5,812,0,420.796161
5,813,0,485.789112
5,814,0,469.904488
5,815,0,438.971469
5,816,0,499.805301
5,817,0,450.45363
5,818,0,456.963883
5,819,0,456.841916
5,820,0,424.446064
5,821,0,498.526326
5,822,0,401.831632
5,823,0,403.858901
5,824,0,526.10883
5,825,0,482.053821
5,826,0,402.294555
5,827,0,437.967187
5,828,0,482.418368
5,829,0,448.447544
5,830,0,413.803457
5,831,0,453.903541
5,832,0,503.948982
5,833,0,413.135983
5,834,0,401.629823
5,835,0,488.367846
5,836,0,418.890634
5,837,0,473.920976
5,838,0,489.728494
5,839,0,429.979025
5,840,0,403.111975
5,841,0,432.976659
5,842,0,457.962952
5,843,0,426.946745
5,844,0,483.871182
5,845,0,421.733826
5,846,0,456.806413
5,847,0,508.6411
5,848,0,485.626694
5,849,0,427.885996
5,850,0,485.795669
5,851,0,487.852004
5,852,0,481.424559
5,853,0,405.334415
5,854,0,491.954979
5,855,0,411.919878
5,856,0,465.1273
5,857,0,415.761412
5,858,0,478.598684
5,859,0,500.025143
5,860,0,415.393498
5,861,0,501.097914
5,862,0,529.686306
5,863,0,508.296815
5,864,0,407.733408
5,865,0,530.980949
5,866,0,434.500885
5,867,0,411.124015
5,868,0,491.03185
5,869,0,429.304847
5,870,0,492.769742
5,871,0,449.481274
5,872,0,414.06921
5,873,0,423.500084
5,874,0,405.072035
5,875,0,459.657469
5,876,0,417.975845
5,877,0,513.614923
5,878,0,488.380843
5,879,0,429.933787
5,880,0,417.902492
5,881,0,424.139173
5,882,0,433.137838
5,883,0,485.587767
5,884,0,405.395409
5,885,0,473.536708
5,886,0,492.441378
5,887,0,432.447934
5,888,0,442.723954
5,889,0,489.393257
5,890,0,483.432473
5,891,0,423.45325
5,892,0,451.583246
5,893,0,437.459007
5,894,0,410.672986
5,895,0,409.618571
5,896,0,423.824683
5,897,0,436.908986
5,898,0,475.629862
5,899,0,437.770006
5,900,0,490.311342
5,901,0,417.740175
5,902,0,478.296196
5,903,0,471.092373
5,904,0,421.779378
5,905,0,428.801805
5,906,0,410.997093
5,907,0,420.418364
5,908,0,493.960198
5,909,0,485.499598
5,910,0,423.526444
5,911,0,500.619779
5,912,0,415.301967
5,913,0,502.66365
5,914,0,502.124947
5,915,0,427.555607
5,916,0,445.464417
5,917,0,492.032212
5,918,0,464.409484
5,919,0,446.23578
5,920,0,476.135162
5,921,0,433.372562
5,922,0,465.802473
5,923,0,425.260249
5,924,0,434.808465
5,925,0,419.188928
5,926,0,425.165122
5,927,0,427.679738
5,928,0,468.986431
5,929,0,429.244227
5,930,0,498.728861
5,931,0,436.53648
5,932,0,423.78323
5,933,0,440.75816
5,934,0,443.197304
5,935,0,484.051031
5,936,0,507.247669
5,937,0,426.250121
5,938,0,417.113734
5,939,0,418.027374
5,940,0,435.557104
5,941,0,501.867444
5,942,0,485.244854
5,943,0,413.733028
5,944,0,418.490394
5,945,0,485.017583
5,946,0,499.839388
5,947,0,412.735594
5,948,0,503.509294
5,949,0,432.977117
5,950,0,414.293871
5,951,0,485.505208
5,952,0,480.921688
5,953,0,492.815683
5,954,0,490.907327
5,955,0,446.496223
5,956,0,484.440076
5,957,0,420.758277
5,958,0,448.157676
5,959,0,479.830582
5,960,0,418.497556
5,961,0,408.303492
5,962,0,431.760402
5,963,0,457.148118
5,964,0,448.438836
5,965,0,464.128933
5,966,0,478.657803
5,967,0,492.862028
5,968,0,429.452683
5,969,0,445.092706
5,970,0,490.650248
5,971,0,483.203418
5,972,0,483.117717
5,973,0,428.635905
5,974,0,412.844469
5,975,0,417.001241
5,976,0,461.121654
5,977,0,427.36957
5,978,0,510.817828
5,979,0,439.827049
5,980,0,489.001237
5,981,0,430.199842
5,982,0,432.89893
5,983,0,425.646473
5,984,0,425.105496
5,985,0,496.70515
5,986,0,474.229506
5,987,0,479.803164
5,988,0,420.522689
5,989,0,458.297977
5,990,0,423.069371
5,991,0,419.840597
5,992,0,489.759811
5,993,0,428.976033
5,994,0,489.123758
5,995,0,436.589053
5,996,0,483.301815
5,997,0,492.126695
5,998,0,427.209152
5,999,0,492.501504
6,0,0,424.73408
6,1,0,407.498909
6,2,0,481.047307
6,3,0,489.90738
6,4,0,433.518922
6,5,0,433.863351
6,6,0,421.79344
6,7,0,421.011644
6,8,0,418.404904
6,9,0,449.449769
6,10,0,471.615937
6,11,0,401.1173
6,12,0,421.906244
6,13,0,423.70681
6,14,0,404.34405
6,15,0,488.961328
6,16,0,414.929282
6,17,0,413.936948
6,18,0,410.764186
6,19,0,565.485977
6,20,0,477.720242
6,21,0,424.123008
6,22,0,416.929619
6,23,0,398.118269
6,24,0,456.517801
6,25,0,418.373886
6,26,0,423.275709
6,27,0,482.30935
6,28,0,480.63422
6,29,0,416.765355
6,30,0,477.433236
6,31,0,470.172025
6,32,0,423.226564
6,33,0,471.686596
6,34,0,412.888497
6,35,0,471.680791
6,36,0,402.241436
6,37,0,416.005395
6,38,0,481.63139
6,39,0,420.848579
6,40,0,421.784621
6,41,0,438.390861
6,42,0,451.79281
6,43,0,400.846679
6,44,0,458.617444
6,45,0,410.576268
6,46,0,402.994289
6,47,0,469.018643
6,48,0,420.257266
6,49,0,431.204042
6,50,0,411.758391
6,51,0,464.611219
6,52,0,485.844284
6,53,0,466.559141
6,54,0,488.857252
6,55,0,525.016936
6,56,0,402.112904
6,57,0,421.682704
6,58,0,421.573384
6,59,0,416.996029
6,60,0,496.081244
6,61,0,488.754901
6,62,0,418.543333
6,63,0,416.260439
6,64,0,487.196125
6,65,0,505.070004
6,66,0,417.907714
6,67,0,407.712198
6,68,0,426.4734
6,69,0,406.946847
6,70,0,444.205346
6,71,0,470.255922
6,72,0,424.176955
6,73,0,495.735766
6,74,0,414.412956
6,75,0,488.550533
6,76,0,414.297223
6,77,0,401.560681
6,78,0,439.733421
6,79,0,413.560619
6,80,0,412.494922
6,81,0,470.427072
6,82,0,413.217606
6,83,0,475.874636
6,84,0,453.958519
6,85,0,451.416678
6,86,0,409.697433
6,87,0,411.031192
6,88,0,404.587856
6,89,0,410.224053
6,90,0,423.874543
6,91,0,408.09897
6,92,0,415.565924
6,93,0,409.792567
6,94,0,396.945355
6,95,0,400.370312
6,96,0,420.242431
6,97,0,434.411844
6,98,0,432.467721
6,99,0,422.929964
6,100,0,418.325911
6,101,0,435.502673
6,102,0,415.991899
6,103,0,404.219943
6,104,0,458.772975
6,105,0,475.190424
6,106,0,405.946561
6,107,0,424.640045
6,108,0,403.788023
6,109,0,477.621741
6,110,0,400.884056
6,111,0,420.611948
6,112,0,426.662148
6,113,0,506.939976
6,114,0,464.334446
6,115,0,460.242795
6,116,0,399.214739
6,117,0,470.560303
6,118,0,415.225736
6,119,0,425.1837
6,120,0,417.847787
6,121,0,420.433816
6,122,0,418.122192
6,123,0,422.063266
6,124,0,467.015084
6,125,0,419.052121
6,126,0,422.371898
6,127,0,409.523951
6,128,0,411.952917
6,129,0,415.328246
6,130,0,417.734277
6,131,0,448.342225
6,132,0,497.892086
6,133,0,419.837659
6,134,0,485.634875
6,135,0,475.230299
6,136,0,408.373327
6,137,0,415.4659
6,138,0,429.945641
6,139,0,461.707548
6,140,0,402.636084
6,141,0,418.194024
6,142,0,441.761558
6,143,0,439.033177
6,144,0,421.505673
6,145,0,491.953206
6,146,0,481.285747
6,147,0,435.615065
6,148,0,441.113586
6,149,0,484.024409
6,150,0,409.52394
6,151,0,485.982216
6,152,0,403.855519
6,153,0,419.564339
6,154,0,453.4392
6,155,0,427.149186
6,156,0,447.375571
6,157,0,468.867569
6,158,0,420.572402
6,159,0,396.264928
6,160,0,411.356586
6,161,0,406.391737
6,162,0,488.777266
6,163,0,478.119926
6,164,0,417.961467
6,165,0,466.601764
6,166,0,500.99097
6,167,0,432.443199
6,168,0,418.912597
6,169,0,415.925822
6,170,0,509.17245
6,171,0,480.219804
6,172,0,423.901965
6,173,0,471.615984
6,174,0,480.794359
6,175,0,486.830407
6,176,0,471.7162
6,177,0,451.992005
6,178,0,408.765258
6,179,0,421.592559
6,180,0,417.05446
6,181,0,416.671083
6,182,0,421.921187
6,183,0,425.419651
6,184,0,413.294394
6,185,0,418.257049
6,186,0,473.547124
6,187,0,492.797615
6,188,0,417.374202
6,189,0,396.416276
6,190,0,421.807975
6,191,0,450.029642
6,192,0,421.983477
6,193,0,517.105562
6,194,0,414.468384
6,195,0,412.509832
6,196,0,454.805481
6,197,0,406.9931
6,198,0,424.787955
6,199,0,412.047058
6,200,0,403.999649
6,201,0,483.508706
6,202,0,411.737613
6,203,0,484.381258
6,204,0,460.378353
6,205,0,410.614957
6,206,0,420.292258
6,207,0,484.222446
6,208,0,488.42875
6,209,0,409.178217
6,210,0,417.498424
6,211,0,536.132709
6,212,0,407.654101
6,213,0,465.816026
6,214,0,414.356927
6,215,0,448.114865
6,216,0,482.379631
6,217,0,520.445338
6,218,0,409.612559
6,219,0,471.98092
6,220,0,418.109749
6,221,0,487.735968
6,222,0,433.70125
6,223,0,481.415633
6,224,0,473.326913
6,225,0,420.375526
6,226,0,411.137652
6,227,0,409.631915
6,228,0,497.425929
6,229,0,440.513178
6,230,0,417.439515
6,231,0,408.309367
6,232,0,479.109944
6,233,0,422.220168
6,234,0,451.687324
6,235,0,411.790853
6,236,0,422.89644
6,237,0,491.589481
6,238,0,405.464033
6,239,0,434.428439
6,240,0,407.420754
6,241,0,481.312473
6,242,0,422.37605
6,243,0,438.774969
6,244,0,418.571263
6,245,0,402.305738
6,246,0,439.166886
6,247,0,496.980464
6,248,0,494.194539
6,249,0,474.253726
6,250,0,426.935239
6,251,0,422.453609
6,252,0,413.861516
6,253,0,480.607948
6,254,0,412.993807
6,255,0,417.586537
6,256,0,435.818946
6,257,0,485.747245
6,258,0,478.07453
6,259,0,416.795105
6,260,0,427.387112
6,261,0,415.630964
6,262,0,433.540217
6,263,0,464.536962
6,264,0,414.947215
6,265,0,457.679348
6,266,0,440.778918
6,267,0,407.771816
6,268,0,477.77096
6,269,0,409.618039
6,270,0,400.983252
6,271,0,429.386205
6,272,0,407.885201
6,273,0,406.483101
6,274,0,415.001199
6,275,0,435.714083
6,276,0,458.62851
6,277,0,408.888954
6,278,0,435.768161
6,279,0,476.997279
6,280,0,437.977187
6,281,0,467.493327
6,282,0,409.174255
6,283,0,455.688422
6,284,0,420.685635
6,285,0,434.666588
6,286,0,407.215636
6,287,0,481.931041
6,288,0,480.854352
6,289,0,479.195901
6,290,0,411.367243
6,291,0,455.773925
6,292,0,424.676733
6,293,0,436.108876
6,294,0,470.530418
6,295,0,429.405645
6,296,0,412.434648
6,297,0,456.75062
6,298,0,404.06165
6,299,0,453.097478
6,300,0,484.942292
6,301,0,400.778613
6,302,0,420.105941
6,303,0,475.263433
6,304,0,399.189817
6,305,0,422.717751
6,306,0,411.688724
6,307,0,416.023454
6,308,0,411.443628
6,309,0,416.826393
6,310,0,417.976909
6,311,0,491.918163
6,312,0,403.634869
6,313,0,504.504247
6,314,0,496.657139
6,315,0,421.392542
6,316,0,423.537962
6,317,0,471.078792
6,318,0,416.569164
6,319,0,488.103264
6,320,0,397.597658
6,321,0,420.205299
6,322,0,415.466332
6,323,0,414.015761
6,324,0,420.053439
6,325,0,411.112127
6,326,0,472.358811
6,327,0,429.21068
6,328,0,473.303274
6,329,0,409.832598
6,330,0,478.208902
6,331,0,462.257001
6,332,0,412.063178
6,333,0,426.499966
6,334,0,405.155525
6,335,0,488.843083
6,336,0,407.702333
6,337,0,431.430213
6,338,0,410.992552
6,339,0,398.507422
6,340,0,415.589559
6,341,0,408.028462
6,342,0,457.652482
6,343,0,481.258608
6,344,0,441.579673
6,345,0,486.224926
6,346,0,436.456807
6,347,0,445.633774
6,348,0,465.522875
6,349,0,476.672606
6,350,0,425.575378
6,351,0,485.999759
6,352,0,423.904835
6,353,0,423.443872
6,354,0,477.697265
6,355,0,417.043668
6,356,0,407.922714
6,357,0,409.642522
6,358,0,430.090849
6,359,0,482.256258
6,360,0,423.690974
6,361,0,480.441213
6,362,0,416.824857
6,363,0,429.164938
6,364,0,414.564603
6,365,0,496.216458
6,366,0,447.460735
6,367,0,416.686854
6,368,0,402.985937
6,369,0,402.608196
6,370,0,503.160748
6,371,0,421.806407
6,372,0,411.931284
6,373,0,483.205676
6,374,0,463.029174
6,375,0,406.161441
6,376,0,414.381533
6,377,0,502.072361
6,378,0,426.616907
6,379,0,503.032472
6,380,0,412.06212
6,381,0,482.662338
6,382,0,476.911478
6,383,0,476.562472
6,384,0,471.313233
6,385,0,514.28093
6,386,0,506.28701
6,387,0,423.337945
6,388,0,412.279344
6,389,0,431.15698
6,390,0,417.588822
6,391,0,421.025181
6,392,0,416.887172
6,393,0,414.50321
6,394,0,519.113387
6,395,0,499.327703
6,396,0,404.475174
6,397,0,413.351555
6,398,0,488.089579
6,399,0,418.614922
6,400,0,462.071853
6,401,0,414.732437
6,402,0,430.098031
6,403,0,431.153978
6,404,0,407.763444
6,405,0,462.554168
6,406,0,502.89896
6,407,0,481.039493
6,408,0,437.203936
6,409,0,409.086849
6,410,0,408.157927
6,411,0,410.222318
6,412,0,412.992036
6,413,0,417.898182
6,414,0,408.252432
6,415,0,414.259744
6,416,0,416.483684
6,417,0,469.166011
6,418,0,445.690437
6,419,0,413.819239
6,420,0,424.098346
6,421,0,417.430388
6,422,0,421.655311
6,423,0,413.522272
6,424,0,416.810827
6,425,0,486.72323
6,426,0,504.592698
6,427,0,422.306962
6,428,0,500.984704
6,429,0,423.156003
6,430,0,489.449575
6,431,0,480.75162
6,432,0,419.213625
6,433,0,401.385632
6,434,0,420.360144
6,435,0,431.539333
6,436,0,424.564611
6,437,0,507.967449
6,438,0,425.004287
6,439,0,445.866617
6,440,0,419.96106
6,441,0,494.245127
6,442,0,406.875087
6,443,0,422.197212
6,444,0,430.760614
6,445,0,503.998155
6,446,0,420.833604
6,447,0,428.980941
6,448,0,430.440477
6,449,0,438.559272
6,450,0,434.446336
6,451,0,536.645567
6,452,0,458.348692
6,453,0,398.917481
6,454,0,425.248738
6,455,0,487.577039
6,456,0,420.117035
6,457,0,417.960345
6,458,0,483.806342
6,459,0,411.796227
6,460,0,420.242737
6,461,0,495.491478
6,462,0,417.170946
6,463,0,493.382735
6,464,0,418.632692
6,465,0,448.00498
6,466,0,406.61028
6,467,0,409.124279
6,468,0,411.424461
6,469,0,504.311009
6,470,0,454.442739
6,471,0,503.494036
6,472,0,490.962873
6,473,0,434.609523
6,474,0,428.352542
6,475,0,409.147424
6,476,0,491.952042
6,477,0,418.796658
6,478,0,474.831146
6,479,0,411.372599
6,480,0,474.859135
6,481,0,491.187063
6,482,0,411.155467
6,483,0,492.050203
6,484,0,497.938935
6,485,0,415.755086
6,486,0,401.663108
6,487,0,430.402602
6,488,0,467.121802
6,489,0,417.51313
6,490,0,418.973665
6,491,0,442.511523
6,492,0,418.440589
6,493,0,415.034415
6,494,0,417.391857
6,495,0,488.164835
6,496,0,415.94803
6,497,0,420.711662
6,498,0,436.819268
6,499,0,504.784179
6,500,0,483.679717
6,501,0,420.355913
6,502,0,429.507089
6,503,0,479.058798
6,504,0,416.798345
6,505,0,408.536015
6,506,0,508.287674
6,507,0,484.230987
6,508,0,431.857359
6,509,0,484.899126
6,510,0,416.630357
6,511,0,451.803776
6,512,0,403.820642
6,513,0,415.345167
6,514,0,418.089157
6,515,0,413.082602
6,516,0,427.861716
6,517,0,416.124806
6,518,0,451.964003
6,519,0,414.855481
6,520,0,409.631144
6,521,0,399.47203
6,522,0,413.305908
6,523,0,413.250902
6,524,0,488.080753
6,525,0,415.333204
6,526,0,475.781344
6,527,0,419.136339
6,528,0,431.115812
6,529,0,409.820387
6,530,0,480.934258
6,531,0,486.765682
6,532,0,494.82385
6,533,0,495.939426
6,534,0,421.298925
6,535,0,420.153384
6,536,0,413.20194
6,537,0,440.739905
6,538,0,506.926013
6,539,0,406.729826
6,540,0,430.893882
6,541,0,408.604308
6,542,0,476.249532
6,543,0,474.299648
6,544,0,419.262699
6,545,0,480.288156
6,546,0,432.277152
6,547,0,424.495906
6,548,0,486.396595
6,549,0,494.626057
6,550,0,408.162781
6,551,0,440.695058
6,552,0,409.617018
6,553,0,419.420193
6,554,0,410.040888
6,555,0,418.424998
6,556,0,420.931149
6,557,0,427.040678
6,558,0,411.324183
6,559,0,455.370485
6,560,0,492.666558
6,561,0,471.950362
6,562,0,406.769448
6,563,0,427.638569
6,564,0,432.054974
6,565,0,408.572815
6,566,0,415.098723
6,567,0,442.327913
6,568,0,483.734051
6,569,0,413.191058
6,570,0,480.747289
6,571,0,438.636998
6,572,0,410.544595
6,573,0,479.206823
6,574,0,422.248464
6,575,0,430.339122
6,576,0,484.098217
6,577,0,413.928641
6,578,0,493.546356
6,579,0,491.553828
6,580,0,521.847946
6,581,0,422.038318
6,582,0,494.936899
6,583,0,404.752036
6,584,0,482.625451
6,585,0,493.607933
6,586,0,418.513723
6,587,0,502.744633
6,588,0,409.457341
6,589,0,478.934581
6,590,0,421.979795
6,591,0,496.608869
6,592,0,402.242275
6,593,0,433.54297
6,594,0,405.238645
6,595,0,432.201714
6,596,0,427.640407
6,597,0,484.417628
6,598,0,486.589856
6,599,0,417.647568
6,600,0,501.16184
6,601,0,420.281887
6,602,0,435.856957
6,603,0,424.542113
6,604,0,419.192195
6,605,0,414.514423
6,606,0,408.977064
6,607,0,488.257569
6,608,0,468.934331
6,609,0,562.25821
6,610,0,431.006182
6,611,0,409.459344
6,612,0,402.104839
6,613,0,456.786679
6,614,0,524.044596
6,615,0,509.557276
6,616,0,417.871236
6,617,0,478.359745
6,618,0,490.797037
6,619,0,434.132834
6,620,0,479.770899
6,621,0,407.42427
6,622,0,462.949211
6,623,0,418.914785
6,624,0,413.320372
6,625,0,435.463728
6,626,0,479.265667
6,627,0,441.708536
6,628,0,484.420846
6,629,0,518.002245
6,630,0,478.068815
6,631,0,420.693658
6,632,0,399.768529
6,633,0,482.452725
6,634,0,406.483806
6,635,0,417.897262
6,636,0,400.228168
6,637,0,481.776716
6,638,0,433.825669
6,639,0,473.801203
6,640,0,480.162232
6,641,0,404.643969
6,642,0,419.405702
6,643,0,473.94318
6,644,0,415.284959
6,645,0,421.730368
6,646,0,428.321455
6,647,0,469.985135
6,648,0,438.162036
6,649,0,469.504503
6,650,0,400.688189
6,651,0,410.466763
6,652,0,479.798421
6,653,0,504.811864
6,654,0,470.236581
6,655,0,412.299556
6,656,0,400.338302
6,657,0,473.624757
6,658,0,406.611716
6,659,0,402.494026
6,660,0,431.247239
6,661,0,466.034188
6,662,0,498.163378
6,663,0,405.153054
6,664,0,414.381365
6,665,0,487.746656
6,666,0,483.270496
6,667,0,432.033682
6,668,0,404.446266
6,669,0,416.798928
6,670,0,439.644948
6,671,0,480.562953
6,672,0,412.894164
6,673,0,414.219282
6,674,0,419.325651
6,675,0,475.134948
6,676,0,439.825686
6,677,0,474.774514
6,678,0,425.829793
6,679,0,419.726074
6,680,0,397.749009
6,681,0,482.181439
6,682,0,484.364587
6,683,0,413.535222
6,684,0,435.611305
6,685,0,411.838788
6,686,0,434.248325
6,687,0,423.800923
6,688,0,464.182865
6,689,0,497.902968
6,690,0,409.375914
6,691,0,433.93574
6,692,0,483.695446
6,693,0,465.63347
6,694,0,413.643001
6,695,0,497.703569
6,696,0,443.380304
6,697,0,423.654982
6,698,0,421.948002
6,699,0,438.965009
6,700,0,403.348624
6,701,0,476.863779
6,702,0,423.172245
6,703,0,415.707321
6,704,0,411.941482
6,705,0,421.727552
6,706,0,415.614299
6,707,0,423.849676
6,708,0,484.477651
6,709,0,476.176618
6,710,0,419.760377
6,711,0,480.034742
6,712,0,488.657665
6,713,0,426.703724
6,714,0,442.087477
6,715,0,499.84134
6,716,0,491.899411
6,717,0,426.323793
6,718,0,475.925428
6,719,0,416.22774
6,720,0,425.321433
6,721,0,413.399555
6,722,0,423.698681
6,723,0,483.125064
6,724,0,423.390413
6,725,0,474.783473
6,726,0,475.095882
6,727,0,486.868166
6,728,0,420.385116
6,729,0,430.106423
6,730,0,424.959465
6,731,0,423.953517
6,732,0,418.169497
6,733,0,476.929036
6,734,0,434.872977
6,735,0,438.561901
6,736,0,411.343777
6,737,0,417.631846
6,738,0,485.746484
6,739,0,422.511771
6,740,0,462.674511
6,741,0,408.34001
6,742,0,407.730618
6,743,0,467.16397
6,744,0,416.537938
6,745,0,470.467618
6,746,0,469.627963
6,747,0,426.011464
6,748,0,403.539589
6,749,0,422.422034
6,750,0,425.55002
6,751,0,415.813019
6,752,0,488.397885
6,753,0,468.993739
6,754,0,403.536274
6,755,0,428.418103
6,756,0,420.026454
6,757,0,418.147649
6,758,0,419.039254
6,759,0,474.243524
6,760,0,432.663403
6,761,0,412.468197
6,762,0,508.860845
6,763,0,433.735549
6,764,0,415.044457
6,765,0,432.259227
6,766,0,464.909855
6,767,0,422.218091
6,768,0,461.940026
6,769,0,480.646465
6,770,0,432.089617
6,771,0,426.331154
6,772,0,477.395868
6,773,0,518.22587
6,774,0,483.66148
6,775,0,401.467262
6,776,0,432.515612
6,777,0,434.311698
6,778,0,436.353611
6,779,0,492.975701
6,780,0,499.81627
6,781,0,419.846693
6,782,0,421.042538
6,783,0,462.744692
6,784,0,443.265856
6,785,0,415.00908
6,786,0,490.636322
6,787,0,414.839558
6,788,0,480.690988
6,789,0,419.686151
6,790,0,482.011667
6,791,0,429.761568
6,792,0,526.991161
6,793,0,434.168351
6,794,0,452.570454
6,795,0,425.680407
6,796,0,403.865437
6,797,0,427.050462
6,798,0,432.56082
6,799,0,425.373313
6,800,0,408.50317
6,801,0,399.724952
6,802,0,480.273785
6,803,0,444.205828
6,804,0,416.371288
6,805,0,476.069088
6,806,0,397.954288
6,807,0,480.858502
6,808,0,473.405458
6,809,0,428.356798
6,810,0,425.910115
6,811,0,443.700685
6,812,0,441.763615
6,813,0,405.654425
6,814,0,488.279464
6,815,0,473.551738
6,816,0,483.835142
6,817,0,471.263477
6,818,0,426.118683
6,819,0,486.524536
6,820,0,420.14053
6,821,0,500.653511
6,822,0,438.703195
6,823,0,519.012816
6,824,0,482.354088
6,825,0,426.463245
6,826,0,480.259102
6,827,0,424.816152
6,828,0,468.397214
6,829,0,434.040308
6,830,0,399.272632
6,831,0,428.857159
6,832,0,405.530962
6,833,0,477.920558
6,834,0,405.507139
6,835,0,415.349443
6,836,0,435.53457
6,837,0,419.598464
6,838,0,406.265582
6,839,0,477.39702
6,840,0,412.271723
6,841,0,443.328108
6,842,0,422.004566
6,843,0,496.858374
6,844,0,418.186719
6,845,0,426.483683
6,846,0,475.124055
6,847,0,442.130011
6,848,0,422.134739
6,849,0,399.657541
6,850,0,509.096242
6,851,0,431.046733
6,852,0,410.233646
6,853,0,420.533929
6,854,0,428.077116
6,855,0,410.40257
6,856,0,418.076426
6,857,0,481.267169
6,858,0,408.136308
6,859,0,410.832966
6,860,0,488.367371
6,861,0,410.853922
6,862,0,475.850959
6,863,0,475.704497
6,864,0,423.423686
6,865,0,413.655456
6,866,0,410.241656
6,867,0,401.225556
6,868,0,489.093315
6,869,0,415.026868
6,870,0,425.521974
6,871,0,423.876313
6,872,0,411.719039
6,873,0,417.854337
6,874,0,416.690629
6,875,0,427.031458
6,876,0,490.056332
6,877,0,420.082916
6,878,0,438.821727
6,879,0,448.761707
6,880,0,411.359091
6,881,0,412.65926
6,882,0,486.308016
6,883,0,475.844206
6,884,0,430.373696
6,885,0,406.146689
6,886,0,410.25544
6,887,0,433.77442
6,888,0,422.50644
6,889,0,424.101681
6,890,0,400.001588
6,891,0,403.170134
6,892,0,473.330436
6,893,0,457.242883
6,894,0,423.571226
6,895,0,442.320208
6,896,0,498.649945
6,897,0,462.725877
6,898,0,474.293137
6,899,0,493.708871
6,900,0,465.910147
6,901,0,490.270175
6,902,0,502.055472
6,903,0,484.487159
6,904,0,437.766473
6,905,0,418.453121
6,906,0,489.938003
6,907,0,410.022907
6,908,0,421.142956
6,909,0,433.675388
6,910,0,417.581942
6,911,0,421.59481
6,912,0,400.534762
6,913,0,435.175602
6,914,0,432.4567
6,915,0,483.247346
6,916,0,458.120724
6,917,0,413.38109
6,918,0,412.459334
6,919,0,412.766627
6,920,0,435.250483
6,921,0,421.556458
6,922,0,479.950713
6,923,0,461.111983
6,924,0,463.105115
6,925,0,475.732515
6,926,0,437.465121
6,927,0,430.605633
6,928,0,485.58767
6,929,0,482.171971
6,930,0,425.03747
6,931,0,477.183103
6,932,0,428.409699
6,933,0,412.69068
6,934,0,453.676198
6,935,0,403.561592
6,936,0,412.081798
6,937,0,428.743851
6,938,0,426.387457
6,939,0,438.106697
6,940,0,419.92157
6,941,0,420.722821
6,942,0,402.713363
6,943,0,424.432503
6,944,0,418.662833
6,945,0,439.918992
6,946,0,418.19292
6,947,0,405.478066
6,948,0,433.395208
6,949,0,431.155999
6,950,0,440.368188
6,951,0,458.625849
6,952,0,397.697005
6,953,0,458.882534
6,954,0,439.63753
6,955,0,495.063272
6,956,0,470.198364
6,957,0,418.388156
6,958,0,432.996984
6,959,0,493.239472
6,960,0,418.631351
6,961,0,430.168981
6,962,0,488.303445
6,963,0,420.764307
6,964,0,478.951529
6,965,0,509.86768
6,966,0,475.199816
6,967,0,414.241372
6,968,0,415.001869
6,969,0,426.975161
6,970,0,449.552261
6,971,0,432.022939
6,972,0,428.625869
6,973,0,477.579154
6,974,0,426.404477
6,975,0,407.8352
6,976,0,487.471207
6,977,0,487.108399
6,978,0,468.646346
6,979,0,412.486632
6,980,0,418.387864
6,981,0,419.787608
6,982,0,482.211394
6,983,0,479.444138
6,984,0,486.063916
6,985,0,416.880407
6,986,0,440.080216
6,987,0,507.668147
6,988,0,419.698642
6,989,0,421.899758
6,990,0,411.03932
6,991,0,485.440492
6,992,0,427.611478
6,993,0,412.454994
6,994,0,431.93334
6,995,0,488.358654
6,996,0,480.015282
6,997,0,410.488785
6,998,0,429.869636
6,999,0,428.68028
7,0,0,437.48011
7,1,0,476.043979
7,2,0,422.918992
7,3,0,406.126971
7,4,0,494.744784
7,5,0,409.868943
7,6,0,494.985279
7,7,0,405.42427
7,8,0,420.12334
7,9,0,483.917394
7,10,0,423.414578
7,11,0,467.717295
7,12,0,434.602067
7,13,0,412.901997
7,14,0,524.779783
7,15,0,435.260827
7,16,0,439.257467
7,17,0,415.383477
7,18,0,427.666426
7,19,0,414.242792
7,20,0,430.72293
7,21,0,436.620571
7,22,0,424.33321
7,23,0,419.839779
7,24,0,471.639177
7,25,0,431.818025
7,26,0,412.716772
7,27,0,474.841525
7,28,0,492.306502
7,29,0,489.730142
7,30,0,419.757682
7,31,0,422.178587
7,32,0,496.129902
7,33,0,427.141713
7,34,0,424.159346
7,35,0,421.345008
7,36,0,426.234147
7,37,0,483.37192
7,38,0,415.733273
7,39,0,467.374789
7,40,0,464.746006
7,41,0,412.58026
7,42,0,423.335304
7,43,0,415.959643
7,44,0,413.103492
7,45,0,424.523347
7,46,0,413.593618
7,47,0,412.71208
7,48,0,520.895224
7,49,0,458.412521
7,50,0,447.787784
7,51,0,495.876989
7,52,0,426.815891
7,53,0,408.059951
7,54,0,433.377557
7,55,0,420.058636
7,56,0,469.688622
7,57,0,449.53705
7,58,0,406.338034
7,59,0,425.285981
7,60,0,428.632731
7,61,0,433.80917
7,62,0,413.255169
7,63,0,415.463896
7,64,0,468.031498
7,65,0,426.408448
7,66,0,476.785891
7,67,0,417.793179
7,68,0,414.761644
7,69,0,456.611877
7,70,0,497.445075
7,71,0,421.17643
7,72,0,445.284227
7,73,0,431.863039
7,74,0,409.556285
7,75,0,412.344077
7,76,0,419.373257
7,77,0,445.724627
7,78,0,467.53312
7,79,0,422.680461
7,80,0,425.712642
7,81,0,445.969918
7,82,0,420.885063
7,83,0,485.383868
7,84,0,412.063761
7,85,0,477.349597
7,86,0,479.112291
7,87,0,494.426705
7,88,0,400.73005
7,89,0,438.676549
7,90,0,430.545676
7,91,0,415.947924
7,92,0,444.088986
7,93,0,417.697227
7,94,0,491.725813
7,95,0,414.290637
7,96,0,422.130168
7,97,0,424.517581
7,98,0,406.275595
7,99,0,478.797738
7,100,0,433.942148
7,101,0,514.220742
7,102,0,491.993035
7,103,0,460.781195
7,104,0,418.643969
7,105,0,427.631863
7,106,0,504.356274
7,107,0,483.793098
7,108,0,411.536574
7,109,0,411.080079
7,110,0,500.475511
7,111,0,521.750968
7,112,0,426.347065
7,113,0,432.1449
7,114,0,440.196335
7,115,0,465.822096
7,116,0,422.158445
7,117,0,409.904945
7,118,0,432.494123
7,119,0,410.538684
7,120,0,407.230399
7,121,0,493.532886
7,122,0,416.018229
7,123,0,479.431378
7,124,0,424.759144
7,125,0,433.905617
7,126,0,475.333383
7,127,0,413.912708
7,128,0,478.960203
7,129,0,444.533172
7,130,0,457.470507
7,131,0,494.165167
7,132,0,458.888388
7,133,0,424.484937
7,134,0,496.410217
7,135,0,429.839149
7,136,0,425.957327
7,137,0,419.40323
7,138,0,510.52759
7,139,0,421.01443
7,140,0,483.91055
7,141,0,492.281638
7,142,0,445.181359
7,143,0,415.335567
7,144,0,478.595805
7,145,0,480.853039
7,146,0,425.238884
7,147,0,403.078063
7,148,0,420.608386
7,149,0,435.007325
7,150,0,486.559505
7,151,0,510.669153
7,152,0,419.731604
7,153,0,434.149591
7,154,0,428.242249
7,155,0,493.852249
7,156,0,431.652836
7,157,0,437.107222
7,158,0,416.864789
7,159,0,414.2317
7,160,0,428.103089
7,161,0,482.756433
7,162,0,441.065614
7,163,0,413.87054
7,164,0,418.351308
7,165,0,485.407069
7,166,0,447.171204
7,167,0,442.163792
7,168,0,482.667085
7,169,0,497.85107
7,170,0,431.583665
7,171,0,434.839105
7,172,0,488.418375
7,173,0,483.214648
7,174,0,497.294406
7,175,0,443.824965
7,176,0,490.53288
7,177,0,402.014411
7,178,0,428.149638
7,179,0,523.515509
7,180,0,423.155451
7,181,0,443.27949
7,182,0,426.809363
7,183,0,464.784931
7,184,0,474.723585
7,185,0,404.754869
7,186,0,434.383882
7,187,0,424.763486
7,188,0,423.989505
7,189,0,418.253176
7,190,0,491.592928
7,191,0,429.776711
7,192,0,429.964434
7,193,0,427.599617
7,194,0,437.777949
7,195,0,413.29011
7,196,0,501.391652
7,197,0,429.340268
7,198,0,492.067856
7,199,0,482.646217
7,200,0,425.840404
7,201,0,485.898299
7,202,0,481.986917
7,203,0,470.221442
7,204,0,414.549197
7,205,0,439.287862
7,206,0,525.291591
7,207,0,475.648879
7,208,0,473.836214
7,209,0,487.667334
7,210,0,414.67202
7,211,0,501.859283
7,212,0,499.274823
7,213,0,438.212559
7,214,0,422.862601
7,215,0,477.727594
7,216,0,434.852738
7,217,0,488.65307
7,218,0,425.631202
7,219,0,415.843803
7,220,0,447.052434
7,221,0,421.768452
7,222,0,480.486312
7,223,0,418.2167
7,224,0,422.296
7,225,0,416.143541
7,226,0,415.533997
7,227,0,407.034005
7,228,0,504.073498
7,229,0,440.458447
7,230,0,436.916275
7,231,0,489.938836
7,232,0,445.714369
7,233,0,415.913892
7,234,0,448.2093
7,235,0,406.181528
7,236,0,441.064857
7,237,0,452.120424
7,238,0,421.556701
7,239,0,475.544186
7,240,0,495.509811
7,241,0,416.258082
7,242,0,440.631543
7,243,0,463.133144
7,244,0,463.889396
7,245,0,428.212266
7,246,0,424.893678
7,247,0,417.587259
7,248,0,435.209701
7,249,0,501.230491
7,250,0,419.168352
7,251,0,475.395294
7,252,0,528.493608
7,253,0,416.3056
7,254,0,438.577277
7,255,0,484.627078
7,256,0,425.027451
7,257,0,445.731357
7,258,0,423.082183
7,259,0,416.810369
7,260,0,423.852636
7,261,0,475.360811
7,262,0,476.510438
7,263,0,435.607476
7,264,0,426.454027
7,265,0,420.1141
7,266,0,410.234643
7,267,0,419.025707
7,268,0,473.680035
7,269,0,419.355733
7,270,0,432.491199
7,271,0,415.525944
7,272,0,427.607075
7,273,0,509.452541
7,274,0,435.066079
7,275,0,435.652996
7,276,0,404.270766
7,277,0,493.935127
7,278,0,413.071067
7,279,0,414.95734
7,280,0,484.130033
7,281,0,456.248113
7,282,0,427.954449
7,283,0,417.645631
7,284,0,423.359842
7,285,0,421.115082
7,286,0,480.609727
7,287,0,419.540741
7,288,0,435.97298
7,289,0,525.281479
7,290,0,423.5859
7,291,0,506.839948
7,292,0,437.649048
7,293,0,427.514861
7,294,0,500.023384
7,295,0,470.536269
7,296,0,496.636618
7,297,0,407.188034
7,298,0,451.00082
7,299,0,450.954917
7,300,0,506.877544
7,301,0,484.736355
7,302,0,421.654757
7,303,0,401.099955
7,304,0,503.718882
7,305,0,449.319986
7,306,0,454.110899
7,307,0,437.139754
7,308,0,435.52834
7,309,0,425.853548
7,310,0,424.867099
7,311,0,420.734077
7,312,0,415.858576
7,313,0,420.310503
7,314,0,474.216365
7,315,0,498.965843
7,316,0,414.268464
7,317,0,502.988387
7,318,0,427.507609
7,319,0,422.788224
7,320,0,472.886812
7,321,0,521.105711
7,322,0,414.819515
7,323,0,407.850799
7,324,0,454.020904
7,325,0,417.298929
7,326,0,434.098811
7,327,0,503.4132
7,328,0,455.75387
7,329,0,414.802534
7,330,0,494.234005
7,331,0,408.032118
7,332,0,417.654248
7,333,0,465.124099
7,334,0,416.778208
7,335,0,412.360683
7,336,0,423.357368
7,337,0,512.340379
7,338,0,433.544186
7,339,0,473.492622
7,340,0,484.450901
7,341,0,427.709663
7,342,0,422.204322
7,343,0,473.377722
7,344,0,456.970607
7,345,0,409.360993
7,346,0,436.211059
7,347,0,435.867547
7,348,0,417.326399
7,349,0,423.818537
7,350,0,439.965202
7,351,0,433.688208
7,352,0,422.509488
7,353,0,429.891496
7,354,0,429.565882
7,355,0,440.768937
7,356,0,432.221721
7,357,0,466.720889
7,358,0,439.261987
7,359,0,452.662761
7,360,0,485.464229
7,361,0,507.050278
7,362,0,444.961723
7,363,0,433.341708
7,364,0,412.608955
7,365,0,436.037992
7,366,0,483.949941
7,367,0,404.081264
7,368,0,417.401944
7,369,0,435.833113
7,370,0,501.232695
7,371,0,409.225469
7,372,0,421.382495
7,373,0,417.231068
7,374,0,471.431151
7,375,0,414.22528
7,376,0,474.884826
7,377,0,508.762836
7,378,0,416.687547
7,379,0,500.591626
7,380,0,516.165516
7,381,0,482.503408
7,382,0,455.460751
7,383,0,408.686352
7,384,0,419.97372
7,385,0,427.746399
7,386,0,414.907506
7,387,0,402.248186
7,388,0,441.58098
7,389,0,458.061424
7,390,0,515.412305
7,391,0,430.758562
7,392,0,434.148147
7,393,0,404.45848
7,394,0,498.223171
7,395,0,478.030284
7,396,0,500.000266
7,397,0,452.496321
7,398,0,421.03054
7,399,0,416.854264
7,400,0,434.488488
7,401,0,408.76756
7,402,0,421.869351
7,403,0,422.549615
7,404,0,487.669762
7,405,0,451.484387
7,406,0,501.725681
7,407,0,480.72359
7,408,0,440.224208
7,409,0,424.07971
7,410,0,426.717188
7,411,0,481.823082
7,412,0,481.574297
7,413,0,424.046159
7,414,0,416.252868
7,415,0,419.339233
7,416,0,422.455645
7,417,0,412.549936
7,418,0,493.87326
7,419,0,481.306208
7,420,0,455.323757
7,421,0,456.73006
7,422,0,432.313449
7,423,0,430.802013
7,424,0,437.74821
7,425,0,410.396089
7,426,0,429.545444
7,427,0,417.017918
7,428,0,407.280984
7,429,0,404.745595
7,430,0,434.64547
7,431,0,434.681704
7,432,0,460.78804
7,433,0,460.506421
7,434,0,499.117321
7,435,0,422.127146
7,436,0,423.110299
7,437,0,482.89053
7,438,0,437.531101
7,439,0,421.335803
7,440,0,432.025181
7,441,0,419.493168
7,442,0,437.558574
7,443,0,417.405715
7,444,0,415.933089
7,445,0,482.51642
7,446,0,433.176774
7,447,0,479.929181
7,448,0,462.699881
7,449,0,423.31901
7,450,0,424.658661
7,451,0,424.852609
7,452,0,462.060028
7,453,0,408.433908
7,454,0,458.087613
7,455,0,492.700464
7,456,0,490.243682
7,457,0,429.862678
7,458,0,406.603023
7,459,0,421.134813
7,460,0,421.67307
7,461,0,442.186749
7,462,0,482.877867
7,463,0,469.818756
7,464,0,418.282845
7,465,0,495.832955
7,466,0,429.99387
7,467,0,496.110157
7,468,0,442.814927
7,469,0,417.443511
7,470,0,433.549325
7,471,0,420.765845
7,472,0,495.848901
7,473,0,408.846721
7,474,0,405.644053
7,475,0,449.848549
7,476,0,479.388577
7,477,0,486.148123
7,478,0,480.538301
7,479,0,512.444642
7,480,0,440.200623
7,481,0,479.483757
7,482,0,414.738891
7,483,0,419.88623
7,484,0,409.78442
7,485,0,425.969065
7,486,0,442.373728
7,487,0,429.982913
7,488,0,497.24927
7,489,0,496.585145
7,490,0,432.797291
7,491,0,473.219148
7,492,0,479.577344
7,493,0,418.681138
7,494,0,419.092856
7,495,0,435.113108
7,496,0,486.096512
7,497,0,476.339194
7,498,0,505.12122
7,499,0,483.538715
7,500,0,422.663051
7,501,0,489.09558
7,502,0,490.511433
7,503,0,479.05836
7,504,0,434.257217
7,505,0,499.976853
7,506,0,435.074725
7,507,0,496.931751
7,508,0,404.490623
7,509,0,491.647997
7,510,0,422.32078
7,511,0,412.589014
7,512,0,434.89339
7,513,0,416.649957
7,514,0,468.24886
7,515,0,422.793686
7,516,0,474.244822
7,517,0,411.826601
7,518,0,432.318163
7,519,0,469.545922
7,520,0,423.96093
7,521,0,412.873264
7,522,0,423.677157
7,523,0,444.38554
7,524,0,496.040682
7,525,0,409.758001
7,526,0,403.914751
7,527,0,477.532552
7,528,0,428.861223
7,529,0,422.889516
7,530,0,415.279229
7,531,0,477.22681
7,532,0,405.999764
7,533,0,422.516969
7,534,0,419.820784
7,535,0,416.22937
7,536,0,455.913136
7,537,0,414.889929
7,538,0,412.967373
7,539,0,415.243246
7,540,0,436.488299
7,541,0,435.947408
7,542,0,438.573517
7,543,0,460.134663
7,544,0,498.408278
7,545,0,503.61191
7,546,0,413.124879
7,547,0,484.262948
7,548,0,478.532587
7,549,0,412.532833
7,550,0,402.292451
7,551,0,409.424841
7,552,0,415.327955
7,553,0,407.447412
7,554,0,449.548147
7,555,0,469.870675
7,556,0,436.858311
7,557,0,472.061017
7,558,0,414.478237
7,559,0,478.881328
7,560,0,488.076594
7,561,0,459.86767
7,562,0,476.371755
7,563,0,487.412417
7,564,0,483.172472
7,565,0,533.510201
7,566,0,482.772954
7,567,0,416.535314
7,568,0,417.80833
7,569,0,420.866866
7,570,0,474.669563
7,571,0,482.868752
7,572,0,428.194835
7,573,0,425.834897
7,574,0,422.861407
7,575,0,433.325282
7,576,0,479.988645
7,577,0,484.045116
7,578,0,478.051433
7,579,0,428.253531
7,580,0,418.299286
7,581,0,482.176031
7,582,0,471.655101
7,583,0,483.421864
7,584,0,482.47615
7,585,0,420.613925
7,586,0,496.691846
7,587,0,419.244239
7,588,0,424.275666
7,589,0,425.314889
7,590,0,409.57481
7,591,0,416.463342
7,592,0,431.052489
7,593,0,437.367916
7,594,0,412.792823
7,595,0,418.876865
7,596,0,450.228505
7,597,0,411.987457
7,598,0,434.965764
7,599,0,409.870757
7,600,0,484.015638
7,601,0,480.580819
7,602,0,514.913165
7,603,0,485.831636
7,604,0,426.343667
7,605,0,448.750424
7,606,0,436.832689
7,607,0,492.645298
7,608,0,432.479788
7,609,0,432.491432
7,610,0,490.77458
7,611,0,418.008162
7,612,0,413.569662
7,613,0,427.390666
7,614,0,439.053169
7,615,0,480.242824
7,616,0,420.961976
7,617,0,413.818501
7,618,0,415.449472
7,619,0,414.995573
7,620,0,470.12264
7,621,0,422.77396
7,622,0,424.318824
7,623,0,488.757715
7,624,0,418.828281
7,625,0,446.191794
7,626,0,423.180187
7,627,0,486.861561
7,628,0,504.500317
7,629,0,468.547608
7,630,0,504.658993
7,631,0,494.882446
7,632,0,507.990803
7,633,0,488.12937
7,634,0,497.406429
7,635,0,422.005305
7,636,0,426.191978
7,637,0,494.114774
7,638,0,502.581397
7,639,0,474.556049
7,640,0,408.988484
7,641,0,414.760984
7,642,0,489.007926
7,643,0,474.198986
7,644,0,487.834777
7,645,0,426.739038
7,646,0,525.403575
7,647,0,418.592182
7,648,0,532.490075
7,649,0,471.672233
7,650,0,499.233101
7,651,0,416.611608
7,652,0,466.707512
7,653,0,408.13917
7,654,0,426.278616
7,655,0,448.35204
7,656,0,444.812495
7,657,0,493.72651
7,658,0,515.193473
7,659,0,427.180483
7,660,0,479.868591
7,661,0,422.056659
7,662,0,411.682506
7,663,0,475.28235
7,664,0,413.655163
7,665,0,496.443227
7,666,0,421.893142
7,667,0,434.63334
7,668,0,420.984132
7,669,0,486.977426
7,670,0,427.31453
7,671,0,442.817151
7,672,0,416.724537
7,673,0,423.726406
7,674,0,416.186236
7,675,0,426.384265
7,676,0,409.099198
7,677,0,484.828293
7,678,0,487.938818
7,679,0,405.175051
7,680,0,417.551688
7,681,0,473.077348
7,682,0,480.480488
7,683,0,444.717794
7,684,0,443.235741
7,685,0,472.508464
7,686,0,446.48924
7,687,0,443.206315
7,688,0,421.717435
7,689,0,470.429224
7,690,0,434.299341
7,691,0,458.723663
7,692,0,488.830544
7,693,0,483.371436
7,694,0,455.923877
7,695,0,404.31471
7,696,0,477.707218
7,697,0,464.929233
7,698,0,440.165989
7,699,0,432.580282
7,700,0,427.001702
7,701,0,475.421395
7,702,0,497.830376
7,703,0,429.487206
7,704,0,426.429182
7,705,0,414.032147
7,706,0,503.868366
7,707,0,421.947385
7,708,0,493.092165
7,709,0,407.893333
7,710,0,425.29004
7,711,0,454.763265
7,712,0,416.252904
7,713,0,473.308395
7,714,0,411.20006
7,715,0,437.212564
7,716,0,529.921295
7,717,0,422.904696
7,718,0,414.233278
7,719,0,420.846155
7,720,0,444.00607
7,721,0,418.493944
7,722,0,494.245929
7,723,0,407.827022
7,724,0,425.691888
7,725,0,482.62435
7,726,0,411.746231
7,727,0,462.925832
7,728,0,438.082084
7,729,0,464.964617
7,730,0,423.823143
7,731,0,424.489258
7,732,0,414.092792
7,733,0,424.102469
7,734,0,422.998495
7,735,0,502.993105
7,736,0,479.628127
7,737,0,483.926912
7,738,0,450.842741
7,739,0,497.396929
7,740,0,502.555297
7,741,0,420.728858
7,742,0,490.185985
7,743,0,469.566172
7,744,0,430.34482
7,745,0,442.855136
7,746,0,458.904344
7,747,0,415.863691
7,748,0,487.568091
7,749,0,448.460812
7,750,0,445.739345
7,751,0,414.765183
7,752,0,420.238064
7,753,0,430.647383
7,754,0,411.961149
7,755,0,508.115755
7,756,0,419.468677
7,757,0,492.719627
7,758,0,434.595718
7,759,0,469.410183
7,760,0,436.563302
7,761,0,441.016161
7,762,0,469.696795
7,763,0,449.53339
7,764,0,423.019356
7,765,0,413.093715
7,766,0,489.111106
7,767,0,418.174103
7,768,0,463.821884
7,769,0,415.791849
7,770,0,431.60896
7,771,0,435.194646
7,772,0,416.603141
7,773,0,442.176038
7,774,0,470.079304
7,775,0,421.452752
7,776,0,412.896162
7,777,0,421.086213
7,778,0,431.67667
7,779,0,446.923388
7,780,0,488.795205
7,781,0,481.33357
7,782,0,481.623552
7,783,0,506.503927
7,784,0,418.171753
7,785,0,434.625499
7,786,0,429.787766
7,787,0,497.101951
7,788,0,424.079281
7,789,0,476.253081
7,790,0,427.299678
7,791,0,480.285739
7,792,0,531.324289
7,793,0,426.053389
7,794,0,433.852067
7,795,0,471.966568
7,796,0,428.533911
7,797,0,432.066092
7,798,0,502.539219
7,799,0,444.588318
7,800,0,471.733425
7,801,0,443.927142
7,802,0,454.37357
7,803,0,487.939722
7,804,0,417.046335
7,805,0,478.778885
7,806,0,459.82828
7,807,0,421.999558
7,808,0,417.886874
7,809,0,465.614322
7,810,0,486.771645
7,811,0,424.386947
7,812,0,443.598061
7,813,0,420.247772
7,814,0,429.080341
7,815,0,455.076709
7,816,0,410.512765
7,817,0,490.809604
7,818,0,481.362705
7,819,0,411.707719
7,820,0,463.489326
7,821,0,498.834844
7,822,0,433.810876
7,823,0,421.846728
7,824,0,443.06757
7,825,0,543.831916
7,826,0,451.125267
7,827,0,437.784417
7,828,0,499.988744
7,829,0,521.5814
7,830,0,413.697621
7,831,0,433.205832
7,832,0,488.180423
7,833,0,425.749063
7,834,0,482.308503
7,835,0,489.885218
7,836,0,479.436659
7,837,0,430.505211
7,838,0,416.292823
7,839,0,478.465595
7,840,0,480.850222
7,841,0,473.094924
7,842,0,417.433179
7,843,0,425.341675
7,844,0,429.65597
7,845,0,481.259035
7,846,0,417.218132
7,847,0,418.698715
7,848,0,440.83783
7,849,0,434.65328
7,850,0,510.816103
7,851,0,436.798081
7,852,0,429.108521
7,853,0,504.522958
7,854,0,425.976574
7,855,0,468.658398
7,856,0,539.325729
7,857,0,486.805145
7,858,0,428.641507
7,859,0,416.327003
7,860,0,480.178422
7,861,0,416.77938
7,862,0,458.906866
7,863,0,491.253653
7,864,0,480.511516
7,865,0,443.985301
7,866,0,421.448295
7,867,0,411.422324
7,868,0,420.857205
7,869,0,472.744449
7,870,0,449.949646
7,871,0,423.885608
7,872,0,488.413547
7,873,0,513.000013
7,874,0,419.841747
7,875,0,424.78074
7,876,0,426.280472
7,877,0,415.088411
7,878,0,426.686834
7,879,0,524.612266
7,880,0,407.295453
7,881,0,524.717334
7,882,0,505.382541
7,883,0,423.013008
7,884,0,484.933052
7,885,0,436.95007
7,886,0,433.008861
7,887,0,422.976921
7,888,0,466.980365
7,889,0,483.51464
7,890,0,427.748596
7,891,0,421.347941
7,892,0,450.408486
7,893,0,454.758808
7,894,0,467.724037
7,895,0,411.768474
7,896,0,416.537798
7,897,0,436.683748
7,898,0,409.12277
7,899,0,405.075585
7,900,0,421.173046
7,901,0,429.404603
7,902,0,417.334963
7,903,0,471.092764
7,904,0,472.912381
7,905,0,509.779911
7,906,0,539.411289
7,907,0,443.365449
7,908,0,406.334357
7,909,0,431.406361
7,910,0,509.860066
7,911,0,469.101172
7,912,0,430.140199
7,913,0,422.463746
7,914,0,504.436702
7,915,0,417.723322
7,916,0,427.945377
7,917,0,481.595095
7,918,0,474.952646
7,919,0,493.227595
7,920,0,416.105554
7,921,0,486.341223
7,922,0,416.031731
7,923,0,477.044379
7,924,0,483.742837
7,925,0,502.927689
7,926,0,418.58307
7,927,0,413.12075
7,928,0,433.210354
7,929,0,469.787507
7,930,0,431.132683
7,931,0,419.862165
7,932,0,497.572961
7,933,0,426.228653
7,934,0,485.876433
7,935,0,526.066096
7,936,0,419.624598
7,937,0,508.796736
7,938,0,454.182679
7,939,0,413.187384
7,940,0,413.310188
7,941,0,424.106163
7,942,0,491.50518
7,943,0,452.043355
7,944,0,533.596569
7,945,0,415.239174
7,946,0,483.850253
7,947,0,434.968549
7,948,0,436.177641
7,949,0,490.588956
7,950,0,433.595094
7,951,0,420.351477
7,952,0,425.361408
7,953,0,414.050148
7,954,0,481.960678
7,955,0,429.644322
7,956,0,482.84562
7,957,0,423.800556
7,958,0,491.132291
7,959,0,479.000932
7,960,0,408.20859
7,961,0,415.326999
7,962,0,414.625623
7,963,0,473.482584
7,964,0,486.108153
7,965,0,437.081676
7,966,0,493.136866
7,967,0,503.721733
7,968,0,518.237676
7,969,0,514.898847
7,970,0,411.005961
7,971,0,476.835504
7,972,0,437.784797
7,973,0,438.897879
7,974,0,486.750208
7,975,0,489.687659
7,976,0,421.158357
7,977,0,434.917514
7,978,0,436.611726
7,979,0,427.060643
7,980,0,484.134614
7,981,0,418.291276
7,982,0,467.589411
7,983,0,556.96288
7,984,0,411.650855
7,985,0,427.471268
7,986,0,464.564861
7,987,0,483.248812
7,988,0,491.69365
7,989,0,451.837331
7,990,0,419.419969
7,991,0,493.543212
7,992,0,495.221514
7,993,0,517.96743
7,994,0,494.656634
7,995,0,420.474103
7,996,0,410.170218
7,997,0,426.86168
7,998,0,431.857467
7,999,0,457.576969
8,0,0,438.024868
8,1,0,468.375725
8,2,0,406.360781
8,3,0,400.924493
8,4,0,440.945567
8,5,0,518.172657
8,6,0,484.244881
8,7,0,400.307482
8,8,0,501.108138
8,9,0,406.362502
8,10,0,482.964236
8,11,0,418.227717
8,12,0,425.172911
8,13,0,472.26846
8,14,0,420.989401
8,15,0,407.43626
8,16,0,485.216746
8,17,0,489.420212
8,18,0,459.713404
8,19,0,491.398074
8,20,0,399.192545
8,21,0,508.640641
8,22,0,413.616562
8,23,0,419.598785
8,24,0,406.464814
8,25,0,424.31092
8,26,0,515.133921
8,27,0,490.339989
8,28,0,418.882494
8,29,0,435.921734
8,30,0,404.961276
8,31,0,501.902423
8,32,0,412.808151
8,33,0,426.148871
8,34,0,482.674517
8,35,0,432.534118
8,36,0,408.863227
8,37,0,406.53974
8,38,0,490.782135
8,39,0,421.433041
8,40,0,414.757006
8,41,0,478.354612
8,42,0,467.059242
8,43,0,470.596248
8,44,0,403.990886
8,45,0,436.466026
8,46,0,423.429162
8,47,0,421.74979
8,48,0,490.463715
8,49,0,414.498348
8,50,0,470.688887
8,51,0,433.370129
8,52,0,504.257279
8,53,0,428.645683
8,54,0,428.549284
8,55,0,475.471549
8,56,0,498.090683
8,57,0,420.846746
8,58,0,464.401343
8,59,0,422.849078
8,60,0,438.598484
8,61,0,451.948523
8,62,0,407.727675
8,63,0,406.670658
8,64,0,404.835903
8,65,0,417.315729
8,66,0,497.812258
8,67,0,502.225708
8,68,0,514.785482
8,69,0,429.077254
8,70,0,477.748505
8,71,0,493.023073
8,72,0,447.211085
8,73,0,501.364919
8,74,0,406.669672
8,75,0,479.275714
8,76,0,487.549335
8,77,0,468.850273
8,78,0,412.823674
8,79,0,497.97612
8,80,0,490.056362
8,81,0,505.883982
8,82,0,421.48556
8,83,0,466.731562
8,84,0,413.436225
8,85,0,409.727541
8,86,0,433.301902
8,87,0,439.105169
8,88,0,415.261003
8,89,0,402.532649
8,90,0,421.441324
8,91,0,440.005327
8,92,0,445.075247
8,93,0,472.161627
8,94,0,444.291836
8,95,0,417.949434
8,96,0,408.283234
8,97,0,449.795907
8,98,0,410.87382
8,99,0,450.275221
8,100,0,409.917424
8,101,0,467.663361
8,102,0,436.112874
8,103,0,421.790639
8,104,0,526.263982
8,105,0,452.163909
8,106,0,448.152722
8,107,0,458.897007
8,108,0,417.42025
8,109,0,415.889613
8,110,0,420.557962
8,111,0,411.436516
8,112,0,474.393057
8,113,0,451.948208
8,114,0,436.056907
8,115,0,474.589932
8,116,0,406.910019
8,117,0,501.806509
8,118,0,485.696403
8,119,0,490.190044
8,120,0,468.903831
8,121,0,486.824091
8,122,0,429.866896
8,123,0,492.668024
8,124,0,408.069484
8,125,0,486.774049
8,126,0,417.141554
8,127,0,485.227284
8,128,0,494.150906
8,129,0,422.584714
8,130,0,427.768331
8,131,0,400.710234
8,132,0,421.452134
8,133,0,403.435218
8,134,0,418.112683
8,135,0,460.505549
8,136,0,423.26882
8,137,0,498.992899
8,138,0,436.751567
8,139,0,433.250857
8,140,0,434.1134
8,141,0,506.524268
8,142,0,421.251778
8,143,0,482.098708
8,144,0,410.657275
8,145,0,416.762104
8,146,0,401.284709
8,147,0,486.810668
8,148,0,418.941011
8,149,0,429.276806
8,150,0,401.409584
8,151,0,414.914427
8,152,0,453.630985
8,153,0,474.785928
8,154,0,511.201339
8,155,0,496.203807
8,156,0,413.835534
8,157,0,474.166728
8,158,0,424.369402
8,159,0,501.849065
8,160,0,406.201253
8,161,0,432.169102
8,162,0,436.459822
8,163,0,488.600447
8,164,0,413.929828
8,165,0,406.340599
8,166,0,422.117862
8,167,0,417.856283
8,168,0,429.278838
8,169,0,522.84768
8,170,0,418.823533
8,171,0,451.292093
8,172,0,457.589991
8,173,0,423.836446
8,174,0,472.115959
8,175,0,413.579266
8,176,0,482.545321
8,177,0,431.844715
8,178,0,469.949661
8,179,0,485.027156
8,180,0,468.798943
8,181,0,402.697711
8,182,0,500.8878
8,183,0,412.375508
8,184,0,456.87246
8,185,0,416.742447
8,186,0,512.896884
8,187,0,476.793539
8,188,0,510.592123
8,189,0,434.004479
8,190,0,429.804923
8,191,0,511.264973
8,192,0,428.993141
8,193,0,413.614498
8,194,0,420.095813
8,195,0,415.081051
8,196,0,410.625431
8,197,0,476.75416
8,198,0,412.515315
8,199,0,488.58507
8,200,0,411.897464
8,201,0,429.786003
8,202,0,407.440995
8,203,0,448.528372
8,204,0,431.17258
8,205,0,418.346564
8,206,0,399.798867
8,207,0,435.434728
8,208,0,410.543747
8,209,0,419.065314
8,210,0,412.920113
8,211,0,496.681292
8,212,0,418.428473
8,213,0,519.715888
8,214,0,404.765283
8,215,0,450.767754
8,216,0,418.097945
8,217,0,481.745104
8,218,0,404.823549
8,219,0,494.659168
8,220,0,420.25864
8,221,0,423.994259
8,222,0,426.398655
8,223,0,427.120994
8,224,0,412.163849
8,225,0,424.58117
8,226,0,412.271424
8,227,0,483.130508
8,228,0,423.674538
8,229,0,509.571478
8,230,0,492.696095
8,231,0,429.479832
8,232,0,438.070309
8,233,0,557.481852
8,234,0,412.675476
8,235,0,489.078489
8,236,0,459.035003
8,237,0,411.600366
8,238,0,459.116855
8,239,0,552.23039
8,240,0,431.594054
8,241,0,451.654125
8,242,0,436.764937
8,243,0,431.389811
8,244,0,528.173345
8,245,0,490.713603
8,246,0,502.11
8,247,0,488.388513
8,248,0,476.874733
8,249,0,463.437099
8,250,0,483.016123
8,251,0,482.707053
8,252,0,412.335443
8,253,0,480.913479
8,254,0,401.069573
8,255,0,501.740476
8,256,0,405.808845
8,257,0,483.866206
8,258,0,490.141586
8,259,0,504.990425
8,260,0,506.111288
8,261,0,502.372362
8,262,0,457.728955
8,263,0,465.955167
8,264,0,482.628688
8,265,0,475.862802
8,266,0,478.729008
8,267,0,507.096234
8,268,0,425.600959
8,269,0,417.835377
8,270,0,419.772163
8,271,0,442.182096
8,272,0,510.882649
8,273,0,471.454696
8,274,0,422.798265
8,275,0,481.088085
8,276,0,412.61963
8,277,0,493.21612
8,278,0,469.317129
8,279,0,423.331439
8,280,0,484.505436
8,281,0,468.308353
8,282,0,448.722892
8,283,0,416.619844
8,284,0,446.986153
8,285,0,494.19998
8,286,0,410.885032
8,287,0,409.377455
8,288,0,423.220731
8,289,0,419.929663
8,290,0,427.725634
8,291,0,492.893366
8,292,0,440.25563
8,293,0,425.889091
8,294,0,483.713029
8,295,0,414.233423
8,296,0,484.420823
8,297,0,408.323946
8,298,0,480.18191
8,299,0,427.227971
8,300,0,454.840443
8,301,0,446.12178
8,302,0,409.893543
8,303,0,467.747262
8,304,0,553.006979
8,305,0,490.111287
8,306,0,426.500395
8,307,0,448.34175
8,308,0,472.930866
8,309,0,477.532535
8,310,0,473.246909
8,311,0,413.079438
8,312,0,489.520677
8,313,0,502.102451
8,314,0,432.207384
8,315,0,432.921023
8,316,0,478.715142
8,317,0,513.617105
8,318,0,493.971949
8,319,0,426.553623
8,320,0,408.52883
8,321,0,489.427735
8,322,0,407.806008
8,323,0,418.034694
8,324,0,448.606134
8,325,0,473.276177
8,326,0,435.864657
8,327,0,415.738278
8,328,0,427.446821
8,329,0,519.391742
8,330,0,465.416625
8,331,0,424.135346
8,332,0,422.314997
8,333,0,423.082574
8,334,0,482.149591
8,335,0,482.962012
8,336,0,407.423474
8,337,0,421.754798
8,338,0,407.411459
8,339,0,413.465737
8,340,0,424.703815
8,341,0,476.630563
8,342,0,433.543567
8,343,0,418.100366
8,344,0,507.090291
8,345,0,415.779754
8,346,0,426.4917
8,347,0,488.129263
8,348,0,498.947252
8,349,0,502.420533
8,350,0,448.481446
8,351,0,405.358227
8,352,0,401.666191
8,353,0,484.027521
8,354,0,434.150587
8,355,0,417.426203
8,356,0,492.976744
8,357,0,450.43806
8,358,0,495.332195
8,359,0,467.228637
8,360,0,465.372858
8,361,0,493.84001
8,362,0,458.548559
8,363,0,405.68261
8,364,0,408.30549
8,365,0,423.088878
8,366,0,485.455731
8,367,0,484.68902
8,368,0,443.432641
8,369,0,422.143413
8,370,0,434.61785
8,371,0,413.456058
8,372,0,439.113507
8,373,0,493.729859
8,374,0,492.354648
8,375,0,531.323371
8,376,0,408.155561
8,377,0,506.086654
8,378,0,442.101786
8,379,0,477.250783
8,380,0,404.397235
8,381,0,500.679592
8,382,0,509.922635
8,383,0,431.206058
8,384,0,494.294218
8,385,0,409.861906
8,386,0,414.789519
8,387,0,403.352113
8,388,0,452.069153
8,389,0,489.428406
8,390,0,416.433466
8,391,0,499.568323
8,392,0,427.369252
8,393,0,425.560092
8,394,0,489.569391
8,395,0,444.71756
8,396,0,453.995263
8,397,0,400.679712
8,398,0,419.967232
8,399,0,468.841033
8,400,0,478.902019
8,401,0,473.979198
8,402,0,430.122792
8,403,0,482.39951
8,404,0,401.294244
8,405,0,422.995534
8,406,0,407.518625
8,407,0,490.535145
8,408,0,409.680855
8,409,0,424.452986
8,410,0,424.497671
8,411,0,486.95245
8,412,0,496.846771
8,413,0,478.246047
8,414,0,494.456647
8,415,0,470.770555
8,416,0,484.119308
8,417,0,406.763017
8,418,0,420.200453
8,419,0,410.519276
8,420,0,446.452106
8,421,0,487.95606
8,422,0,413.408579
8,423,0,416.168022
8,424,0,509.83904
8,425,0,439.444417
8,426,0,430.41949
8,427,0,427.642482
8,428,0,435.704091
8,429,0,485.304092
8,430,0,405.303589
8,431,0,512.848711
8,432,0,421.691758
8,433,0,489.175988
8,434,0,497.293339
8,435,0,423.886285
8,436,0,419.303516
8,437,0,457.305996
8,438,0,409.855872
8,439,0,420.545262
8,440,0,417.407459
8,441,0,449.883437
8,442,0,447.009144
8,443,0,486.938626
8,444,0,426.169994
8,445,0,411.5546
8,446,0,421.806849
8,447,0,438.809379
8,448,0,424.730725
8,449,0,424.75062
8,450,0,441.447055
8,451,0,490.179949
8,452,0,433.10452
8,453,0,420.924643
8,454,0,474.022511
8,455,0,492.776264
8,456,0,415.913238
8,457,0,405.204287
8,458,0,490.563367
8,459,0,430.88009
8,460,0,474.607604
8,461,0,431.163836
8,462,0,475.801183
8,463,0,460.343997
8,464,0,417.000658
8,465,0,482.077419
8,466,0,425.230921
8,467,0,411.895635
8,468,0,412.083426
8,469,0,434.23033
8,470,0,477.947989
8,471,0,408.726724
8,472,0,481.841856
8,473,0,415.928537
8,474,0,472.818778
8,475,0,485.57685
8,476,0,470.273621
8,477,0,475.7048
8,478,0,473.339116
8,479,0,428.880902
8,480,0,469.429098
8,481,0,482.044517
8,482,0,417.093905
8,483,0,426.204251
8,484,0,435.166505
8,485,0,461.644091
8,486,0,430.580267
8,487,0,481.555967
8,488,0,478.258672
8,489,0,487.938366
8,490,0,434.273358
8,491,0,424.90073
8,492,0,434.534281
8,493,0,495.9159
8,494,0,422.437934
8,495,0,482.529359
8,496,0,535.815078
8,497,0,413.110963
8,498,0,435.61457
8,499,0,439.256164
8,500,0,406.676826
8,501,0,460.586985
8,502,0,446.775482
8,503,0,430.017981
8,504,0,488.246254
8,505,0,508.690917
8,506,0,495.502595
8,507,0,486.009549
8,508,0,409.683201
8,509,0,425.745324
8,510,0,493.072814
8,511,0,427.409576
8,512,0,510.216531
8,513,0,413.161246
8,514,0,429.488551
8,515,0,418.951606
8,516,0,443.077583
8,517,0,426.529486
8,518,0,416.825993
8,519,0,413.514262
8,520,0,416.129472
8,521,0,476.328678
8,522,0,402.824336
8,523,0,448.727848
8,524,0,491.968502
8,525,0,529.759097
8,526,0,424.817519
8,527,0,428.75647
8,528,0,416.104026
8,529,0,483.567204
8,530,0,428.065985
8,531,0,450.551256
8,532,0,416.96081
8,533,0,420.839758
8,534,0,512.722099
8,535,0,434.592553
8,536,0,428.76965
8,537,0,405.630609
8,538,0,433.361085
8,539,0,410.33232
8,540,0,426.914528
8,541,0,416.425658
8,542,0,445.042826
8,543,0,418.338873
8,544,0,422.178332
8,545,0,404.144185
8,546,0,418.628243
8,547,0,517.433286
8,548,0,469.425515
8,549,0,408.803351
8,550,0,415.68071
8,551,0,481.490319
8,552,0,434.819826
8,553,0,514.801953
8,554,0,463.28683
8,555,0,488.455603
8,556,0,487.700755
8,557,0,437.055777
8,558,0,409.772636
8,559,0,465.409189
8,560,0,453.248938
8,561,0,484.891036
8,562,0,495.199578
8,563,0,408.170159
8,564,0,481.894006
8,565,0,438.416444
8,566,0,476.118772
8,567,0,418.879132
8,568,0,417.434206
8,569,0,425.847479
8,570,0,465.956493
8,571,0,411.107193
8,572,0,434.472225
8,573,0,488.105338
8,574,0,431.469654
8,575,0,429.762693
8,576,0,426.694042
8,577,0,490.394762
8,578,0,405.672848
8,579,0,473.527764
8,580,0,414.263605
8,581,0,437.223192
8,582,0,485.619942
8,583,0,412.608424
8,584,0,422.548394
8,585,0,417.270189
8,586,0,488.980843
8,587,0,423.436273
8,588,0,463.640537
8,589,0,435.712238
8,590,0,425.401198
8,591,0,454.838785
8,592,0,487.74064
8,593,0,471.468312
8,594,0,489.635794
8,595,0,421.160642
8,596,0,430.7701
8,597,0,501.769742
8,598,0,477.02588
8,599,0,478.948945
8,600,0,445.638999
8,601,0,504.926522
8,602,0,413.852095
8,603,0,488.23259
8,604,0,430.751081
8,605,0,513.12573
8,606,0,471.111137
8,607,0,483.778105
8,608,0,414.474437
8,609,0,407.831664
8,610,0,420.174649
8,611,0,486.673401
8,612,0,440.810062
8,613,0,507.897449
8,614,0,411.154051
8,615,0,426.13434
8,616,0,410.961036
8,617,0,428.452034
8,618,0,431.94793
8,619,0,418.410255
8,620,0,419.946241
8,621,0,431.561202
8,622,0,432.024028
8,623,0,433.047123
8,624,0,423.549627
8,625,0,430.037871
8,626,0,480.006708
8,627,0,462.851237
8,628,0,433.159866
8,629,0,422.025235
8,630,0,405.869096
8,631,0,440.648099
8,632,0,412.406072
8,633,0,446.87356
8,634,0,420.958752
8,635,0,404.767987
8,636,0,423.793358
8,637,0,437.268053
8,638,0,470.510337
8,639,0,492.259501
8,640,0,414.030386
8,641,0,407.193499
8,642,0,426.010979
8,643,0,419.885824
8,644,0,399.133454
8,645,0,420.157594
8,646,0,493.91168
8,647,0,406.348916
8,648,0,483.091516
8,649,0,413.348417
8,650,0,502.587734
8,651,0,423.258149
8,652,0,426.65986
8,653,0,418.55325
8,654,0,417.530739
8,655,0,419.121534
8,656,0,436.872699
8,657,0,414.923685
8,658,0,457.200551
8,659,0,415.902099
8,660,0,422.35392
8,661,0,414.22068
8,662,0,536.008141
8,663,0,437.277339
8,664,0,419.396104
8,665,0,466.767761
8,666,0,426.919941
8,667,0,429.702827
8,668,0,426.522444
8,669,0,414.862697
8,670,0,490.42097
8,671,0,417.119425
8,672,0,417.830237
8,673,0,507.620498
8,674,0,409.75056
8,675,0,413.14532
8,676,0,441.971727
8,677,0,469.421371
8,678,0,440.956098
8,679,0,425.223226
8,680,0,457.551064
8,681,0,505.449418
8,682,0,475.645686
8,683,0,485.794792
8,684,0,492.842602
8,685,0,514.865509
8,686,0,522.766871
8,687,0,479.554623
8,688,0,493.860473
8,689,0,403.831858
8,690,0,426.628155
8,691,0,423.040284
8,692,0,488.101617
8,693,0,521.260141
8,694,0,427.285615
8,695,0,476.357825
8,696,0,471.508603
8,697,0,496.831286
8,698,0,424.674403
8,699,0,504.136072
8,700,0,433.148617
8,701,0,480.432085
8,702,0,415.340834
8,703,0,425.60448
8,704,0,468.12526
8,705,0,516.257776
8,706,0,415.224597
8,707,0,458.937767
8,708,0,418.216369
8,709,0,495.248895
8,710,0,452.635338
8,711,0,496.144391
8,712,0,504.049893
8,713,0,416.247616
8,714,0,430.392951
8,715,0,434.500715
8,716,0,425.592877
8,717,0,438.011262
8,718,0,486.495759
8,719,0,417.075108
8,720,0,472.884305
8,721,0,423.787756
8,722,0,472.238001
8,723,0,410.835063
8,724,0,496.720259
8,725,0,418.893135
8,726,0,407.734454
8,727,0,501.553897
8,728,0,433.901588
8,729,0,404.883621
8,730,0,418.31202
8,731,0,415.707115
8,732,0,490.960892
8,733,0,450.056664
8,734,0,423.173275
8,735,0,407.505562
8,736,0,491.692776
8,737,0,437.517933
8,738,0,492.574585
8,739,0,429.851789
8,740,0,417.388281
8,741,0,415.537161
8,742,0,478.884148
8,743,0,410.333688
8,744,0,490.519311
8,745,0,416.55457
8,746,0,426.757974
8,747,0,416.438894
8,748,0,488.197251
8,749,0,490.962062
8,750,0,435.955396
8,751,0,468.983263
8,752,0,417.325257
8,753,0,433.36725
8,754,0,497.374093
8,755,0,537.801869
8,756,0,429.9039
8,757,0,430.739556
8,758,0,420.421983
8,759,0,431.164667
8,760,0,405.491263
8,761,0,409.386952
8,762,0,417.54256
8,763,0,499.463096
8,764,0,409.966207
8,765,0,513.185291
8,766,0,440.649576
8,767,0,430.413676
8,768,0,414.266394
8,769,0,432.809208
8,770,0,519.0331
8,771,0,426.458585
8,772,0,419.96325
8,773,0,405.158658
8,774,0,442.068893
8,775,0,446.463025
8,776,0,411.736353
8,777,0,421.417296
8,778,0,430.277915
8,779,0,487.940778
8,780,0,482.266116
8,781,0,436.182332
8,782,0,437.397631
8,783,0,479.520087
8,784,0,491.146672
8,785,0,428.940631
8,786,0,431.081761
8,787,0,413.662845
8,788,0,436.057317
8,789,0,507.476454
8,790,0,419.874038
8,791,0,471.188318
8,792,0,404.642459
8,793,0,454.875198
8,794,0,459.297196
8,795,0,502.297169
8,796,0,474.355753
8,797,0,427.275332
8,798,0,496.933167
8,799,0,442.750552
8,800,0,449.529009
8,801,0,414.102242
8,802,0,501.345846
8,803,0,463.680195
8,804,0,450.056388
8,805,0,410.766204
8,806,0,470.638617
8,807,0,466.778162
8,808,0,503.477252
8,809,0,418.487458
8,810,0,513.712238
8,811,0,479.459703
8,812,0,408.401307
8,813,0,477.585582
8,814,0,468.537106
8,815,0,446.154591
8,816,0,449.180544
8,817,0,491.161579
8,818,0,487.83458
8,819,0,441.74496
8,820,0,548.769893
8,821,0,486.799615
8,822,0,438.245913
8,823,0,430.242474
8,824,0,503.156937
8,825,0,410.116679
8,826,0,460.529203
8,827,0,422.095573
8,828,0,440.997544
8,829,0,418.953896
8,830,0,429.936938
8,831,0,484.793276
8,832,0,466.064633
8,833,0,446.335892
8,834,0,492.737953
8,835,0,424.40684
8,836,0,406.06486
8,837,0,495.241936
8,838,0,407.610402
8,839,0,439.472135
8,840,0,413.475145
8,841,0,414.136428
8,842,0,414.739067
8,843,0,458.861485
8,844,0,437.301737
8,845,0,419.885814
8,846,0,423.133878
8,847,0,443.573065
8,848,0,420.996341
8,849,0,429.413594
8,850,0,415.852861
8,851,0,476.918409
8,852,0,463.054984
8,853,0,509.733918
8,854,0,437.157495
8,855,0,421.74712
8,856,0,400.357906
8,857,0,424.85184
8,858,0,500.289525
8,859,0,413.09214
8,860,0,409.689988
8,861,0,430.37717
8,862,0,427.271027
8,863,0,414.321468
8,864,0,410.908265
8,865,0,466.861671
8,866,0,503.876785
8,867,0,439.722997
8,868,0,413.376577
8,869,0,416.606475
8,870,0,416.127601
8,871,0,439.36555
8,872,0,423.366231
8,873,0,428.782388
8,874,0,418.244245
8,875,0,415.572217
8,876,0,470.166216
8,877,0,434.801469
8,878,0,417.008997
8,879,0,504.782825
8,880,0,404.202651
8,881,0,446.327621
8,882,0,434.107422
8,883,0,489.018437
8,884,0,469.051449
8,885,0,452.445164
8,886,0,422.501761
8,887,0,519.667913
8,888,0,488.744037
8,889,0,425.987983
8,890,0,422.527735
8,891,0,426.115551
8,892,0,497.95108
8,893,0,414.651845
8,894,0,429.59423
8,895,0,404.013733
8,896,0,506.720597
8,897,0,495.147871
8,898,0,484.649842
8,899,0,494.661714
8,900,0,434.936811
8,901,0,489.586376
8,902,0,441.912007
8,903,0,409.064844
8,904,0,421.026219
8,905,0,418.603488
8,906,0,446.26578
8,907,0,426.296998
8,908,0,429.71166
8,909,0,433.90121
8,910,0,450.890375
8,911,0,418.389717
8,912,0,444.289425
8,913,0,435.842506
8,914,0,412.979605
8,915,0,414.265573
8,916,0,433.150929
8,917,0,438.272376
8,918,0,449.830927
8,919,0,496.877058
8,920,0,426.762651
8,921,0,404.485435
8,922,0,423.200196
8,923,0,497.624112
8,924,0,424.701873
8,925,0,498.675216
8,926,0,456.979226
8,927,0,428.964386
8,928,0,409.135953
8,929,0,411.585894
8,930,0,463.304839
8,931,0,417.911849
8,932,0,428.125149
8,933,0,470.719529
8,934,0,426.194195
8,935,0,498.020735
8,936,0,431.60134
8,937,0,424.095504
8,938,0,417.874837
8,939,0,423.755921
8,940,0,431.894851
8,941,0,436.229689
8,942,0,424.583783
8,943,0,487.423211
8,944,0,455.391306
8,945,0,491.56063
8,946,0,502.935911
8,947,0,419.342363
8,948,0,434.660147
8,949,0,416.254387
8,950,0,489.996381
8,951,0,446.995819
8,952,0,488.145074
8,953,0,426.862491
8,954,0,490.257569
8,955,0,536.893253
8,956,0,475.686618
8,957,0,487.512678
8,958,0,423.855055
8,959,0,433.497467
8,960,0,432.136788
8,961,0,454.385457
8,962,0,422.756963
8,963,0,430.197118
8,964,0,423.404554
8,965,0,526.607649
8,966,0,404.305784
8,967,0,508.794853
8,968,0,417.045365
8,969,0,512.432687
8,970,0,446.341991
8,971,0,529.296458
8,972,0,425.43814
8,973,0,419.453143
8,974,0,410.354339
8,975,0,414.673383
8,976,0,460.569843
8,977,0,484.549372
8,978,0,433.029056
8,979,0,487.724499
8,980,0,474.253315
8,981,0,498.669388
8,982,0,433.974356
8,983,0,491.339006
8,984,0,478.973038
8,985,0,493.268835
8,986,0,498.355073
8,987,0,476.135029
8,988,0,421.970791
8,989,0,401.855
8,990,0,492.766523
8,991,0,460.369174
8,992,0,417.302268
8,993,0,429.743962
8,994,0,417.172501
8,995,0,419.068178
8,996,0,408.441374
8,997,0,478.30281
8,998,0,478.449444
8,999,0,487.973829
9,0,0,476.681514
9,1,0,420.080913
9,2,0,468.973599
9,3,0,434.818037
9,4,0,480.111501
9,5,0,471.433955
9,6,0,429.041726
9,7,0,479.596103
9,8,0,469.326795
9,9,0,429.780954
9,10,0,478.654247
9,11,0,424.018924
9,12,0,482.768263
9,13,0,427.070397
9,14,0,472.750378
9,15,0,427.948648
9,16,0,434.517698
9,17,0,423.228415
9,18,0,468.061388
9,19,0,452.703379
9,20,0,429.60523
9,21,0,481.913823
9,22,0,440.879439
9,23,0,428.500938
9,24,0,410.287509
9,25,0,404.124273
9,26,0,468.190386
9,27,0,421.798917
9,28,0,455.865327
9,29,0,439.841098
9,30,0,460.363768
9,31,0,475.300007
9,32,0,418.851971
9,33,0,426.540434
9,34,0,413.942329
9,35,0,408.376164
9,36,0,407.678714
9,37,0,416.552075
9,38,0,409.341672
9,39,0,542.083944
9,40,0,419.553733
9,41,0,470.461829
9,42,0,484.725453
9,43,0,428.557458
9,44,0,416.39999
9,45,0,434.618926
9,46,0,482.06506
9,47,0,419.735458
9,48,0,448.850778
9,49,0,483.297632
9,50,0,438.679314
9,51,0,471.855655
9,52,0,419.445407
9,53,0,425.740167
9,54,0,423.471414
9,55,0,416.951488
9,56,0,465.644857
9,57,0,429.358136
9,58,0,407.626032
9,59,0,441.587903
9,60,0,420.089883
9,61,0,473.539101
9,62,0,472.120718
9,63,0,480.068088
9,64,0,420.00917
9,65,0,453.680658
9,66,0,416.942625
9,67,0,475.617069
9,68,0,453.831741
9,69,0,464.329989
9,70,0,409.716678
9,71,0,471.535471
9,72,0,433.621493
9,73,0,414.002927
9,74,0,451.607178
9,75,0,409.281595
9,76,0,414.737865
9,77,0,409.304441
9,78,0,432.661729
9,79,0,408.17096
9,80,0,410.845214
9,81,0,411.922489
9,82,0,436.892893
9,83,0,474.407718
9,84,0,409.442592
9,85,0,468.287389
9,86,0,438.813552
9,87,0,414.632309
9,88,0,489.687438
9,89,0,424.880509
9,90,0,482.008842
9,91,0,477.346393
9,92,0,475.028259
9,93,0,477.086476
9,94,0,494.173083
9,95,0,467.438509
9,96,0,423.998941
9,97,0,419.425006
9,98,0,485.14372
9,99,0,406.984135
9,100,0,422.86053
9,101,0,417.306591
9,102,0,483.661174
9,103,0,423.989928
9,104,0,461.314005
9,105,0,429.544003
9,106,0,486.094297
9,107,0,455.521442
9,108,0,491.050466
9,109,0,438.254667
9,110,0,406.565407
9,111,0,427.930019
9,112,0,406.089146
9,113,0,500.571181
9,114,0,418.610479
9,115,0,452.331234
9,116,0,404.087833
9,117,0,398.48787
9,118,0,415.231284
9,119,0,415.515755
9,120,0,403.043726
9,121,0,435.26808
9,122,0,413.913322
9,123,0,421.764535
9,124,0,472.864424
9,125,0,454.949616
9,126,0,447.927308
9,127,0,502.375581
9,128,0,482.944597
9,129,0,432.265726
9,130,0,431.74717
9,131,0,421.638551
9,132,0,439.110045
9,133,0,413.021857
9,134,0,409.779929
9,135,0,412.672256
9,136,0,485.190122
9,137,0,454.033066
9,138,0,426.563383
9,139,0,460.150388
9,140,0,408.916386
9,141,0,404.500265
9,142,0,409.103562
9,143,0,402.52015
9,144,0,430.441817
9,145,0,440.422572
9,146,0,412.904706
9,147,0,451.11592
9,148,0,440.870535
9,149,0,409.550701
9,150,0,423.910548
9,151,0,407.736875
9,152,0,421.509808
9,153,0,452.763917
9,154,0,474.437663
9,155,0,411.647581
9,156,0,443.96205
9,157,0,443.731355
9,158,0,411.363988
9,159,0,402.355743
9,160,0,435.101748
9,161,0,424.303597
9,162,0,485.824799
9,163,0,479.103829
9,164,0,404.767292
9,165,0,503.323459
9,166,0,412.729485
9,167,0,425.042216
9,168,0,481.189022
9,169,0,426.476365
9,170,0,424.018753
9,171,0,460.302472
9,172,0,481.113022
9,173,0,493.825663
9,174,0,408.331783
9,175,0,434.508674
9,176,0,477.536845
9,177,0,413.805129
9,178,0,427.782716
9,179,0,408.158219
9,180,0,398.779741
9,181,0,487.693206
9,182,0,410.363708
9,183,0,411.537815
9,184,0,397.484453
9,185,0,416.578578
9,186,0,397.529625
9,187,0,494.065401
9,188,0,479.924784
9,189,0,414.79175
9,190,0,458.496249
9,191,0,417.029334
9,192,0,479.139947
9,193,0,402.828879
9,194,0,410.313697
9,195,0,421.676351
9,196,0,406.795152
9,197,0,530.577916
9,198,0,428.631648
9,199,0,418.716186
9,200,0,436.544531
9,201,0,414.644201
9,202,0,410.822811
9,203,0,471.958897
9,204,0,414.695847
9,205,0,481.544669
9,206,0,488.706513
9,207,0,438.948842
9,208,0,483.406512
9,209,0,469.09306
9,210,0,413.320818
9,211,0,459.946828
9,212,0,465.792984
9,213,0,413.863942
9,214,0,463.683014
9,215,0,429.772157
9,216,0,439.123371
9,217,0,440.808369
9,218,0,428.395926
9,219,0,433.258392
9,220,0,419.017714
9,221,0,444.628874
9,222,0,400.104363
9,223,0,416.147882
9,224,0,475.964448
9,225,0,493.665005
9,226,0,484.216982
9,227,0,476.051698
9,228,0,460.542426
9,229,0,403.976757
9,230,0,458.852067
9,231,0,427.343622
9,232,0,410.236776
9,233,0,400.541995
9,234,0,412.940128
9,235,0,475.502704
9,236,0,494.872544
9,237,0,436.081075
9,238,0,418.96498
9,239,0,470.275479
9,240,0,406.565982
9,241,0,489.329072
9,242,0,421.533576
9,243,0,429.588814
9,244,0,479.267442
9,245,0,427.829809
9,246,0,408.16
9,247,0,396.730483
9,248,0,408.038302
9,249,0,459.441171
9,250,0,414.179986
9,251,0,399.161144
9,252,0,425.077239
9,253,0,416.151848
9,254,0,413.455046
9,255,0,418.904773
9,256,0,456.642444
9,257,0,456.96528
9,258,0,462.917684
9,259,0,402.19437
9,260,0,416.53916
9,261,0,475.84974
9,262,0,482.861103
9,263,0,475.326761
9,264,0,449.367373
9,265,0,487.862029
9,266,0,408.144106
9,267,0,409.877798
9,268,0,471.837043
9,269,0,427.025417
9,270,0,462.686103
9,271,0,439.397684
9,272,0,449.861311
9,273,0,419.061725
9,274,0,431.14448
9,275,0,416.304113
9,276,0,464.654948
9,277,0,474.137636
9,278,0,471.010739
9,279,0,477.90293
9,280,0,416.208354
9,281,0,415.848102
9,282,0,438.676498
9,283,0,421.135656
9,284,0,470.842412
9,285,0,408.076213
9,286,0,439.211525
9,287,0,452.184249
9,288,0,416.065113
9,289,0,418.138644
9,290,0,416.759621
9,291,0,500.426764
9,292,0,483.138057
9,293,0,431.21135
9,294,0,409.764604
9,295,0,417.05663
9,296,0,499.103773
9,297,0,421.42306
9,298,0,478.211375
9,299,0,477.277815
9,300,0,425.364356
9,301,0,482.126515
9,302,0,482.844196
9,303,0,412.18965
9,304,0,474.091529
9,305,0,471.122784
9,306,0,435.217096
9,307,0,432.283975
9,308,0,480.76926
9,309,0,487.157839
9,310,0,447.608606
9,311,0,471.113007
9,312,0,416.245163
9,313,0,415.751901
9,314,0,451.250599
9,315,0,412.518695
9,316,0,476.645915
9,317,0,414.75363
9,318,0,440.218086
9,319,0,417.131591
9,320,0,451.266173
9,321,0,426.0904
9,322,0,408.571278
9,323,0,412.273394
9,324,0,491.085561
9,325,0,427.080193
9,326,0,455.298227
9,327,0,443.343407
9,328,0,474.294234
9,329,0,460.28927
9,330,0,448.609858
9,331,0,436.391037
9,332,0,406.421235
9,333,0,421.58342
9,334,0,480.875379
9,335,0,423.113775
9,336,0,397.067066
9,337,0,432.796607
9,338,0,462.740836
9,339,0,450.303348
9,340,0,445.957329
9,341,0,419.455124
9,342,0,450.011039
9,343,0,423.108641
9,344,0,404.817252
9,345,0,415.842771
9,346,0,432.732432
9,347,0,421.70714
9,348,0,428.270591
9,349,0,479.710278
9,350,0,404.967184
9,351,0,417.502337
9,352,0,430.514719
9,353,0,454.281219
9,354,0,477.445791
9,355,0,408.207213
9,356,0,492.254551
9,357,0,425.199471
9,358,0,490.518132
9,359,0,421.099416
9,360,0,443.428888
9,361,0,459.894222
9,362,0,411.434564
9,363,0,416.934751
9,364,0,460.047319
9,365,0,414.65621
9,366,0,405.185708
9,367,0,424.079484
9,368,0,438.65476
9,369,0,461.926732
9,370,0,416.898525
9,371,0,420.586364
9,372,0,410.550615
9,373,0,459.438285
9,374,0,436.51021
9,375,0,466.686279
9,376,0,412.762581
9,377,0,399.802593
9,378,0,500.867983
9,379,0,465.665181
9,380,0,401.640248
9,381,0,418.432418
9,382,0,469.86589
9,383,0,407.809709
9,384,0,456.264615
9,385,0,407.948588
9,386,0,408.635358
9,387,0,415.786402
9,388,0,418.49766
9,389,0,419.305739
9,390,0,482.34877
9,391,0,410.537843
9,392,0,487.335455
9,393,0,411.487127
9,394,0,420.71164
9,395,0,407.234534
9,396,0,410.711528
9,397,0,485.041153
9,398,0,408.875586
9,399,0,484.36639
9,400,0,417.997565
9,401,0,467.871625
9,402,0,490.10575
9,403,0,412.964647
9,404,0,421.069462
9,405,0,402.259759
9,406,0,487.378148
9,407,0,477.760659
9,408,0,485.408272
9,409,0,411.56117
9,410,0,406.088903
9,411,0,462.789088
9,412,0,503.275278
9,413,0,453.272393
9,414,0,401.944104
9,415,0,477.286706
9,416,0,427.344756
9,417,0,472.920146
9,418,0,406.185437
9,419,0,424.511311
9,420,0,407.855013
9,421,0,428.805065
9,422,0,411.195911
9,423,0,419.212032
9,424,0,406.895818
9,425,0,418.929148
9,426,0,434.463983
9,427,0,440.985298
9,428,0,418.432324
9,429,0,412.777391
9,430,0,415.035211
9,431,0,424.133287
9,432,0,425.151286
9,433,0,404.2469
9,434,0,412.644239
9,435,0,415.908114
9,436,0,416.507754
9,437,0,480.389016
9,438,0,429.311616
9,439,0,477.668505
9,440,0,400.761266
9,441,0,418.974852
9,442,0,474.081936
9,443,0,426.662135
9,444,0,409.751806
9,445,0,424.852148
9,446,0,486.810744
9,447,0,483.842546
9,448,0,423.805898
9,449,0,426.682182
9,450,0,401.986599
9,451,0,500.596532
9,452,0,417.89495
9,453,0,409.998693
9,454,0,419.156205
9,455,0,411.857454
9,456,0,485.268477
9,457,0,425.603903
9,458,0,461.684318
9,459,0,476.72853
9,460,0,416.450752
9,461,0,434.759117
9,462,0,466.244292
9,463,0,484.006175
9,464,0,482.513764
9,465,0,454.304991
9,466,0,487.633218
9,467,0,479.767402
9,468,0,476.903908
9,469,0,477.312895
9,470,0,418.406459
9,471,0,415.252061
9,472,0,436.143812
9,473,0,409.468258
9,474,0,405.90915
9,475,0,445.090801
9,476,0,470.183476
9,477,0,463.827245
9,478,0,413.169747
9,479,0,425.572072
9,480,0,461.260003
9,481,0,481.10009
9,482,0,464.69159
9,483,0,398.359378
9,484,0,420.020173
9,485,0,462.333747
9,486,0,471.040011
9,487,0,421.372132
9,488,0,433.466656
9,489,0,421.912311
9,490,0,422.226774
9,491,0,421.099104
9,492,0,500.389546
9,493,0,465.194662
9,494,0,411.696842
9,495,0,418.922851
9,496,0,478.347582
9,497,0,438.865921
9,498,0,437.101153
9,499,0,428.435536
9,500,0,501.435704
9,501,0,405.569294
9,502,0,407.680851
9,503,0,499.653115
9,504,0,423.427553
9,505,0,408.090613
9,506,0,485.251636
9,507,0,432.399563
9,508,0,437.715716
9,509,0,488.283506
9,510,0,506.841347
9,511,0,429.976315
9,512,0,476.653603
9,513,0,452.214013
9,514,0,428.812811
9,515,0,493.096701
9,516,0,461.78228
9,517,0,434.055484
9,518,0,452.287604
9,519,0,491.317187
9,520,0,476.880736
9,521,0,416.872871
9,522,0,434.535379
9,523,0,426.168351
9,524,0,422.747477
9,525,0,484.779255
9,526,0,410.778312
9,527,0,446.92414
9,528,0,408.056495
9,529,0,489.429281
9,530,0,494.00756
9,531,0,411.732055
9,532,0,437.199176
9,533,0,423.165426
9,534,0,492.421063
9,535,0,412.195747
9,536,0,477.814231
9,537,0,462.949207
9,538,0,474.140322
9,539,0,408.892626
9,540,0,425.270197
9,541,0,439.709392
9,542,0,434.27894
9,543,0,476.062526
9,544,0,408.116979
9,545,0,423.951666
9,546,0,491.27569
9,547,0,432.396193
9,548,0,456.113788
9,549,0,435.75015
9,550,0,458.630632
9,551,0,494.463178
9,552,0,484.941939
9,553,0,447.593351
9,554,0,409.148707
9,555,0,461.691797
9,556,0,422.416364
9,557,0,431.183205
9,558,0,433.405862
9,559,0,457.688415
9,560,0,438.665671
9,561,0,427.926138
9,562,0,406.754616
9,563,0,477.070342
9,564,0,478.189074
9,565,0,399.360282
9,566,0,482.897995
9,567,0,410.003582
9,568,0,487.65538
9,569,0,475.216491
9,570,0,413.890901
9,571,0,406.625691
9,572,0,507.593525
9,573,0,491.37334
9,574,0,465.063279
9,575,0,417.729641
9,576,0,426.207003
9,577,0,407.10591
9,578,0,422.03247
9,579,0,425.045727
9,580,0,421.14736
9,581,0,432.020583
9,582,0,401.448042
9,583,0,418.048221
9,584,0,443.532372
9,585,0,403.544097
9,586,0,461.776651
9,587,0,427.008316
9,588,0,405.82041
9,589,0,473.369261
9,590,0,434.24793
9,591,0,486.395654
9,592,0,480.786403
9,593,0,412.84844
9,594,0,479.395522
9,595,0,419.160925
9,596,0,484.205128
9,597,0,412.273612
9,598,0,413.809732
9,599,0,445.594602
9,600,0,424.34913
9,601,0,440.911306
9,602,0,478.07415
9,603,0,425.74868
9,604,0,430.851035
9,605,0,412.66485
9,606,0,417.4685
9,607,0,436.721289
9,608,0,426.230168
9,609,0,476.810728
9,610,0,421.686473
9,611,0,416.139927
9,612,0,402.146676
9,613,0,435.07433
9,614,0,409.961842
9,615,0,493.32922
9,616,0,418.842375
9,617,0,490.087977
9,618,0,435.763417
9,619,0,441.28085
9,620,0,421.109395
9,621,0,476.516096
9,622,0,427.330454
9,623,0,424.18525
9,624,0,487.175202
9,625,0,402.746374
9,626,0,419.231598
9,627,0,453.365139
9,628,0,400.742699
9,629,0,417.17218
9,630,0,485.123089
9,631,0,420.070739
9,632,0,415.722827
9,633,0,412.543153
9,634,0,455.111979
9,635,0,406.232223
9,636,0,511.49593
9,637,0,432.421067
9,638,0,497.912199
9,639,0,431.41607
9,640,0,429.860256
9,641,0,487.602569
9,642,0,438.705779
9,643,0,463.574954
9,644,0,483.421466
9,645,0,410.796536
9,646,0,487.140884
9,647,0,457.590452
9,648,0,489.558617
9,649,0,440.896717
9,650,0,466.681593
9,651,0,476.718743
9,652,0,519.110028
9,653,0,415.163303
9,654,0,421.90366
9,655,0,430.253115
9,656,0,423.229659
9,657,0,423.827849
9,658,0,456.343653
9,659,0,427.64657
9,660,0,481.111409
9,661,0,415.575306
9,662,0,437.133819
9,663,0,418.80598
9,664,0,480.651047
9,665,0,432.948646
9,666,0,415.988809
9,667,0,410.522601
9,668,0,426.221641
9,669,0,417.286934
9,670,0,502.607992
9,671,0,409.581594
9,672,0,456.353255
9,673,0,481.244804
9,674,0,497.450811
9,675,0,509.480273
9,676,0,474.477547
9,677,0,441.330954
9,678,0,514.425192
9,679,0,444.722459
9,680,0,428.369598
9,681,0,467.486984
9,682,0,478.890182
9,683,0,430.753152
9,684,0,486.386227
9,685,0,476.370185
9,686,0,409.254673
9,687,0,409.621384
9,688,0,478.383618
9,689,0,426.713163
9,690,0,418.816434
9,691,0,416.90999
9,692,0,510.36257
9,693,0,418.400906
9,694,0,409.766948
9,695,0,418.813418
9,696,0,409.289366
9,697,0,425.235275
9,698,0,403.095751
9,699,0,472.346084
9,700,0,422.700617
9,701,0,436.970532
9,702,0,399.173081
9,703,0,428.535747
9,704,0,411.387929
9,705,0,488.914721
9,706,0,484.292654
9,707,0,448.464518
9,708,0,432.021932
9,709,0,499.75246
9,710,0,426.706803
9,711,0,421.46533
9,712,0,429.543661
9,713,0,407.187244
9,714,0,479.948859
9,715,0,486.178926
9,716,0,473.676146
9,717,0,432.288734
9,718,0,421.535322
9,719,0,486.096654
9,720,0,406.585188
9,721,0,401.983406
9,722,0,500.815105
9,723,0,421.530318
9,724,0,472.218172
9,725,0,413.897262
9,726,0,409.588884
9,727,0,419.612449
9,728,0,439.556797
9,729,0,430.88221
9,730,0,488.710609
9,731,0,416.867151
9,732,0,416.403545
9,733,0,417.935624
9,734,0,424.3197
9,735,0,400.21164
9,736,0,415.083285
9,737,0,412.079307
9,738,0,441.514528
9,739,0,437.176481
9,740,0,449.989572
9,741,0,485.719386
9,742,0,434.859983
9,743,0,484.438672
9,744,0,460.498032
9,745,0,415.933637
9,746,0,408.317294
9,747,0,427.610561
9,748,0,440.512976
9,749,0,496.163695
9,750,0,398.377757
9,751,0,418.797728
9,752,0,403.337969
9,753,0,421.075219
9,754,0,481.670687
9,755,0,501.877157
9,756,0,475.591129
9,757,0,418.597326
9,758,0,430.294368
9,759,0,417.281469
9,760,0,507.131531
9,761,0,423.561769
9,762,0,412.36963
9,763,0,502.858062
9,764,0,426.177678
9,765,0,491.532812
9,766,0,490.967396
9,767,0,426.782099
9,768,0,413.439003
9,769,0,479.955342
9,770,0,411.225268
9,771,0,428.30816
9,772,0,489.909867
9,773,0,403.355151
9,774,0,432.790062
9,775,0,413.929645
9,776,0,408.769254
9,777,0,416.905092
9,778,0,500.664836
9,779,0,457.865862
9,780,0,463.185222
9,781,0,403.148893
9,782,0,474.351158
9,783,0,489.014797
9,784,0,416.107915
9,785,0,410.601641
9,786,0,426.409561
9,787,0,477.10697
9,788,0,407.953618
9,789,0,481.607089
9,790,0,417.922034
9,791,0,407.782821
9,792,0,418.642914
9,793,0,443.617982
9,794,0,504.763643
9,795,0,470.996143
9,796,0,421.924151
9,797,0,409.318014
9,798,0,458.830314
9,799,0,425.991136
9,800,0,488.73897
9,801,0,493.817108
9,802,0,485.238797
9,803,0,428.890455
9,804,0,433.576344
9,805,0,406.519119
9,806,0,429.724437
9,807,0,397.591568
9,808,0,421.168485
9,809,0,406.674198
9,810,0,477.287172
9,811,0,404.527944
9,812,0,434.915608
9,813,0,458.401897
9,814,0,418.405777
9,815,0,431.040839
9,816,0,429.32825
9,817,0,468.942508
9,818,0,458.161609
9,819,0,449.925672
9,820,0,524.350502
9,821,0,412.278608
9,822,0,424.672949
9,823,0,452.374439
9,824,0,436.013838
9,825,0,415.425767
9,826,0,472.9185
9,827,0,426.38588
9,828,0,397.192296
9,829,0,429.274048
9,830,0,419.638962
9,831,0,441.352381
9,832,0,410.193915
9,833,0,416.679334
9,834,0,464.44985
9,835,0,431.037837
9,836,0,506.260738
9,837,0,411.595295
9,838,0,484.336222
9,839,0,427.264885
9,840,0,485.927957
9,841,0,409.891282
9,842,0,408.466075
9,843,0,433.019966
9,844,0,467.288101
9,845,0,491.39002
9,846,0,428.109421
9,847,0,404.145522
9,848,0,486.260391
9,849,0,476.57031
9,850,0,484.801422
9,851,0,522.454982
9,852,0,485.82419
9,853,0,455.23387
9,854,0,419.889994
9,855,0,415.275394
9,856,0,416.10372
9,857,0,488.547663
9,858,0,411.226388
9,859,0,483.810827
9,860,0,459.370094
9,861,0,423.671017
9,862,0,401.034302
9,863,0,505.637668
9,864,0,495.027361
9,865,0,410.677624
9,866,0,489.835368
9,867,0,429.162541
9,868,0,427.752021
9,869,0,472.367186
9,870,0,480.1708
9,871,0,488.1014
9,872,0,434.441818
9,873,0,430.658434
9,874,0,477.067391
9,875,0,474.449291
9,876,0,407.15719
9,877,0,493.852943
9,878,0,487.430964
9,879,0,407.849988
9,880,0,420.759945
9,881,0,472.093274
9,882,0,412.641698
9,883,0,482.511605
9,884,0,425.097212
9,885,0,424.533053
9,886,0,422.78661
9,887,0,431.708631
9,888,0,477.25751
9,889,0,423.738113
9,890,0,454.234093
9,891,0,501.102125
9,892,0,423.934518
9,893,0,410.923495
9,894,0,458.100434
9,895,0,431.835011
9,896,0,461.812253
9,897,0,426.768159
9,898,0,415.955378
9,899,0,423.573906
9,900,0,414.950397
9,901,0,423.21478
9,902,0,429.927283
9,903,0,476.541055
9,904,0,421.646714
9,905,0,415.557161
9,906,0,420.094522
9,907,0,455.758778
9,908,0,410.705312
9,909,0,431.11358
9,910,0,433.159667
9,911,0,443.941553
9,912,0,427.971
9,913,0,418.626888
9,914,0,429.713029
9,915,0,483.051213
9,916,0,434.369136
9,917,0,473.489415
9,918,0,452.870566
9,919,0,487.092372
9,920,0,477.565382
9,921,0,433.852642
9,922,0,498.70742
9,923,0,442.884808
9,924,0,445.928119
9,925,0,478.204297
9,926,0,488.717312
9,927,0,401.161891
9,928,0,488.600702
9,929,0,412.781021
9,930,0,401.874563
9,931,0,410.609212
9,932,0,430.053763
9,933,0,491.883339
9,934,0,466.147396
9,935,0,440.808919
9,936,0,417.876626
9,937,0,415.847388
9,938,0,423.365461
9,939,0,408.291492
9,940,0,423.41726
9,941,0,413.307528
9,942,0,462.310183
9,943,0,472.720191
9,944,0,426.874765
9,945,0,529.884695
9,946,0,469.547431
9,947,0,417.405119
9,948,0,478.257456
9,949,0,419.75312
9,950,0,488.00318
9,951,0,495.879264
9,952,0,483.146009
9,953,0,467.227829
9,954,0,463.745783
9,955,0,399.202747
9,956,0,474.00313
9,957,0,478.722938
9,958,0,416.340854
9,959,0,492.965068
9,960,0,440.285953
9,961,0,498.879484
9,962,0,406.512165
9,963,0,486.771171
9,964,0,417.714988
9,965,0,418.019896
9,966,0,422.959339
9,967,0,414.119879
9,968,0,476.956786
9,969,0,520.641447
9,970,0,430.128046
9,971,0,426.701325
9,972,0,482.933931
9,973,0,485.987664
9,974,0,485.069688
9,975,0,431.233208
9,976,0,404.671715
9,977,0,418.136739
9,978,0,456.709362
9,979,0,468.868206
9,980,0,418.679859
9,981,0,418.380858
9,982,0,416.171132
9,983,0,405.476749
9,984,0,401.862716
9,985,0,464.570194
9,986,0,468.19106
9,987,0,410.12066
9,988,0,487.794204
9,989,0,490.988776
9,990,0,405.365993
9,991,0,406.384123
9,992,0,477.303499
9,993,0,415.163659
9,994,0,421.5894
9,995,0,491.801952
9,996,0,488.889452
9,997,0,527.375525
9,998,0,483.241145
9,999,0,496.32362
10,0,0,418.098573
10,1,0,500.180538
10,2,0,508.226319
10,3,0,409.492613
10,4,0,457.105423
10,5,0,407.023944
10,6,0,487.843691
10,7,0,427.674702
10,8,0,436.092752
10,9,0,450.258158
10,10,0,475.906208
10,11,0,491.922186
10,12,0,401.606584
10,13,0,419.931728
10,14,0,437.873774
10,15,0,423.50054
10,16,0,410.453472
10,17,0,425.452845
10,18,0,446.779721
10,19,0,547.468562
10,20,0,412.642528
10,21,0,437.05688
10,22,0,438.089353
10,23,0,475.23267
10,24,0,413.357947
10,25,0,427.589767
10,26,0,477.717589
10,27,0,427.642949
10,28,0,432.076529
10,29,0,416.688217
10,30,0,433.633159
10,31,0,423.191547
10,32,0,418.607939
10,33,0,437.345298
10,34,0,414.943285
10,35,0,478.194259
10,36,0,539.350311
10,37,0,492.699014
10,38,0,490.99951
10,39,0,456.992949
10,40,0,456.107417
10,41,0,419.077999
10,42,0,486.393079
10,43,0,428.858557
10,44,0,427.320491
10,45,0,428.145956
10,46,0,503.298304
10,47,0,417.516537
10,48,0,495.307515
10,49,0,483.084893
10,50,0,475.901304
10,51,0,416.82045
10,52,0,441.420285
10,53,0,422.263562
10,54,0,419.552551
10,55,0,407.565678
10,56,0,407.160691
10,57,0,432.482819
10,58,0,438.702648
10,59,0,484.892069
10,60,0,408.834493
10,61,0,408.359658
10,62,0,441.76108
10,63,0,429.715399
10,64,0,463.960682
10,65,0,434.864181
10,66,0,415.078312
10,67,0,404.04817
10,68,0,506.061309
10,69,0,424.419782
10,70,0,427.265873
10,71,0,448.052542
10,72,0,427.067123
10,73,0,491.565828
10,74,0,419.512077
10,75,0,432.729331
10,76,0,475.800734
10,77,0,477.148299
10,78,0,452.280928
10,79,0,479.342883
10,80,0,436.908116
10,81,0,432.848253
10,82,0,417.185651
10,83,0,426.362723
10,84,0,421.237765
10,85,0,405.435013
10,86,0,418.478967
10,87,0,501.767587
10,88,0,423.832835
10,89,0,444.057862
10,90,0,423.751193
10,91,0,425.151487
10,92,0,410.1954
10,93,0,416.73691
10,94,0,416.856582
10,95,0,483.046382
10,96,0,422.391082
10,97,0,477.241653
10,98,0,423.910242
10,99,0,421.667182
10,100,0,504.1221
10,101,0,429.21878
10,102,0,460.398461
10,103,0,463.315699
10,104,0,468.989722
10,105,0,415.76071
10,106,0,440.587144
10,107,0,423.379691
10,108,0,482.22937
10,109,0,520.542756
10,110,0,480.289614
10,111,0,469.104139
10,112,0,419.483189
10,113,0,405.550321
10,114,0,427.591226
10,115,0,421.161862
10,116,0,416.665156
10,117,0,425.097988
10,118,0,409.641376
10,119,0,515.850015
10,120,0,417.159016
10,121,0,495.317226
10,122,0,405.330659
10,123,0,431.978868
10,124,0,404.998619
10,125,0,469.513082
10,126,0,433.150566
10,127,0,493.785813
10,128,0,407.76144
10,129,0,419.238347
10,130,0,422.522862
10,131,0,425.530044
10,132,0,435.226633
10,133,0,418.516877
10,134,0,423.404957
10,135,0,433.203287
10,136,0,442.121092
10,137,0,433.369183
10,138,0,438.011521
10,139,0,489.669143
10,140,0,488.975381
10,141,0,466.839605
10,142,0,421.456098
10,143,0,490.502547
10,144,0,476.221431
10,145,0,452.509378
10,146,0,472.50714
10,147,0,418.797936
10,148,0,488.861916
10,149,0,406.323963
10,150,0,495.73959
10,151,0,419.101579
10,152,0,408.194144
10,153,0,420.712071
10,154,0,446.656911
10,155,0,420.398116
10,156,0,424.308109
10,157,0,445.771047
10,158,0,481.201045
10,159,0,406.504735
10,160,0,482.80394
10,161,0,430.462508
10,162,0,424.180786
10,163,0,432.506223
10,164,0,438.123805
10,165,0,487.235814
10,166,0,482.10084
10,167,0,421.391548
10,168,0,419.614767
10,169,0,402.498737
10,170,0,470.864759
10,171,0,414.224486
10,172,0,503.920046
10,173,0,407.111309
10,174,0,436.849806
10,175,0,455.954022
10,176,0,475.75326
10,177,0,486.490701
10,178,0,417.942323
10,179,0,484.549639
10,180,0,403.593274
10,181,0,433.332823
10,182,0,491.095347
10,183,0,502.74967
10,184,0,439.068869
10,185,0,425.003467
10,186,0,485.899569
10,187,0,418.184831
10,188,0,407.915561
10,189,0,424.970025
10,190,0,483.297006
10,191,0,472.818508
10,192,0,505.868167
10,193,0,423.253051
10,194,0,423.028918
10,195,0,416.467119
10,196,0,429.302402
10,197,0,403.111042
10,198,0,409.802469
10,199,0,448.909901
10,200,0,495.253422
10,201,0,420.460954
10,202,0,428.955298
10,203,0,455.820054
10,204,0,474.645317
10,205,0,487.191845
10,206,0,479.704806
10,207,0,423.768576
10,208,0,422.357511
10,209,0,480.600581
10,210,0,441.249539
10,211,0,431.572007
10,212,0,438.65576
10,213,0,479.451055
10,214,0,428.683852
10,215,0,421.678475
10,216,0,482.411911
10,217,0,494.813644
10,218,0,405.165813
10,219,0,468.00877
10,220,0,413.345621
10,221,0,411.603168
10,222,0,453.071569
10,223,0,462.986206
10,224,0,413.560977
10,225,0,465.865251
10,226,0,497.043118
10,227,0,436.019946
10,228,0,429.75413
10,229,0,432.39539
10,230,0,434.082995
10,231,0,480.449628
10,232,0,472.156972
10,233,0,408.051677
10,234,0,483.251282
10,235,0,501.638185
10,236,0,429.063787
10,237,0,426.228551
10,238,0,447.342051
10,239,0,497.781596
10,240,0,480.85797
10,241,0,419.857894
10,242,0,474.891366
10,243,0,419.822921
10,244,0,421.600334
10,245,0,435.403917
10,246,0,430.773832
10,247,0,511.691647
10,248,0,415.802244
10,249,0,413.698321
10,250,0,413.458282
10,251,0,481.130679
10,252,0,483.623823
10,253,0,440.5866
10,254,0,430.293037
10,255,0,496.634028
10,256,0,427.132634
10,257,0,436.461535
10,258,0,435.513242
10,259,0,491.152291
10,260,0,517.446973
10,261,0,438.274774
10,262,0,444.667071
10,263,0,412.998295
10,264,0,433.084444
10,265,0,435.275659
10,266,0,442.308044
10,267,0,408.153986
10,268,0,494.30347
10,269,0,457.953286
10,270,0,440.359818
10,271,0,487.604747
10,272,0,420.078347
10,273,0,423.015876
10,274,0,455.487392
10,275,0,441.11325
10,276,0,482.446125
10,277,0,402.854608
10,278,0,424.31745
10,279,0,421.54095
10,280,0,423.16267
10,281,0,480.735263
10,282,0,486.453226
10,283,0,500.928789
10,284,0,481.435049
10,285,0,491.890103
10,286,0,415.684268
10,287,0,425.230279
10,288,0,423.212729
10,289,0,499.030334
10,290,0,410.855745
10,291,0,411.692129
10,292,0,412.50203
10,293,0,485.378782
10,294,0,408.974584
10,295,0,429.720823
10,296,0,418.758443
10,297,0,422.147635
10,298,0,486.195495
10,299,0,424.159807
10,300,0,513.026724
10,301,0,406.486715
10,302,0,412.71093
10,303,0,413.844047
10,304,0,429.740901
10,305,0,418.313011
10,306,0,430.577424
10,307,0,464.722642
10,308,0,430.064894
10,309,0,487.461821
10,310,0,500.51777
10,311,0,426.942763
10,312,0,434.15292
10,313,0,436.573505
10,314,0,500.698596
10,315,0,426.574351
10,316,0,454.655731
10,317,0,407.572581
10,318,0,420.287451
10,319,0,428.120656
10,320,0,490.325894
10,321,0,442.36056
10,322,0,419.284716
10,323,0,423.930236
10,324,0,420.619135
10,325,0,408.42569
10,326,0,415.653885
10,327,0,443.063915
10,328,0,435.215745
10,329,0,418.808582
10,330,0,488.30303
10,331,0,478.076908
10,332,0,480.702662
10,333,0,493.833623
10,334,0,489.223479
10,335,0,440.8056
10,336,0,407.67534
10,337,0,420.865939
10,338,0,422.386269
10,339,0,461.047748
10,340,0,428.422358
10,341,0,426.239413
10,342,0,502.832316
10,343,0,432.153009
10,344,0,428.548527
10,345,0,424.936826
10,346,0,421.547768
10,347,0,424.099284
10,348,0,444.554803
10,349,0,419.433866
10,350,0,467.995708
10,351,0,437.169412
10,352,0,508.68753
10,353,0,425.763073
10,354,0,427.296673
10,355,0,492.501667
10,356,0,493.741054
10,357,0,521.276384
10,358,0,461.899309
10,359,0,420.357648
10,360,0,443.52987
10,361,0,468.932981
10,362,0,441.016369
10,363,0,422.993674
10,364,0,405.679652
10,365,0,424.534854
10,366,0,425.492481
10,367,0,502.641762
10,368,0,485.214526
10,369,0,406.096519
10,370,0,435.186224
10,371,0,479.507407
10,372,0,486.593437
10,373,0,422.782318
10,374,0,445.594406
10,375,0,467.492456
10,376,0,431.909868
10,377,0,485.260646
10,378,0,419.628332
10,379,0,444.968937
10,380,0,522.534076
10,381,0,439.980585
10,382,0,421.140665
10,383,0,431.869065
10,384,0,464.974299
10,385,0,406.037073
10,386,0,430.36782
10,387,0,475.818721
10,388,0,432.395884
10,389,0,416.576452
10,390,0,495.843226
10,391,0,480.269902
10,392,0,427.301557
10,393,0,409.788706
10,394,0,489.130714
10,395,0,463.439095
10,396,0,413.039175
10,397,0,430.448506
10,398,0,417.64021
10,399,0,444.506123
10,400,0,501.900208
10,401,0,438.46437
10,402,0,421.896774
10,403,0,469.324371
10,404,0,416.886615
10,405,0,464.300439
10,406,0,406.306345
10,407,0,466.443605
10,408,0,415.383316
10,409,0,404.688639
10,410,0,417.672062
10,411,0,491.289731
10,412,0,453.556807
10,413,0,406.472588
10,414,0,436.944935
10,415,0,432.23483
10,416,0,441.83836
10,417,0,482.504055
10,418,0,417.711877
10,419,0,421.584483
10,420,0,427.658474
10,421,0,517.224219
10,422,0,437.670282
10,423,0,429.855547
10,424,0,492.83723
10,425,0,430.413359
10,426,0,441.974408
10,427,0,415.958738
10,428,0,484.928546
10,429,0,427.327336
10,430,0,426.893686
10,431,0,413.352689
10,432,0,419.524754
10,433,0,454.089054
10,434,0,412.505704
10,435,0,419.856032
10,436,0,464.874186
10,437,0,495.240664
10,438,0,496.585891
10,439,0,419.498886
10,440,0,423.904875
10,441,0,418.627408
10,442,0,416.931228
10,443,0,431.936975
10,444,0,429.835321
10,445,0,402.648902
10,446,0,433.487288
10,447,0,443.061236
10,448,0,504.129098
10,449,0,436.288504
10,450,0,449.756952
10,451,0,482.261551
10,452,0,428.532849
10,453,0,427.199486
10,454,0,430.568229
10,455,0,405.078787
10,456,0,442.413461
10,457,0,466.732179
10,458,0,442.671981
10,459,0,452.082994
10,460,0,424.737813
10,461,0,408.126909
10,462,0,424.904701
10,463,0,433.845399
10,464,0,428.488379
10,465,0,435.491916
10,466,0,481.844515
10,467,0,411.702987
10,468,0,488.225627
10,469,0,427.520945
10,470,0,434.686462
10,471,0,431.545655
10,472,0,495.545448
10,473,0,444.632005
10,474,0,416.43389
10,475,0,468.736432
10,476,0,429.610954
10,477,0,410.654714
10,478,0,463.08702
10,479,0,442.184471
10,480,0,443.890176
10,481,0,432.357392
10,482,0,485.036577
10,483,0,419.615036
10,484,0,454.831461
10,485,0,473.083841
10,486,0,455.758319
10,487,0,417.144423
10,488,0,424.772074
10,489,0,463.56988
10,490,0,440.583599
10,491,0,406.983654
10,492,0,426.436577
10,493,0,411.472926
10,494,0,490.453451
10,495,0,440.714575
10,496,0,428.136545
10,497,0,422.492996
10,498,0,465.719768
10,499,0,558.583496
10,500,0,465.441769
10,501,0,526.830689
10,502,0,415.576913
10,503,0,431.16757
10,504,0,449.997303
10,505,0,426.738958
10,506,0,445.095596
10,507,0,417.198955
10,508,0,483.047337
10,509,0,411.597473
10,510,0,432.315251
10,511,0,438.679442
10,512,0,432.512442
10,513,0,493.870205
10,514,0,419.535072
10,515,0,426.360988
10,516,0,422.20158
10,517,0,448.935215
10,518,0,445.250799
10,519,0,488.511428
10,520,0,505.854374
10,521,0,440.952583
10,522,0,482.544254
10,523,0,436.337673
10,524,0,432.569081
10,525,0,420.927001
10,526,0,509.690587
10,527,0,492.753149
10,528,0,437.43494
10,529,0,501.823232
10,530,0,445.128575
10,531,0,473.745887
10,532,0,413.162764
10,533,0,436.785368
10,534,0,471.354746
10,535,0,408.752486
10,536,0,417.181735
10,537,0,436.239372
10,538,0,438.598906
10,539,0,489.833896
10,540,0,493.287811
10,541,0,457.044805
10,542,0,481.074019
10,543,0,425.33426
10,544,0,511.772768
10,545,0,433.134215
10,546,0,483.474604
10,547,0,413.293626
10,548,0,474.280699
10,549,0,420.762669
10,550,0,440.149203
10,551,0,408.607831
10,552,0,495.310044
10,553,0,413.123094
10,554,0,429.077515
10,555,0,411.556616
10,556,0,494.319312
10,557,0,509.552848
10,558,0,417.260349
10,559,0,411.075097
10,560,0,479.222935
10,561,0,456.308198
10,562,0,493.462718
10,563,0,479.867332
10,564,0,490.604846
10,565,0,422.438949
10,566,0,515.04525
10,567,0,481.334011
10,568,0,409.56258
10,569,0,412.771635
10,570,0,496.37724
10,571,0,406.39333
10,572,0,425.251954
10,573,0,508.410519
10,574,0,411.532346
10,575,0,407.946734
10,576,0,478.035808
10,577,0,420.391734
10,578,0,482.946126
10,579,0,413.878678
10,580,0,416.48774
10,581,0,424.560935
10,582,0,472.864523
10,583,0,454.09215
10,584,0,434.295096
10,585,0,431.552441
10,586,0,413.007209
10,587,0,484.237894
10,588,0,423.300027
10,589,0,475.983051
10,590,0,516.991212
10,591,0,424.922748
10,592,0,444.385831
10,593,0,408.062668
10,594,0,497.549835
10,595,0,425.424588
10,596,0,452.404998
10,597,0,429.494707
10,598,0,421.333018
10,599,0,421.438749
10,600,0,513.037522
10,601,0,417.392246
10,602,0,439.858328
10,603,0,469.456479
10,604,0,406.074106
10,605,0,486.531602
10,606,0,484.261523
10,607,0,415.863873
10,608,0,458.653126
10,609,0,409.437427
10,610,0,449.08336
10,611,0,426.798938
10,612,0,420.170129
10,613,0,411.900318
10,614,0,405.922052
10,615,0,451.398196
10,616,0,423.295432
10,617,0,407.681126
10,618,0,427.239089
10,619,0,437.382932
10,620,0,461.299471
10,621,0,449.974741
10,622,0,424.997541
10,623,0,492.37728
10,624,0,516.681139
10,625,0,438.610734
10,626,0,455.886983
10,627,0,492.734038
10,628,0,471.823242
10,629,0,493.329262
10,630,0,418.036035
10,631,0,444.775909
10,632,0,481.016276
10,633,0,479.70457
10,634,0,436.063835
10,635,0,417.344123
10,636,0,456.813048
10,637,0,404.655713
10,638,0,480.44821
10,639,0,422.467685
10,640,0,434.384945
10,641,0,429.083174
10,642,0,489.895188
10,643,0,483.228325
10,644,0,420.667569
10,645,0,430.135811
10,646,0,455.015366
10,647,0,492.957908
10,648,0,485.469909
10,649,0,483.474076
10,650,0,422.573967
10,651,0,425.975256
10,652,0,406.640789
10,653,0,493.642211
10,654,0,521.889377
10,655,0,431.374931
10,656,0,492.447331
10,657,0,423.560596
10,658,0,458.601459
10,659,0,419.76942
10,660,0,488.015254
10,661,0,462.571323
10,662,0,428.076771
10,663,0,504.202363
10,664,0,420.631267
10,665,0,481.557862
10,666,0,455.801752
10,667,0,430.421637
10,668,0,495.657173
10,669,0,415.182271
10,670,0,488.46736
10,671,0,405.624515
10,672,0,456.176344
10,673,0,423.86591
10,674,0,410.168724
10,675,0,425.327653
10,676,0,428.248683
10,677,0,484.809699
10,678,0,422.3287
10,679,0,406.383233
10,680,0,429.061996
10,681,0,424.077564
10,682,0,414.376259
10,683,0,487.188952
10,684,0,428.754614
10,685,0,500.647285
10,686,0,422.576702
10,687,0,485.703466
10,688,0,436.152135
10,689,0,412.121087
10,690,0,441.986006
10,691,0,493.903597
10,692,0,415.954816
10,693,0,509.850925
10,694,0,460.700203
10,695,0,415.227056
10,696,0,433.342308
10,697,0,441.107487
10,698,0,432.011518
10,699,0,418.745837
10,700,0,431.705126
10,701,0,419.207336
10,702,0,496.019202
10,703,0,431.706366
10,704,0,435.417576
10,705,0,424.489794
10,706,0,437.888043
10,707,0,435.996171
10,708,0,494.036422
10,709,0,477.356914
10,710,0,491.330043
10,711,0,423.871523
10,712,0,429.252771
10,713,0,466.626912
10,714,0,458.567621
10,715,0,426.667491
10,716,0,413.114522
10,717,0,493.154383
10,718,0,423.891595
10,719,0,412.585599
10,720,0,421.440162
10,721,0,425.970442
10,722,0,443.807506
10,723,0,440.324499
10,724,0,411.175881
10,725,0,410.405119
10,726,0,416.362504
10,727,0,426.342688
10,728,0,500.844038
10,729,0,475.179972
10,730,0,423.309229
10,731,0,416.498636
10,732,0,498.716914
10,733,0,415.557423
10,734,0,419.001509
10,735,0,456.095242
10,736,0,468.678516
10,737,0,411.037209
10,738,0,413.334548
10,739,0,474.154391
10,740,0,492.521036
10,741,0,417.217939
10,742,0,498.477237
10,743,0,442.667137
10,744,0,426.10076
10,745,0,408.313149
10,746,0,431.846602
10,747,0,433.420302
10,748,0,476.016513
10,749,0,536.082679
10,750,0,460.66128
10,751,0,408.389324
10,752,0,437.244476
10,753,0,493.036114
10,754,0,428.619961
10,755,0,505.543295
10,756,0,495.673193
10,757,0,490.589301
10,758,0,509.900502
10,759,0,425.64145
10,760,0,411.897636
10,761,0,416.351752
10,762,0,483.489922
10,763,0,497.962498
10,764,0,426.828763
10,765,0,405.567354
10,766,0,464.98046
10,767,0,475.814649
10,768,0,494.759391
10,769,0,443.829213
10,770,0,480.084888
10,771,0,405.935576
10,772,0,483.105655
10,773,0,416.376518
10,774,0,413.191747
10,775,0,435.585117
10,776,0,422.573258
10,777,0,413.693653
10,778,0,511.288667
10,779,0,439.490755
10,780,0,491.691493
10,781,0,433.123462
10,782,0,449.588266
10,783,0,416.960427
10,784,0,442.514213
10,785,0,475.163594
10,786,0,418.146629
10,787,0,417.219459
10,788,0,424.551872
10,789,0,429.912239
10,790,0,427.054076
10,791,0,415.241945
10,792,0,416.513977
10,793,0,441.532695
10,794,0,417.729388
10,795,0,518.749819
10,796,0,419.169692
10,797,0,401.906044
10,798,0,434.217088
10,799,0,416.146117
10,800,0,417.035772
10,801,0,410.603744
10,802,0,480.209208
10,803,0,487.793508
10,804,0,423.827712
10,805,0,428.748152
10,806,0,481.078688
10,807,0,428.21529
10,808,0,433.287748
10,809,0,405.30992
10,810,0,461.075499
10,811,0,444.680341
10,812,0,409.388862
10,813,0,489.612628
10,814,0,409.691683
10,815,0,430.525813
10,816,0,408.937927
10,817,0,430.330157
10,818,0,490.9292
10,819,0,418.601529
10,820,0,458.021614
10,821,0,454.592775
10,822,0,408.065636
10,823,0,494.857675
10,824,0,409.906368
10,825,0,444.708714
10,826,0,492.601786
10,827,0,409.236369
10,828,0,477.401485
10,829,0,414.218915
10,830,0,446.298673
10,831,0,425.543329
10,832,0,408.814308
10,833,0,425.790657
10,834,0,418.722215
10,835,0,432.122507
10,836,0,507.713245
10,837,0,452.301884
10,838,0,406.284433
10,839,0,440.199994
10,840,0,416.223384
10,841,0,410.056493
10,842,0,485.812375
10,843,0,415.55452
10,844,0,474.469604
10,845,0,447.616809
10,846,0,432.609306
10,847,0,432.933807
10,848,0,522.886876
10,849,0,448.996872
10,850,0,423.058581
10,851,0,472.959504
10,852,0,421.866388
10,853,0,407.338619
10,854,0,420.563858
10,855,0,485.611578
10,856,0,413.37342
10,857,0,407.825833
10,858,0,435.135115
10,859,0,434.966717
10,860,0,479.465538
10,861,0,424.313914
10,862,0,437.510238
10,863,0,484.00704
10,864,0,438.779696
10,865,0,500.602831
10,866,0,417.607256
10,867,0,470.449619
10,868,0,402.301241
10,869,0,471.839608
10,870,0,418.00315
10,871,0,504.054591
10,872,0,423.332973
10,873,0,470.786001
10,874,0,502.01273
10,875,0,428.707715
10,876,0,420.222831
10,877,0,504.96196
10,878,0,500.156092
10,879,0,454.031478
10,880,0,454.653879
10,881,0,436.476437
10,882,0,435.601748
10,883,0,411.347841
10,884,0,423.83041
10,885,0,449.365457
10,886,0,464.447535
10,887,0,502.366947
10,888,0,421.196437
10,889,0,426.45307
10,890,0,491.558874
10,891,0,439.126815
10,892,0,415.897932
10,893,0,495.551839
10,894,0,438.814749
10,895,0,485.42546
10,896,0,422.178018
10,897,0,504.129366
10,898,0,428.94033
10,899,0,424.370132
10,900,0,412.674132
10,901,0,439.013138
10,902,0,496.140234
10,903,0,427.870113
10,904,0,424.75666
10,905,0,501.980144
10,906,0,419.433806
10,907,0,500.262758
10,908,0,430.12086
10,909,0,428.736864
10,910,0,525.336589
10,911,0,457.083585
10,912,0,416.78571
10,913,0,505.003896
10,914,0,420.274279
10,915,0,421.118033
10,916,0,415.925954
10,917,0,432.05112
10,918,0,493.627387
10,919,0,429.41819
10,920,0,411.395498
10,921,0,425.541289
10,922,0,428.138134
10,923,0,424.397183
10,924,0,508.460316
10,925,0,457.882766
10,926,0,436.564696
10,927,0,489.25921
10,928,0,505.984788
10,929,0,488.039952
10,930,0,495.092032
10,931,0,468.492385
10,932,0,463.845581
10,933,0,447.184681
10,934,0,408.115491
10,935,0,411.326405
10,936,0,496.563894
10,937,0,472.929641
10,938,0,441.970599
10,939,0,424.325591
10,940,0,479.948387
10,941,0,488.067526
10,942,0,501.14977
10,943,0,429.839625
10,944,0,424.212642
10,945,0,426.195673
10,946,0,493.809796
10,947,0,491.952786
10,948,0,420.447411
10,949,0,434.156428
10,950,0,435.82026
10,951,0,487.758693
10,952,0,412.332465
10,953,0,421.496475
10,954,0,414.039595
10,955,0,496.86315
10,956,0,423.826561
10,957,0,426.4841
10,958,0,444.205621
10,959,0,406.806759
10,960,0,496.082186
10,961,0,417.659542
10,962,0,480.899729
10,963,0,502.256495
10,964,0,426.762381
10,965,0,423.542366
10,966,0,430.286292
10,967,0,499.649478
10,968,0,413.617507
10,969,0,442.007468
10,970,0,490.376129
10,971,0,429.233275
10,972,0,411.68956
10,973,0,459.22866
10,974,0,486.156776
10,975,0,451.617898
10,976,0,425.406878
10,977,0,431.224816
10,978,0,420.554066
10,979,0,425.095295
10,980,0,422.467856
10,981,0,495.855114
10,982,0,428.057354
10,983,0,437.971084
10,984,0,476.563919
10,985,0,521.388311
10,986,0,420.883972
10,987,0,417.981573
10,988,0,444.566941
10,989,0,418.977294
10,990,0,421.200146
10,991,0,418.909271
10,992,0,487.712947
10,993,0,419.759386
10,994,0,416.191358
10,995,0,434.15776
10,996,0,440.724623
10,997,0,422.985989
10,998,0,423.536957
10,999,0,410.730428
