batch_id,key_index,thermal_state,keygen_cycles
1,0,0,50.382404
1,1,0,52.685767
1,2,0,48.170696
1,3,0,54.485965
1,4,0,53.107455
1,5,0,49.360781
1,6,0,49.487615
1,7,0,52.46538
1,8,0,51.421838
1,9,0,62.048811
1,10,0,51.790007
1,11,0,48.183968
1,12,0,48.050701
1,13,0,52.963966
1,14,0,49.848317
1,15,0,50.371751
1,16,0,56.609572
1,17,0,50.585248
1,18,0,56.565579
1,19,0,56.50656
1,20,0,67.233122
1,21,0,49.850502
1,22,0,54.827915
1,23,0,55.255011
1,24,0,48.316207
1,25,0,50.263375
1,26,0,49.056219
1,27,0,57.240052
1,28,0,48.343494
1,29,0,52.171956
1,30,0,56.495789
1,31,0,51.609274
1,32,0,54.760314
1,33,0,49.925397
1,34,0,51.449134
1,35,0,51.995674
1,36,0,48.254822
1,37,0,51.035511
1,38,0,51.265825
1,39,0,56.76399
1,40,0,49.936438
1,41,0,50.749147
1,42,0,58.338021
1,43,0,58.646382
1,44,0,56.336884
1,45,0,55.132756
1,46,0,60.561642
1,47,0,52.097464
1,48,0,53.907094
1,49,0,61.494714
1,50,0,51.601935
1,51,0,50.94047
1,52,0,52.121912
1,53,0,49.568787
1,54,0,61.413205
1,55,0,54.222454
1,56,0,51.131747
1,57,0,57.981318
1,58,0,50.077314
1,59,0,55.098402
1,60,0,53.637143
1,61,0,49.905714
1,62,0,49.13908
1,63,0,52.540189
1,64,0,52.99553
1,65,0,52.321424
1,66,0,51.034565
1,67,0,49.011534
1,68,0,53.647995
1,69,0,56.366113
1,70,0,52.687594
1,71,0,48.601644
1,72,0,54.388598
1,73,0,58.333187
1,74,0,51.95279
1,75,0,50.42346
1,76,0,49.063506
1,77,0,49.660797
1,78,0,52.348862
1,79,0,50.372363
1,80,0,55.070708
1,81,0,49.546574
1,82,0,48.291089
1,83,0,55.672264
1,84,0,51.394271
1,85,0,56.300373
1,86,0,51.09985
1,87,0,49.551186
1,88,0,50.329754
1,89,0,50.308389
1,90,0,48.511764
1,91,0,54.535459
1,92,0,51.09338
1,93,0,54.473618
1,94,0,50.989198
1,95,0,57.112507
1,96,0,53.790914
1,97,0,50.280118
1,98,0,57.501067
1,99,0,51.867661
1,100,0,51.863617
1,101,0,52.362012
1,102,0,58.635432
1,103,0,56.639853
1,104,0,52.281758
1,105,0,56.740587
1,106,0,64.200855
1,107,0,48.924342
1,108,0,57.879077
1,109,0,54.181968
1,110,0,53.878482
1,111,0,55.572953
1,112,0,53.281496
1,113,0,48.017799
1,114,0,47.773856
1,115,0,49.52055
1,116,0,50.670331
1,117,0,50.414217
1,118,0,55.549179
1,119,0,49.083671
1,120,0,54.085491
1,121,0,51.397744
1,122,0,54.725696
1,123,0,51.648997
1,124,0,50.314838
1,125,0,54.523623
1,126,0,50.612095
1,127,0,55.974008
1,128,0,55.371954
1,129,0,55.562014
1,130,0,48.808755
1,131,0,57.190863
1,132,0,53.356204
1,133,0,54.805499
1,134,0,51.958108
1,135,0,55.877059
1,136,0,60.403143
1,137,0,49.726603
1,138,0,60.260373
1,139,0,54.505095
1,140,0,50.045102
1,141,0,50.623899
1,142,0,54.098745
1,143,0,50.836674
1,144,0,51.803731
1,145,0,56.311834
1,146,0,51.77761
1,147,0,53.549846
1,148,0,53.581919
1,149,0,51.966024
1,150,0,60.727489
1,151,0,52.856335
1,152,0,60.080258
1,153,0,52.824776
1,154,0,49.293355
1,155,0,50.543544
1,156,0,50.271049
1,157,0,54.49057
1,158,0,52.103183
1,159,0,51.189081
1,160,0,48.166191
1,161,0,49.498737
1,162,0,65.00147
1,163,0,54.441858
1,164,0,48.800082
1,165,0,56.487527
1,166,0,49.725064
1,167,0,51.261271
1,168,0,50.830341
1,169,0,51.531549
1,170,0,55.410544
1,171,0,55.227423
1,172,0,60.503727
1,173,0,50.727091
1,174,0,55.724328
1,175,0,53.119408
1,176,0,49.472155
1,177,0,59.680996
1,178,0,52.077112
1,179,0,51.700125
1,180,0,57.537485
1,181,0,56.336216
1,182,0,55.267134
1,183,0,57.341091
1,184,0,54.725095
1,185,0,52.553818
1,186,0,59.731917
1,187,0,58.291825
1,188,0,49.786119
1,189,0,51.565214
1,190,0,57.32811
1,191,0,54.27434
1,192,0,49.639791
1,193,0,51.543296
1,194,0,52.313673
1,195,0,53.882401
1,196,0,53.573018
1,197,0,51.77428
1,198,0,50.13472
1,199,0,50.988247
1,200,0,52.010399
1,201,0,53.912597
1,202,0,52.517954
1,203,0,47.854997
1,204,0,50.895381
1,205,0,50.035688
1,206,0,52.699326
1,207,0,58.428008
1,208,0,53.693856
1,209,0,55.287025
1,210,0,49.512721
1,211,0,52.143708
1,212,0,49.089731
1,213,0,53.165674
1,214,0,55.731628
1,215,0,53.300676
1,216,0,54.389985
1,217,0,51.387845
1,218,0,53.791696
1,219,0,62.559968
1,220,0,50.043759
1,221,0,47.960111
1,222,0,52.115732
1,223,0,50.94976
1,224,0,58.342057
1,225,0,70.539229
1,226,0,51.552715
1,227,0,53.437081
1,228,0,52.654833
1,229,0,58.454275
1,230,0,50.433925
1,231,0,49.392505
1,232,0,50.167207
1,233,0,48.823346
1,234,0,49.883573
1,235,0,56.240944
1,236,0,50.09589
1,237,0,55.038108
1,238,0,61.24852
1,239,0,53.038692
1,240,0,55.762613
1,241,0,52.776316
1,242,0,49.980736
1,243,0,51.445909
1,244,0,52.672961
1,245,0,53.714038
1,246,0,55.910025
1,247,0,55.124144
1,248,0,50.858492
1,249,0,53.158089
1,250,0,55.662498
1,251,0,51.297952
1,252,0,50.113828
1,253,0,50.929873
1,254,0,50.658505
1,255,0,54.856097
1,256,0,54.195023
1,257,0,52.109476
1,258,0,55.451086
1,259,0,49.513704
1,260,0,53.67827
1,261,0,48.635608
1,262,0,56.235817
1,263,0,56.242074
1,264,0,52.911914
1,265,0,56.170035
1,266,0,52.402954
1,267,0,49.575912
1,268,0,51.668167
1,269,0,56.888497
1,270,0,53.303995
1,271,0,52.867158
1,272,0,54.721802
1,273,0,53.308851
1,274,0,56.682112
1,275,0,52.372809
1,276,0,52.763691
1,277,0,49.401557
1,278,0,66.435907
1,279,0,53.372907
1,280,0,50.524397
1,281,0,48.38349
1,282,0,51.573314
1,283,0,52.114014
1,284,0,52.986398
1,285,0,54.239568
1,286,0,50.283072
1,287,0,48.592094
1,288,0,50.908614
1,289,0,50.774647
1,290,0,49.356731
1,291,0,55.252722
1,292,0,50.149629
1,293,0,52.574858
1,294,0,59.507739
1,295,0,53.178728
1,296,0,51.93923
1,297,0,55.275066
1,298,0,54.573374
1,299,0,56.687816
1,300,0,51.67947
1,301,0,51.696245
1,302,0,48.390369
1,303,0,53.504039
1,304,0,48.336994
1,305,0,52.83438
1,306,0,55.445132
1,307,0,53.565235
1,308,0,51.973403
1,309,0,51.207312
1,310,0,62.74734
1,311,0,60.212168
1,312,0,49.594535
1,313,0,59.009438
1,314,0,50.339033
1,315,0,50.020968
1,316,0,53.601037
1,317,0,66.366331
1,318,0,52.988359
1,319,0,50.664147
1,320,0,51.018943
1,321,0,57.943121
1,322,0,55.106063
1,323,0,56.890392
1,324,0,51.991926
1,325,0,51.120362
1,326,0,51.470603
1,327,0,50.435822
1,328,0,49.917136
1,329,0,50.345156
1,330,0,57.679959
1,331,0,56.646096
1,332,0,48.519118
1,333,0,50.052353
1,334,0,50.76598
1,335,0,48.002346
1,336,0,55.133944
1,337,0,50.234737
1,338,0,49.973096
1,339,0,58.895765
1,340,0,48.438493
1,341,0,49.164096
1,342,0,52.32243
1,343,0,47.656364
1,344,0,58.577609
1,345,0,53.162324
1,346,0,59.039964
1,347,0,51.106396
1,348,0,51.548059
1,349,0,57.490391
1,350,0,48.872364
1,351,0,52.750137
1,352,0,53.20927
1,353,0,51.678284
1,354,0,55.194481
1,355,0,53.417505
1,356,0,56.498646
1,357,0,55.073697
1,358,0,52.469632
1,359,0,60.6299
1,360,0,54.943092
1,361,0,53.866788
1,362,0,51.003167
1,363,0,57.978805
1,364,0,51.814048
1,365,0,50.361456
1,366,0,49.411704
1,367,0,51.235998
1,368,0,50.537075
1,369,0,56.08156
1,370,0,48.032281
1,371,0,53.27678
1,372,0,52.993116
1,373,0,48.29212
1,374,0,55.377158
1,375,0,49.318082
1,376,0,51.074175
1,377,0,49.645664
1,378,0,55.505457
1,379,0,55.603667
1,380,0,49.969342
1,381,0,52.429563
1,382,0,57.291835
1,383,0,61.355853
1,384,0,48.495133
1,385,0,59.25072
1,386,0,49.042715
1,387,0,57.162111
1,388,0,50.169897
1,389,0,51.715067
1,390,0,50.669923
1,391,0,50.77049
1,392,0,52.952778
1,393,0,51.708712
1,394,0,49.193297
1,395,0,56.206348
1,396,0,56.047405
1,397,0,60.09818
1,398,0,59.724437
1,399,0,51.461264
1,400,0,50.349568
1,401,0,53.906065
1,402,0,49.51704
1,403,0,54.560674
1,404,0,52.763351
1,405,0,51.247118
1,406,0,50.54525
1,407,0,50.118401
1,408,0,52.443408
1,409,0,50.001419
1,410,0,53.822485
1,411,0,52.564138
1,412,0,51.415628
1,413,0,49.10113
1,414,0,51.293392
1,415,0,48.551593
1,416,0,50.636746
1,417,0,54.158193
1,418,0,52.062768
1,419,0,49.696615
1,420,0,60.635282
1,421,0,50.804529
1,422,0,51.76076
1,423,0,55.382773
1,424,0,49.814852
1,425,0,53.289321
1,426,0,49.738797
1,427,0,52.640429
1,428,0,51.449413
1,429,0,53.843683
1,430,0,51.181225
1,431,0,50.062794
1,432,0,59.228213
1,433,0,50.89411
1,434,0,54.352571
1,435,0,60.896848
1,436,0,58.587786
1,437,0,54.038148
1,438,0,66.335899
1,439,0,49.802769
1,440,0,49.23816
1,441,0,57.85564
1,442,0,56.425528
1,443,0,55.944723
1,444,0,57.832756
1,445,0,49.397572
1,446,0,50.29507
1,447,0,55.499628
1,448,0,58.922949
1,449,0,52.898316
1,450,0,50.892059
1,451,0,57.018523
1,452,0,57.109889
1,453,0,52.720521
1,454,0,53.198862
1,455,0,53.128538
1,456,0,56.699338
1,457,0,53.565389
1,458,0,53.482629
1,459,0,54.144649
1,460,0,52.697125
1,461,0,52.085816
1,462,0,55.449115
1,463,0,52.059598
1,464,0,50.685017
1,465,0,61.430079
1,466,0,52.258929
1,467,0,53.310955
1,468,0,49.578862
1,469,0,50.377942
1,470,0,59.832863
1,471,0,51.37549
1,472,0,55.998059
1,473,0,51.474508
1,474,0,50.06596
1,475,0,65.812057
1,476,0,53.129753
1,477,0,54.706456
1,478,0,58.760312
1,479,0,51.002376
1,480,0,49.9276
1,481,0,53.420033
1,482,0,54.38539
1,483,0,53.355656
1,484,0,60.612285
1,485,0,53.902396
1,486,0,52.157293
1,487,0,55.07807
1,488,0,52.855422
1,489,0,54.364822
1,490,0,61.572008
1,491,0,59.000191
1,492,0,51.463176
1,493,0,52.162804
1,494,0,56.086621
1,495,0,48.219673
1,496,0,53.183474
1,497,0,58.428503
1,498,0,58.405101
1,499,0,50.749989
1,500,0,54.619865
1,501,0,51.631105
1,502,0,54.264893
1,503,0,54.223093
1,504,0,48.411478
1,505,0,49.503432
1,506,0,49.792148
1,507,0,50.305229
1,508,0,51.723339
1,509,0,51.479796
1,510,0,52.949188
1,511,0,50.742888
1,512,0,54.19723
1,513,0,52.649133
1,514,0,54.414139
1,515,0,57.358904
1,516,0,54.255422
1,517,0,48.653915
1,518,0,64.94792
1,519,0,50.024
1,520,0,57.318126
1,521,0,52.140109
1,522,0,56.926974
1,523,0,51.662491
1,524,0,51.775758
1,525,0,55.324951
1,526,0,51.096617
1,527,0,56.89233
1,528,0,51.834623
1,529,0,62.450602
1,530,0,52.235795
1,531,0,57.610042
1,532,0,50.110765
1,533,0,49.672439
1,534,0,51.64985
1,535,0,49.539898
1,536,0,50.488367
1,537,0,49.51101
1,538,0,51.060873
1,539,0,47.93597
1,540,0,49.489228
1,541,0,58.100952
1,542,0,48.899736
1,543,0,65.835177
1,544,0,49.003965
1,545,0,49.865154
1,546,0,53.009132
1,547,0,49.803514
1,548,0,51.671551
1,549,0,51.765845
1,550,0,53.134096
1,551,0,52.486764
1,552,0,50.956598
1,553,0,51.327172
1,554,0,53.919019
1,555,0,49.922441
1,556,0,50.487743
1,557,0,54.110729
1,558,0,55.756845
1,559,0,58.692859
1,560,0,62.153495
1,561,0,52.94695
1,562,0,48.538206
1,563,0,56.221809
1,564,0,55.622107
1,565,0,63.147974
1,566,0,53.547814
1,567,0,55.619706
1,568,0,53.865368
1,569,0,53.062153
1,570,0,49.353405
1,571,0,54.185827
1,572,0,48.825522
1,573,0,55.55925
1,574,0,52.197514
1,575,0,55.328989
1,576,0,54.444076
1,577,0,51.048612
1,578,0,48.546471
1,579,0,50.773404
1,580,0,62.671343
1,581,0,53.922302
1,582,0,49.126031
1,583,0,51.914013
1,584,0,48.98662
1,585,0,52.084855
1,586,0,52.094344
1,587,0,60.583162
1,588,0,54.238975
1,589,0,54.025824
1,590,0,65.491952
1,591,0,48.889235
1,592,0,59.503726
1,593,0,60.113607
1,594,0,50.34351
1,595,0,48.487334
1,596,0,49.997955
1,597,0,51.103083
1,598,0,50.594433
1,599,0,50.869205
1,600,0,62.796064
1,601,0,56.49452
1,602,0,51.537024
1,603,0,54.047206
1,604,0,51.938661
1,605,0,52.317375
1,606,0,55.377494
1,607,0,52.429947
1,608,0,54.311314
1,609,0,51.416021
1,610,0,53.397366
1,611,0,60.296897
1,612,0,59.235036
1,613,0,48.879839
1,614,0,52.034544
1,615,0,52.999608
1,616,0,56.941867
1,617,0,56.695749
1,618,0,50.026647
1,619,0,49.776835
1,620,0,50.333764
1,621,0,54.493885
1,622,0,54.284593
1,623,0,51.802275
1,624,0,53.265902
1,625,0,54.087712
1,626,0,49.11376
1,627,0,53.674061
1,628,0,56.503467
1,629,0,53.301409
1,630,0,54.028857
1,631,0,53.35423
1,632,0,59.158702
1,633,0,65.031265
1,634,0,49.083329
1,635,0,51.03081
1,636,0,54.322932
1,637,0,50.887959
1,638,0,50.927084
1,639,0,49.910567
1,640,0,52.590053
1,641,0,57.108182
1,642,0,63.668677
1,643,0,48.727166
1,644,0,49.062528
1,645,0,58.292893
1,646,0,58.065823
1,647,0,48.527103
1,648,0,55.982737
1,649,0,54.266834
1,650,0,52.669461
1,651,0,51.986501
1,652,0,55.597239
1,653,0,48.425558
1,654,0,53.760418
1,655,0,51.462948
1,656,0,52.935509
1,657,0,52.968182
1,658,0,57.29555
1,659,0,60.31206
1,660,0,57.842029
1,661,0,55.753101
1,662,0,51.008895
1,663,0,55.472202
1,664,0,48.48105
1,665,0,54.701658
1,666,0,53.551387
1,667,0,51.496808
1,668,0,52.671679
1,669,0,49.457953
1,670,0,50.115201
1,671,0,55.272707
1,672,0,52.28587
1,673,0,53.03065
1,674,0,53.948865
1,675,0,54.571693
1,676,0,63.105965
1,677,0,51.335912
1,678,0,53.87416
1,679,0,49.865618
1,680,0,49.47989
1,681,0,52.141093
1,682,0,52.546664
1,683,0,59.565147
1,684,0,48.881228
1,685,0,53.259705
1,686,0,51.269082
1,687,0,57.39156
1,688,0,57.611883
1,689,0,48.536798
1,690,0,49.916139
1,691,0,54.370326
1,692,0,50.644969
1,693,0,52.979473
1,694,0,57.013198
1,695,0,54.061198
1,696,0,51.554213
1,697,0,50.597427
1,698,0,54.697534
1,699,0,49.640209
1,700,0,53.10243
1,701,0,50.457482
1,702,0,51.949187
1,703,0,52.235856
1,704,0,56.834307
1,705,0,65.04667
1,706,0,52.244769
1,707,0,49.516714
1,708,0,51.463028
1,709,0,48.880573
1,710,0,48.422218
1,711,0,56.552065
1,712,0,52.750953
1,713,0,51.180217
1,714,0,57.158811
1,715,0,54.090834
1,716,0,57.291806
1,717,0,57.993197
1,718,0,51.698011
1,719,0,54.729912
1,720,0,53.454493
1,721,0,49.338317
1,722,0,55.450348
1,723,0,51.61209
1,724,0,50.146254
1,725,0,55.88319
1,726,0,49.674524
1,727,0,55.961518
1,728,0,50.519574
1,729,0,55.121361
1,730,0,52.935797
1,731,0,58.280782
1,732,0,55.686182
1,733,0,49.311912
1,734,0,50.631075
1,735,0,56.501019
1,736,0,56.341543
1,737,0,52.840522
1,738,0,50.509365
1,739,0,52.319556
1,740,0,51.504652
1,741,0,50.286917
1,742,0,49.839216
1,743,0,50.749579
1,744,0,54.23101
1,745,0,52.861899
1,746,0,61.822077
1,747,0,66.412616
1,748,0,55.888079
1,749,0,50.206091
1,750,0,54.753782
1,751,0,54.571515
1,752,0,55.701467
1,753,0,50.192692
1,754,0,55.665603
1,755,0,51.418415
1,756,0,50.304967
1,757,0,62.578004
1,758,0,52.486445
1,759,0,52.772268
1,760,0,50.336532
1,761,0,53.559667
1,762,0,52.438862
1,763,0,49.666276
1,764,0,52.819902
1,765,0,56.171273
1,766,0,49.234085
1,767,0,53.74932
1,768,0,53.13399
1,769,0,49.537601
1,770,0,58.04321
1,771,0,50.744188
1,772,0,52.79937
1,773,0,52.151353
1,774,0,56.07277
1,775,0,50.077789
1,776,0,50.115632
1,777,0,56.310293
1,778,0,51.171111
1,779,0,54.532073
1,780,0,51.937757
1,781,0,53.33179
1,782,0,48.457814
1,783,0,52.767849
1,784,0,68.037874
1,785,0,55.339579
1,786,0,49.619001
1,787,0,49.528648
1,788,0,54.142065
1,789,0,49.315476
1,790,0,54.303424
1,791,0,49.342323
1,792,0,53.340478
1,793,0,53.790342
1,794,0,51.426034
1,795,0,51.535871
1,796,0,52.230737
1,797,0,62.913129
1,798,0,52.036853
1,799,0,55.896223
1,800,0,51.837544
1,801,0,49.812853
1,802,0,62.42322
1,803,0,61.254875
1,804,0,50.678444
1,805,0,51.880345
1,806,0,53.766774
1,807,0,49.237614
1,808,0,53.318041
1,809,0,53.730209
1,810,0,49.90589
1,811,0,50.853385
1,812,0,50.586078
1,813,0,50.388028
1,814,0,50.765037
1,815,0,51.10866
1,816,0,49.599865
1,817,0,51.09802
1,818,0,62.124142
1,819,0,53.864507
1,820,0,52.766982
1,821,0,55.928948
1,822,0,47.694228
1,823,0,50.492177
1,824,0,67.766575
1,825,0,50.49608
1,826,0,54.738155
1,827,0,51.122531
1,828,0,49.499663
1,829,0,52.716608
1,830,0,52.426079
1,831,0,54.465413
1,832,0,55.908823
1,833,0,56.88273
1,834,0,57.575123
1,835,0,54.252091
1,836,0,55.025356
1,837,0,52.405143
1,838,0,59.096355
1,839,0,51.689596
1,840,0,50.538077
1,841,0,51.547326
1,842,0,50.722818
1,843,0,53.653297
1,844,0,53.914323
1,845,0,56.485068
1,846,0,52.262827
1,847,0,49.596281
1,848,0,51.633434
1,849,0,48.751017
1,850,0,58.484875
1,851,0,48.636956
1,852,0,50.084705
1,853,0,49.759436
1,854,0,60.446905
1,855,0,50.680565
1,856,0,53.125129
1,857,0,50.812662
1,858,0,50.796429
1,859,0,54.340825
1,860,0,48.358943
1,861,0,66.171894
1,862,0,52.058161
1,863,0,52.46725
1,864,0,52.801213
1,865,0,52.543908
1,866,0,53.102698
1,867,0,52.95207
1,868,0,52.903755
1,869,0,57.367508
1,870,0,58.084225
1,871,0,48.462022
1,872,0,54.514223
1,873,0,56.637512
1,874,0,62.769616
1,875,0,53.09
1,876,0,53.707725
1,877,0,51.163878
1,878,0,56.569386
1,879,0,53.736343
1,880,0,49.912029
1,881,0,48.626409
1,882,0,47.980997
1,883,0,48.532899
1,884,0,57.796454
1,885,0,51.805888
1,886,0,61.808585
1,887,0,55.610775
1,888,0,49.644643
1,889,0,54.664456
1,890,0,51.3846
1,891,0,52.310148
1,892,0,51.390572
1,893,0,48.870626
1,894,0,56.505628
1,895,0,50.828343
1,896,0,55.457335
1,897,0,50.219893
1,898,0,65.364013
1,899,0,56.513932
1,900,0,49.440902
1,901,0,49.960383
1,902,0,54.63177
1,903,0,64.338535
1,904,0,57.15511
1,905,0,51.240744
1,906,0,57.849634
1,907,0,51.089277
1,908,0,51.237666
1,909,0,48.264664
1,910,0,52.084007
1,911,0,53.631311
1,912,0,53.473365
1,913,0,52.096954
1,914,0,59.677498
1,915,0,60.681441
1,916,0,51.993278
1,917,0,49.539723
1,918,0,55.176525
1,919,0,54.058977
1,920,0,48.833998
1,921,0,59.869706
1,922,0,56.025778
1,923,0,54.834225
1,924,0,52.13062
1,925,0,56.557589
1,926,0,52.311229
1,927,0,51.719917
1,928,0,49.662315
1,929,0,51.412122
1,930,0,54.414849
1,931,0,50.925349
1,932,0,49.047007
1,933,0,50.953693
1,934,0,54.778789
1,935,0,53.776943
1,936,0,55.282644
1,937,0,51.035789
1,938,0,58.461328
1,939,0,60.064089
1,940,0,55.388574
1,941,0,51.282895
1,942,0,49.704924
1,943,0,51.626642
1,944,0,49.500767
1,945,0,54.271824
1,946,0,62.89544
1,947,0,54.704753
1,948,0,52.95325
1,949,0,53.954194
1,950,0,56.131552
1,951,0,51.231401
1,952,0,48.179194
1,953,0,57.101464
1,954,0,51.240723
1,955,0,49.124655
1,956,0,53.411112
1,957,0,52.800984
1,958,0,52.298016
1,959,0,49.395507
1,960,0,52.845222
1,961,0,55.949607
1,962,0,49.1612
1,963,0,50.263156
1,964,0,61.755488
1,965,0,50.36527
1,966,0,52.279526
1,967,0,51.001996
1,968,0,51.953347
1,969,0,51.423033
1,970,0,66.240544
1,971,0,50.224606
1,972,0,49.022034
1,973,0,51.537332
1,974,0,48.912918
1,975,0,50.957071
1,976,0,53.919894
1,977,0,49.302023
1,978,0,54.248063
1,979,0,50.50643
1,980,0,55.12583
1,981,0,50.874577
1,982,0,51.749644
1,983,0,55.782771
1,984,0,50.609359
1,985,0,53.100746
1,986,0,50.056527
1,987,0,49.359141
1,988,0,56.812203
1,989,0,50.706375
1,990,0,51.594681
1,991,0,53.6206
1,992,0,49.221334
1,993,0,51.515475
1,994,0,52.05469
1,995,0,54.262711
1,996,0,48.749906
1,997,0,55.227643
1,998,0,57.031531
1,999,0,67.871254
2,0,0,49.496986
2,1,0,49.618284
2,2,0,53.259831
2,3,0,51.230233
2,4,0,53.062247
2,5,0,51.482607
2,6,0,58.245029
2,7,0,50.4686
2,8,0,53.944272
2,9,0,59.463303
2,10,0,55.729954
2,11,0,52.602849
2,12,0,53.66233
2,13,0,57.030554
2,14,0,53.566715
2,15,0,52.277331
2,16,0,57.418844
2,17,0,59.667573
2,18,0,52.522654
2,19,0,51.108335
2,20,0,65.096622
2,21,0,55.539184
2,22,0,52.759044
2,23,0,55.64813
2,24,0,53.054813
2,25,0,53.892274
2,26,0,61.677383
2,27,0,51.841822
2,28,0,50.281718
2,29,0,50.039751
2,30,0,55.450634
2,31,0,51.656565
2,32,0,55.460189
2,33,0,52.721742
2,34,0,48.587742
2,35,0,55.533892
2,36,0,51.975721
2,37,0,61.435437
2,38,0,49.735033
2,39,0,52.405751
2,40,0,49.355672
2,41,0,61.26933
2,42,0,57.403528
2,43,0,50.891022
2,44,0,48.632599
2,45,0,51.719744
2,46,0,54.711391
2,47,0,54.88473
2,48,0,57.43552
2,49,0,55.019041
2,50,0,56.44732
2,51,0,59.554893
2,52,0,57.477818
2,53,0,54.338438
2,54,0,54.510752
2,55,0,51.801329
2,56,0,51.259157
2,57,0,49.113837
2,58,0,60.964409
2,59,0,54.235672
2,60,0,56.519363
2,61,0,51.899094
2,62,0,55.342994
2,63,0,52.024011
2,64,0,50.075521
2,65,0,50.055753
2,66,0,50.378364
2,67,0,50.361049
2,68,0,57.358116
2,69,0,59.669652
2,70,0,48.589164
2,71,0,56.925007
2,72,0,52.950111
2,73,0,53.549317
2,74,0,51.910186
2,75,0,54.514727
2,76,0,51.094372
2,77,0,53.166145
2,78,0,51.031158
2,79,0,53.393827
2,80,0,54.526013
2,81,0,53.061362
2,82,0,51.554737
2,83,0,53.022282
2,84,0,58.461631
2,85,0,55.815805
2,86,0,52.115833
2,87,0,49.480972
2,88,0,49.381009
2,89,0,57.793733
2,90,0,53.958981
2,91,0,50.749471
2,92,0,54.170366
2,93,0,49.61625
2,94,0,55.630154
2,95,0,54.023545
2,96,0,51.023502
2,97,0,58.14153
2,98,0,51.5794
2,99,0,57.189346
2,100,0,51.659714
2,101,0,50.04866
2,102,0,48.071309
2,103,0,63.34018
2,104,0,53.986551
2,105,0,55.799572
2,106,0,54.32329
2,107,0,49.544775
2,108,0,49.665812
2,109,0,52.405359
2,110,0,55.414025
2,111,0,49.715564
2,112,0,50.846743
2,113,0,54.774454
2,114,0,57.773343
2,115,0,60.98682
2,116,0,49.208928
2,117,0,60.451457
2,118,0,56.658813
2,119,0,62.101052
2,120,0,52.453023
2,121,0,52.838291
2,122,0,59.131571
2,123,0,51.751138
2,124,0,52.410626
2,125,0,48.493387
2,126,0,51.746812
2,127,0,58.093429
2,128,0,57.292271
2,129,0,53.786338
2,130,0,50.707583
2,131,0,51.160288
2,132,0,52.031931
2,133,0,53.193682
2,134,0,49.706514
2,135,0,56.044975
2,136,0,59.406545
2,137,0,51.359
2,138,0,54.573267
2,139,0,54.047131
2,140,0,49.942458
2,141,0,50.557051
2,142,0,56.287024
2,143,0,51.275291
2,144,0,51.344449
2,145,0,50.105881
2,146,0,52.131805
2,147,0,51.054034
2,148,0,50.814975
2,149,0,49.758309
2,150,0,50.435544
2,151,0,49.219117
2,152,0,47.698953
2,153,0,53.732683
2,154,0,61.242309
2,155,0,50.618739
2,156,0,56.1762
2,157,0,50.480137
2,158,0,52.166106
2,159,0,51.384043
2,160,0,52.080751
2,161,0,55.426711
2,162,0,48.685727
2,163,0,51.380505
2,164,0,52.973751
2,165,0,48.306448
2,166,0,53.96942
2,167,0,50.227777
2,168,0,49.93149
2,169,0,49.623733
2,170,0,54.12101
2,171,0,49.527327
2,172,0,49.775449
2,173,0,52.203176
2,174,0,49.935289
2,175,0,51.625904
2,176,0,54.850781
2,177,0,52.269958
2,178,0,50.919068
2,179,0,53.203344
2,180,0,57.437377
2,181,0,53.245809
2,182,0,49.03927
2,183,0,55.566124
2,184,0,54.32285
2,185,0,54.816628
2,186,0,53.443323
2,187,0,56.987431
2,188,0,53.034939
2,189,0,53.669929
2,190,0,59.170787
2,191,0,58.911703
2,192,0,52.700451
2,193,0,52.283889
2,194,0,54.775087
2,195,0,53.843915
2,196,0,56.092843
2,197,0,58.314726
2,198,0,49.664968
2,199,0,65.671825
2,200,0,51.406585
2,201,0,50.803454
2,202,0,52.886628
2,203,0,52.443226
2,204,0,48.609599
2,205,0,56.062417
2,206,0,48.909116
2,207,0,56.635215
2,208,0,51.960159
2,209,0,51.567121
2,210,0,52.785514
2,211,0,56.014029
2,212,0,54.610582
2,213,0,54.980855
2,214,0,67.305994
2,215,0,51.433338
2,216,0,62.427722
2,217,0,48.806998
2,218,0,52.740629
2,219,0,53.257891
2,220,0,52.599085
2,221,0,51.284348
2,222,0,59.301133
2,223,0,48.755365
2,224,0,49.467279
2,225,0,50.671842
2,226,0,47.952295
2,227,0,50.593255
2,228,0,60.919632
2,229,0,52.009471
2,230,0,50.230783
2,231,0,51.074114
2,232,0,51.939234
2,233,0,53.507389
2,234,0,62.779232
2,235,0,52.649012
2,236,0,51.410445
2,237,0,52.634613
2,238,0,51.734686
2,239,0,51.153939
2,240,0,58.27288
2,241,0,55.639227
2,242,0,59.54041
2,243,0,51.460965
2,244,0,48.506785
2,245,0,54.021301
2,246,0,57.426906
2,247,0,48.257095
2,248,0,52.164164
2,249,0,50.481233
2,250,0,49.098631
2,251,0,49.822209
2,252,0,49.117009
2,253,0,53.753574
2,254,0,51.716567
2,255,0,53.729145
2,256,0,51.42763
2,257,0,51.531241
2,258,0,50.124529
2,259,0,53.91933
2,260,0,59.062807
2,261,0,50.499226
2,262,0,56.101371
2,263,0,54.282554
2,264,0,52.071803
2,265,0,53.88345
2,266,0,51.519024
2,267,0,50.393758
2,268,0,48.218236
2,269,0,58.1875
2,270,0,51.510092
2,271,0,51.254655
2,272,0,55.282094
2,273,0,51.005756
2,274,0,49.369837
2,275,0,52.983501
2,276,0,57.988791
2,277,0,49.913758
2,278,0,58.667985
2,279,0,55.924732
2,280,0,59.745163
2,281,0,53.207235
2,282,0,53.605135
2,283,0,58.041664
2,284,0,50.460225
2,285,0,50.759317
2,286,0,52.208185
2,287,0,49.086201
2,288,0,50.568201
2,289,0,54.84646
2,290,0,65.643685
2,291,0,54.767005
2,292,0,58.220249
2,293,0,49.118331
2,294,0,51.215627
2,295,0,49.379672
2,296,0,54.253903
2,297,0,50.807942
2,298,0,55.143824
2,299,0,62.130308
2,300,0,60.439996
2,301,0,69.042354
2,302,0,49.752696
2,303,0,52.259223
2,304,0,57.42054
2,305,0,50.639105
2,306,0,51.771285
2,307,0,49.04587
2,308,0,54.451012
2,309,0,49.485519
2,310,0,56.461353
2,311,0,49.652478
2,312,0,49.270408
2,313,0,50.014037
2,314,0,49.217004
2,315,0,54.995967
2,316,0,50.467089
2,317,0,62.076493
2,318,0,55.343154
2,319,0,53.022933
2,320,0,49.795068
2,321,0,48.882954
2,322,0,50.894762
2,323,0,50.90744
2,324,0,48.339153
2,325,0,51.662662
2,326,0,52.430064
2,327,0,53.002221
2,328,0,53.794188
2,329,0,48.528703
2,330,0,53.598744
2,331,0,52.219691
2,332,0,53.698605
2,333,0,60.305241
2,334,0,57.421287
2,335,0,50.326281
2,336,0,50.469923
2,337,0,51.870425
2,338,0,64.015706
2,339,0,50.175399
2,340,0,58.99028
2,341,0,54.051756
2,342,0,54.211433
2,343,0,52.340273
2,344,0,55.385909
2,345,0,54.943825
2,346,0,49.343833
2,347,0,54.884052
2,348,0,57.338461
2,349,0,56.880519
2,350,0,53.650676
2,351,0,56.101391
2,352,0,53.235183
2,353,0,65.656287
2,354,0,50.671036
2,355,0,58.892749
2,356,0,50.873376
2,357,0,47.982185
2,358,0,56.959558
2,359,0,48.304577
2,360,0,54.34448
2,361,0,53.620033
2,362,0,49.906308
2,363,0,52.169182
2,364,0,51.033393
2,365,0,48.895008
2,366,0,50.726014
2,367,0,48.66977
2,368,0,53.859013
2,369,0,55.132481
2,370,0,50.527964
2,371,0,49.133657
2,372,0,58.189328
2,373,0,51.561638
2,374,0,51.577855
2,375,0,53.805666
2,376,0,48.805363
2,377,0,52.406404
2,378,0,52.982771
2,379,0,49.608175
2,380,0,52.853545
2,381,0,52.101349
2,382,0,58.47093
2,383,0,49.744066
2,384,0,57.784049
2,385,0,52.157571
2,386,0,49.444647
2,387,0,51.627904
2,388,0,48.890106
2,389,0,51.475257
2,390,0,61.456223
2,391,0,55.336904
2,392,0,49.81431
2,393,0,53.39758
2,394,0,54.210021
2,395,0,54.728766
2,396,0,62.179493
2,397,0,49.094711
2,398,0,51.69089
2,399,0,48.038047
2,400,0,51.095364
2,401,0,52.02136
2,402,0,51.736366
2,403,0,54.791455
2,404,0,59.225405
2,405,0,51.943094
2,406,0,51.506644
2,407,0,48.468767
2,408,0,50.116709
2,409,0,50.082916
2,410,0,48.817172
2,411,0,53.15876
2,412,0,54.272382
2,413,0,52.667608
2,414,0,49.241803
2,415,0,49.252307
2,416,0,51.777003
2,417,0,51.084525
2,418,0,57.019151
2,419,0,57.68912
2,420,0,51.148465
2,421,0,53.800071
2,422,0,50.561193
2,423,0,51.852223
2,424,0,51.407573
2,425,0,51.204186
2,426,0,57.338953
2,427,0,51.834546
2,428,0,67.049576
2,429,0,53.992641
2,430,0,54.05127
2,431,0,57.131684
2,432,0,54.613848
2,433,0,59.906915
2,434,0,50.859945
2,435,0,55.743311
2,436,0,51.850354
2,437,0,50.543539
2,438,0,62.339076
2,439,0,50.536268
2,440,0,48.263396
2,441,0,53.434176
2,442,0,48.259299
2,443,0,57.111497
2,444,0,52.960048
2,445,0,57.382466
2,446,0,51.640615
2,447,0,51.55618
2,448,0,51.820921
2,449,0,59.294638
2,450,0,57.442013
2,451,0,52.456583
2,452,0,54.840329
2,453,0,52.750019
2,454,0,49.10222
2,455,0,51.218347
2,456,0,49.400252
2,457,0,55.432024
2,458,0,54.251686
2,459,0,61.119975
2,460,0,50.832316
2,461,0,51.379981
2,462,0,51.70114
2,463,0,51.805396
2,464,0,48.350607
2,465,0,52.143416
2,466,0,50.314937
2,467,0,53.049298
2,468,0,58.005689
2,469,0,47.774584
2,470,0,61.078322
2,471,0,52.623457
2,472,0,49.343164
2,473,0,60.190469
2,474,0,53.519412
2,475,0,61.72271
2,476,0,52.605806
2,477,0,58.659204
2,478,0,49.770158
2,479,0,52.259519
2,480,0,52.876
2,481,0,49.77197
2,482,0,64.459911
2,483,0,50.172244
2,484,0,53.010987
2,485,0,50.387854
2,486,0,56.868324
2,487,0,52.308755
2,488,0,51.413961
2,489,0,57.387678
2,490,0,47.895159
2,491,0,56.239728
2,492,0,50.320505
2,493,0,53.73821
2,494,0,50.903741
2,495,0,55.409321
2,496,0,52.123872
2,497,0,48.544342
2,498,0,51.035974
2,499,0,54.602993
2,500,0,50.774965
2,501,0,53.676854
2,502,0,55.148806
2,503,0,54.759285
2,504,0,56.578857
2,505,0,53.051985
2,506,0,52.074759
2,507,0,52.932708
2,508,0,57.973028
2,509,0,50.374267
2,510,0,52.958116
2,511,0,51.358771
2,512,0,51.057297
2,513,0,48.356176
2,514,0,49.950225
2,515,0,59.126837
2,516,0,49.829944
2,517,0,56.441714
2,518,0,56.437702
2,519,0,50.036089
2,520,0,51.640814
2,521,0,50.573206
2,522,0,49.378468
2,523,0,49.519302
2,524,0,51.578735
2,525,0,49.232923
2,526,0,50.816805
2,527,0,48.237605
2,528,0,67.90367
2,529,0,55.570361
2,530,0,62.952473
2,531,0,68.685125
2,532,0,48.625726
2,533,0,50.317638
2,534,0,58.734304
2,535,0,50.58313
2,536,0,52.959606
2,537,0,55.165133
2,538,0,50.130159
2,539,0,54.769255
2,540,0,51.028945
2,541,0,49.031307
2,542,0,56.584246
2,543,0,49.043358
2,544,0,52.679109
2,545,0,50.498643
2,546,0,50.173804
2,547,0,61.612376
2,548,0,51.459963
2,549,0,54.9435
2,550,0,51.093161
2,551,0,52.288237
2,552,0,48.405237
2,553,0,49.447176
2,554,0,50.122551
2,555,0,51.515432
2,556,0,60.664761
2,557,0,49.049593
2,558,0,61.062705
2,559,0,56.606609
2,560,0,50.09003
2,561,0,58.591538
2,562,0,50.412915
2,563,0,52.460174
2,564,0,50.947237
2,565,0,48.175966
2,566,0,55.703545
2,567,0,52.854719
2,568,0,51.616994
2,569,0,55.675797
2,570,0,48.408827
2,571,0,58.464673
2,572,0,53.051174
2,573,0,49.02564
2,574,0,55.792942
2,575,0,48.089291
2,576,0,52.794964
2,577,0,54.674399
2,578,0,57.082883
2,579,0,49.927461
2,580,0,50.233211
2,581,0,49.222759
2,582,0,50.487323
2,583,0,52.410628
2,584,0,58.552279
2,585,0,52.570574
2,586,0,57.216249
2,587,0,52.767237
2,588,0,50.150528
2,589,0,50.31871
2,590,0,49.555962
2,591,0,63.414542
2,592,0,54.217705
2,593,0,59.996871
2,594,0,59.802357
2,595,0,50.063601
2,596,0,51.38114
2,597,0,59.731041
2,598,0,53.151623
2,599,0,51.014938
2,600,0,52.033521
2,601,0,56.873264
2,602,0,52.439166
2,603,0,53.43734
2,604,0,55.734769
2,605,0,52.804516
2,606,0,49.674891
2,607,0,56.824595
2,608,0,52.056964
2,609,0,52.898954
2,610,0,50.574951
2,611,0,53.042814
2,612,0,54.028295
2,613,0,52.175743
2,614,0,51.021696
2,615,0,64.226984
2,616,0,53.063518
2,617,0,52.432267
2,618,0,53.013262
2,619,0,48.589703
2,620,0,52.503109
2,621,0,53.162543
2,622,0,48.3528
2,623,0,49.262162
2,624,0,49.557418
2,625,0,53.914463
2,626,0,51.950917
2,627,0,51.942868
2,628,0,49.347096
2,629,0,55.120231
2,630,0,56.679482
2,631,0,48.47328
2,632,0,55.541022
2,633,0,58.835248
2,634,0,52.560573
2,635,0,55.775006
2,636,0,51.032291
2,637,0,53.982942
2,638,0,59.632061
2,639,0,50.865654
2,640,0,49.986078
2,641,0,49.270822
2,642,0,57.083794
2,643,0,53.779707
2,644,0,55.492744
2,645,0,52.916449
2,646,0,55.404163
2,647,0,51.135917
2,648,0,53.414411
2,649,0,61.868839
2,650,0,66.659843
2,651,0,58.403104
2,652,0,51.16964
2,653,0,70.225364
2,654,0,50.637402
2,655,0,49.342835
2,656,0,53.36302
2,657,0,53.196487
2,658,0,62.573627
2,659,0,49.358104
2,660,0,52.886899
2,661,0,53.831973
2,662,0,50.504972
2,663,0,59.500094
2,664,0,51.579909
2,665,0,54.78363
2,666,0,53.809218
2,667,0,56.333606
2,668,0,51.266664
2,669,0,55.452528
2,670,0,59.762325
2,671,0,59.563805
2,672,0,51.578191
2,673,0,51.972144
2,674,0,55.273489
2,675,0,56.088627
2,676,0,51.244032
2,677,0,53.374758
2,678,0,53.936365
2,679,0,63.568656
2,680,0,56.645418
2,681,0,54.711992
2,682,0,49.196825
2,683,0,50.926797
2,684,0,50.626013
2,685,0,52.336511
2,686,0,51.133938
2,687,0,51.612592
2,688,0,47.981805
2,689,0,51.682602
2,690,0,50.392629
2,691,0,52.676122
2,692,0,51.623671
2,693,0,55.020885
2,694,0,50.095993
2,695,0,50.787678
2,696,0,56.085158
2,697,0,60.007484
2,698,0,55.660583
2,699,0,51.443819
2,700,0,50.950703
2,701,0,56.978196
2,702,0,49.470901
2,703,0,50.769061
2,704,0,51.661765
2,705,0,65.970255
2,706,0,50.623431
2,707,0,49.290706
2,708,0,58.604673
2,709,0,56.861625
2,710,0,49.89934
2,711,0,52.475478
2,712,0,57.244757
2,713,0,53.342659
2,714,0,50.954906
2,715,0,50.809118
2,716,0,50.296769
2,717,0,53.630428
2,718,0,57.209162
2,719,0,53.167971
2,720,0,50.23763
2,721,0,51.665053
2,722,0,49.386661
2,723,0,55.342934
2,724,0,53.37858
2,725,0,61.97772
2,726,0,51.119751
2,727,0,50.741664
2,728,0,49.679752
2,729,0,53.508731
2,730,0,54.759998
2,731,0,49.562523
2,732,0,60.593374
2,733,0,58.234627
2,734,0,50.569283
2,735,0,55.119486
2,736,0,51.468748
2,737,0,59.153707
2,738,0,54.667001
2,739,0,57.726975
2,740,0,56.186112
2,741,0,50.417239
2,742,0,51.045506
2,743,0,54.492334
2,744,0,57.411839
2,745,0,55.429183
2,746,0,57.629432
2,747,0,51.124239
2,748,0,57.384553
2,749,0,58.2819
2,750,0,49.930125
2,751,0,50.130207
2,752,0,53.742786
2,753,0,52.914858
2,754,0,48.628632
2,755,0,48.875334
2,756,0,59.53351
2,757,0,55.389779
2,758,0,70.043654
2,759,0,50.306803
2,760,0,50.902263
2,761,0,53.333513
2,762,0,56.237893
2,763,0,50.363851
2,764,0,52.728638
2,765,0,57.472214
2,766,0,52.679588
2,767,0,55.636237
2,768,0,52.299207
2,769,0,50.512953
2,770,0,57.599466
2,771,0,57.617579
2,772,0,52.785408
2,773,0,51.025548
2,774,0,54.654447
2,775,0,53.021446
2,776,0,54.791817
2,777,0,54.13883
2,778,0,53.408219
2,779,0,50.043642
2,780,0,53.122652
2,781,0,52.044949
2,782,0,62.398484
2,783,0,55.056111
2,784,0,55.085701
2,785,0,53.508593
2,786,0,53.855589
2,787,0,50.235533
2,788,0,54.001597
2,789,0,52.294998
2,790,0,51.360334
2,791,0,52.8083
2,792,0,50.71717
2,793,0,53.870378
2,794,0,52.567704
2,795,0,58.456346
2,796,0,51.298867
2,797,0,52.014416
2,798,0,51.586024
2,799,0,49.573671
2,800,0,63.987735
2,801,0,53.485373
2,802,0,51.627447
2,803,0,53.975495
2,804,0,54.230598
2,805,0,50.588872
2,806,0,54.921932
2,807,0,51.897982
2,808,0,51.034127
2,809,0,57.111586
2,810,0,52.417625
2,811,0,57.146756
2,812,0,49.031988
2,813,0,52.168931
2,814,0,57.691464
2,815,0,51.932772
2,816,0,51.950323
2,817,0,51.547908
2,818,0,54.969354
2,819,0,52.926219
2,820,0,52.497938
2,821,0,52.686771
2,822,0,48.29738
2,823,0,53.646833
2,824,0,49.623724
2,825,0,50.841141
2,826,0,51.058755
2,827,0,62.607078
2,828,0,55.862044
2,829,0,55.494251
2,830,0,52.6651
2,831,0,52.293536
2,832,0,53.518581
2,833,0,49.417105
2,834,0,55.28688
2,835,0,53.056767
2,836,0,49.309777
2,837,0,53.28405
2,838,0,54.299413
2,839,0,56.84455
2,840,0,56.587303
2,841,0,52.294415
2,842,0,53.289545
2,843,0,49.357848
2,844,0,57.922563
2,845,0,50.160271
2,846,0,50.382802
2,847,0,49.288208
2,848,0,53.532944
2,849,0,49.685431
2,850,0,56.137509
2,851,0,49.683236
2,852,0,54.138495
2,853,0,49.201521
2,854,0,50.179825
2,855,0,61.563787
2,856,0,52.663612
2,857,0,51.293887
2,858,0,53.640939
2,859,0,49.303677
2,860,0,52.92094
2,861,0,51.127449
2,862,0,55.245593
2,863,0,56.393028
2,864,0,51.794773
2,865,0,49.698653
2,866,0,48.832276
2,867,0,53.22742
2,868,0,49.955657
2,869,0,49.182878
2,870,0,62.430475
2,871,0,49.698125
2,872,0,51.148446
2,873,0,52.599724
2,874,0,56.382299
2,875,0,50.940915
2,876,0,53.723572
2,877,0,48.318406
2,878,0,51.370579
2,879,0,61.180506
2,880,0,48.931796
2,881,0,51.132182
2,882,0,50.481322
2,883,0,51.537767
2,884,0,53.461385
2,885,0,53.112369
2,886,0,56.704483
2,887,0,57.408548
2,888,0,51.301118
2,889,0,52.679718
2,890,0,49.489347
2,891,0,53.026311
2,892,0,53.511095
2,893,0,53.916686
2,894,0,50.464969
2,895,0,53.212208
2,896,0,48.206179
2,897,0,56.956496
2,898,0,50.032003
2,899,0,56.652942
2,900,0,48.772082
2,901,0,58.846913
2,902,0,54.014578
2,903,0,52.963962
2,904,0,52.152939
2,905,0,55.472435
2,906,0,48.566604
2,907,0,51.895838
2,908,0,50.715212
2,909,0,54.67239
2,910,0,57.904968
2,911,0,54.332738
2,912,0,50.463349
2,913,0,50.761094
2,914,0,49.550094
2,915,0,49.245898
2,916,0,51.90803
2,917,0,49.554389
2,918,0,51.96591
2,919,0,54.643782
2,920,0,51.498651
2,921,0,49.197327
2,922,0,55.142768
2,923,0,50.755737
2,924,0,54.138821
2,925,0,50.497858
2,926,0,51.051086
2,927,0,49.299424
2,928,0,50.934886
2,929,0,50.847887
2,930,0,53.596872
2,931,0,51.20937
2,932,0,49.380771
2,933,0,50.365977
2,934,0,52.689599
2,935,0,50.240734
2,936,0,52.499712
2,937,0,60.023795
2,938,0,54.341019
2,939,0,57.002087
2,940,0,51.693621
2,941,0,53.457162
2,942,0,49.418615
2,943,0,52.097295
2,944,0,59.21877
2,945,0,51.167649
2,946,0,59.487776
2,947,0,50.27465
2,948,0,51.124351
2,949,0,54.170782
2,950,0,51.45565
2,951,0,52.691405
2,952,0,51.648454
2,953,0,55.906604
2,954,0,50.274835
2,955,0,55.553663
2,956,0,51.884744
2,957,0,48.291011
2,958,0,52.629094
2,959,0,54.329193
2,960,0,51.405564
2,961,0,49.071487
2,962,0,59.674472
2,963,0,54.509816
2,964,0,62.805275
2,965,0,49.423159
2,966,0,55.087193
2,967,0,49.711982
2,968,0,54.530693
2,969,0,55.42243
2,970,0,49.068913
2,971,0,50.657309
2,972,0,50.304931
2,973,0,49.20161
2,974,0,54.336559
2,975,0,53.549935
2,976,0,52.326914
2,977,0,64.920702
2,978,0,52.613818
2,979,0,50.188651
2,980,0,49.175164
2,981,0,50.287537
2,982,0,53.403363
2,983,0,52.413436
2,984,0,68.574397
2,985,0,57.867596
2,986,0,49.863307
2,987,0,52.269352
2,988,0,54.117741
2,989,0,53.840298
2,990,0,49.673404
2,991,0,55.408163
2,992,0,55.6117
2,993,0,51.417445
2,994,0,54.571253
2,995,0,57.172079
2,996,0,63.04642
2,997,0,57.045452
2,998,0,50.69396
2,999,0,49.029957
3,0,0,49.866915
3,1,0,56.326839
3,2,0,51.202752
3,3,0,54.528965
3,4,0,49.394921
3,5,0,57.732959
3,6,0,50.982892
3,7,0,50.078246
3,8,0,48.55586
3,9,0,50.106483
3,10,0,56.628234
3,11,0,50.447072
3,12,0,52.589565
3,13,0,52.955772
3,14,0,56.966221
3,15,0,53.402505
3,16,0,56.064936
3,17,0,49.901576
3,18,0,51.101889
3,19,0,52.097673
3,20,0,52.446256
3,21,0,48.314379
3,22,0,49.648389
3,23,0,56.734671
3,24,0,59.761281
3,25,0,50.33991
3,26,0,53.887172
3,27,0,53.881597
3,28,0,55.1454
3,29,0,48.853835
3,30,0,50.481227
3,31,0,49.60133
3,32,0,57.205843
3,33,0,50.954496
3,34,0,55.295627
3,35,0,51.091755
3,36,0,50.933025
3,37,0,77.974663
3,38,0,56.405235
3,39,0,59.10168
3,40,0,53.10001
3,41,0,53.373486
3,42,0,53.369772
3,43,0,48.85311
3,44,0,53.00128
3,45,0,57.909164
3,46,0,48.76317
3,47,0,55.689693
3,48,0,54.806814
3,49,0,52.511832
3,50,0,50.169857
3,51,0,52.474466
3,52,0,48.949398
3,53,0,55.543756
3,54,0,50.640859
3,55,0,48.65144
3,56,0,53.173773
3,57,0,56.572452
3,58,0,50.243652
3,59,0,54.442822
3,60,0,53.708574
3,61,0,50.530664
3,62,0,56.710622
3,63,0,50.339215
3,64,0,51.117343
3,65,0,50.324163
3,66,0,53.835245
3,67,0,49.599003
3,68,0,53.869893
3,69,0,51.260757
3,70,0,58.028075
3,71,0,60.926644
3,72,0,51.069456
3,73,0,51.129011
3,74,0,58.878775
3,75,0,52.765641
3,76,0,48.405895
3,77,0,57.745098
3,78,0,50.99887
3,79,0,49.134275
3,80,0,59.656569
3,81,0,54.524458
3,82,0,50.039214
3,83,0,62.040014
3,84,0,51.792099
3,85,0,68.234387
3,86,0,56.906569
3,87,0,56.656335
3,88,0,53.902678
3,89,0,51.300399
3,90,0,51.954866
3,91,0,56.654875
3,92,0,54.641731
3,93,0,48.05845
3,94,0,56.915404
3,95,0,53.772777
3,96,0,49.494741
3,97,0,56.696088
3,98,0,51.435415
3,99,0,51.421003
3,100,0,48.861957
3,101,0,53.552461
3,102,0,54.995524
3,103,0,50.07454
3,104,0,55.404781
3,105,0,49.8971
3,106,0,52.574751
3,107,0,52.372144
3,108,0,51.62513
3,109,0,49.952119
3,110,0,52.101769
3,111,0,53.20015
3,112,0,51.363194
3,113,0,48.410138
3,114,0,56.816887
3,115,0,51.219173
3,116,0,51.774283
3,117,0,53.754541
3,118,0,51.9368
3,119,0,52.852557
3,120,0,49.78146
3,121,0,50.21886
3,122,0,53.652881
3,123,0,60.745863
3,124,0,52.576318
3,125,0,52.202562
3,126,0,53.442106
3,127,0,51.808033
3,128,0,56.153548
3,129,0,53.675919
3,130,0,60.760484
3,131,0,49.918764
3,132,0,55.178141
3,133,0,53.517006
3,134,0,54.498319
3,135,0,49.051292
3,136,0,52.527657
3,137,0,49.408264
3,138,0,50.542442
3,139,0,54.779041
3,140,0,55.695305
3,141,0,49.185225
3,142,0,55.388369
3,143,0,49.802696
3,144,0,49.409965
3,145,0,52.559478
3,146,0,50.75691
3,147,0,55.407717
3,148,0,55.030946
3,149,0,50.585839
3,150,0,58.744531
3,151,0,48.276837
3,152,0,49.818833
3,153,0,51.11021
3,154,0,56.284853
3,155,0,51.527004
3,156,0,50.112569
3,157,0,52.48417
3,158,0,60.471814
3,159,0,54.748261
3,160,0,48.659567
3,161,0,50.596093
3,162,0,48.839526
3,163,0,51.383105
3,164,0,57.276016
3,165,0,50.106207
3,166,0,57.596987
3,167,0,60.348094
3,168,0,51.395679
3,169,0,47.997581
3,170,0,49.76862
3,171,0,54.531999
3,172,0,52.706829
3,173,0,49.692753
3,174,0,51.16641
3,175,0,50.074131
3,176,0,50.916526
3,177,0,52.914145
3,178,0,52.970175
3,179,0,49.014372
3,180,0,51.169849
3,181,0,55.750784
3,182,0,53.573281
3,183,0,58.287297
3,184,0,53.303449
3,185,0,51.086522
3,186,0,49.798566
3,187,0,55.528908
3,188,0,56.985933
3,189,0,57.535064
3,190,0,52.764771
3,191,0,53.225522
3,192,0,56.478986
3,193,0,49.474527
3,194,0,55.165662
3,195,0,52.840866
3,196,0,50.863442
3,197,0,55.289309
3,198,0,59.227087
3,199,0,53.358935
3,200,0,50.975184
3,201,0,51.772749
3,202,0,63.877612
3,203,0,48.372031
3,204,0,64.682178
3,205,0,57.936998
3,206,0,54.473032
3,207,0,52.339853
3,208,0,52.561884
3,209,0,48.85129
3,210,0,66.756055
3,211,0,58.520579
3,212,0,48.48108
3,213,0,51.827888
3,214,0,51.040838
3,215,0,52.196789
3,216,0,56.145222
3,217,0,61.601926
3,218,0,51.068003
3,219,0,49.352373
3,220,0,49.657383
3,221,0,55.704582
3,222,0,57.752965
3,223,0,55.061483
3,224,0,51.756532
3,225,0,51.175636
3,226,0,50.37968
3,227,0,54.363278
3,228,0,48.364817
3,229,0,50.076828
3,230,0,52.177196
3,231,0,54.281529
3,232,0,49.343875
3,233,0,51.081002
3,234,0,48.539285
3,235,0,50.828519
3,236,0,49.926004
3,237,0,52.11836
3,238,0,49.589811
3,239,0,53.865465
3,240,0,50.909217
3,241,0,52.005515
3,242,0,55.932581
3,243,0,50.77628
3,244,0,53.219402
3,245,0,51.05403
3,246,0,52.739314
3,247,0,50.415202
3,248,0,59.169664
3,249,0,51.87437
3,250,0,52.559335
3,251,0,59.310053
3,252,0,52.827392
3,253,0,67.568896
3,254,0,54.343714
3,255,0,50.315142
3,256,0,55.883011
3,257,0,53.919623
3,258,0,53.720123
3,259,0,50.724209
3,260,0,52.221217
3,261,0,52.907826
3,262,0,51.162824
3,263,0,49.643267
3,264,0,50.996964
3,265,0,49.228767
3,266,0,57.267444
3,267,0,48.361018
3,268,0,62.461068
3,269,0,52.407751
3,270,0,49.50494
3,271,0,55.510509
3,272,0,49.594822
3,273,0,49.241245
3,274,0,53.616063
3,275,0,52.164389
3,276,0,48.901072
3,277,0,50.099822
3,278,0,50.162791
3,279,0,48.788892
3,280,0,59.455964
3,281,0,60.18108
3,282,0,56.664286
3,283,0,55.684928
3,284,0,54.685418
3,285,0,51.540834
3,286,0,55.337144
3,287,0,50.360799
3,288,0,52.81989
3,289,0,50.432332
3,290,0,49.970633
3,291,0,61.095287
3,292,0,58.812126
3,293,0,54.930774
3,294,0,56.045983
3,295,0,49.748631
3,296,0,54.486962
3,297,0,56.256369
3,298,0,49.432003
3,299,0,48.606529
3,300,0,55.667945
3,301,0,54.187249
3,302,0,51.343254
3,303,0,50.641491
3,304,0,48.908931
3,305,0,52.623383
3,306,0,53.592676
3,307,0,52.537762
3,308,0,50.902093
3,309,0,66.231446
3,310,0,56.893136
3,311,0,59.788391
3,312,0,57.710256
3,313,0,49.367865
3,314,0,49.487029
3,315,0,51.442663
3,316,0,55.942858
3,317,0,50.750571
3,318,0,51.228708
3,319,0,54.647106
3,320,0,53.20515
3,321,0,49.10247
3,322,0,51.514207
3,323,0,49.407451
3,324,0,50.521894
3,325,0,52.196699
3,326,0,48.947434
3,327,0,56.400195
3,328,0,53.170232
3,329,0,53.677488
3,330,0,56.623064
3,331,0,61.740122
3,332,0,55.577159
3,333,0,49.91691
3,334,0,49.076489
3,335,0,52.203483
3,336,0,55.425239
3,337,0,50.30234
3,338,0,54.232885
3,339,0,54.091521
3,340,0,50.565855
3,341,0,50.777849
3,342,0,50.736882
3,343,0,49.955202
3,344,0,52.677855
3,345,0,57.025857
3,346,0,55.611919
3,347,0,52.403541
3,348,0,50.772227
3,349,0,49.825571
3,350,0,49.166566
3,351,0,50.206088
3,352,0,54.307589
3,353,0,52.263834
3,354,0,51.024726
3,355,0,49.813559
3,356,0,57.021978
3,357,0,54.02717
3,358,0,50.537933
3,359,0,48.038384
3,360,0,51.854841
3,361,0,55.958385
3,362,0,52.74409
3,363,0,53.789715
3,364,0,49.533017
3,365,0,54.65138
3,366,0,54.030759
3,367,0,49.042331
3,368,0,53.244555
3,369,0,53.018282
3,370,0,58.061342
3,371,0,53.497143
3,372,0,51.900662
3,373,0,51.951247
3,374,0,51.29404
3,375,0,50.183971
3,376,0,55.769304
3,377,0,49.306705
3,378,0,50.559934
3,379,0,71.999013
3,380,0,51.697743
3,381,0,51.700032
3,382,0,51.598764
3,383,0,51.539987
3,384,0,58.297504
3,385,0,55.941653
3,386,0,56.170922
3,387,0,62.273674
3,388,0,56.49579
3,389,0,54.140506
3,390,0,60.03999
3,391,0,50.844572
3,392,0,51.837978
3,393,0,49.535631
3,394,0,52.328452
3,395,0,50.274306
3,396,0,51.061443
3,397,0,60.759867
3,398,0,54.190174
3,399,0,58.132998
3,400,0,49.018805
3,401,0,52.075277
3,402,0,58.077704
3,403,0,50.983261
3,404,0,56.35968
3,405,0,59.558252
3,406,0,51.137031
3,407,0,48.022211
3,408,0,50.371464
3,409,0,50.044187
3,410,0,51.017154
3,411,0,51.459298
3,412,0,59.253397
3,413,0,47.857043
3,414,0,50.922765
3,415,0,52.50697
3,416,0,50.602651
3,417,0,60.276995
3,418,0,50.516592
3,419,0,53.495781
3,420,0,50.062249
3,421,0,56.707759
3,422,0,53.551448
3,423,0,54.46344
3,424,0,56.545569
3,425,0,51.568686
3,426,0,50.044747
3,427,0,60.744864
3,428,0,50.206285
3,429,0,50.884347
3,430,0,55.060418
3,431,0,54.872097
3,432,0,57.413331
3,433,0,48.661443
3,434,0,54.384136
3,435,0,48.175391
3,436,0,52.102855
3,437,0,50.656303
3,438,0,58.943799
3,439,0,48.094833
3,440,0,47.823653
3,441,0,64.776129
3,442,0,52.18315
3,443,0,51.423296
3,444,0,59.857705
3,445,0,51.332306
3,446,0,50.915571
3,447,0,49.623027
3,448,0,53.559101
3,449,0,54.88049
3,450,0,52.994467
3,451,0,56.293151
3,452,0,52.927054
3,453,0,53.476626
3,454,0,50.225389
3,455,0,57.747507
3,456,0,61.34429
3,457,0,59.801462
3,458,0,51.648622
3,459,0,50.832341
3,460,0,55.481866
3,461,0,55.761894
3,462,0,53.617033
3,463,0,51.927323
3,464,0,52.142038
3,465,0,50.74522
3,466,0,52.560109
3,467,0,48.95478
3,468,0,74.934234
3,469,0,57.161649
3,470,0,53.805244
3,471,0,55.05454
3,472,0,48.287793
3,473,0,50.072293
3,474,0,53.562445
3,475,0,53.038036
3,476,0,57.037444
3,477,0,51.226555
3,478,0,49.70951
3,479,0,49.970004
3,480,0,54.351717
3,481,0,62.552519
3,482,0,49.875931
3,483,0,53.188677
3,484,0,56.329672
3,485,0,48.858013
3,486,0,54.512697
3,487,0,53.833349
3,488,0,53.424898
3,489,0,54.021454
3,490,0,50.367342
3,491,0,52.436246
3,492,0,55.161883
3,493,0,54.969602
3,494,0,56.102584
3,495,0,51.609217
3,496,0,53.042214
3,497,0,50.770418
3,498,0,51.977436
3,499,0,51.438429
3,500,0,59.098047
3,501,0,51.756007
3,502,0,49.044075
3,503,0,50.422337
3,504,0,58.2349
3,505,0,48.814816
3,506,0,49.797494
3,507,0,54.957898
3,508,0,59.411977
3,509,0,51.48244
3,510,0,52.789538
3,511,0,54.420836
3,512,0,50.932031
3,513,0,54.736593
3,514,0,51.42066
3,515,0,50.43155
3,516,0,53.978725
3,517,0,50.227986
3,518,0,48.970303
3,519,0,50.898431
3,520,0,50.452927
3,521,0,59.706268
3,522,0,60.568037
3,523,0,58.466069
3,524,0,57.100214
3,525,0,51.016695
3,526,0,49.347308
3,527,0,52.745886
3,528,0,49.981127
3,529,0,56.121964
3,530,0,56.535979
3,531,0,59.633058
3,532,0,48.826648
3,533,0,52.639543
3,534,0,57.422744
3,535,0,52.223915
3,536,0,50.867127
3,537,0,56.289029
3,538,0,51.973381
3,539,0,58.82688
3,540,0,61.398914
3,541,0,60.705636
3,542,0,49.110701
3,543,0,51.197812
3,544,0,73.941623
3,545,0,55.119981
3,546,0,53.031316
3,547,0,55.799332
3,548,0,56.474691
3,549,0,60.405354
3,550,0,51.338311
3,551,0,48.110266
3,552,0,55.697794
3,553,0,49.284248
3,554,0,50.140452
3,555,0,56.726313
3,556,0,49.558352
3,557,0,52.762905
3,558,0,53.248002
3,559,0,50.707539
3,560,0,53.322174
3,561,0,51.674923
3,562,0,55.451207
3,563,0,51.22453
3,564,0,60.419556
3,565,0,53.674483
3,566,0,53.173437
3,567,0,48.15255
3,568,0,53.050359
3,569,0,51.579243
3,570,0,49.940845
3,571,0,51.062648
3,572,0,53.65789
3,573,0,54.008976
3,574,0,48.842764
3,575,0,53.256128
3,576,0,50.749206
3,577,0,52.233786
3,578,0,55.257218
3,579,0,49.670968
3,580,0,65.607993
3,581,0,59.433935
3,582,0,55.337386
3,583,0,54.450177
3,584,0,54.244482
3,585,0,50.481604
3,586,0,53.173669
3,587,0,51.057653
3,588,0,54.130046
3,589,0,52.784625
3,590,0,55.076564
3,591,0,51.010283
3,592,0,51.141533
3,593,0,52.589999
3,594,0,51.047562
3,595,0,60.999472
3,596,0,56.38095
3,597,0,54.643157
3,598,0,56.248916
3,599,0,60.781691
3,600,0,54.418696
3,601,0,52.496287
3,602,0,54.885537
3,603,0,50.960838
3,604,0,54.40378
3,605,0,51.880419
3,606,0,57.579104
3,607,0,52.350047
3,608,0,52.560962
3,609,0,54.860388
3,610,0,54.76322
3,611,0,56.445415
3,612,0,53.07555
3,613,0,49.118762
3,614,0,55.649117
3,615,0,57.68491
3,616,0,50.213986
3,617,0,49.008154
3,618,0,51.054322
3,619,0,58.957032
3,620,0,49.832683
3,621,0,59.156424
3,622,0,51.980209
3,623,0,50.058305
3,624,0,53.957331
3,625,0,55.422985
3,626,0,54.171007
3,627,0,49.653098
3,628,0,54.600397
3,629,0,50.077399
3,630,0,51.404782
3,631,0,49.516836
3,632,0,49.289757
3,633,0,55.05354
3,634,0,55.316382
3,635,0,50.982516
3,636,0,49.558261
3,637,0,52.258343
3,638,0,52.849627
3,639,0,54.135182
3,640,0,54.1162
3,641,0,54.260288
3,642,0,52.642288
3,643,0,48.924102
3,644,0,50.193557
3,645,0,55.949376
3,646,0,49.342275
3,647,0,52.900154
3,648,0,51.801124
3,649,0,49.817946
3,650,0,48.237852
3,651,0,55.220667
3,652,0,55.495735
3,653,0,60.458207
3,654,0,49.719855
3,655,0,54.25159
3,656,0,55.829209
3,657,0,55.735021
3,658,0,51.595839
3,659,0,54.309996
3,660,0,49.972056
3,661,0,52.830206
3,662,0,56.357208
3,663,0,51.519942
3,664,0,54.1145
3,665,0,53.460775
3,666,0,59.68504
3,667,0,53.687463
3,668,0,55.582604
3,669,0,54.970915
3,670,0,53.825257
3,671,0,57.830473
3,672,0,50.246152
3,673,0,55.384528
3,674,0,57.539977
3,675,0,52.589083
3,676,0,53.460481
3,677,0,51.870859
3,678,0,51.021598
3,679,0,47.983682
3,680,0,51.469796
3,681,0,49.762601
3,682,0,52.18964
3,683,0,49.145621
3,684,0,52.716911
3,685,0,63.614804
3,686,0,51.286745
3,687,0,49.655382
3,688,0,53.391557
3,689,0,54.32152
3,690,0,50.350386
3,691,0,55.709253
3,692,0,53.507784
3,693,0,55.916444
3,694,0,52.499628
3,695,0,51.906721
3,696,0,50.176627
3,697,0,51.730745
3,698,0,49.471544
3,699,0,51.22035
3,700,0,60.79062
3,701,0,53.460249
3,702,0,54.554515
3,703,0,73.583269
3,704,0,49.96447
3,705,0,54.391545
3,706,0,49.497585
3,707,0,51.126916
3,708,0,55.54455
3,709,0,51.474878
3,710,0,53.585217
3,711,0,52.849855
3,712,0,49.461788
3,713,0,52.6668
3,714,0,56.234946
3,715,0,54.239152
3,716,0,56.812645
3,717,0,52.293102
3,718,0,55.851761
3,719,0,50.985399
3,720,0,51.846334
3,721,0,52.506376
3,722,0,55.864765
3,723,0,53.161742
3,724,0,57.121502
3,725,0,54.553403
3,726,0,50.125095
3,727,0,52.190276
3,728,0,52.633272
3,729,0,61.975985
3,730,0,52.176718
3,731,0,56.041554
3,732,0,49.958711
3,733,0,49.842577
3,734,0,49.346104
3,735,0,52.117369
3,736,0,51.476643
3,737,0,58.539212
3,738,0,51.16474
3,739,0,63.788515
3,740,0,51.699703
3,741,0,64.026316
3,742,0,54.100637
3,743,0,56.495876
3,744,0,58.457298
3,745,0,54.193854
3,746,0,55.33301
3,747,0,65.416791
3,748,0,49.540565
3,749,0,52.628381
3,750,0,53.946796
3,751,0,48.850318
3,752,0,48.785085
3,753,0,55.384739
3,754,0,48.730402
3,755,0,55.944773
3,756,0,58.654337
3,757,0,51.190309
3,758,0,48.742135
3,759,0,51.821343
3,760,0,53.778133
3,761,0,53.748684
3,762,0,54.329732
3,763,0,53.148349
3,764,0,50.440372
3,765,0,49.70031
3,766,0,59.943307
3,767,0,53.279596
3,768,0,52.094896
3,769,0,53.099339
3,770,0,55.68883
3,771,0,53.248453
3,772,0,50.21369
3,773,0,50.966207
3,774,0,58.116498
3,775,0,48.525496
3,776,0,51.497345
3,777,0,57.134341
3,778,0,54.454539
3,779,0,53.887677
3,780,0,58.173739
3,781,0,53.730657
3,782,0,54.78742
3,783,0,52.633691
3,784,0,50.466742
3,785,0,50.678928
3,786,0,49.497222
3,787,0,56.336316
3,788,0,50.000475
3,789,0,52.163725
3,790,0,51.844466
3,791,0,53.048701
3,792,0,50.961032
3,793,0,51.836488
3,794,0,49.234172
3,795,0,53.521634
3,796,0,49.283644
3,797,0,66.360004
3,798,0,56.183937
3,799,0,50.230805
3,800,0,57.67471
3,801,0,48.997296
3,802,0,52.0666
3,803,0,51.90005
3,804,0,51.436818
3,805,0,54.175076
3,806,0,55.12824
3,807,0,51.535032
3,808,0,51.774917
3,809,0,49.913235
3,810,0,57.299374
3,811,0,64.637814
3,812,0,52.491427
3,813,0,53.255349
3,814,0,60.023691
3,815,0,49.066606
3,816,0,50.466356
3,817,0,53.219386
3,818,0,60.439748
3,819,0,48.242577
3,820,0,52.199421
3,821,0,51.310756
3,822,0,52.102856
3,823,0,58.128429
3,824,0,54.457874
3,825,0,50.95321
3,826,0,54.193286
3,827,0,52.078822
3,828,0,55.444666
3,829,0,51.593971
3,830,0,57.48733
3,831,0,49.999086
3,832,0,48.158618
3,833,0,52.997788
3,834,0,56.067411
3,835,0,49.999652
3,836,0,50.66683
3,837,0,52.518873
3,838,0,51.437279
3,839,0,49.381311
3,840,0,55.367146
3,841,0,60.168664
3,842,0,50.107705
3,843,0,50.555747
3,844,0,51.224073
3,845,0,53.520491
3,846,0,49.54482
3,847,0,51.860516
3,848,0,51.362443
3,849,0,53.40025
3,850,0,51.605632
3,851,0,52.792274
3,852,0,50.880632
3,853,0,53.722305
3,854,0,51.762457
3,855,0,58.527279
3,856,0,57.798751
3,857,0,53.718208
3,858,0,50.508874
3,859,0,52.627988
3,860,0,60.740819
3,861,0,49.598486
3,862,0,55.575069
3,863,0,57.998061
3,864,0,59.605358
3,865,0,50.527654
3,866,0,63.906468
3,867,0,58.46557
3,868,0,54.899068
3,869,0,51.160179
3,870,0,54.996984
3,871,0,72.151097
3,872,0,50.810491
3,873,0,51.825736
3,874,0,52.686446
3,875,0,50.812584
3,876,0,52.083264
3,877,0,58.130859
3,878,0,54.150469
3,879,0,50.933659
3,880,0,54.92008
3,881,0,49.163628
3,882,0,54.643428
3,883,0,53.357824
3,884,0,50.626512
3,885,0,56.141052
3,886,0,59.658506
3,887,0,52.557117
3,888,0,52.216362
3,889,0,52.431435
3,890,0,50.553111
3,891,0,49.019937
3,892,0,56.436237
3,893,0,58.452632
3,894,0,48.517633
3,895,0,57.693487
3,896,0,53.93207
3,897,0,51.421831
3,898,0,48.427875
3,899,0,54.597789
3,900,0,56.920556
3,901,0,54.526246
3,902,0,60.591855
3,903,0,51.507101
3,904,0,54.081124
3,905,0,54.237723
3,906,0,48.072485
3,907,0,53.534558
3,908,0,54.814046
3,909,0,53.286039
3,910,0,52.337371
3,911,0,51.573869
3,912,0,51.465845
3,913,0,48.541537
3,914,0,49.141868
3,915,0,55.217191
3,916,0,51.860445
3,917,0,50.461836
3,918,0,48.920554
3,919,0,49.374816
3,920,0,50.253211
3,921,0,48.793962
3,922,0,52.155291
3,923,0,52.132713
3,924,0,48.785041
3,925,0,55.013778
3,926,0,62.034507
3,927,0,52.813017
3,928,0,59.644366
3,929,0,51.869158
3,930,0,49.029658
3,931,0,61.980914
3,932,0,51.788687
3,933,0,53.127326
3,934,0,49.432324
3,935,0,49.660038
3,936,0,50.213411
3,937,0,50.454144
3,938,0,57.568829
3,939,0,49.334731
3,940,0,50.01477
3,941,0,55.546167
3,942,0,61.651809
3,943,0,59.565315
3,944,0,50.208398
3,945,0,57.641532
3,946,0,56.004835
3,947,0,54.589057
3,948,0,49.74895
3,949,0,51.7715
3,950,0,48.856588
3,951,0,48.216297
3,952,0,49.965636
3,953,0,51.018058
3,954,0,53.082778
3,955,0,55.562758
3,956,0,50.100006
3,957,0,58.378919
3,958,0,58.806207
3,959,0,48.778918
3,960,0,49.829481
3,961,0,60.206758
3,962,0,51.413555
3,963,0,56.108754
3,964,0,53.310093
3,965,0,58.669551
3,966,0,49.569169
3,967,0,48.526364
3,968,0,49.98032
3,969,0,52.388664
3,970,0,51.118847
3,971,0,49.924657
3,972,0,48.860747
3,973,0,50.933676
3,974,0,50.03163
3,975,0,54.173357
3,976,0,50.361189
3,977,0,49.918179
3,978,0,50.205622
3,979,0,50.321858
3,980,0,55.119444
3,981,0,49.464292
3,982,0,52.838912
3,983,0,50.505765
3,984,0,56.361681
3,985,0,53.601224
3,986,0,54.154012
3,987,0,52.062566
3,988,0,49.402386
3,989,0,55.086914
3,990,0,51.569911
3,991,0,51.895442
3,992,0,50.687202
3,993,0,53.068859
3,994,0,50.584459
3,995,0,47.984537
3,996,0,55.92835
3,997,0,51.563537
3,998,0,56.292909
3,999,0,55.203837
4,0,0,55.51232
4,1,0,48.859449
4,2,0,51.345581
4,3,0,50.195904
4,4,0,52.992895
4,5,0,53.001222
4,6,0,64.596668
4,7,0,62.763778
4,8,0,50.072696
4,9,0,49.783045
4,10,0,50.404013
4,11,0,52.246512
4,12,0,54.920276
4,13,0,54.770046
4,14,0,54.198422
4,15,0,52.891415
4,16,0,51.37073
4,17,0,51.249916
4,18,0,54.054651
4,19,0,50.337146
4,20,0,58.690532
4,21,0,58.40639
4,22,0,52.220639
4,23,0,51.028301
4,24,0,52.365335
4,25,0,54.193708
4,26,0,51.225769
4,27,0,56.899574
4,28,0,52.033489
4,29,0,52.715451
4,30,0,47.913602
4,31,0,58.996193
4,32,0,49.713247
4,33,0,54.310175
4,34,0,48.352728
4,35,0,51.940618
4,36,0,55.44296
4,37,0,49.520952
4,38,0,52.929234
4,39,0,59.77792
4,40,0,50.157806
4,41,0,51.166317
4,42,0,56.203125
4,43,0,49.162758
4,44,0,49.450166
4,45,0,50.091036
4,46,0,53.721342
4,47,0,50.127131
4,48,0,55.135277
4,49,0,54.504345
4,50,0,55.799654
4,51,0,57.440494
4,52,0,51.433767
4,53,0,54.400203
4,54,0,49.906289
4,55,0,49.05612
4,56,0,48.740971
4,57,0,50.419346
4,58,0,51.607736
4,59,0,56.677146
4,60,0,53.82264
4,61,0,54.684709
4,62,0,56.324448
4,63,0,56.531454
4,64,0,56.180164
4,65,0,48.808928
4,66,0,55.359477
4,67,0,54.731021
4,68,0,48.352897
4,69,0,51.395337
4,70,0,49.767743
4,71,0,53.89643
4,72,0,48.365223
4,73,0,49.680403
4,74,0,54.526312
4,75,0,51.900549
4,76,0,55.817718
4,77,0,51.98549
4,78,0,51.909965
4,79,0,54.546113
4,80,0,61.269477
4,81,0,52.49197
4,82,0,55.368511
4,83,0,49.747581
4,84,0,51.660928
4,85,0,53.513449
4,86,0,50.906137
4,87,0,57.157994
4,88,0,49.272006
4,89,0,53.367934
4,90,0,50.730067
4,91,0,49.595805
4,92,0,54.949799
4,93,0,63.331768
4,94,0,50.544409
4,95,0,52.436467
4,96,0,57.472374
4,97,0,51.981281
4,98,0,51.572825
4,99,0,53.361013
4,100,0,58.817859
4,101,0,61.02728
4,102,0,53.64961
4,103,0,53.195458
4,104,0,60.537003
4,105,0,54.14739
4,106,0,49.820549
4,107,0,48.262573
4,108,0,52.721193
4,109,0,56.484381
4,110,0,52.579581
4,111,0,57.435341
4,112,0,48.950242
4,113,0,54.853105
4,114,0,54.936717
4,115,0,59.047639
4,116,0,58.175993
4,117,0,56.919741
4,118,0,50.007654
4,119,0,51.080021
4,120,0,51.448523
4,121,0,53.984596
4,122,0,60.673109
4,123,0,50.430632
4,124,0,49.458234
4,125,0,52.268554
4,126,0,55.695935
4,127,0,50.363478
4,128,0,51.113385
4,129,0,49.432653
4,130,0,53.194157
4,131,0,52.816937
4,132,0,58.213852
4,133,0,57.24664
4,134,0,52.547435
4,135,0,58.830914
4,136,0,53.437662
4,137,0,53.455934
4,138,0,52.824228
4,139,0,50.591714
4,140,0,52.650749
4,141,0,52.902559
4,142,0,52.78517
4,143,0,55.946167
4,144,0,52.644743
4,145,0,55.088493
4,146,0,56.689867
4,147,0,65.418644
4,148,0,53.184535
4,149,0,56.735784
4,150,0,55.249317
4,151,0,54.383745
4,152,0,51.912553
4,153,0,48.33
4,154,0,50.159205
4,155,0,74.640311
4,156,0,56.31286
4,157,0,54.724645
4,158,0,55.934444
4,159,0,51.720621
4,160,0,61.54448
4,161,0,56.457626
4,162,0,49.852332
4,163,0,51.526553
4,164,0,64.562175
4,165,0,56.030807
4,166,0,51.491992
4,167,0,52.341282
4,168,0,50.400834
4,169,0,50.310313
4,170,0,50.1053
4,171,0,51.9915
4,172,0,49.15408
4,173,0,51.696085
4,174,0,55.590531
4,175,0,53.227699
4,176,0,52.711587
4,177,0,52.113352
4,178,0,51.12901
4,179,0,59.69019
4,180,0,55.038423
4,181,0,50.125818
4,182,0,58.796948
4,183,0,52.556056
4,184,0,50.540673
4,185,0,63.671535
4,186,0,52.351967
4,187,0,53.343771
4,188,0,51.651927
4,189,0,51.242433
4,190,0,56.563264
4,191,0,55.137481
4,192,0,51.680363
4,193,0,52.880937
4,194,0,59.264891
4,195,0,56.206639
4,196,0,50.560495
4,197,0,51.860651
4,198,0,50.411397
4,199,0,54.188588
4,200,0,50.246563
4,201,0,63.990637
4,202,0,55.380028
4,203,0,55.615218
4,204,0,57.544342
4,205,0,48.315645
4,206,0,49.186571
4,207,0,54.546637
4,208,0,53.384541
4,209,0,51.414567
4,210,0,51.328761
4,211,0,52.220582
4,212,0,53.195554
4,213,0,50.434177
4,214,0,51.486974
4,215,0,51.357095
4,216,0,48.652537
4,217,0,49.603514
4,218,0,49.494439
4,219,0,51.945404
4,220,0,49.984454
4,221,0,50.586641
4,222,0,48.350626
4,223,0,52.707603
4,224,0,55.559113
4,225,0,51.97113
4,226,0,56.019642
4,227,0,52.794267
4,228,0,55.257874
4,229,0,50.52823
4,230,0,56.342058
4,231,0,53.164503
4,232,0,53.737333
4,233,0,55.077773
4,234,0,55.728433
4,235,0,49.937327
4,236,0,59.644433
4,237,0,55.974106
4,238,0,53.674751
4,239,0,47.666897
4,240,0,50.285326
4,241,0,51.420869
4,242,0,52.210607
4,243,0,51.79678
4,244,0,57.332981
4,245,0,48.751944
4,246,0,49.21477
4,247,0,51.683353
4,248,0,52.162049
4,249,0,53.1204
4,250,0,51.431807
4,251,0,51.88915
4,252,0,49.94436
4,253,0,51.703538
4,254,0,48.353519
4,255,0,54.243365
4,256,0,48.714369
4,257,0,54.344528
4,258,0,52.496285
4,259,0,48.679002
4,260,0,52.339831
4,261,0,52.99391
4,262,0,49.837657
4,263,0,50.40102
4,264,0,56.417878
4,265,0,51.511822
4,266,0,49.603442
4,267,0,48.389443
4,268,0,48.347812
4,269,0,55.782153
4,270,0,50.495619
4,271,0,56.868257
4,272,0,54.293523
4,273,0,50.833572
4,274,0,53.12711
4,275,0,51.615432
4,276,0,48.774845
4,277,0,49.258187
4,278,0,57.830661
4,279,0,53.147812
4,280,0,50.798558
4,281,0,57.022256
4,282,0,49.141056
4,283,0,53.994944
4,284,0,53.323974
4,285,0,49.062947
4,286,0,50.304595
4,287,0,53.078152
4,288,0,51.695705
4,289,0,69.581554
4,290,0,51.902979
4,291,0,54.81388
4,292,0,54.366873
4,293,0,49.934987
4,294,0,57.079391
4,295,0,50.663489
4,296,0,50.162579
4,297,0,47.745676
4,298,0,52.937885
4,299,0,52.026817
4,300,0,53.276213
4,301,0,50.523829
4,302,0,52.460452
4,303,0,54.667211
4,304,0,51.132783
4,305,0,60.228842
4,306,0,50.239837
4,307,0,53.776779
4,308,0,55.963301
4,309,0,52.835695
4,310,0,52.586867
4,311,0,51.940475
4,312,0,53.193285
4,313,0,56.004638
4,314,0,52.083651
4,315,0,50.459591
4,316,0,52.51876
4,317,0,48.629592
4,318,0,55.30915
4,319,0,58.849652
4,320,0,50.737165
4,321,0,49.653688
4,322,0,54.49224
4,323,0,55.027883
4,324,0,54.737652
4,325,0,51.099115
4,326,0,50.054959
4,327,0,52.076421
4,328,0,53.317185
4,329,0,50.028025
4,330,0,49.36608
4,331,0,50.666242
4,332,0,52.509082
4,333,0,60.368164
4,334,0,53.781933
4,335,0,53.183229
4,336,0,52.37824
4,337,0,52.905587
4,338,0,55.406804
4,339,0,47.947726
4,340,0,54.652085
4,341,0,51.786172
4,342,0,49.570504
4,343,0,51.846361
4,344,0,52.948012
4,345,0,49.645424
4,346,0,50.980195
4,347,0,63.782243
4,348,0,58.08915
4,349,0,49.429581
4,350,0,48.777954
4,351,0,52.303352
4,352,0,52.591511
4,353,0,57.482334
4,354,0,54.11969
4,355,0,54.717314
4,356,0,49.471983
4,357,0,56.838481
4,358,0,49.507374
4,359,0,50.128124
4,360,0,56.547119
4,361,0,53.560541
4,362,0,51.112439
4,363,0,57.389708
4,364,0,50.918939
4,365,0,52.184199
4,366,0,58.378222
4,367,0,53.258772
4,368,0,52.019236
4,369,0,50.119143
4,370,0,54.490902
4,371,0,55.460732
4,372,0,52.089723
4,373,0,49.327912
4,374,0,52.251806
4,375,0,59.478162
4,376,0,48.217732
4,377,0,55.968786
4,378,0,55.353652
4,379,0,49.047299
4,380,0,52.146637
4,381,0,51.334111
4,382,0,49.549107
4,383,0,49.625799
4,384,0,52.243043
4,385,0,50.124673
4,386,0,61.806366
4,387,0,55.007456
4,388,0,52.840358
4,389,0,58.893516
4,390,0,54.462236
4,391,0,51.744989
4,392,0,52.297371
4,393,0,52.295542
4,394,0,61.938841
4,395,0,51.150947
4,396,0,48.632449
4,397,0,63.509506
4,398,0,51.82165
4,399,0,51.10934
4,400,0,55.323261
4,401,0,53.265486
4,402,0,56.805094
4,403,0,50.458612
4,404,0,56.545394
4,405,0,53.165864
4,406,0,55.921371
4,407,0,48.188004
4,408,0,55.843428
4,409,0,56.529881
4,410,0,50.751398
4,411,0,52.08169
4,412,0,52.967939
4,413,0,54.961123
4,414,0,54.405593
4,415,0,53.757337
4,416,0,49.999441
4,417,0,52.556218
4,418,0,53.414498
4,419,0,51.259875
4,420,0,48.379573
4,421,0,51.448423
4,422,0,49.621533
4,423,0,49.39342
4,424,0,48.75915
4,425,0,51.110328
4,426,0,52.446574
4,427,0,50.632832
4,428,0,49.157143
4,429,0,55.353014
4,430,0,53.358893
4,431,0,61.068918
4,432,0,56.056307
4,433,0,49.162548
4,434,0,48.2577
4,435,0,49.111882
4,436,0,55.679116
4,437,0,49.322613
4,438,0,49.280696
4,439,0,52.846779
4,440,0,55.524143
4,441,0,64.121538
4,442,0,51.313536
4,443,0,52.158368
4,444,0,49.444476
4,445,0,63.307691
4,446,0,56.981587
4,447,0,62.039706
4,448,0,53.358817
4,449,0,53.036778
4,450,0,51.65641
4,451,0,50.37722
4,452,0,53.138233
4,453,0,50.859112
4,454,0,50.374093
4,455,0,54.069109
4,456,0,50.152577
4,457,0,52.669167
4,458,0,51.581193
4,459,0,54.028626
4,460,0,50.921187
4,461,0,53.086084
4,462,0,51.245841
4,463,0,50.815751
4,464,0,49.27828
4,465,0,54.516682
4,466,0,54.210942
4,467,0,48.350369
4,468,0,53.044038
4,469,0,49.824269
4,470,0,56.431492
4,471,0,51.777598
4,472,0,50.199202
4,473,0,53.117888
4,474,0,60.655426
4,475,0,57.9115
4,476,0,52.291103
4,477,0,70.445567
4,478,0,54.327411
4,479,0,50.558865
4,480,0,56.212184
4,481,0,53.173382
4,482,0,50.230555
4,483,0,51.78367
4,484,0,49.071196
4,485,0,56.354287
4,486,0,54.494307
4,487,0,58.079905
4,488,0,52.425141
4,489,0,58.018534
4,490,0,52.479127
4,491,0,55.797957
4,492,0,60.284254
4,493,0,53.003782
4,494,0,56.989438
4,495,0,50.891607
4,496,0,57.714587
4,497,0,62.930412
4,498,0,49.901058
4,499,0,52.573286
4,500,0,49.430069
4,501,0,52.823302
4,502,0,54.129856
4,503,0,51.717498
4,504,0,51.36948
4,505,0,58.456661
4,506,0,54.213273
4,507,0,63.315601
4,508,0,50.390413
4,509,0,54.623842
4,510,0,49.170252
4,511,0,48.746294
4,512,0,56.517854
4,513,0,52.588829
4,514,0,48.83482
4,515,0,51.597134
4,516,0,50.876673
4,517,0,52.721097
4,518,0,49.445062
4,519,0,57.40026
4,520,0,51.139115
4,521,0,49.830533
4,522,0,51.009264
4,523,0,47.669261
4,524,0,61.593748
4,525,0,53.599263
4,526,0,50.675133
4,527,0,52.791471
4,528,0,47.947126
4,529,0,48.877465
4,530,0,50.5667
4,531,0,56.190669
4,532,0,51.885099
4,533,0,53.08651
4,534,0,49.381406
4,535,0,50.906263
4,536,0,50.221773
4,537,0,49.786026
4,538,0,53.841678
4,539,0,51.628164
4,540,0,52.36086
4,541,0,53.508613
4,542,0,52.355576
4,543,0,54.580622
4,544,0,54.815881
4,545,0,50.087372
4,546,0,51.667093
4,547,0,55.850962
4,548,0,53.381098
4,549,0,52.544868
4,550,0,50.128526
4,551,0,50.798146
4,552,0,48.815295
4,553,0,55.048116
4,554,0,50.10117
4,555,0,52.208352
4,556,0,52.180568
4,557,0,47.708343
4,558,0,53.382304
4,559,0,51.623198
4,560,0,50.502835
4,561,0,49.967193
4,562,0,59.489188
4,563,0,49.997457
4,564,0,50.06319
4,565,0,56.630639
4,566,0,48.851028
4,567,0,53.343337
4,568,0,51.762862
4,569,0,55.528906
4,570,0,51.907269
4,571,0,52.673807
4,572,0,57.016821
4,573,0,53.346652
4,574,0,57.481527
4,575,0,59.981214
4,576,0,54.623063
4,577,0,49.067771
4,578,0,50.726192
4,579,0,56.526636
4,580,0,52.152946
4,581,0,51.845943
4,582,0,52.568164
4,583,0,60.945317
4,584,0,52.330571
4,585,0,51.367517
4,586,0,48.467721
4,587,0,60.158742
4,588,0,52.817541
4,589,0,53.248771
4,590,0,56.230805
4,591,0,54.13446
4,592,0,62.122896
4,593,0,54.562102
4,594,0,50.692544
4,595,0,56.514975
4,596,0,52.860171
4,597,0,52.199572
4,598,0,64.683552
4,599,0,52.18856
4,600,0,51.313611
4,601,0,55.182059
4,602,0,50.349162
4,603,0,50.481667
4,604,0,59.770254
4,605,0,59.449657
4,606,0,69.742566
4,607,0,50.844515
4,608,0,55.489614
4,609,0,49.341451
4,610,0,58.830192
4,611,0,53.426778
4,612,0,52.014934
4,613,0,50.426763
4,614,0,67.889958
4,615,0,54.963784
4,616,0,53.006402
4,617,0,53.060758
4,618,0,49.133292
4,619,0,49.271522
4,620,0,52.355078
4,621,0,60.144519
4,622,0,54.477011
4,623,0,53.412108
4,624,0,51.300956
4,625,0,50.44349
4,626,0,56.217329
4,627,0,52.993787
4,628,0,52.049825
4,629,0,50.92558
4,630,0,50.829472
4,631,0,49.389022
4,632,0,52.799422
4,633,0,50.475454
4,634,0,55.350813
4,635,0,52.504011
4,636,0,55.787518
4,637,0,49.305428
4,638,0,50.264636
4,639,0,61.847825
4,640,0,56.342109
4,641,0,49.405454
4,642,0,53.956648
4,643,0,51.374253
4,644,0,56.764765
4,645,0,51.94308
4,646,0,51.499672
4,647,0,51.685634
4,648,0,49.483561
4,649,0,53.521498
4,650,0,51.215643
4,651,0,54.383153
4,652,0,49.902222
4,653,0,54.098255
4,654,0,48.337998
4,655,0,53.403632
4,656,0,52.2292
4,657,0,61.840626
4,658,0,50.642387
4,659,0,50.860709
4,660,0,51.471315
4,661,0,52.368992
4,662,0,50.208844
4,663,0,49.149296
4,664,0,51.581651
4,665,0,52.30073
4,666,0,50.096827
4,667,0,53.964283
4,668,0,65.729172
4,669,0,49.941972
4,670,0,53.013928
4,671,0,52.670457
4,672,0,50.281578
4,673,0,52.116227
4,674,0,60.546943
4,675,0,50.308447
4,676,0,52.532087
4,677,0,50.958737
4,678,0,53.091435
4,679,0,53.94117
4,680,0,52.900677
4,681,0,48.794964
4,682,0,50.018576
4,683,0,66.21229
4,684,0,60.671684
4,685,0,50.909106
4,686,0,49.157175
4,687,0,52.029652
4,688,0,51.309394
4,689,0,50.524954
4,690,0,50.764842
4,691,0,52.742111
4,692,0,50.285933
4,693,0,51.536958
4,694,0,55.249856
4,695,0,55.431561
4,696,0,55.007687
4,697,0,59.563553
4,698,0,50.696594
4,699,0,54.755233
4,700,0,54.755675
4,701,0,50.4819
4,702,0,49.587131
4,703,0,54.623966
4,704,0,56.081374
4,705,0,54.396077
4,706,0,53.974526
4,707,0,54.955809
4,708,0,53.082835
4,709,0,55.841761
4,710,0,48.51492
4,711,0,54.244112
4,712,0,52.577414
4,713,0,61.305402
4,714,0,49.137522
4,715,0,53.844084
4,716,0,50.460494
4,717,0,54.573086
4,718,0,54.425507
4,719,0,56.381355
4,720,0,52.686418
4,721,0,54.462826
4,722,0,54.307365
4,723,0,48.50911
4,724,0,53.301817
4,725,0,51.930693
4,726,0,55.034173
4,727,0,48.488431
4,728,0,50.07289
4,729,0,61.411583
4,730,0,50.199483
4,731,0,53.027102
4,732,0,51.882155
4,733,0,51.289142
4,734,0,56.427557
4,735,0,51.302815
4,736,0,53.659708
4,737,0,50.670315
4,738,0,57.650301
4,739,0,67.492117
4,740,0,48.369769
4,741,0,59.307108
4,742,0,51.892066
4,743,0,53.341484
4,744,0,48.989341
4,745,0,54.554158
4,746,0,61.240971
4,747,0,54.269996
4,748,0,50.597967
4,749,0,53.065531
4,750,0,52.697067
4,751,0,52.685738
4,752,0,50.963534
4,753,0,57.007461
4,754,0,50.040498
4,755,0,54.853992
4,756,0,52.23485
4,757,0,49.596988
4,758,0,54.58915
4,759,0,54.67522
4,760,0,57.779789
4,761,0,51.765846
4,762,0,50.801362
4,763,0,50.982625
4,764,0,48.559665
4,765,0,52.63115
4,766,0,56.952424
4,767,0,53.524202
4,768,0,55.740157
4,769,0,49.194427
4,770,0,52.763793
4,771,0,53.579105
4,772,0,51.398573
4,773,0,49.90884
4,774,0,53.02388
4,775,0,51.10862
4,776,0,50.360707
4,777,0,48.723337
4,778,0,56.063115
4,779,0,54.20732
4,780,0,58.240279
4,781,0,53.566926
4,782,0,53.621304
4,783,0,49.652668
4,784,0,52.783081
4,785,0,61.799748
4,786,0,55.658463
4,787,0,54.833164
4,788,0,48.670211
4,789,0,49.712595
4,790,0,57.370505
4,791,0,48.103634
4,792,0,52.716816
4,793,0,50.193328
4,794,0,51.28846
4,795,0,51.591956
4,796,0,54.969545
4,797,0,52.583634
4,798,0,63.034561
4,799,0,51.768307
4,800,0,57.341009
4,801,0,50.988197
4,802,0,49.2982
4,803,0,56.335151
4,804,0,50.043143
4,805,0,52.022433
4,806,0,53.78187
4,807,0,50.006733
4,808,0,51.21156
4,809,0,55.661886
4,810,0,52.77183
4,811,0,57.234593
4,812,0,49.668088
4,813,0,51.341029
4,814,0,55.046284
4,815,0,50.399873
4,816,0,51.741993
4,817,0,51.390102
4,818,0,48.260574
4,819,0,60.371497
4,820,0,50.147821
4,821,0,53.175094
4,822,0,49.102152
4,823,0,49.267071
4,824,0,51.371963
4,825,0,50.306435
4,826,0,53.689411
4,827,0,51.818405
4,828,0,51.512942
4,829,0,58.058588
4,830,0,52.453402
4,831,0,51.391445
4,832,0,52.129016
4,833,0,53.61616
4,834,0,50.253195
4,835,0,50.840848
4,836,0,54.205725
4,837,0,49.277328
4,838,0,53.914995
4,839,0,49.271445
4,840,0,58.836054
4,841,0,58.891918
4,842,0,54.706851
4,843,0,51.519645
4,844,0,51.071082
4,845,0,52.811279
4,846,0,51.948305
4,847,0,49.409028
4,848,0,55.574264
4,849,0,60.719943
4,850,0,50.433262
4,851,0,58.426643
4,852,0,57.622841
4,853,0,47.864201
4,854,0,50.898534
4,855,0,55.627079
4,856,0,49.570176
4,857,0,58.491661
4,858,0,53.9109
4,859,0,51.000295
4,860,0,52.746182
4,861,0,50.787389
4,862,0,54.977297
4,863,0,52.469611
4,864,0,52.068771
4,865,0,61.206053
4,866,0,50.506139
4,867,0,53.086815
4,868,0,50.854975
4,869,0,52.611816
4,870,0,50.033092
4,871,0,51.934898
4,872,0,52.658564
4,873,0,49.472994
4,874,0,53.967381
4,875,0,49.502793
4,876,0,49.608582
4,877,0,49.670629
4,878,0,55.987463
4,879,0,52.237907
4,880,0,51.242865
4,881,0,57.363117
4,882,0,72.849481
4,883,0,64.887487
4,884,0,57.876021
4,885,0,54.081173
4,886,0,49.300438
4,887,0,54.033756
4,888,0,53.183907
4,889,0,56.768628
4,890,0,50.391135
4,891,0,51.67421
4,892,0,53.419787
4,893,0,58.480736
4,894,0,49.770687
4,895,0,48.398257
4,896,0,52.864114
4,897,0,50.656402
4,898,0,57.164602
4,899,0,50.273454
4,900,0,49.934635
4,901,0,51.347837
4,902,0,50.974024
4,903,0,54.580558
4,904,0,51.336488
4,905,0,49.984756
4,906,0,58.559932
4,907,0,51.268277
4,908,0,52.786639
4,909,0,50.812065
4,910,0,65.769507
4,911,0,49.659361
4,912,0,49.792209
4,913,0,49.933675
4,914,0,49.734948
4,915,0,49.561323
4,916,0,51.962319
4,917,0,49.555406
4,918,0,54.443492
4,919,0,50.590673
4,920,0,53.937092
4,921,0,49.299018
4,922,0,48.904936
4,923,0,53.959634
4,924,0,52.402309
4,925,0,50.372318
4,926,0,54.7198
4,927,0,53.681908
4,928,0,49.60667
4,929,0,53.195433
4,930,0,50.438996
4,931,0,50.602359
4,932,0,54.201435
4,933,0,50.372052
4,934,0,52.898942
4,935,0,55.83275
4,936,0,50.743257
4,937,0,55.101807
4,938,0,53.764263
4,939,0,54.552913
4,940,0,54.23804
4,941,0,53.7778
4,942,0,57.311416
4,943,0,56.206293
4,944,0,53.675026
4,945,0,53.660543
4,946,0,59.057196
4,947,0,48.708854
4,948,0,50.152234
4,949,0,53.275065
4,950,0,53.514512
4,951,0,53.853147
4,952,0,56.882975
4,953,0,51.416115
4,954,0,56.917757
4,955,0,60.257497
4,956,0,48.117856
4,957,0,50.643702
4,958,0,53.849309
4,959,0,50.637712
4,960,0,59.623906
4,961,0,51.260802
4,962,0,49.886187
4,963,0,55.089209
4,964,0,49.617353
4,965,0,55.426671
4,966,0,51.571926
4,967,0,51.983342
4,968,0,50.657967
4,969,0,51.019105
4,970,0,55.008075
4,971,0,54.406403
4,972,0,50.280726
4,973,0,52.782639
4,974,0,49.767863
4,975,0,49.347298
4,976,0,50.701912
4,977,0,54.318778
4,978,0,54.3998
4,979,0,49.333373
4,980,0,55.103676
4,981,0,51.326354
4,982,0,52.875477
4,983,0,58.979511
4,984,0,57.940784
4,985,0,48.716558
4,986,0,47.87331
4,987,0,56.147977
4,988,0,51.936931
4,989,0,54.685034
4,990,0,63.772247
4,991,0,48.899624
4,992,0,53.044755
4,993,0,57.306295
4,994,0,52.962057
4,995,0,51.968456
4,996,0,50.44806
4,997,0,50.188149
4,998,0,52.087685
4,999,0,50.918556
5,0,0,54.48415
5,1,0,63.532126
5,2,0,51.31481
5,3,0,51.221557
5,4,0,49.483674
5,5,0,49.924091
5,6,0,48.26108
5,7,0,59.653057
5,8,0,48.691736
5,9,0,60.622337
5,10,0,51.324268
5,11,0,51.484853
5,12,0,53.492058
5,13,0,52.111116
5,14,0,50.248402
5,15,0,50.28662
5,16,0,51.635667
5,17,0,52.165855
5,18,0,54.337245
5,19,0,52.334051
5,20,0,53.349117
5,21,0,51.50739
5,22,0,49.613916
5,23,0,55.704365
5,24,0,49.179059
5,25,0,59.147633
5,26,0,51.849597
5,27,0,55.450668
5,28,0,55.348145
5,29,0,50.99069
5,30,0,56.905718
5,31,0,49.367804
5,32,0,50.994302
5,33,0,49.52221
5,34,0,54.69059
5,35,0,53.880161
5,36,0,57.403191
5,37,0,49.186405
5,38,0,52.870028
5,39,0,58.194303
5,40,0,56.497943
5,41,0,52.054584
5,42,0,60.289293
5,43,0,75.322708
5,44,0,57.125125
5,45,0,50.202259
5,46,0,55.903496
5,47,0,58.395988
5,48,0,55.551125
5,49,0,54.246979
5,50,0,54.661335
5,51,0,52.406959
5,52,0,52.853821
5,53,0,57.481731
5,54,0,51.970358
5,55,0,50.161636
5,56,0,57.12242
5,57,0,51.913215
5,58,0,54.465725
5,59,0,51.104898
5,60,0,54.364509
5,61,0,54.44243
5,62,0,52.084393
5,63,0,49.425183
5,64,0,55.741825
5,65,0,53.580755
5,66,0,51.444728
5,67,0,56.527411
5,68,0,70.630544
5,69,0,59.354009
5,70,0,52.520529
5,71,0,50.162391
5,72,0,48.715905
5,73,0,57.506537
5,74,0,48.19134
5,75,0,54.970497
5,76,0,50.491876
5,77,0,50.256809
5,78,0,52.740852
5,79,0,48.531442
5,80,0,58.087115
5,81,0,54.836906
5,82,0,53.579198
5,83,0,51.14205
5,84,0,56.122845
5,85,0,51.569326
5,86,0,61.783708
5,87,0,59.667765
5,88,0,52.886427
5,89,0,49.524789
5,90,0,60.116152
5,91,0,50.915146
5,92,0,53.98679
5,93,0,51.53725
5,94,0,61.369778
5,95,0,62.340713
5,96,0,51.824903
5,97,0,48.26031
5,98,0,52.491525
5,99,0,51.637142
5,100,0,57.354748
5,101,0,58.718106
5,102,0,50.806994
5,103,0,51.210631
5,104,0,56.185724
5,105,0,49.973946
5,106,0,50.577252
5,107,0,54.640925
5,108,0,63.539402
5,109,0,50.90468
5,110,0,48.084746
5,111,0,55.212541
5,112,0,53.879397
5,113,0,51.18111
5,114,0,52.548633
5,115,0,51.43251
5,116,0,55.910305
5,117,0,50.060899
5,118,0,53.005949
5,119,0,60.25414
5,120,0,59.017542
5,121,0,49.855353
5,122,0,55.109452
5,123,0,51.427065
5,124,0,56.025581
5,125,0,54.16276
5,126,0,51.230729
5,127,0,50.461911
5,128,0,51.256918
5,129,0,52.090105
5,130,0,50.902025
5,131,0,52.70115
5,132,0,65.924467
5,133,0,54.034558
5,134,0,58.003997
5,135,0,55.232819
5,136,0,51.380925
5,137,0,48.565907
5,138,0,50.30544
5,139,0,58.342055
5,140,0,57.139704
5,141,0,50.164356
5,142,0,52.134244
5,143,0,48.499685
5,144,0,52.278266
5,145,0,51.783179
5,146,0,55.594296
5,147,0,54.558874
5,148,0,56.548092
5,149,0,51.378974
5,150,0,52.051675
5,151,0,58.678429
5,152,0,56.964919
5,153,0,50.34477
5,154,0,57.904583
5,155,0,51.910259
5,156,0,54.012079
5,157,0,65.483355
5,158,0,52.49226
5,159,0,54.768193
5,160,0,50.659556
5,161,0,50.319799
5,162,0,57.377769
5,163,0,55.057435
5,164,0,57.763446
5,165,0,52.207085
5,166,0,50.709489
5,167,0,52.840577
5,168,0,53.993927
5,169,0,54.232423
5,170,0,53.314433
5,171,0,63.410298
5,172,0,57.887831
5,173,0,49.145284
5,174,0,50.880613
5,175,0,63.84084
5,176,0,65.162492
5,177,0,48.728961
5,178,0,49.436328
5,179,0,51.563723
5,180,0,49.023129
5,181,0,56.823676
5,182,0,50.765666
5,183,0,54.133401
5,184,0,53.487313
5,185,0,53.754264
5,186,0,54.282627
5,187,0,54.996188
5,188,0,57.654356
5,189,0,57.74112
5,190,0,54.467988
5,191,0,53.293859
5,192,0,57.824375
5,193,0,49.689956
5,194,0,66.480034
5,195,0,49.988834
5,196,0,56.19433
5,197,0,51.252171
5,198,0,49.485525
5,199,0,52.300132
5,200,0,48.711525
5,201,0,50.717989
5,202,0,57.512571
5,203,0,55.105366
5,204,0,53.313173
5,205,0,50.986697
5,206,0,51.086779
5,207,0,54.71838
5,208,0,51.2917
5,209,0,51.4043
5,210,0,49.307915
5,211,0,58.28358
5,212,0,57.567147
5,213,0,54.998769
5,214,0,50.270104
5,215,0,50.362524
5,216,0,55.682651
5,217,0,54.672087
5,218,0,51.471263
5,219,0,50.897658
5,220,0,48.698096
5,221,0,54.794664
5,222,0,50.956728
5,223,0,59.166306
5,224,0,49.468772
5,225,0,62.935053
5,226,0,54.284519
5,227,0,53.226719
5,228,0,52.468009
5,229,0,55.844796
5,230,0,58.436455
5,231,0,53.255375
5,232,0,54.311373
5,233,0,52.571726
5,234,0,62.78604
5,235,0,52.661139
5,236,0,56.429324
5,237,0,49.183739
5,238,0,51.481035
5,239,0,49.410315
5,240,0,52.65056
5,241,0,54.12488
5,242,0,52.090305
5,243,0,55.779502
5,244,0,59.032392
5,245,0,49.375108
5,246,0,52.381568
5,247,0,51.339187
5,248,0,49.190692
5,249,0,52.357012
5,250,0,50.806786
5,251,0,59.219544
5,252,0,53.426064
5,253,0,54.33548
5,254,0,54.788205
5,255,0,51.222157
5,256,0,52.208334
5,257,0,50.790362
5,258,0,53.869995
5,259,0,50.202055
5,260,0,50.271866
5,261,0,56.67761
5,262,0,53.257559
5,263,0,53.684357
5,264,0,54.880773
5,265,0,54.116222
5,266,0,55.089314
5,267,0,49.846887
5,268,0,53.048698
5,269,0,51.619629
5,270,0,49.337468
5,271,0,53.411058
5,272,0,51.010752
5,273,0,52.005216
5,274,0,54.431792
5,275,0,53.069464
5,276,0,48.596869
5,277,0,52.058514
5,278,0,59.632256
5,279,0,52.864252
5,280,0,50.557852
5,281,0,54.01735
5,282,0,50.889242
5,283,0,58.883528
5,284,0,64.382159
5,285,0,51.411836
5,286,0,55.579798
5,287,0,49.739776
5,288,0,55.502528
5,289,0,55.165808
5,290,0,49.919146
5,291,0,61.292218
5,292,0,56.701656
5,293,0,63.48915
5,294,0,56.742495
5,295,0,50.873017
5,296,0,51.711352
5,297,0,52.571647
5,298,0,50.428975
5,299,0,49.678634
5,300,0,51.492174
5,301,0,54.691902
5,302,0,50.14243
5,303,0,57.199932
5,304,0,54.348094
5,305,0,52.283176
5,306,0,51.613595
5,307,0,53.64361
5,308,0,51.586594
5,309,0,54.465466
5,310,0,61.934269
5,311,0,64.062092
5,312,0,50.259338
5,313,0,51.395262
5,314,0,49.46722
5,315,0,52.360686
5,316,0,50.566749
5,317,0,60.620317
5,318,0,53.034086
5,319,0,51.275429
5,320,0,50.316736
5,321,0,52.535497
5,322,0,57.878102
5,323,0,51.491793
5,324,0,60.950632
5,325,0,50.093088
5,326,0,53.066774
5,327,0,53.207989
5,328,0,50.874182
5,329,0,51.616606
5,330,0,53.214563
5,331,0,52.055982
5,332,0,50.780108
5,333,0,51.130575
5,334,0,51.416589
5,335,0,51.990619
5,336,0,50.200468
5,337,0,50.808773
5,338,0,52.294961
5,339,0,50.302534
5,340,0,48.903479
5,341,0,61.655563
5,342,0,54.301057
5,343,0,69.005975
5,344,0,52.959145
5,345,0,51.519286
5,346,0,54.087512
5,347,0,50.118605
5,348,0,49.3379
5,349,0,48.829969
5,350,0,57.199963
5,351,0,55.529515
5,352,0,48.610468
5,353,0,53.385128
5,354,0,51.208523
5,355,0,51.602877
5,356,0,54.692225
5,357,0,52.200327
5,358,0,48.000537
5,359,0,49.12859
5,360,0,49.611857
5,361,0,52.158338
5,362,0,47.960376
5,363,0,52.184833
5,364,0,49.980813
5,365,0,51.144109
5,366,0,50.346745
5,367,0,50.634474
5,368,0,50.90535
5,369,0,53.167535
5,370,0,49.356907
5,371,0,49.656062
5,372,0,48.510828
5,373,0,51.174263
5,374,0,49.049626
5,375,0,54.645774
5,376,0,54.261582
5,377,0,54.088735
5,378,0,50.384108
5,379,0,49.922812
5,380,0,55.771118
5,381,0,48.203406
5,382,0,52.916586
5,383,0,58.624687
5,384,0,58.062112
5,385,0,56.331779
5,386,0,49.105814
5,387,0,52.282607
5,388,0,51.673436
5,389,0,56.655056
5,390,0,55.74488
5,391,0,62.17046
5,392,0,58.720319
5,393,0,66.228878
5,394,0,49.426675
5,395,0,52.050178
5,396,0,52.892131
5,397,0,50.404418
5,398,0,49.490005
5,399,0,55.651998
5,400,0,49.485314
5,401,0,50.563461
5,402,0,61.812121
5,403,0,54.125192
5,404,0,54.163215
5,405,0,50.581499
5,406,0,49.612375
5,407,0,49.878401
5,408,0,58.561915
5,409,0,55.070182
5,410,0,59.862091
5,411,0,51.937408
5,412,0,55.065136
5,413,0,52.222378
5,414,0,51.000084
5,415,0,51.520621
5,416,0,49.811789
5,417,0,53.240757
5,418,0,49.462139
5,419,0,53.410024
5,420,0,49.800084
5,421,0,55.009815
5,422,0,50.317369
5,423,0,58.528079
5,424,0,48.38134
5,425,0,53.394418
5,426,0,48.470079
5,427,0,52.329457
5,428,0,49.673401
5,429,0,51.627071
5,430,0,54.523148
5,431,0,50.078037
5,432,0,57.700502
5,433,0,50.758798
5,434,0,51.500879
5,435,0,57.72328
5,436,0,56.570422
5,437,0,59.110606
5,438,0,51.377584
5,439,0,52.797819
5,440,0,59.808454
5,441,0,51.0034
5,442,0,51.542761
5,443,0,48.629259
5,444,0,62.485906
5,445,0,56.081799
5,446,0,55.574761
5,447,0,49.467575
5,448,0,55.271318
5,449,0,59.941843
5,450,0,50.239011
5,451,0,53.547806
5,452,0,50.803358
5,453,0,57.259718
5,454,0,49.740412
5,455,0,61.435933
5,456,0,54.00334
5,457,0,48.70837
5,458,0,59.166826
5,459,0,48.603882
5,460,0,49.330365
5,461,0,51.274289
5,462,0,50.921381
5,463,0,52.714448
5,464,0,54.457837
5,465,0,53.930416
5,466,0,56.965463
5,467,0,52.157208
5,468,0,53.412891
5,469,0,48.557085
5,470,0,51.447786
5,471,0,52.89511
5,472,0,61.576143
5,473,0,50.767552
5,474,0,57.476002
5,475,0,56.184085
5,476,0,50.916092
5,477,0,51.309158
5,478,0,54.466177
5,479,0,48.497146
5,480,0,48.110022
5,481,0,53.513703
5,482,0,50.696716
5,483,0,52.231166
5,484,0,50.333776
5,485,0,49.63106
5,486,0,48.919202
5,487,0,51.457326
5,488,0,52.95297
5,489,0,50.305682
5,490,0,57.364586
5,491,0,57.632984
5,492,0,51.654614
5,493,0,51.738944
5,494,0,56.885271
5,495,0,51.816431
5,496,0,54.264325
5,497,0,53.688434
5,498,0,62.433624
5,499,0,50.150005
5,500,0,52.438948
5,501,0,55.844533
5,502,0,51.559078
5,503,0,53.070769
5,504,0,50.907744
5,505,0,53.482858
5,506,0,52.318558
5,507,0,50.33033
5,508,0,52.669926
5,509,0,51.126368
5,510,0,50.653284
5,511,0,49.602782
5,512,0,49.417746
5,513,0,51.74459
5,514,0,56.015962
5,515,0,52.360674
5,516,0,51.209706
5,517,0,52.925719
5,518,0,55.286631
5,519,0,49.497537
5,520,0,49.067801
5,521,0,53.149024
5,522,0,56.352926
5,523,0,49.893619
5,524,0,48.549368
5,525,0,49.812212
5,526,0,52.764257
5,527,0,50.251111
5,528,0,53.087259
5,529,0,50.081504
5,530,0,51.763964
5,531,0,52.04566
5,532,0,51.668408
5,533,0,65.104055
5,534,0,50.58111
5,535,0,48.993193
5,536,0,48.302006
5,537,0,53.460868
5,538,0,52.251209
5,539,0,62.241423
5,540,0,52.954342
5,541,0,55.959934
5,542,0,55.341405
5,543,0,48.456542
5,544,0,53.825313
5,545,0,50.576297
5,546,0,56.362571
5,547,0,51.392486
5,548,0,48.765274
5,549,0,50.467157
5,550,0,49.754012
5,551,0,52.945901
5,552,0,50.107262
5,553,0,51.706347
5,554,0,51.219481
5,555,0,54.322391
5,556,0,55.972013
5,557,0,50.086525
5,558,0,57.057247
5,559,0,51.362268
5,560,0,55.628641
5,561,0,54.353214
5,562,0,50.634684
5,563,0,58.516283
5,564,0,48.113382
5,565,0,57.280295
5,566,0,53.657645
5,567,0,51.193069
5,568,0,56.774715
5,569,0,52.066935
5,570,0,49.37887
5,571,0,50.923667
5,572,0,63.872256
5,573,0,52.022931
5,574,0,53.47087
5,575,0,53.1643
5,576,0,49.594693
5,577,0,49.509485
5,578,0,51.815688
5,579,0,55.86484
5,580,0,61.973493
5,581,0,57.767925
5,582,0,53.485376
5,583,0,49.251507
5,584,0,55.677214
5,585,0,53.651063
5,586,0,54.156905
5,587,0,50.798033
5,588,0,56.184879
5,589,0,49.817096
5,590,0,51.455198
5,591,0,53.157883
5,592,0,52.006898
5,593,0,48.798375
5,594,0,61.329764
5,595,0,55.01462
5,596,0,55.12711
5,597,0,49.883667
5,598,0,53.21237
5,599,0,50.7939
5,600,0,50.571108
5,601,0,51.284432
5,602,0,55.074104
5,603,0,52.817382
5,604,0,54.004518
5,605,0,55.341575
5,606,0,50.972223
5,607,0,50.176497
5,608,0,51.506528
5,609,0,51.304206
5,610,0,54.30269
5,611,0,57.556104
5,612,0,53.342933
5,613,0,54.848882
5,614,0,54.818147
5,615,0,55.33231
5,616,0,50.001062
5,617,0,50.842958
5,618,0,48.911756
5,619,0,48.138883
5,620,0,54.525976
5,621,0,50.598861
5,622,0,52.937834
5,623,0,47.823065
5,624,0,50.225017
5,625,0,55.681461
5,626,0,51.178922
5,627,0,53.185381
5,628,0,50.534737
5,629,0,56.255202
5,630,0,51.248154
5,631,0,50.411439
5,632,0,52.750001
5,633,0,54.943649
5,634,0,48.470747
5,635,0,50.157042
5,636,0,51.750493
5,637,0,51.469699
5,638,0,52.683575
5,639,0,53.006609
5,640,0,53.092106
5,641,0,50.853284
5,642,0,54.021089
5,643,0,50.475323
5,644,0,53.158349
5,645,0,47.769328
5,646,0,55.410504
5,647,0,56.072473
5,648,0,52.355666
5,649,0,57.02805
5,650,0,49.60925
5,651,0,49.257425
5,652,0,53.186808
5,653,0,61.479531
5,654,0,50.0573
5,655,0,49.372188
5,656,0,52.670637
5,657,0,50.242294
5,658,0,52.940813
5,659,0,58.06613
5,660,0,50.850735
5,661,0,56.603873
5,662,0,48.607121
5,663,0,50.823241
5,664,0,53.534605
5,665,0,49.802476
5,666,0,52.723914
5,667,0,50.816473
5,668,0,52.684058
5,669,0,51.601282
5,670,0,49.001039
5,671,0,57.723258
5,672,0,48.90246
5,673,0,57.958481
5,674,0,50.689934
5,675,0,52.23018
5,676,0,49.308484
5,677,0,59.735494
5,678,0,56.816357
5,679,0,58.139256
5,680,0,53.725699
5,681,0,55.141052
5,682,0,53.639266
5,683,0,51.724877
5,684,0,49.656355
5,685,0,50.190066
5,686,0,62.170136
5,687,0,53.959086
5,688,0,50.871911
5,689,0,51.900461
5,690,0,65.113501
5,691,0,50.871948
5,692,0,57.669914
5,693,0,55.40269
5,694,0,50.043912
5,695,0,52.341871
5,696,0,53.629906
5,697,0,51.543449
5,698,0,50.608285
5,699,0,56.877129
5,700,0,52.094515
5,701,0,51.495281
5,702,0,54.384981
5,703,0,50.113246
5,704,0,50.911283
5,705,0,48.486861
5,706,0,51.38322
5,707,0,49.113262
5,708,0,52.141432
5,709,0,51.045414
5,710,0,50.490658
5,711,0,53.974843
5,712,0,51.72532
5,713,0,52.3058
5,714,0,58.250137
5,715,0,54.870074
5,716,0,52.32934
5,717,0,51.886276
5,718,0,50.549356
5,719,0,61.800759
5,720,0,56.541019
5,721,0,56.50036
5,722,0,67.432236
5,723,0,50.806851
5,724,0,50.694644
5,725,0,57.57792
5,726,0,58.932618
5,727,0,52.237665
5,728,0,48.574825
5,729,0,52.88497
5,730,0,53.693799
5,731,0,52.959308
5,732,0,52.394632
5,733,0,54.610459
5,734,0,53.929927
5,735,0,50.562772
5,736,0,52.965804
5,737,0,53.774967
5,738,0,47.741121
5,739,0,50.703492
5,740,0,48.693948
5,741,0,55.638281
5,742,0,50.750545
5,743,0,51.393857
5,744,0,54.567883
5,745,0,54.334407
5,746,0,51.560952
5,747,0,60.84929
5,748,0,51.522432
5,749,0,56.630563
5,750,0,53.654706
5,751,0,55.54101
5,752,0,50.550942
5,753,0,64.780618
5,754,0,58.975507
5,755,0,50.070875
5,756,0,55.172626
5,757,0,49.564572
5,758,0,49.837381
5,759,0,54.727388
5,760,0,53.333661
5,761,0,55.960507
5,762,0,48.573836
5,763,0,54.797852
5,764,0,52.758661
5,765,0,52.725784
5,766,0,59.112311
5,767,0,53.273429
5,768,0,51.703818
5,769,0,60.073443
5,770,0,54.98803
5,771,0,52.995803
5,772,0,50.781458
5,773,0,51.812323
5,774,0,49.120853
5,775,0,50.509347
5,776,0,49.976461
5,777,0,55.296286
5,778,0,59.674032
5,779,0,53.11745
5,780,0,54.355427
5,781,0,48.996582
5,782,0,50.188212
5,783,0,51.980599
5,784,0,50.367596
5,785,0,49.95269
5,786,0,48.991793
5,787,0,56.699976
5,788,0,47.764044
5,789,0,52.602777
5,790,0,58.42843
5,791,0,52.879988
5,792,0,49.498441
5,793,0,50.849989
5,794,0,49.86901
5,795,0,52.194032
5,796,0,55.055318
5,797,0,50.880353
5,798,0,52.44212
5,799,0,49.95672
5,800,0,54.260643
5,801,0,57.686363
5,802,0,50.90595
5,803,0,49.61922
5,804,0,51.662266
5,805,0,53.366037
5,806,0,57.274521
5,807,0,56.690468
5,808,0,53.053613
5,809,0,53.637811
5,810,0,64.226394
5,811,0,51.434517
5,812,0,49.485769
5,813,0,52.056233
5,814,0,52.30236
5,815,0,51.59273
5,816,0,51.093804
5,817,0,51.872973
5,818,0,49.911917
5,819,0,51.145243
5,820,0,52.369075
5,821,0,50.53451
5,822,0,49.128291
5,823,0,50.454416
5,824,0,58.262117
5,825,0,52.162908
5,826,0,52.448252
5,827,0,57.456402
5,828,0,52.959331
5,829,0,50.612246
5,830,0,56.522878
5,831,0,52.889469
5,832,0,58.488418
5,833,0,54.384147
5,834,0,54.938553
5,835,0,52.155539
5,836,0,55.096232
5,837,0,55.658784
5,838,0,52.740142
5,839,0,49.575819
5,840,0,50.518456
5,841,0,50.061487
5,842,0,49.816772
5,843,0,60.354656
5,844,0,50.718237
5,845,0,48.998312
5,846,0,52.739091
5,847,0,54.763099
5,848,0,52.587331
5,849,0,50.645247
5,850,0,51.093569
5,851,0,50.495187
5,852,0,51.043454
5,853,0,53.229274
5,854,0,55.342727
5,855,0,53.788014
5,856,0,55.307067
5,857,0,53.967824
5,858,0,51.042603
5,859,0,51.583932
5,860,0,48.912983
5,861,0,50.218188
5,862,0,50.421455
5,863,0,56.99718
5,864,0,51.775961
5,865,0,52.509108
5,866,0,48.508469
5,867,0,49.654346
5,868,0,51.516584
5,869,0,51.304783
5,870,0,52.854503
5,871,0,54.548796
5,872,0,54.473228
5,873,0,54.354368
5,874,0,54.953696
5,875,0,48.948443
5,876,0,53.975871
5,877,0,57.414014
5,878,0,53.754708
5,879,0,50.198221
5,880,0,54.715416
5,881,0,50.215878
5,882,0,52.85692
5,883,0,55.016977
5,884,0,53.98878
5,885,0,56.713158
5,886,0,54.788949
5,887,0,63.329555
5,888,0,53.692702
5,889,0,48.239362
5,890,0,48.490602
5,891,0,49.916428
5,892,0,51.691366
5,893,0,59.066949
5,894,0,66.285941
5,895,0,52.537792
5,896,0,51.861299
5,897,0,53.9799
5,898,0,62.80601
5,899,0,52.097328
5,900,0,56.927064
5,901,0,55.296643
5,902,0,55.850798
5,903,0,50.395746
5,904,0,56.01413
5,905,0,52.461007
5,906,0,48.937648
5,907,0,61.346864
5,908,0,57.003111
5,909,0,57.02307
5,910,0,49.408516
5,911,0,52.115247
5,912,0,48.122759
5,913,0,52.29431
5,914,0,50.255325
5,915,0,50.224785
5,916,0,55.142531
5,917,0,56.004276
5,918,0,52.265822
5,919,0,51.47435
5,920,0,54.596474
5,921,0,56.084126
5,922,0,51.843781
5,923,0,49.012667
5,924,0,48.47476
5,925,0,49.235132
5,926,0,55.001808
5,927,0,54.334897
5,928,0,54.013887
5,929,0,53.128864
5,930,0,57.064803
5,931,0,51.734328
5,932,0,49.808334
5,933,0,51.506073
5,934,0,55.262947
5,935,0,56.198138
5,936,0,57.590614
5,937,0,51.188598
5,938,0,48.686322
5,939,0,52.933964
5,940,0,52.469821
5,941,0,60.253876
5,942,0,49.209699
5,943,0,50.941985
5,944,0,49.351196
5,945,0,53.955083
5,946,0,54.405369
5,947,0,59.305915
5,948,0,52.884947
5,949,0,64.429086
5,950,0,48.77846
5,951,0,50.341041
5,952,0,52.404399
5,953,0,53.732951
5,954,0,51.066578
5,955,0,56.376025
5,956,0,50.326545
5,957,0,57.098232
5,958,0,54.932038
5,959,0,52.584046
5,960,0,49.891385
5,961,0,50.545423
5,962,0,49.212408
5,963,0,50.135576
5,964,0,52.091942
5,965,0,50.052382
5,966,0,64.195649
5,967,0,53.047983
5,968,0,51.441126
5,969,0,48.177911
5,970,0,56.863539
5,971,0,60.942248
5,972,0,52.924153
5,973,0,63.840052
5,974,0,53.8324
5,975,0,50.443083
5,976,0,50.43921
5,977,0,57.007378
5,978,0,52.889041
5,979,0,48.922975
5,980,0,50.907065
5,981,0,51.699914
5,982,0,51.487819
5,983,0,49.642253
5,984,0,50.106775
5,985,0,58.167548
5,986,0,55.851944
5,987,0,50.281004
5,988,0,53.925339
5,989,0,52.552202
5,990,0,51.40754
5,991,0,48.504446
5,992,0,51.490774
5,993,0,52.676749
5,994,0,65.349446
5,995,0,49.580538
5,996,0,50.050268
5,997,0,49.852667
5,998,0,52.468712
5,999,0,49.769655
6,0,0,55.511066
6,1,0,53.781845
6,2,0,55.845091
6,3,0,50.224378
6,4,0,51.630213
6,5,0,57.491835
6,6,0,53.415466
6,7,0,47.739551
6,8,0,50.808029
6,9,0,49.521406
6,10,0,49.352826
6,11,0,50.355261
6,12,0,50.874419
6,13,0,48.690794
6,14,0,54.080741
6,15,0,51.275699
6,16,0,55.804389
6,17,0,60.054522
6,18,0,58.869244
6,19,0,58.248064
6,20,0,55.835035
6,21,0,62.460221
6,22,0,57.091591
6,23,0,54.912161
6,24,0,48.251999
6,25,0,50.386546
6,26,0,50.327873
6,27,0,51.093403
6,28,0,48.853438
6,29,0,52.402049
6,30,0,48.135186
6,31,0,52.548971
6,32,0,50.207624
6,33,0,50.711734
6,34,0,53.427784
6,35,0,57.277145
6,36,0,48.15974
6,37,0,50.258352
6,38,0,56.201907
6,39,0,53.832021
6,40,0,50.654383
6,41,0,61.851572
6,42,0,52.5896
6,43,0,51.3333
6,44,0,54.655054
6,45,0,56.707683
6,46,0,54.5686
6,47,0,51.320143
6,48,0,53.843279
6,49,0,51.813184
6,50,0,61.231308
6,51,0,62.81843
6,52,0,51.446569
6,53,0,48.15608
6,54,0,50.615207
6,55,0,49.808242
6,56,0,49.778016
6,57,0,54.598736
6,58,0,60.780371
6,59,0,50.05688
6,60,0,50.431942
6,61,0,61.060619
6,62,0,54.630145
6,63,0,51.243955
6,64,0,53.827239
6,65,0,50.271575
6,66,0,59.634425
6,67,0,53.660225
6,68,0,56.447084
6,69,0,49.361278
6,70,0,56.347422
6,71,0,52.350982
6,72,0,48.737213
6,73,0,49.726805
6,74,0,52.02584
6,75,0,50.785933
6,76,0,53.259846
6,77,0,51.16347
6,78,0,51.504457
6,79,0,56.55057
6,80,0,51.442229
6,81,0,52.77155
6,82,0,49.900725
6,83,0,63.092143
6,84,0,52.971825
6,85,0,53.111888
6,86,0,52.092017
6,87,0,52.749099
6,88,0,58.359261
6,89,0,53.14298
6,90,0,50.309806
6,91,0,59.055378
6,92,0,49.204707
6,93,0,50.952317
6,94,0,55.762172
6,95,0,49.648719
6,96,0,56.786608
6,97,0,51.287036
6,98,0,48.702538
6,99,0,55.545078
6,100,0,53.279448
6,101,0,51.495007
6,102,0,51.671763
6,103,0,52.585027
6,104,0,52.181094
6,105,0,65.13481
6,106,0,49.950529
6,107,0,54.361831
6,108,0,50.452326
6,109,0,52.959435
6,110,0,54.689593
6,111,0,49.640421
6,112,0,53.303141
6,113,0,51.041115
6,114,0,55.641023
6,115,0,52.729015
6,116,0,50.361169
6,117,0,50.776078
6,118,0,52.742739
6,119,0,49.292451
6,120,0,53.672131
6,121,0,50.643951
6,122,0,49.307225
6,123,0,54.403585
6,124,0,56.483591
6,125,0,49.258743
6,126,0,49.718557
6,127,0,53.587737
6,128,0,67.471664
6,129,0,51.800913
6,130,0,49.776408
6,131,0,55.450589
6,132,0,58.962634
6,133,0,53.785202
6,134,0,55.478441
6,135,0,57.969396
6,136,0,52.130344
6,137,0,49.969446
6,138,0,50.811862
6,139,0,48.803728
6,140,0,56.073617
6,141,0,51.616783
6,142,0,48.646064
6,143,0,52.338948
6,144,0,50.840796
6,145,0,48.033459
6,146,0,60.799191
6,147,0,53.894386
6,148,0,52.296105
6,149,0,51.647415
6,150,0,50.809594
6,151,0,57.766779
6,152,0,59.734455
6,153,0,55.180762
6,154,0,54.776299
6,155,0,52.611121
6,156,0,52.272723
6,157,0,51.328985
6,158,0,52.467119
6,159,0,50.199117
6,160,0,51.24908
6,161,0,49.900059
6,162,0,61.372809
6,163,0,48.946136
6,164,0,48.813727
6,165,0,57.093821
6,166,0,58.117946
6,167,0,54.374038
6,168,0,62.394906
6,169,0,57.825494
6,170,0,50.368544
6,171,0,48.595349
6,172,0,50.136032
6,173,0,50.809957
6,174,0,53.929584
6,175,0,52.662324
6,176,0,55.732998
6,177,0,53.325719
6,178,0,53.32424
6,179,0,55.851418
6,180,0,50.389537
6,181,0,50.101232
6,182,0,49.805827
6,183,0,51.152373
6,184,0,52.614347
6,185,0,53.807294
6,186,0,48.364039
6,187,0,52.953714
6,188,0,50.178184
6,189,0,49.567976
6,190,0,50.8397
6,191,0,49.022902
6,192,0,54.949729
6,193,0,52.262214
6,194,0,54.324227
6,195,0,56.674334
6,196,0,52.936007
6,197,0,50.41523
6,198,0,53.70051
6,199,0,49.590104
6,200,0,49.923592
6,201,0,52.795692
6,202,0,52.090173
6,203,0,54.20966
6,204,0,54.528336
6,205,0,50.293285
6,206,0,49.014167
6,207,0,48.496652
6,208,0,57.036332
6,209,0,48.235784
6,210,0,52.583666
6,211,0,49.562603
6,212,0,49.629859
6,213,0,55.35907
6,214,0,51.670272
6,215,0,51.830608
6,216,0,51.850362
6,217,0,52.301599
6,218,0,51.960987
6,219,0,52.19712
6,220,0,60.295761
6,221,0,53.194792
6,222,0,54.380321
6,223,0,51.029744
6,224,0,53.779833
6,225,0,49.727304
6,226,0,49.449782
6,227,0,53.953325
6,228,0,50.610187
6,229,0,53.763506
6,230,0,51.318595
6,231,0,52.046434
6,232,0,55.859378
6,233,0,50.692999
6,234,0,55.169942
6,235,0,49.43003
6,236,0,49.28788
6,237,0,48.343321
6,238,0,56.436731
6,239,0,59.385809
6,240,0,50.22016
6,241,0,54.683727
6,242,0,51.967286
6,243,0,53.343971
6,244,0,53.875122
6,245,0,53.024688
6,246,0,54.939197
6,247,0,50.8901
6,248,0,54.675934
6,249,0,64.593998
6,250,0,58.82658
6,251,0,49.089405
6,252,0,62.261861
6,253,0,55.177787
6,254,0,56.050407
6,255,0,54.615418
6,256,0,49.583765
6,257,0,57.712798
6,258,0,60.079129
6,259,0,51.40409
6,260,0,49.374896
6,261,0,50.853311
6,262,0,51.852079
6,263,0,53.820185
6,264,0,51.547986
6,265,0,56.186911
6,266,0,56.70296
6,267,0,54.879916
6,268,0,52.090923
6,269,0,51.106883
6,270,0,53.781402
6,271,0,60.888401
6,272,0,49.567485
6,273,0,50.5799
6,274,0,50.672882
6,275,0,57.024677
6,276,0,52.201609
6,277,0,50.72531
6,278,0,61.603359
6,279,0,50.192684
6,280,0,50.583268
6,281,0,53.16137
6,282,0,50.487041
6,283,0,63.065486
6,284,0,54.424268
6,285,0,50.969892
6,286,0,53.398338
6,287,0,55.695198
6,288,0,52.464365
6,289,0,56.196221
6,290,0,48.967824
6,291,0,53.122603
6,292,0,50.864832
6,293,0,48.184719
6,294,0,54.856172
6,295,0,50.960865
6,296,0,54.120654
6,297,0,51.03569
6,298,0,50.852745
6,299,0,54.067816
6,300,0,51.308231
6,301,0,49.330569
6,302,0,48.306751
6,303,0,52.06829
6,304,0,48.594597
6,305,0,61.094353
6,306,0,51.969145
6,307,0,56.432129
6,308,0,58.566264
6,309,0,50.676536
6,310,0,49.990899
6,311,0,53.732187
6,312,0,52.769883
6,313,0,54.343724
6,314,0,50.636383
6,315,0,54.202562
6,316,0,56.508356
6,317,0,51.312971
6,318,0,49.30017
6,319,0,52.810982
6,320,0,58.370007
6,321,0,52.89122
6,322,0,51.896618
6,323,0,49.772
6,324,0,62.946909
6,325,0,51.018257
6,326,0,55.371369
6,327,0,61.274811
6,328,0,50.339683
6,329,0,62.861356
6,330,0,59.790141
6,331,0,51.278623
6,332,0,51.762105
6,333,0,51.110613
6,334,0,48.604055
6,335,0,52.831897
6,336,0,64.792826
6,337,0,57.468463
6,338,0,51.757894
6,339,0,59.262216
6,340,0,49.013475
6,341,0,58.820011
6,342,0,56.666083
6,343,0,50.198374
6,344,0,49.643464
6,345,0,53.825205
6,346,0,54.396856
6,347,0,53.10811
6,348,0,49.78456
6,349,0,58.546273
6,350,0,50.967839
6,351,0,58.975058
6,352,0,49.50251
6,353,0,48.6315
6,354,0,51.914382
6,355,0,56.854216
6,356,0,51.180298
6,357,0,51.216798
6,358,0,63.407687
6,359,0,56.182174
6,360,0,51.118063
6,361,0,54.882226
6,362,0,49.690467
6,363,0,54.002796
6,364,0,51.314726
6,365,0,52.755471
6,366,0,58.761194
6,367,0,51.020172
6,368,0,48.846798
6,369,0,55.719899
6,370,0,54.488095
6,371,0,48.245764
6,372,0,55.310322
6,373,0,47.735979
6,374,0,52.622147
6,375,0,49.233265
6,376,0,52.111415
6,377,0,53.925598
6,378,0,57.518374
6,379,0,58.057452
6,380,0,54.155737
6,381,0,51.669331
6,382,0,48.844714
6,383,0,49.118497
6,384,0,52.865021
6,385,0,49.103543
6,386,0,57.346111
6,387,0,51.247272
6,388,0,53.138265
6,389,0,52.048486
6,390,0,50.187009
6,391,0,53.217977
6,392,0,51.361171
6,393,0,52.639447
6,394,0,52.876331
6,395,0,59.452675
6,396,0,54.430198
6,397,0,50.155478
6,398,0,52.677101
6,399,0,55.786318
6,400,0,59.799532
6,401,0,49.9072
6,402,0,52.935035
6,403,0,50.93173
6,404,0,51.625777
6,405,0,49.833793
6,406,0,49.863405
6,407,0,56.355924
6,408,0,49.55762
6,409,0,56.516055
6,410,0,54.56939
6,411,0,49.889076
6,412,0,54.114872
6,413,0,55.320722
6,414,0,58.030584
6,415,0,61.691463
6,416,0,49.942857
6,417,0,55.310231
6,418,0,49.001438
6,419,0,50.38621
6,420,0,57.063468
6,421,0,55.91053
6,422,0,48.743901
6,423,0,49.253824
6,424,0,48.635266
6,425,0,51.600983
6,426,0,51.701557
6,427,0,51.024457
6,428,0,50.965438
6,429,0,52.221471
6,430,0,59.853114
6,431,0,50.453073
6,432,0,52.803631
6,433,0,50.255629
6,434,0,51.431147
6,435,0,55.501833
6,436,0,49.010462
6,437,0,49.977376
6,438,0,56.014105
6,439,0,49.625808
6,440,0,69.830147
6,441,0,50.275956
6,442,0,52.629877
6,443,0,53.81747
6,444,0,51.534385
6,445,0,50.851848
6,446,0,52.077091
6,447,0,71.739268
6,448,0,51.374765
6,449,0,56.415132
6,450,0,52.321214
6,451,0,54.93946
6,452,0,55.219955
6,453,0,51.420271
6,454,0,50.188977
6,455,0,50.353162
6,456,0,53.610645
6,457,0,50.608105
6,458,0,52.620578
6,459,0,52.24735
6,460,0,49.924845
6,461,0,51.746957
6,462,0,52.128736
6,463,0,54.880162
6,464,0,50.38614
6,465,0,51.961734
6,466,0,50.823118
6,467,0,64.848009
6,468,0,53.34186
6,469,0,51.252398
6,470,0,58.366661
6,471,0,48.888335
6,472,0,52.521354
6,473,0,49.48074
6,474,0,51.682514
6,475,0,53.851716
6,476,0,61.989057
6,477,0,51.757102
6,478,0,50.387117
6,479,0,52.690954
6,480,0,54.280747
6,481,0,68.187884
6,482,0,53.188393
6,483,0,52.198963
6,484,0,52.901196
6,485,0,51.110187
6,486,0,50.152318
6,487,0,51.064787
6,488,0,54.616278
6,489,0,60.915207
6,490,0,53.843452
6,491,0,53.236929
6,492,0,50.445685
6,493,0,50.924922
6,494,0,56.305389
6,495,0,51.141128
6,496,0,51.761703
6,497,0,57.483111
6,498,0,58.956591
6,499,0,50.955264
6,500,0,53.337103
6,501,0,49.518261
6,502,0,48.024445
6,503,0,49.776476
6,504,0,55.369913
6,505,0,51.487603
6,506,0,56.254864
6,507,0,65.16499
6,508,0,49.483713
6,509,0,51.914566
6,510,0,49.76168
6,511,0,53.861583
6,512,0,55.857959
6,513,0,50.679253
6,514,0,50.241963
6,515,0,52.489504
6,516,0,53.853961
6,517,0,54.188275
6,518,0,54.406949
6,519,0,48.450566
6,520,0,53.401698
6,521,0,55.662206
6,522,0,50.521312
6,523,0,49.854453
6,524,0,53.403302
6,525,0,57.346474
6,526,0,54.808822
6,527,0,49.431983
6,528,0,52.260444
6,529,0,52.977309
6,530,0,54.65899
6,531,0,50.353485
6,532,0,51.306861
6,533,0,54.453745
6,534,0,59.700645
6,535,0,51.868717
6,536,0,51.234717
6,537,0,59.065776
6,538,0,61.658473
6,539,0,63.038691
6,540,0,51.347503
6,541,0,50.903276
6,542,0,51.704067
6,543,0,50.260291
6,544,0,55.858276
6,545,0,56.489298
6,546,0,52.405643
6,547,0,55.746061
6,548,0,48.357471
6,549,0,48.484053
6,550,0,53.535267
6,551,0,70.438905
6,552,0,49.375752
6,553,0,52.421812
6,554,0,50.22223
6,555,0,56.729036
6,556,0,54.815083
6,557,0,51.404234
6,558,0,49.304417
6,559,0,48.729741
6,560,0,54.253488
6,561,0,50.475799
6,562,0,53.104649
6,563,0,56.305016
6,564,0,48.968814
6,565,0,51.443407
6,566,0,49.496036
6,567,0,53.55946
6,568,0,49.312055
6,569,0,59.794821
6,570,0,49.356135
6,571,0,54.149659
6,572,0,51.891811
6,573,0,50.858754
6,574,0,54.258655
6,575,0,52.979789
6,576,0,56.027539
6,577,0,51.807783
6,578,0,50.766897
6,579,0,57.721374
6,580,0,49.043192
6,581,0,48.60643
6,582,0,51.132449
6,583,0,52.913911
6,584,0,52.740488
6,585,0,51.566061
6,586,0,51.51135
6,587,0,49.329713
6,588,0,49.993926
6,589,0,49.591427
6,590,0,55.956421
6,591,0,61.068591
6,592,0,50.683251
6,593,0,52.347097
6,594,0,51.836188
6,595,0,52.290222
6,596,0,49.644875
6,597,0,50.803247
6,598,0,50.384891
6,599,0,50.849931
6,600,0,50.831239
6,601,0,50.139676
6,602,0,52.555992
6,603,0,51.770648
6,604,0,50.421262
6,605,0,49.165888
6,606,0,55.357169
6,607,0,55.752032
6,608,0,55.276976
6,609,0,52.510567
6,610,0,49.247359
6,611,0,53.010848
6,612,0,58.193853
6,613,0,53.173086
6,614,0,50.417579
6,615,0,54.160448
6,616,0,49.245987
6,617,0,52.760607
6,618,0,56.200041
6,619,0,52.21401
6,620,0,51.895025
6,621,0,51.589641
6,622,0,50.736998
6,623,0,53.961473
6,624,0,51.556699
6,625,0,49.857679
6,626,0,51.239345
6,627,0,52.943088
6,628,0,48.75876
6,629,0,48.233246
6,630,0,49.36112
6,631,0,57.092392
6,632,0,52.922359
6,633,0,57.532669
6,634,0,55.803061
6,635,0,53.932047
6,636,0,55.758915
6,637,0,53.58773
6,638,0,51.716894
6,639,0,50.234948
6,640,0,49.631884
6,641,0,49.48599
6,642,0,49.415009
6,643,0,51.120836
6,644,0,56.740995
6,645,0,54.46617
6,646,0,51.161818
6,647,0,59.384606
6,648,0,50.815855
6,649,0,53.433462
6,650,0,51.307814
6,651,0,54.421585
6,652,0,52.963688
6,653,0,55.123953
6,654,0,58.610362
6,655,0,57.782408
6,656,0,54.71546
6,657,0,49.582053
6,658,0,49.114764
6,659,0,59.243161
6,660,0,50.63791
6,661,0,50.532854
6,662,0,50.182411
6,663,0,48.667895
6,664,0,62.658661
6,665,0,54.651799
6,666,0,56.565389
6,667,0,52.101317
6,668,0,57.101682
6,669,0,48.29778
6,670,0,48.740873
6,671,0,51.101579
6,672,0,50.805364
6,673,0,48.772102
6,674,0,50.244405
6,675,0,49.74125
6,676,0,50.020701
6,677,0,51.616168
6,678,0,50.785056
6,679,0,55.992781
6,680,0,57.639169
6,681,0,50.568543
6,682,0,50.741268
6,683,0,55.713775
6,684,0,57.717627
6,685,0,57.60001
6,686,0,49.504371
6,687,0,56.607402
6,688,0,66.545978
6,689,0,52.112423
6,690,0,52.177129
6,691,0,48.701591
6,692,0,53.24824
6,693,0,51.817521
6,694,0,55.612156
6,695,0,49.028489
6,696,0,51.795339
6,697,0,47.861669
6,698,0,57.638899
6,699,0,49.999811
6,700,0,49.622648
6,701,0,51.332064
6,702,0,48.882204
6,703,0,60.639689
6,704,0,48.858582
6,705,0,52.027048
6,706,0,55.417821
6,707,0,59.499781
6,708,0,52.927024
6,709,0,53.162584
6,710,0,53.084028
6,711,0,50.009847
6,712,0,49.576032
6,713,0,50.378332
6,714,0,54.976935
6,715,0,53.437101
6,716,0,54.744599
6,717,0,54.12142
6,718,0,61.978659
6,719,0,49.540405
6,720,0,50.437512
6,721,0,51.884639
6,722,0,56.837751
6,723,0,56.617727
6,724,0,49.786168
6,725,0,48.610646
6,726,0,53.419761
6,727,0,58.017464
6,728,0,53.816163
6,729,0,50.132312
6,730,0,50.570378
6,731,0,49.05085
6,732,0,48.335927
6,733,0,52.229097
6,734,0,51.309827
6,735,0,53.740755
6,736,0,56.166775
6,737,0,60.548666
6,738,0,49.503785
6,739,0,48.109967
6,740,0,52.647018
6,741,0,53.310009
6,742,0,51.379972
6,743,0,49.928651
6,744,0,47.872317
6,745,0,62.057848
6,746,0,52.016468
6,747,0,50.257228
6,748,0,50.295748
6,749,0,54.232523
6,750,0,56.315589
6,751,0,51.489482
6,752,0,73.090151
6,753,0,52.685033
6,754,0,49.63893
6,755,0,51.747987
6,756,0,54.756254
6,757,0,52.342088
6,758,0,61.654347
6,759,0,50.01278
6,760,0,52.189643
6,761,0,56.865421
6,762,0,54.827557
6,763,0,54.245627
6,764,0,56.18929
6,765,0,52.688768
6,766,0,48.159721
6,767,0,53.747567
6,768,0,51.880051
6,769,0,58.59972
6,770,0,55.328717
6,771,0,50.055104
6,772,0,57.359997
6,773,0,52.497143
6,774,0,79.643861
6,775,0,50.86303
6,776,0,59.586884
6,777,0,50.177622
6,778,0,51.878655
6,779,0,54.530437
6,780,0,54.740215
6,781,0,51.972924
6,782,0,50.840965
6,783,0,52.258768
6,784,0,49.745602
6,785,0,57.308993
6,786,0,53.056844
6,787,0,51.864657
6,788,0,53.130696
6,789,0,55.008613
6,790,0,53.300375
6,791,0,48.448535
6,792,0,57.224222
6,793,0,53.27604
6,794,0,50.362752
6,795,0,57.467534
6,796,0,59.192821
6,797,0,57.0383
6,798,0,51.566136
6,799,0,52.597587
6,800,0,50.601052
6,801,0,50.601354
6,802,0,56.055493
6,803,0,48.961147
6,804,0,49.519924
6,805,0,50.525846
6,806,0,53.563741
6,807,0,54.669952
6,808,0,63.30973
6,809,0,50.829458
6,810,0,50.518188
6,811,0,49.44992
6,812,0,53.959706
6,813,0,53.20381
6,814,0,53.575514
6,815,0,48.968908
6,816,0,55.212633
6,817,0,50.571156
6,818,0,50.409112
6,819,0,53.842423
6,820,0,56.701652
6,821,0,55.126593
6,822,0,49.823723
6,823,0,58.199402
6,824,0,52.295486
6,825,0,53.275902
6,826,0,50.387938
6,827,0,50.879586
6,828,0,50.229838
6,829,0,48.847734
6,830,0,61.962824
6,831,0,60.393702
6,832,0,52.587697
6,833,0,49.44781
6,834,0,49.839693
6,835,0,48.799814
6,836,0,59.379736
6,837,0,55.264438
6,838,0,52.464186
6,839,0,50.776034
6,840,0,58.078653
6,841,0,53.923505
6,842,0,51.064023
6,843,0,55.773639
6,844,0,50.339795
6,845,0,49.53539
6,846,0,51.616122
6,847,0,50.558611
6,848,0,50.687313
6,849,0,50.496513
6,850,0,51.207412
6,851,0,49.12559
6,852,0,55.075457
6,853,0,55.598024
6,854,0,50.393433
6,855,0,54.165548
6,856,0,55.462558
6,857,0,51.161944
6,858,0,57.133921
6,859,0,58.546082
6,860,0,52.602879
6,861,0,51.97309
6,862,0,48.675938
6,863,0,49.155435
6,864,0,56.408744
6,865,0,59.545065
6,866,0,52.268328
6,867,0,53.674096
6,868,0,65.340686
6,869,0,50.487618
6,870,0,49.794895
6,871,0,52.419132
6,872,0,54.373761
6,873,0,54.821066
6,874,0,49.08997
6,875,0,50.288698
6,876,0,52.299968
6,877,0,50.938221
6,878,0,53.325435
6,879,0,54.484791
6,880,0,54.954721
6,881,0,50.206171
6,882,0,52.950289
6,883,0,57.904464
6,884,0,49.525995
6,885,0,62.468393
6,886,0,52.847599
6,887,0,50.978893
6,888,0,50.621144
6,889,0,56.19537
6,890,0,50.569686
6,891,0,51.195111
6,892,0,50.847659
6,893,0,58.306802
6,894,0,57.650538
6,895,0,54.225217
6,896,0,50.072532
6,897,0,55.569788
6,898,0,54.429521
6,899,0,65.724622
6,900,0,51.872357
6,901,0,53.492589
6,902,0,56.242256
6,903,0,52.819456
6,904,0,53.285253
6,905,0,57.567244
6,906,0,54.65394
6,907,0,49.116856
6,908,0,54.368352
6,909,0,50.24033
6,910,0,50.640922
6,911,0,53.826995
6,912,0,51.868822
6,913,0,53.996062
6,914,0,51.937207
6,915,0,50.661595
6,916,0,54.422062
6,917,0,50.416442
6,918,0,48.938953
6,919,0,50.25002
6,920,0,55.3025
6,921,0,53.305143
6,922,0,51.238402
6,923,0,50.761032
6,924,0,52.391018
6,925,0,53.834351
6,926,0,49.836424
6,927,0,54.749392
6,928,0,48.722032
6,929,0,49.069138
6,930,0,59.154011
6,931,0,55.745041
6,932,0,63.130835
6,933,0,49.502634
6,934,0,53.003094
6,935,0,54.934267
6,936,0,56.805012
6,937,0,50.2615
6,938,0,57.081645
6,939,0,50.590831
6,940,0,50.478836
6,941,0,54.149554
6,942,0,51.1027
6,943,0,51.184646
6,944,0,48.562739
6,945,0,48.336446
6,946,0,51.388788
6,947,0,49.860595
6,948,0,48.403324
6,949,0,50.612665
6,950,0,48.658954
6,951,0,52.662915
6,952,0,63.991259
6,953,0,56.339913
6,954,0,48.033527
6,955,0,49.499417
6,956,0,49.841849
6,957,0,51.213401
6,958,0,51.240449
6,959,0,52.743449
6,960,0,49.538358
6,961,0,51.848037
6,962,0,55.317546
6,963,0,50.444858
6,964,0,53.459454
6,965,0,51.616708
6,966,0,56.06069
6,967,0,59.38491
6,968,0,48.639819
6,969,0,53.312586
6,970,0,55.070384
6,971,0,50.306456
6,972,0,50.37476
6,973,0,50.966347
6,974,0,56.700464
6,975,0,58.112795
6,976,0,48.686826
6,977,0,50.449131
6,978,0,49.989265
6,979,0,57.289717
6,980,0,52.309041
6,981,0,49.596676
6,982,0,52.172859
6,983,0,63.331254
6,984,0,53.711097
6,985,0,49.86099
6,986,0,48.282076
6,987,0,55.156135
6,988,0,52.866129
6,989,0,52.477527
6,990,0,52.475852
6,991,0,57.509697
6,992,0,54.478015
6,993,0,54.703399
6,994,0,56.045506
6,995,0,50.526013
6,996,0,48.874817
6,997,0,49.599635
6,998,0,52.834454
6,999,0,50.318809
7,0,0,50.444899
7,1,0,58.653333
7,2,0,55.831402
7,3,0,52.970078
7,4,0,51.533243
7,5,0,63.335107
7,6,0,57.417622
7,7,0,53.7641
7,8,0,49.601994
7,9,0,48.853951
7,10,0,50.269088
7,11,0,49.713495
7,12,0,51.702381
7,13,0,54.421108
7,14,0,51.213738
7,15,0,50.512945
7,16,0,49.831995
7,17,0,53.784579
7,18,0,51.266658
7,19,0,52.240707
7,20,0,56.25188
7,21,0,49.748769
7,22,0,52.731372
7,23,0,48.745354
7,24,0,50.182138
7,25,0,51.084489
7,26,0,49.060529
7,27,0,49.44105
7,28,0,50.34881
7,29,0,49.238458
7,30,0,52.333041
7,31,0,48.710008
7,32,0,54.032055
7,33,0,55.290465
7,34,0,48.309666
7,35,0,54.185785
7,36,0,53.708224
7,37,0,50.356553
7,38,0,52.843304
7,39,0,56.806976
7,40,0,49.770978
7,41,0,50.291282
7,42,0,55.494584
7,43,0,48.360002
7,44,0,67.975729
7,45,0,53.725588
7,46,0,52.840705
7,47,0,56.150466
7,48,0,56.757463
7,49,0,50.953152
7,50,0,57.085274
7,51,0,52.476933
7,52,0,60.186648
7,53,0,54.142307
7,54,0,54.750016
7,55,0,53.477271
7,56,0,59.898937
7,57,0,55.596281
7,58,0,58.815892
7,59,0,52.043484
7,60,0,56.194583
7,61,0,50.038969
7,62,0,52.788538
7,63,0,57.511512
7,64,0,47.92931
7,65,0,52.183147
7,66,0,50.758945
7,67,0,49.064117
7,68,0,52.158529
7,69,0,49.145474
7,70,0,52.814404
7,71,0,50.472859
7,72,0,48.596239
7,73,0,54.62339
7,74,0,57.704343
7,75,0,55.828222
7,76,0,49.862423
7,77,0,50.074475
7,78,0,56.600546
7,79,0,51.054639
7,80,0,55.288707
7,81,0,51.972
7,82,0,51.936286
7,83,0,54.430397
7,84,0,55.053316
7,85,0,53.07581
7,86,0,52.449824
7,87,0,51.668857
7,88,0,49.757515
7,89,0,54.563661
7,90,0,48.669476
7,91,0,50.506163
7,92,0,58.62484
7,93,0,54.51693
7,94,0,56.154954
7,95,0,64.187605
7,96,0,52.688817
7,97,0,55.373185
7,98,0,57.46497
7,99,0,53.345049
7,100,0,52.460736
7,101,0,62.560658
7,102,0,54.081775
7,103,0,49.645059
7,104,0,52.561498
7,105,0,49.557313
7,106,0,51.183671
7,107,0,54.92708
7,108,0,49.43114
7,109,0,51.49447
7,110,0,54.836872
7,111,0,52.264091
7,112,0,53.407637
7,113,0,53.329642
7,114,0,53.430805
7,115,0,52.236405
7,116,0,52.097723
7,117,0,48.825556
7,118,0,56.330215
7,119,0,50.023627
7,120,0,58.152881
7,121,0,52.002269
7,122,0,59.732224
7,123,0,52.195098
7,124,0,53.634229
7,125,0,49.693907
7,126,0,50.892324
7,127,0,52.285087
7,128,0,49.600292
7,129,0,49.490286
7,130,0,54.347054
7,131,0,53.441115
7,132,0,55.551885
7,133,0,54.437195
7,134,0,50.111964
7,135,0,52.689047
7,136,0,51.577638
7,137,0,49.603011
7,138,0,49.808148
7,139,0,53.218353
7,140,0,58.486179
7,141,0,49.191035
7,142,0,49.159488
7,143,0,56.031841
7,144,0,50.420718
7,145,0,53.991768
7,146,0,50.777262
7,147,0,51.888778
7,148,0,58.223615
7,149,0,50.796534
7,150,0,49.923207
7,151,0,52.460557
7,152,0,67.873835
7,153,0,49.068619
7,154,0,54.167652
7,155,0,49.88047
7,156,0,53.788838
7,157,0,53.374671
7,158,0,48.593956
7,159,0,57.965998
7,160,0,53.204816
7,161,0,58.851914
7,162,0,51.085889
7,163,0,54.964931
7,164,0,55.120009
7,165,0,55.238392
7,166,0,56.88811
7,167,0,57.058924
7,168,0,62.477415
7,169,0,57.581119
7,170,0,48.086669
7,171,0,51.413837
7,172,0,49.047179
7,173,0,50.604656
7,174,0,62.668432
7,175,0,48.860953
7,176,0,55.94656
7,177,0,50.30346
7,178,0,52.891643
7,179,0,54.526311
7,180,0,56.745928
7,181,0,53.130066
7,182,0,55.294275
7,183,0,51.516138
7,184,0,51.374818
7,185,0,53.29148
7,186,0,49.964135
7,187,0,51.506372
7,188,0,50.963775
7,189,0,49.394748
7,190,0,52.305062
7,191,0,49.776302
7,192,0,49.237251
7,193,0,58.718178
7,194,0,51.033103
7,195,0,52.196389
7,196,0,52.888174
7,197,0,54.03524
7,198,0,55.439463
7,199,0,59.062384
7,200,0,49.696924
7,201,0,51.361118
7,202,0,60.480108
7,203,0,54.516969
7,204,0,50.867
7,205,0,50.376636
7,206,0,59.58171
7,207,0,53.842784
7,208,0,55.642255
7,209,0,53.537149
7,210,0,56.302969
7,211,0,58.852046
7,212,0,49.69291
7,213,0,58.910967
7,214,0,54.995564
7,215,0,50.638154
7,216,0,50.051212
7,217,0,54.160902
7,218,0,53.145927
7,219,0,51.427859
7,220,0,52.684714
7,221,0,49.644114
7,222,0,55.871037
7,223,0,55.02367
7,224,0,55.367609
7,225,0,56.128123
7,226,0,54.166148
7,227,0,51.839245
7,228,0,49.906439
7,229,0,55.322803
7,230,0,49.036624
7,231,0,52.990989
7,232,0,51.058589
7,233,0,54.112287
7,234,0,50.150985
7,235,0,54.412267
7,236,0,50.733093
7,237,0,58.114575
7,238,0,52.657538
7,239,0,49.815348
7,240,0,50.463396
7,241,0,51.737216
7,242,0,55.64257
7,243,0,51.832323
7,244,0,51.854536
7,245,0,54.230014
7,246,0,56.489075
7,247,0,49.33069
7,248,0,52.442259
7,249,0,49.753194
7,250,0,55.936977
7,251,0,48.626716
7,252,0,55.64945
7,253,0,52.782075
7,254,0,50.871516
7,255,0,50.710879
7,256,0,51.596983
7,257,0,51.836865
7,258,0,51.732775
7,259,0,52.82772
7,260,0,49.766216
7,261,0,51.264461
7,262,0,51.141051
7,263,0,56.891064
7,264,0,50.546986
7,265,0,58.114361
7,266,0,50.34838
7,267,0,58.39907
7,268,0,53.477862
7,269,0,48.470951
7,270,0,52.285591
7,271,0,56.465736
7,272,0,56.196996
7,273,0,52.765336
7,274,0,52.118839
7,275,0,53.326465
7,276,0,48.570732
7,277,0,49.982211
7,278,0,53.153057
7,279,0,49.614231
7,280,0,49.237062
7,281,0,50.389221
7,282,0,57.339163
7,283,0,60.511502
7,284,0,49.62189
7,285,0,52.537276
7,286,0,48.355676
7,287,0,50.516852
7,288,0,53.764708
7,289,0,51.091495
7,290,0,50.854515
7,291,0,48.898504
7,292,0,52.178799
7,293,0,50.331876
7,294,0,49.084033
7,295,0,50.923651
7,296,0,53.510623
7,297,0,49.622546
7,298,0,51.546013
7,299,0,52.679955
7,300,0,48.896561
7,301,0,56.180708
7,302,0,49.345144
7,303,0,50.442686
7,304,0,50.462179
7,305,0,51.684375
7,306,0,50.621189
7,307,0,49.083783
7,308,0,54.126791
7,309,0,49.484043
7,310,0,49.509595
7,311,0,55.614961
7,312,0,51.232079
7,313,0,50.843779
7,314,0,49.985105
7,315,0,49.156168
7,316,0,53.053658
7,317,0,56.217881
7,318,0,56.951001
7,319,0,49.341791
7,320,0,62.107293
7,321,0,63.619775
7,322,0,57.33512
7,323,0,56.201743
7,324,0,51.980504
7,325,0,51.259886
7,326,0,51.635582
7,327,0,58.48279
7,328,0,53.712037
7,329,0,54.910746
7,330,0,59.219804
7,331,0,53.876511
7,332,0,51.604085
7,333,0,49.5173
7,334,0,48.598085
7,335,0,53.300455
7,336,0,55.602581
7,337,0,55.05451
7,338,0,57.89459
7,339,0,48.746855
7,340,0,56.480325
7,341,0,56.194029
7,342,0,49.982409
7,343,0,50.551589
7,344,0,52.665088
7,345,0,62.292083
7,346,0,49.62705
7,347,0,56.300286
7,348,0,56.790906
7,349,0,54.49412
7,350,0,51.494013
7,351,0,53.222263
7,352,0,48.800689
7,353,0,51.841436
7,354,0,52.372604
7,355,0,55.101919
7,356,0,48.721166
7,357,0,54.037422
7,358,0,51.596408
7,359,0,56.890067
7,360,0,54.113235
7,361,0,53.64048
7,362,0,51.292803
7,363,0,50.08955
7,364,0,49.549202
7,365,0,56.109238
7,366,0,62.85661
7,367,0,49.056828
7,368,0,51.774483
7,369,0,49.526372
7,370,0,48.438959
7,371,0,64.918939
7,372,0,51.456447
7,373,0,50.453408
7,374,0,51.177415
7,375,0,53.893955
7,376,0,49.03583
7,377,0,55.140499
7,378,0,58.494925
7,379,0,49.677118
7,380,0,54.816981
7,381,0,50.665283
7,382,0,52.022981
7,383,0,56.970925
7,384,0,65.68107
7,385,0,51.660355
7,386,0,51.54478
7,387,0,55.240968
7,388,0,52.734752
7,389,0,52.347169
7,390,0,52.362925
7,391,0,54.522714
7,392,0,54.25145
7,393,0,56.414802
7,394,0,57.451263
7,395,0,57.057972
7,396,0,49.379091
7,397,0,51.526891
7,398,0,60.370615
7,399,0,48.589676
7,400,0,52.920461
7,401,0,56.529599
7,402,0,48.556518
7,403,0,52.658471
7,404,0,53.988765
7,405,0,50.812478
7,406,0,50.988853
7,407,0,54.219494
7,408,0,56.420556
7,409,0,51.979824
7,410,0,52.477982
7,411,0,51.15695
7,412,0,52.722264
7,413,0,49.339069
7,414,0,55.518498
7,415,0,50.259511
7,416,0,51.664294
7,417,0,59.449459
7,418,0,52.821969
7,419,0,53.924992
7,420,0,52.374689
7,421,0,51.717255
7,422,0,59.188596
7,423,0,56.361883
7,424,0,54.057906
7,425,0,51.666685
7,426,0,50.889112
7,427,0,49.269989
7,428,0,52.817246
7,429,0,48.140139
7,430,0,55.254997
7,431,0,51.073534
7,432,0,57.688901
7,433,0,49.70722
7,434,0,50.799919
7,435,0,60.600627
7,436,0,56.257922
7,437,0,62.040131
7,438,0,70.823373
7,439,0,53.472807
7,440,0,55.737049
7,441,0,50.836161
7,442,0,49.966764
7,443,0,50.942736
7,444,0,58.144646
7,445,0,57.197146
7,446,0,52.864284
7,447,0,54.176382
7,448,0,53.91293
7,449,0,59.815091
7,450,0,49.142117
7,451,0,51.805051
7,452,0,53.036095
7,453,0,55.933403
7,454,0,49.029159
7,455,0,51.329997
7,456,0,57.451356
7,457,0,53.149349
7,458,0,57.838375
7,459,0,49.305303
7,460,0,55.045137
7,461,0,56.604223
7,462,0,56.401536
7,463,0,57.46532
7,464,0,57.77813
7,465,0,50.038267
7,466,0,53.660501
7,467,0,51.372126
7,468,0,55.660418
7,469,0,48.418391
7,470,0,47.950784
7,471,0,49.497901
7,472,0,50.893793
7,473,0,49.87377
7,474,0,50.043228
7,475,0,51.50385
7,476,0,57.822826
7,477,0,52.679218
7,478,0,56.300921
7,479,0,53.75404
7,480,0,51.490101
7,481,0,59.247042
7,482,0,59.889441
7,483,0,54.815015
7,484,0,51.459049
7,485,0,66.310376
7,486,0,51.534498
7,487,0,52.377289
7,488,0,52.336331
7,489,0,50.060867
7,490,0,53.17661
7,491,0,66.05896
7,492,0,53.996125
7,493,0,54.395681
7,494,0,49.994494
7,495,0,56.629908
7,496,0,50.305721
7,497,0,48.869128
7,498,0,50.628435
7,499,0,50.209011
7,500,0,54.914566
7,501,0,53.886944
7,502,0,61.042725
7,503,0,50.988378
7,504,0,57.822695
7,505,0,62.230881
7,506,0,52.239158
7,507,0,54.174647
7,508,0,53.119107
7,509,0,49.543019
7,510,0,50.557783
7,511,0,59.045151
7,512,0,55.200803
7,513,0,49.918934
7,514,0,55.594028
7,515,0,49.888014
7,516,0,50.709675
7,517,0,49.804938
7,518,0,57.393281
7,519,0,48.008612
7,520,0,49.322624
7,521,0,50.166019
7,522,0,50.735962
7,523,0,54.865446
7,524,0,55.60519
7,525,0,53.906459
7,526,0,49.010357
7,527,0,58.993862
7,528,0,54.173542
7,529,0,55.743678
7,530,0,54.643683
7,531,0,49.908508
7,532,0,53.768984
7,533,0,52.630751
7,534,0,49.476398
7,535,0,54.318692
7,536,0,55.795159
7,537,0,49.418336
7,538,0,53.445165
7,539,0,48.452605
7,540,0,53.988619
7,541,0,53.36019
7,542,0,58.718911
7,543,0,55.475379
7,544,0,52.339638
7,545,0,49.213754
7,546,0,53.465272
7,547,0,51.341545
7,548,0,53.676273
7,549,0,50.435197
7,550,0,49.909096
7,551,0,54.884256
7,552,0,55.136083
7,553,0,56.978149
7,554,0,58.057062
7,555,0,51.849761
7,556,0,51.072211
7,557,0,58.39736
7,558,0,56.345187
7,559,0,50.280791
7,560,0,54.461993
7,561,0,49.665072
7,562,0,52.631748
7,563,0,52.026674
7,564,0,52.191923
7,565,0,50.737285
7,566,0,58.621003
7,567,0,52.955449
7,568,0,55.256666
7,569,0,50.528499
7,570,0,49.815882
7,571,0,50.157268
7,572,0,61.796595
7,573,0,50.868184
7,574,0,49.998968
7,575,0,62.08094
7,576,0,50.438245
7,577,0,54.309101
7,578,0,51.746377
7,579,0,50.492935
7,580,0,52.78719
7,581,0,59.592556
7,582,0,59.571873
7,583,0,51.755063
7,584,0,49.65088
7,585,0,51.190295
7,586,0,48.89232
7,587,0,53.363598
7,588,0,57.862411
7,589,0,50.263092
7,590,0,51.79517
7,591,0,49.599433
7,592,0,49.488198
7,593,0,51.953676
7,594,0,48.736924
7,595,0,48.579104
7,596,0,49.613406
7,597,0,54.256917
7,598,0,60.448483
7,599,0,54.377784
7,600,0,54.522543
7,601,0,57.209473
7,602,0,55.561548
7,603,0,50.331804
7,604,0,54.472453
7,605,0,50.806022
7,606,0,54.299408
7,607,0,55.745543
7,608,0,50.864462
7,609,0,49.335476
7,610,0,52.060773
7,611,0,53.348727
7,612,0,52.905623
7,613,0,55.354048
7,614,0,57.104634
7,615,0,56.279004
7,616,0,50.074505
7,617,0,50.375603
7,618,0,49.400626
7,619,0,55.582519
7,620,0,48.713696
7,621,0,51.826239
7,622,0,50.464697
7,623,0,51.397414
7,624,0,50.058011
7,625,0,51.004518
7,626,0,48.691159
7,627,0,49.931043
7,628,0,55.849167
7,629,0,48.870116
7,630,0,54.465094
7,631,0,53.785539
7,632,0,58.311877
7,633,0,53.384405
7,634,0,66.080715
7,635,0,52.163654
7,636,0,51.539584
7,637,0,52.558155
7,638,0,48.209463
7,639,0,57.502454
7,640,0,51.281092
7,641,0,52.479391
7,642,0,50.755236
7,643,0,52.849086
7,644,0,56.615827
7,645,0,54.524461
7,646,0,57.548251
7,647,0,48.757023
7,648,0,50.570985
7,649,0,57.103767
7,650,0,53.689646
7,651,0,53.418084
7,652,0,49.004849
7,653,0,59.860767
7,654,0,51.474879
7,655,0,50.636049
7,656,0,49.731803
7,657,0,51.661408
7,658,0,51.452642
7,659,0,55.070537
7,660,0,49.700883
7,661,0,48.733618
7,662,0,55.014458
7,663,0,52.732894
7,664,0,49.655626
7,665,0,48.649752
7,666,0,53.306143
7,667,0,51.657797
7,668,0,59.896875
7,669,0,58.770193
7,670,0,59.825219
7,671,0,58.14522
7,672,0,49.183752
7,673,0,51.011148
7,674,0,57.150365
7,675,0,65.262006
7,676,0,51.240496
7,677,0,53.602926
7,678,0,53.549354
7,679,0,54.200324
7,680,0,49.979167
7,681,0,52.340438
7,682,0,56.594261
7,683,0,49.365178
7,684,0,55.72624
7,685,0,61.252582
7,686,0,49.808796
7,687,0,53.868884
7,688,0,50.10156
7,689,0,53.154654
7,690,0,50.426861
7,691,0,51.178063
7,692,0,52.075443
7,693,0,59.816437
7,694,0,49.279
7,695,0,52.767809
7,696,0,64.674748
7,697,0,51.301862
7,698,0,55.449957
7,699,0,59.833204
7,700,0,55.383091
7,701,0,53.026446
7,702,0,53.67229
7,703,0,55.663874
7,704,0,59.633956
7,705,0,59.023735
7,706,0,51.194519
7,707,0,54.277571
7,708,0,53.505784
7,709,0,55.126645
7,710,0,53.893087
7,711,0,51.584998
7,712,0,49.557879
7,713,0,49.538544
7,714,0,55.265404
7,715,0,58.646937
7,716,0,55.109794
7,717,0,50.676675
7,718,0,55.059873
7,719,0,51.456688
7,720,0,52.891432
7,721,0,52.500077
7,722,0,54.344483
7,723,0,58.974185
7,724,0,52.256367
7,725,0,62.428195
7,726,0,50.077206
7,727,0,52.238416
7,728,0,56.236878
7,729,0,51.610722
7,730,0,52.538927
7,731,0,50.881126
7,732,0,52.800398
7,733,0,54.756532
7,734,0,50.182748
7,735,0,57.507153
7,736,0,51.113057
7,737,0,49.049244
7,738,0,51.061097
7,739,0,54.26741
7,740,0,57.775264
7,741,0,51.929162
7,742,0,49.505765
7,743,0,52.613179
7,744,0,51.287475
7,745,0,48.757803
7,746,0,57.435525
7,747,0,52.502961
7,748,0,50.335884
7,749,0,54.816064
7,750,0,52.260198
7,751,0,49.475316
7,752,0,55.505648
7,753,0,50.394298
7,754,0,49.860328
7,755,0,50.061175
7,756,0,50.949106
7,757,0,56.66346
7,758,0,58.931855
7,759,0,53.510731
7,760,0,62.133693
7,761,0,49.907311
7,762,0,50.922406
7,763,0,56.804667
7,764,0,51.449989
7,765,0,55.302434
7,766,0,57.655667
7,767,0,53.361449
7,768,0,49.40986
7,769,0,53.777262
7,770,0,57.378195
7,771,0,51.659962
7,772,0,49.184147
7,773,0,51.246618
7,774,0,49.233432
7,775,0,48.991715
7,776,0,53.343612
7,777,0,51.404094
7,778,0,49.314423
7,779,0,48.849923
7,780,0,55.846504
7,781,0,53.748821
7,782,0,57.963371
7,783,0,61.660155
7,784,0,52.148136
7,785,0,50.800629
7,786,0,56.303597
7,787,0,54.978054
7,788,0,49.369543
7,789,0,50.615047
7,790,0,53.275282
7,791,0,53.856282
7,792,0,53.423712
7,793,0,49.803071
7,794,0,64.406256
7,795,0,64.305818
7,796,0,49.174675
7,797,0,50.539806
7,798,0,55.609375
7,799,0,51.912757
7,800,0,51.685238
7,801,0,53.253151
7,802,0,51.572338
7,803,0,59.284938
7,804,0,60.439591
7,805,0,50.680671
7,806,0,57.147357
7,807,0,48.984642
7,808,0,61.212758
7,809,0,50.123121
7,810,0,48.83667
7,811,0,51.310238
7,812,0,50.859235
7,813,0,50.204267
7,814,0,51.574467
7,815,0,49.082571
7,816,0,50.936289
7,817,0,49.814933
7,818,0,49.050125
7,819,0,50.010673
7,820,0,52.929684
7,821,0,56.287326
7,822,0,52.648761
7,823,0,50.935579
7,824,0,48.300378
7,825,0,52.322587
7,826,0,53.710855
7,827,0,50.922163
7,828,0,49.004887
7,829,0,52.628746
7,830,0,57.184061
7,831,0,57.619937
7,832,0,50.600892
7,833,0,49.447555
7,834,0,52.723414
7,835,0,49.085715
7,836,0,53.886904
7,837,0,53.298868
7,838,0,53.413345
7,839,0,60.908433
7,840,0,56.259818
7,841,0,50.049659
7,842,0,51.346719
7,843,0,49.867791
7,844,0,55.096189
7,845,0,55.594253
7,846,0,57.924364
7,847,0,49.514831
7,848,0,49.286693
7,849,0,51.411077
7,850,0,50.874774
7,851,0,50.493963
7,852,0,58.156725
7,853,0,54.910695
7,854,0,49.055761
7,855,0,51.985478
7,856,0,55.43311
7,857,0,58.176975
7,858,0,51.046958
7,859,0,56.546013
7,860,0,62.397815
7,861,0,50.100571
7,862,0,52.274428
7,863,0,53.137398
7,864,0,49.587262
7,865,0,56.774631
7,866,0,57.663452
7,867,0,49.554349
7,868,0,63.115972
7,869,0,52.435461
7,870,0,59.285933
7,871,0,53.209211
7,872,0,52.835022
7,873,0,51.876758
7,874,0,55.256642
7,875,0,63.227812
7,876,0,51.821346
7,877,0,49.80676
7,878,0,56.518766
7,879,0,52.604735
7,880,0,58.152072
7,881,0,51.363168
7,882,0,49.454443
7,883,0,73.536198
7,884,0,50.627234
7,885,0,51.196765
7,886,0,54.050325
7,887,0,49.987393
7,888,0,51.076606
7,889,0,52.697608
7,890,0,55.187338
7,891,0,56.50497
7,892,0,54.728629
7,893,0,53.210082
7,894,0,50.450582
7,895,0,55.144421
7,896,0,53.962919
7,897,0,52.33159
7,898,0,54.883673
7,899,0,51.027907
7,900,0,50.382801
7,901,0,49.841011
7,902,0,55.857229
7,903,0,52.692966
7,904,0,54.914782
7,905,0,53.472558
7,906,0,48.99244
7,907,0,50.791146
7,908,0,60.010388
7,909,0,48.852548
7,910,0,54.417703
7,911,0,51.801494
7,912,0,53.127717
7,913,0,54.396148
7,914,0,50.03101
7,915,0,59.619441
7,916,0,52.595156
7,917,0,50.846646
7,918,0,53.813655
7,919,0,55.281052
7,920,0,54.123555
7,921,0,57.094187
7,922,0,51.494937
7,923,0,52.498853
7,924,0,53.785029
7,925,0,50.462575
7,926,0,55.324681
7,927,0,55.402
7,928,0,50.616161
7,929,0,52.849287
7,930,0,52.074246
7,931,0,52.652145
7,932,0,56.866092
7,933,0,66.655805
7,934,0,51.799089
7,935,0,48.551791
7,936,0,67.363998
7,937,0,51.449122
7,938,0,48.35256
7,939,0,50.365079
7,940,0,50.017463
7,941,0,50.777756
7,942,0,52.311103
7,943,0,53.968765
7,944,0,50.985396
7,945,0,57.658484
7,946,0,51.066442
7,947,0,71.992704
7,948,0,51.761984
7,949,0,48.349267
7,950,0,49.510083
7,951,0,59.862948
7,952,0,50.22996
7,953,0,49.457503
7,954,0,51.893162
7,955,0,51.850483
7,956,0,57.324711
7,957,0,54.140931
7,958,0,50.966712
7,959,0,50.998943
7,960,0,59.87518
7,961,0,60.279144
7,962,0,59.733854
7,963,0,52.971843
7,964,0,51.137807
7,965,0,48.360807
7,966,0,52.391073
7,967,0,52.981539
7,968,0,48.771424
7,969,0,48.248856
7,970,0,52.228093
7,971,0,56.041787
7,972,0,52.253532
7,973,0,51.685688
7,974,0,57.331645
7,975,0,51.625643
7,976,0,52.826208
7,977,0,55.537171
7,978,0,48.450494
7,979,0,48.385655
7,980,0,50.561357
7,981,0,50.938375
7,982,0,49.91654
7,983,0,50.956372
7,984,0,51.863271
7,985,0,56.17842
7,986,0,48.751118
7,987,0,50.842767
7,988,0,53.920777
7,989,0,56.941873
7,990,0,49.740463
7,991,0,49.498486
7,992,0,52.633652
7,993,0,49.529946
7,994,0,64.107195
7,995,0,57.015862
7,996,0,51.880659
7,997,0,58.994491
7,998,0,53.822745
7,999,0,53.508012
8,0,0,52.708175
8,1,0,62.314255
8,2,0,54.710677
8,3,0,49.280218
8,4,0,48.314751
8,5,0,54.627146
8,6,0,53.631528
8,7,0,55.773941
8,8,0,51.775694
8,9,0,48.84904
8,10,0,55.517526
8,11,0,57.445247
8,12,0,48.0069
8,13,0,52.754434
8,14,0,52.858427
8,15,0,50.151214
8,16,0,51.28693
8,17,0,62.252746
8,18,0,49.436837
8,19,0,54.867512
8,20,0,48.995543
8,21,0,47.851337
8,22,0,50.336043
8,23,0,52.269218
8,24,0,53.247808
8,25,0,52.287934
8,26,0,50.050224
8,27,0,56.985537
8,28,0,54.014494
8,29,0,55.451638
8,30,0,49.128329
8,31,0,50.984179
8,32,0,48.909967
8,33,0,53.112133
8,34,0,53.032785
8,35,0,53.010894
8,36,0,57.816479
8,37,0,55.711031
8,38,0,58.086113
8,39,0,52.402336
8,40,0,50.967812
8,41,0,59.776896
8,42,0,53.602818
8,43,0,54.774262
8,44,0,50.513709
8,45,0,55.809102
8,46,0,53.964517
8,47,0,49.892487
8,48,0,61.489412
8,49,0,48.846064
8,50,0,50.193906
8,51,0,55.493656
8,52,0,48.311737
8,53,0,51.419099
8,54,0,51.578539
8,55,0,54.409775
8,56,0,65.879319
8,57,0,56.201279
8,58,0,52.360822
8,59,0,52.259141
8,60,0,59.665093
8,61,0,56.70951
8,62,0,49.338076
8,63,0,51.740486
8,64,0,53.446399
8,65,0,56.303998
8,66,0,50.113585
8,67,0,52.579475
8,68,0,50.626762
8,69,0,58.400606
8,70,0,52.939269
8,71,0,53.87095
8,72,0,52.94991
8,73,0,50.037143
8,74,0,64.088174
8,75,0,49.330176
8,76,0,53.500348
8,77,0,57.154433
8,78,0,57.187013
8,79,0,64.47867
8,80,0,52.907454
8,81,0,55.79752
8,82,0,51.172558
8,83,0,49.589039
8,84,0,54.102375
8,85,0,51.374872
8,86,0,49.418175
8,87,0,55.117305
8,88,0,56.427248
8,89,0,54.344663
8,90,0,54.606816
8,91,0,53.299971
8,92,0,49.740144
8,93,0,67.047396
8,94,0,54.74282
8,95,0,50.831229
8,96,0,57.259468
8,97,0,52.726766
8,98,0,48.355929
8,99,0,51.893659
8,100,0,58.8244
8,101,0,56.702337
8,102,0,56.902663
8,103,0,59.865545
8,104,0,48.90043
8,105,0,48.267067
8,106,0,55.313649
8,107,0,54.381214
8,108,0,52.648171
8,109,0,49.112027
8,110,0,59.172245
8,111,0,49.535184
8,112,0,52.022294
8,113,0,50.775295
8,114,0,48.940874
8,115,0,48.632791
8,116,0,48.697317
8,117,0,68.499859
8,118,0,48.098628
8,119,0,50.225044
8,120,0,52.191952
8,121,0,54.321027
8,122,0,63.521526
8,123,0,65.043849
8,124,0,72.395699
8,125,0,60.537306
8,126,0,48.926306
8,127,0,55.169147
8,128,0,65.115571
8,129,0,50.504314
8,130,0,55.815572
8,131,0,58.895445
8,132,0,54.342169
8,133,0,53.694762
8,134,0,64.045578
8,135,0,63.287442
8,136,0,56.737592
8,137,0,59.15123
8,138,0,55.973592
8,139,0,48.444972
8,140,0,55.837793
8,141,0,53.622368
8,142,0,52.570867
8,143,0,52.547276
8,144,0,55.858028
8,145,0,53.32414
8,146,0,49.289985
8,147,0,53.911964
8,148,0,68.228368
8,149,0,58.102874
8,150,0,49.048434
8,151,0,49.112603
8,152,0,65.054908
8,153,0,48.772208
8,154,0,51.886001
8,155,0,57.211863
8,156,0,60.900619
8,157,0,47.996603
8,158,0,53.155925
8,159,0,49.64361
8,160,0,54.90149
8,161,0,51.040199
8,162,0,58.03442
8,163,0,55.55617
8,164,0,53.245382
8,165,0,52.840766
8,166,0,56.382332
8,167,0,50.844214
8,168,0,49.518727
8,169,0,66.768434
8,170,0,51.089696
8,171,0,53.822165
8,172,0,52.457461
8,173,0,51.576719
8,174,0,48.03171
8,175,0,62.35846
8,176,0,47.680494
8,177,0,58.979816
8,178,0,51.506802
8,179,0,50.150456
8,180,0,54.394185
8,181,0,50.898103
8,182,0,57.882586
8,183,0,66.603753
8,184,0,48.488886
8,185,0,48.926318
8,186,0,49.565366
8,187,0,49.526378
8,188,0,51.09911
8,189,0,54.205179
8,190,0,52.02151
8,191,0,53.041465
8,192,0,54.249507
8,193,0,53.37902
8,194,0,51.474153
8,195,0,51.314316
8,196,0,49.881428
8,197,0,49.555684
8,198,0,54.892326
8,199,0,52.641368
8,200,0,54.77926
8,201,0,50.373431
8,202,0,55.560683
8,203,0,51.563591
8,204,0,51.54107
8,205,0,50.383767
8,206,0,54.506734
8,207,0,51.464559
8,208,0,54.322431
8,209,0,49.004561
8,210,0,52.317329
8,211,0,49.227864
8,212,0,49.346386
8,213,0,52.280632
8,214,0,53.48597
8,215,0,56.215819
8,216,0,54.33408
8,217,0,54.277241
8,218,0,51.268147
8,219,0,55.058392
8,220,0,55.587162
8,221,0,51.177125
8,222,0,49.61196
8,223,0,50.508556
8,224,0,49.858894
8,225,0,53.075555
8,226,0,55.526849
8,227,0,50.156232
8,228,0,50.073673
8,229,0,53.403397
8,230,0,59.293135
8,231,0,51.43933
8,232,0,54.551116
8,233,0,55.424536
8,234,0,51.580658
8,235,0,55.481446
8,236,0,49.141319
8,237,0,52.623351
8,238,0,50.171171
8,239,0,50.921408
8,240,0,52.462268
8,241,0,50.735896
8,242,0,49.446537
8,243,0,50.381337
8,244,0,52.052282
8,245,0,57.191668
8,246,0,56.642092
8,247,0,60.851733
8,248,0,54.566889
8,249,0,51.622586
8,250,0,51.196688
8,251,0,50.252834
8,252,0,52.904507
8,253,0,59.256152
8,254,0,53.484075
8,255,0,50.433145
8,256,0,55.037898
8,257,0,53.075393
8,258,0,53.62915
8,259,0,55.642229
8,260,0,59.567451
8,261,0,54.864687
8,262,0,55.737829
8,263,0,52.555127
8,264,0,51.265794
8,265,0,48.516765
8,266,0,53.035414
8,267,0,53.488875
8,268,0,49.357634
8,269,0,56.034242
8,270,0,53.952208
8,271,0,53.064477
8,272,0,50.109346
8,273,0,49.89949
8,274,0,51.838985
8,275,0,54.522517
8,276,0,55.322684
8,277,0,52.641028
8,278,0,50.162989
8,279,0,53.389229
8,280,0,50.081093
8,281,0,52.141386
8,282,0,49.591508
8,283,0,50.76602
8,284,0,51.300125
8,285,0,49.974861
8,286,0,54.854267
8,287,0,51.905786
8,288,0,49.898126
8,289,0,52.3782
8,290,0,49.615564
8,291,0,52.140261
8,292,0,52.924797
8,293,0,51.7464
8,294,0,55.907625
8,295,0,50.53321
8,296,0,48.078795
8,297,0,67.518964
8,298,0,52.313889
8,299,0,56.227646
8,300,0,52.106559
8,301,0,50.64684
8,302,0,48.675436
8,303,0,51.531274
8,304,0,49.110009
8,305,0,48.818811
8,306,0,50.115644
8,307,0,53.260526
8,308,0,50.210386
8,309,0,50.201636
8,310,0,53.904954
8,311,0,51.926481
8,312,0,57.838998
8,313,0,58.208801
8,314,0,53.109991
8,315,0,58.199634
8,316,0,57.773451
8,317,0,51.407477
8,318,0,50.157403
8,319,0,52.632539
8,320,0,50.310647
8,321,0,62.854143
8,322,0,49.985067
8,323,0,58.581998
8,324,0,52.186321
8,325,0,52.38882
8,326,0,53.368835
8,327,0,52.510692
8,328,0,61.071061
8,329,0,50.38821
8,330,0,53.715983
8,331,0,52.609027
8,332,0,55.378537
8,333,0,56.77203
8,334,0,51.083944
8,335,0,52.856599
8,336,0,51.128739
8,337,0,51.75226
8,338,0,50.508457
8,339,0,57.727302
8,340,0,48.850405
8,341,0,51.666638
8,342,0,53.068795
8,343,0,50.800463
8,344,0,51.395583
8,345,0,49.642348
8,346,0,54.004753
8,347,0,53.37227
8,348,0,54.99181
8,349,0,52.180611
8,350,0,52.780303
8,351,0,61.280973
8,352,0,62.698792
8,353,0,54.903894
8,354,0,50.600047
8,355,0,63.702968
8,356,0,54.767024
8,357,0,52.723383
8,358,0,56.004229
8,359,0,50.334122
8,360,0,51.080916
8,361,0,48.428216
8,362,0,50.769437
8,363,0,58.572215
8,364,0,50.954547
8,365,0,53.799532
8,366,0,55.603479
8,367,0,52.348336
8,368,0,58.646041
8,369,0,54.407477
8,370,0,52.962045
8,371,0,54.470522
8,372,0,48.060669
8,373,0,52.659794
8,374,0,49.672257
8,375,0,49.537932
8,376,0,53.627402
8,377,0,55.676376
8,378,0,52.449033
8,379,0,49.121486
8,380,0,52.9767
8,381,0,58.541693
8,382,0,52.54358
8,383,0,47.97304
8,384,0,50.216289
8,385,0,51.110473
8,386,0,53.701485
8,387,0,53.931475
8,388,0,52.429429
8,389,0,51.311761
8,390,0,50.140159
8,391,0,56.734457
8,392,0,49.671841
8,393,0,55.027587
8,394,0,49.037252
8,395,0,49.699198
8,396,0,59.51443
8,397,0,54.545138
8,398,0,52.677752
8,399,0,51.148174
8,400,0,58.912233
8,401,0,50.70437
8,402,0,58.417365
8,403,0,58.698026
8,404,0,55.588291
8,405,0,49.812551
8,406,0,55.252129
8,407,0,51.023911
8,408,0,58.399906
8,409,0,57.597359
8,410,0,49.998386
8,411,0,50.912192
8,412,0,52.842826
8,413,0,52.767113
8,414,0,50.996728
8,415,0,53.999355
8,416,0,53.445147
8,417,0,51.89396
8,418,0,57.37619
8,419,0,49.623017
8,420,0,50.338334
8,421,0,54.655311
8,422,0,51.007973
8,423,0,53.119368
8,424,0,54.188214
8,425,0,48.129444
8,426,0,53.40529
8,427,0,50.569252
8,428,0,48.371431
8,429,0,51.705862
8,430,0,68.160006
8,431,0,49.021532
8,432,0,52.853589
8,433,0,64.762557
8,434,0,51.19626
8,435,0,52.612393
8,436,0,52.879074
8,437,0,54.489934
8,438,0,53.271086
8,439,0,48.408216
8,440,0,52.298424
8,441,0,50.037975
8,442,0,49.848974
8,443,0,55.976077
8,444,0,53.976184
8,445,0,49.920308
8,446,0,49.873534
8,447,0,51.449526
8,448,0,48.751618
8,449,0,56.103711
8,450,0,49.186107
8,451,0,53.368045
8,452,0,52.081492
8,453,0,52.312896
8,454,0,57.366624
8,455,0,52.385308
8,456,0,51.812327
8,457,0,53.215192
8,458,0,53.251564
8,459,0,55.022177
8,460,0,54.599937
8,461,0,54.523234
8,462,0,60.760764
8,463,0,59.990822
8,464,0,57.885168
8,465,0,50.287135
8,466,0,50.620503
8,467,0,52.817305
8,468,0,60.083465
8,469,0,55.698777
8,470,0,58.34072
8,471,0,50.839045
8,472,0,50.716043
8,473,0,50.67548
8,474,0,49.483588
8,475,0,54.615734
8,476,0,50.35843
8,477,0,50.924626
8,478,0,50.951684
8,479,0,53.424724
8,480,0,50.876622
8,481,0,51.759909
8,482,0,53.267282
8,483,0,61.556304
8,484,0,55.931294
8,485,0,56.81752
8,486,0,51.881354
8,487,0,53.800154
8,488,0,54.257864
8,489,0,54.056697
8,490,0,51.334827
8,491,0,61.415381
8,492,0,54.820964
8,493,0,48.038095
8,494,0,51.598542
8,495,0,57.608221
8,496,0,49.875821
8,497,0,62.490591
8,498,0,50.136699
8,499,0,51.822834
8,500,0,51.677411
8,501,0,52.02772
8,502,0,52.81624
8,503,0,50.587697
8,504,0,50.696191
8,505,0,54.237572
8,506,0,50.373744
8,507,0,53.193276
8,508,0,53.388702
8,509,0,55.839825
8,510,0,50.690695
8,511,0,53.949378
8,512,0,53.745755
8,513,0,54.215676
8,514,0,56.254163
8,515,0,50.235426
8,516,0,52.992738
8,517,0,51.267188
8,518,0,65.485967
8,519,0,51.325176
8,520,0,54.886741
8,521,0,53.586541
8,522,0,52.375214
8,523,0,51.932771
8,524,0,50.623351
8,525,0,51.051203
8,526,0,53.225578
8,527,0,50.500301
8,528,0,48.879243
8,529,0,58.719644
8,530,0,51.573329
8,531,0,49.104431
8,532,0,54.748744
8,533,0,54.102617
8,534,0,57.792464
8,535,0,54.345223
8,536,0,58.329676
8,537,0,54.374603
8,538,0,49.714201
8,539,0,50.55044
8,540,0,50.807566
8,541,0,55.023543
8,542,0,53.898433
8,543,0,54.055287
8,544,0,50.848262
8,545,0,49.201918
8,546,0,48.390811
8,547,0,52.152534
8,548,0,56.198418
8,549,0,62.484339
8,550,0,55.830289
8,551,0,58.34258
8,552,0,51.384969
8,553,0,55.035104
8,554,0,68.575144
8,555,0,56.06472
8,556,0,50.909206
8,557,0,51.778572
8,558,0,53.07667
8,559,0,51.398978
8,560,0,54.21369
8,561,0,57.1405
8,562,0,61.491921
8,563,0,52.56431
8,564,0,54.915925
8,565,0,54.440363
8,566,0,55.617691
8,567,0,51.753944
8,568,0,59.618531
8,569,0,51.72093
8,570,0,51.216049
8,571,0,50.39923
8,572,0,54.503043
8,573,0,50.355686
8,574,0,55.659213
8,575,0,53.013519
8,576,0,56.916748
8,577,0,51.427946
8,578,0,52.379093
8,579,0,55.060537
8,580,0,52.790951
8,581,0,50.647935
8,582,0,51.315421
8,583,0,55.874747
8,584,0,57.624687
8,585,0,55.057403
8,586,0,63.98006
8,587,0,47.907666
8,588,0,53.190081
8,589,0,53.336313
8,590,0,51.251369
8,591,0,50.578881
8,592,0,49.397055
8,593,0,52.646388
8,594,0,60.214333
8,595,0,49.948344
8,596,0,51.469201
8,597,0,48.862361
8,598,0,52.76774
8,599,0,64.240373
8,600,0,52.281303
8,601,0,55.611099
8,602,0,56.941535
8,603,0,53.225136
8,604,0,54.353076
8,605,0,51.878682
8,606,0,52.613629
8,607,0,52.334395
8,608,0,52.794129
8,609,0,56.837958
8,610,0,57.368412
8,611,0,52.705563
8,612,0,55.78007
8,613,0,57.667618
8,614,0,51.973663
8,615,0,51.80892
8,616,0,48.967581
8,617,0,56.69269
8,618,0,48.939097
8,619,0,50.285507
8,620,0,52.292241
8,621,0,50.390026
8,622,0,51.689321
8,623,0,50.718992
8,624,0,52.63151
8,625,0,49.39629
8,626,0,52.175622
8,627,0,51.422058
8,628,0,53.612937
8,629,0,51.527413
8,630,0,56.016382
8,631,0,48.877321
8,632,0,52.571494
8,633,0,53.388639
8,634,0,54.520279
8,635,0,52.642445
8,636,0,55.838325
8,637,0,49.461921
8,638,0,53.843733
8,639,0,49.424896
8,640,0,51.854579
8,641,0,50.759411
8,642,0,51.071988
8,643,0,50.195387
8,644,0,49.383577
8,645,0,58.197168
8,646,0,52.513977
8,647,0,49.715466
8,648,0,47.750863
8,649,0,53.421363
8,650,0,50.442745
8,651,0,49.437312
8,652,0,51.102477
8,653,0,52.248274
8,654,0,56.275134
8,655,0,54.555082
8,656,0,52.999537
8,657,0,49.939176
8,658,0,52.758436
8,659,0,49.515532
8,660,0,52.578201
8,661,0,51.805173
8,662,0,49.589029
8,663,0,48.872285
8,664,0,53.838412
8,665,0,55.927238
8,666,0,53.318045
8,667,0,57.135388
8,668,0,55.269399
8,669,0,52.761051
8,670,0,50.296128
8,671,0,49.620691
8,672,0,53.800954
8,673,0,51.122879
8,674,0,49.431958
8,675,0,51.048458
8,676,0,51.258104
8,677,0,49.113558
8,678,0,55.880334
8,679,0,52.128319
8,680,0,50.303671
8,681,0,51.322532
8,682,0,49.028461
8,683,0,53.398224
8,684,0,63.366927
8,685,0,53.229707
8,686,0,50.707883
8,687,0,60.043414
8,688,0,51.24115
8,689,0,54.515321
8,690,0,55.792839
8,691,0,53.039123
8,692,0,49.984778
8,693,0,52.479106
8,694,0,49.575879
8,695,0,50.74772
8,696,0,56.286246
8,697,0,53.205153
8,698,0,52.836772
8,699,0,50.206192
8,700,0,54.270721
8,701,0,62.165239
8,702,0,53.777384
8,703,0,56.346298
8,704,0,52.097909
8,705,0,54.574643
8,706,0,64.374539
8,707,0,58.744712
8,708,0,55.700708
8,709,0,49.859544
8,710,0,52.618684
8,711,0,57.616909
8,712,0,56.437905
8,713,0,48.770116
8,714,0,52.10662
8,715,0,56.904498
8,716,0,53.806061
8,717,0,56.07353
8,718,0,53.605027
8,719,0,52.774201
8,720,0,51.026913
8,721,0,48.666242
8,722,0,51.156891
8,723,0,51.027878
8,724,0,51.448278
8,725,0,50.2505
8,726,0,52.150736
8,727,0,55.950599
8,728,0,53.402665
8,729,0,53.905079
8,730,0,53.49797
8,731,0,60.241282
8,732,0,58.761957
8,733,0,48.573933
8,734,0,49.975344
8,735,0,53.29197
8,736,0,49.206775
8,737,0,61.313904
8,738,0,52.454229
8,739,0,48.845599
8,740,0,52.759905
8,741,0,61.659048
8,742,0,48.829423
8,743,0,52.216934
8,744,0,51.253822
8,745,0,58.582119
8,746,0,48.224382
8,747,0,49.363825
8,748,0,54.586095
8,749,0,49.445129
8,750,0,58.217047
8,751,0,52.712881
8,752,0,52.210611
8,753,0,50.288453
8,754,0,49.822241
8,755,0,59.967468
8,756,0,52.218864
8,757,0,58.035318
8,758,0,48.949865
8,759,0,50.92204
8,760,0,54.582386
8,761,0,54.80716
8,762,0,55.138082
8,763,0,48.943671
8,764,0,55.676701
8,765,0,52.012593
8,766,0,53.626249
8,767,0,55.369312
8,768,0,49.137785
8,769,0,57.000249
8,770,0,51.530677
8,771,0,57.052456
8,772,0,50.556354
8,773,0,58.440793
8,774,0,54.003377
8,775,0,51.07626
8,776,0,50.803924
8,777,0,49.206798
8,778,0,57.695999
8,779,0,54.643241
8,780,0,54.922119
8,781,0,52.827224
8,782,0,55.508854
8,783,0,54.989721
8,784,0,53.820894
8,785,0,51.900796
8,786,0,54.764708
8,787,0,65.965407
8,788,0,55.3623
8,789,0,57.021307
8,790,0,56.852674
8,791,0,60.834021
8,792,0,51.706427
8,793,0,52.252536
8,794,0,50.173484
8,795,0,52.163381
8,796,0,49.721839
8,797,0,55.776789
8,798,0,56.301591
8,799,0,53.153606
8,800,0,53.566314
8,801,0,51.949286
8,802,0,51.788573
8,803,0,51.830598
8,804,0,48.688626
8,805,0,57.152085
8,806,0,52.182193
8,807,0,50.07785
8,808,0,49.62434
8,809,0,58.547495
8,810,0,55.794114
8,811,0,52.495524
8,812,0,50.243266
8,813,0,56.516106
8,814,0,50.309884
8,815,0,55.187485
8,816,0,48.929198
8,817,0,50.161977
8,818,0,49.539178
8,819,0,59.136626
8,820,0,50.547944
8,821,0,54.448735
8,822,0,57.317203
8,823,0,49.380404
8,824,0,49.756736
8,825,0,56.334292
8,826,0,50.030994
8,827,0,55.617977
8,828,0,57.286665
8,829,0,50.413919
8,830,0,53.321179
8,831,0,62.378721
8,832,0,49.181769
8,833,0,51.628047
8,834,0,51.737989
8,835,0,52.896723
8,836,0,67.983433
8,837,0,51.636313
8,838,0,49.438193
8,839,0,52.233759
8,840,0,58.514086
8,841,0,49.708935
8,842,0,56.487413
8,843,0,51.11865
8,844,0,51.315559
8,845,0,57.831771
8,846,0,60.89238
8,847,0,53.060816
8,848,0,55.518011
8,849,0,49.325585
8,850,0,56.774417
8,851,0,50.536029
8,852,0,54.071192
8,853,0,51.0842
8,854,0,50.312495
8,855,0,55.008237
8,856,0,55.424491
8,857,0,56.016063
8,858,0,63.392637
8,859,0,51.206826
8,860,0,48.828424
8,861,0,49.813982
8,862,0,51.157358
8,863,0,50.108515
8,864,0,50.705656
8,865,0,51.9709
8,866,0,59.475896
8,867,0,55.560196
8,868,0,49.458713
8,869,0,54.130606
8,870,0,51.469556
8,871,0,50.509832
8,872,0,49.129007
8,873,0,50.190168
8,874,0,52.751227
8,875,0,58.486681
8,876,0,50.710463
8,877,0,53.088459
8,878,0,51.96249
8,879,0,51.688718
8,880,0,51.183634
8,881,0,49.81658
8,882,0,54.252099
8,883,0,49.326813
8,884,0,56.894722
8,885,0,53.407365
8,886,0,50.984433
8,887,0,54.101088
8,888,0,49.803653
8,889,0,50.310846
8,890,0,51.579633
8,891,0,49.164146
8,892,0,51.423641
8,893,0,50.876066
8,894,0,50.630438
8,895,0,48.722528
8,896,0,49.73602
8,897,0,51.444984
8,898,0,51.370951
8,899,0,50.358315
8,900,0,49.197951
8,901,0,54.384162
8,902,0,57.207578
8,903,0,53.448691
8,904,0,54.654644
8,905,0,59.593687
8,906,0,52.997462
8,907,0,57.436078
8,908,0,49.816327
8,909,0,48.908371
8,910,0,62.072718
8,911,0,54.238995
8,912,0,48.35716
8,913,0,52.758524
8,914,0,59.802281
8,915,0,63.013317
8,916,0,48.549096
8,917,0,50.842853
8,918,0,51.00362
8,919,0,52.513893
8,920,0,50.74024
8,921,0,54.976539
8,922,0,50.224568
8,923,0,55.221141
8,924,0,49.878535
8,925,0,54.535452
8,926,0,48.853964
8,927,0,53.91075
8,928,0,49.876226
8,929,0,54.30275
8,930,0,49.844672
8,931,0,50.087383
8,932,0,53.112709
8,933,0,53.060234
8,934,0,59.614903
8,935,0,51.024098
8,936,0,51.082594
8,937,0,49.296547
8,938,0,55.059577
8,939,0,58.771944
8,940,0,60.566545
8,941,0,51.819439
8,942,0,55.117957
8,943,0,48.916619
8,944,0,54.096375
8,945,0,49.83551
8,946,0,53.80345
8,947,0,51.742845
8,948,0,50.318096
8,949,0,57.533681
8,950,0,48.074109
8,951,0,56.871701
8,952,0,51.003761
8,953,0,51.530774
8,954,0,52.112434
8,955,0,55.262961
8,956,0,51.6391
8,957,0,51.973571
8,958,0,58.081255
8,959,0,50.759736
8,960,0,54.851627
8,961,0,51.475817
8,962,0,51.362883
8,963,0,56.204445
8,964,0,48.405745
8,965,0,50.941973
8,966,0,55.242248
8,967,0,52.049178
8,968,0,48.648463
8,969,0,58.375948
8,970,0,51.926767
8,971,0,59.635236
8,972,0,55.683666
8,973,0,57.873346
8,974,0,56.930584
8,975,0,52.957695
8,976,0,51.059087
8,977,0,52.176117
8,978,0,49.699359
8,979,0,50.135274
8,980,0,53.03896
8,981,0,48.801808
8,982,0,50.034526
8,983,0,51.163168
8,984,0,51.298538
8,985,0,57.892735
8,986,0,51.543045
8,987,0,50.936052
8,988,0,52.811133
8,989,0,50.354164
8,990,0,49.052208
8,991,0,49.409378
8,992,0,52.803841
8,993,0,50.125894
8,994,0,54.865056
8,995,0,55.315863
8,996,0,51.6462
8,997,0,51.964821
8,998,0,51.21786
8,999,0,56.059672
9,0,0,53.264908
9,1,0,49.453661
9,2,0,51.852942
9,3,0,57.412889
9,4,0,52.071073
9,5,0,58.714085
9,6,0,50.378958
9,7,0,55.920076
9,8,0,57.95293
9,9,0,52.464567
9,10,0,62.044889
9,11,0,60.667609
9,12,0,60.911338
9,13,0,53.057726
9,14,0,50.761624
9,15,0,50.535336
9,16,0,56.622367
9,17,0,50.091933
9,18,0,53.045001
9,19,0,49.926211
9,20,0,53.321631
9,21,0,55.444996
9,22,0,50.010712
9,23,0,50.481351
9,24,0,63.449313
9,25,0,57.059071
9,26,0,53.06088
9,27,0,49.438842
9,28,0,58.015865
9,29,0,48.109817
9,30,0,47.838667
9,31,0,51.629065
9,32,0,54.040722
9,33,0,49.227215
9,34,0,49.857745
9,35,0,51.550728
9,36,0,52.399237
9,37,0,49.364259
9,38,0,49.601472
9,39,0,49.48246
9,40,0,49.304595
9,41,0,51.36026
9,42,0,51.401729
9,43,0,57.235322
9,44,0,51.384639
9,45,0,57.537626
9,46,0,51.56271
9,47,0,51.316742
9,48,0,55.025153
9,49,0,49.576077
9,50,0,55.774283
9,51,0,52.619662
9,52,0,51.456202
9,53,0,50.215462
9,54,0,54.206338
9,55,0,49.817947
9,56,0,54.77385
9,57,0,52.022397
9,58,0,50.295241
9,59,0,57.803163
9,60,0,58.099908
9,61,0,49.008263
9,62,0,49.578787
9,63,0,50.81505
9,64,0,63.741422
9,65,0,60.631142
9,66,0,50.203732
9,67,0,50.039572
9,68,0,59.378013
9,69,0,52.194466
9,70,0,61.591941
9,71,0,49.041817
9,72,0,55.19101
9,73,0,56.007801
9,74,0,52.244299
9,75,0,56.205324
9,76,0,55.774812
9,77,0,58.418219
9,78,0,55.575697
9,79,0,50.037226
9,80,0,53.374923
9,81,0,48.891606
9,82,0,52.500217
9,83,0,52.848173
9,84,0,53.06613
9,85,0,51.167032
9,86,0,54.449237
9,87,0,54.372091
9,88,0,50.303939
9,89,0,51.804938
9,90,0,57.716026
9,91,0,49.272068
9,92,0,57.132691
9,93,0,58.910924
9,94,0,53.492876
9,95,0,51.243796
9,96,0,54.565457
9,97,0,54.55335
9,98,0,52.79614
9,99,0,53.733952
9,100,0,52.504343
9,101,0,52.631221
9,102,0,54.719274
9,103,0,53.435352
9,104,0,56.270861
9,105,0,48.559523
9,106,0,55.697594
9,107,0,50.048735
9,108,0,51.09495
9,109,0,52.291344
9,110,0,59.840577
9,111,0,68.297971
9,112,0,52.440748
9,113,0,55.869905
9,114,0,50.178725
9,115,0,48.841287
9,116,0,50.516947
9,117,0,54.91367
9,118,0,54.810763
9,119,0,53.418307
9,120,0,51.649103
9,121,0,51.607374
9,122,0,58.001441
9,123,0,53.528422
9,124,0,50.875158
9,125,0,49.747245
9,126,0,48.717536
9,127,0,56.311511
9,128,0,49.979505
9,129,0,51.584371
9,130,0,56.675729
9,131,0,56.685879
9,132,0,60.435302
9,133,0,54.487676
9,134,0,55.934311
9,135,0,71.206899
9,136,0,56.881874
9,137,0,50.475339
9,138,0,48.506718
9,139,0,49.921268
9,140,0,51.332083
9,141,0,56.608789
9,142,0,50.437609
9,143,0,59.304245
9,144,0,49.57125
9,145,0,58.732828
9,146,0,49.427198
9,147,0,55.685882
9,148,0,51.758436
9,149,0,52.494862
9,150,0,51.509605
9,151,0,53.00639
9,152,0,48.946983
9,153,0,50.755081
9,154,0,65.437242
9,155,0,52.0827
9,156,0,52.79942
9,157,0,52.78224
9,158,0,55.924542
9,159,0,52.520385
9,160,0,49.397141
9,161,0,56.309835
9,162,0,50.540656
9,163,0,50.978207
9,164,0,54.058865
9,165,0,51.261677
9,166,0,51.413126
9,167,0,50.117289
9,168,0,51.406788
9,169,0,56.351251
9,170,0,54.145006
9,171,0,51.485663
9,172,0,49.873201
9,173,0,51.406406
9,174,0,51.961197
9,175,0,50.756606
9,176,0,49.284865
9,177,0,52.586931
9,178,0,53.21021
9,179,0,55.208063
9,180,0,51.286597
9,181,0,53.221855
9,182,0,54.415518
9,183,0,55.260566
9,184,0,49.286033
9,185,0,55.348925
9,186,0,50.883918
9,187,0,53.086284
9,188,0,52.538618
9,189,0,59.863103
9,190,0,56.0261
9,191,0,51.576987
9,192,0,51.575387
9,193,0,52.800707
9,194,0,54.91218
9,195,0,48.981249
9,196,0,54.947596
9,197,0,57.684719
9,198,0,50.459883
9,199,0,57.540235
9,200,0,60.467646
9,201,0,51.461755
9,202,0,60.290658
9,203,0,53.690489
9,204,0,55.802477
9,205,0,53.575095
9,206,0,52.569591
9,207,0,64.209688
9,208,0,48.728471
9,209,0,59.27089
9,210,0,54.871568
9,211,0,50.369571
9,212,0,52.820223
9,213,0,51.525333
9,214,0,51.083023
9,215,0,55.70759
9,216,0,52.157885
9,217,0,52.417488
9,218,0,54.883477
9,219,0,50.590502
9,220,0,55.741097
9,221,0,63.370605
9,222,0,54.283218
9,223,0,51.818897
9,224,0,50.148734
9,225,0,54.964916
9,226,0,53.812699
9,227,0,50.45036
9,228,0,52.750761
9,229,0,58.122827
9,230,0,58.378254
9,231,0,52.211447
9,232,0,52.456767
9,233,0,49.278441
9,234,0,52.664945
9,235,0,54.950066
9,236,0,55.613438
9,237,0,49.906774
9,238,0,49.383577
9,239,0,54.237232
9,240,0,55.250651
9,241,0,50.809057
9,242,0,50.762014
9,243,0,56.586978
9,244,0,49.424796
9,245,0,48.685954
9,246,0,49.800092
9,247,0,55.044074
9,248,0,53.438316
9,249,0,56.102069
9,250,0,62.072564
9,251,0,52.683205
9,252,0,49.65105
9,253,0,50.127271
9,254,0,55.262143
9,255,0,49.6275
9,256,0,52.109654
9,257,0,53.044624
9,258,0,50.901681
9,259,0,54.052061
9,260,0,53.476966
9,261,0,52.330825
9,262,0,53.821904
9,263,0,56.147881
9,264,0,52.784416
9,265,0,53.041984
9,266,0,55.096479
9,267,0,52.296469
9,268,0,54.141255
9,269,0,49.786645
9,270,0,53.710122
9,271,0,49.365528
9,272,0,59.484235
9,273,0,48.476663
9,274,0,57.750241
9,275,0,51.205228
9,276,0,51.623269
9,277,0,50.430256
9,278,0,48.955754
9,279,0,52.975772
9,280,0,50.678889
9,281,0,53.034618
9,282,0,55.554132
9,283,0,52.323092
9,284,0,49.594375
9,285,0,56.028926
9,286,0,51.385999
9,287,0,54.546676
9,288,0,65.833354
9,289,0,49.687343
9,290,0,52.26448
9,291,0,51.034612
9,292,0,48.904417
9,293,0,53.115389
9,294,0,48.431796
9,295,0,53.79289
9,296,0,47.983272
9,297,0,49.732505
9,298,0,68.487114
9,299,0,50.680667
9,300,0,49.023898
9,301,0,50.198409
9,302,0,49.237546
9,303,0,48.801974
9,304,0,53.227289
9,305,0,51.076478
9,306,0,52.357899
9,307,0,61.65849
9,308,0,52.887473
9,309,0,48.931396
9,310,0,51.688725
9,311,0,48.641447
9,312,0,49.022589
9,313,0,56.427743
9,314,0,52.849917
9,315,0,50.284639
9,316,0,55.662658
9,317,0,54.339626
9,318,0,53.383657
9,319,0,54.378033
9,320,0,52.653845
9,321,0,52.986405
9,322,0,49.526188
9,323,0,51.056196
9,324,0,51.684978
9,325,0,51.148447
9,326,0,62.326066
9,327,0,52.884034
9,328,0,52.614077
9,329,0,51.147249
9,330,0,48.920818
9,331,0,53.428401
9,332,0,52.669822
9,333,0,49.472813
9,334,0,62.873408
9,335,0,49.418077
9,336,0,53.957741
9,337,0,58.087952
9,338,0,49.8168
9,339,0,55.372399
9,340,0,50.692402
9,341,0,57.104626
9,342,0,56.5899
9,343,0,50.935839
9,344,0,52.68402
9,345,0,54.572283
9,346,0,53.488151
9,347,0,53.395707
9,348,0,67.706507
9,349,0,54.454749
9,350,0,52.457548
9,351,0,50.9845
9,352,0,54.824668
9,353,0,49.540744
9,354,0,51.176294
9,355,0,52.541111
9,356,0,51.92484
9,357,0,55.202942
9,358,0,50.706259
9,359,0,54.407286
9,360,0,49.786954
9,361,0,54.366
9,362,0,53.634233
9,363,0,56.251425
9,364,0,53.917113
9,365,0,49.547493
9,366,0,54.604878
9,367,0,51.800051
9,368,0,52.754126
9,369,0,52.486628
9,370,0,51.223225
9,371,0,52.636893
9,372,0,58.090565
9,373,0,50.029541
9,374,0,49.898648
9,375,0,52.518221
9,376,0,51.052227
9,377,0,53.974663
9,378,0,51.377633
9,379,0,50.033052
9,380,0,47.900052
9,381,0,53.50926
9,382,0,51.408562
9,383,0,66.49066
9,384,0,49.628758
9,385,0,57.70013
9,386,0,55.006349
9,387,0,55.641057
9,388,0,58.157055
9,389,0,50.699251
9,390,0,49.622064
9,391,0,51.79433
9,392,0,59.829337
9,393,0,50.651861
9,394,0,59.720103
9,395,0,52.527215
9,396,0,58.219229
9,397,0,57.418172
9,398,0,57.887976
9,399,0,52.345403
9,400,0,52.12214
9,401,0,52.612469
9,402,0,57.469933
9,403,0,61.050576
9,404,0,54.587485
9,405,0,53.62676
9,406,0,53.686663
9,407,0,49.697866
9,408,0,56.302429
9,409,0,49.967318
9,410,0,53.020894
9,411,0,52.423959
9,412,0,57.013775
9,413,0,53.101579
9,414,0,61.653901
9,415,0,53.095584
9,416,0,51.319092
9,417,0,52.538807
9,418,0,51.50321
9,419,0,52.022407
9,420,0,54.498235
9,421,0,60.604368
9,422,0,52.50739
9,423,0,54.826736
9,424,0,51.345055
9,425,0,51.501138
9,426,0,61.526013
9,427,0,57.618649
9,428,0,58.031859
9,429,0,51.431728
9,430,0,50.806223
9,431,0,58.932452
9,432,0,64.51328
9,433,0,50.596512
9,434,0,53.648247
9,435,0,50.905309
9,436,0,55.087733
9,437,0,50.526331
9,438,0,56.634879
9,439,0,59.434261
9,440,0,52.552405
9,441,0,57.741918
9,442,0,49.781859
9,443,0,56.78796
9,444,0,51.940027
9,445,0,50.702557
9,446,0,51.638837
9,447,0,55.724439
9,448,0,57.105094
9,449,0,53.579362
9,450,0,58.096472
9,451,0,64.798774
9,452,0,55.453684
9,453,0,56.312028
9,454,0,49.743088
9,455,0,54.312792
9,456,0,48.72053
9,457,0,59.665568
9,458,0,59.400253
9,459,0,62.556384
9,460,0,49.535243
9,461,0,50.559118
9,462,0,50.80344
9,463,0,59.508798
9,464,0,51.975457
9,465,0,62.125433
9,466,0,51.090208
9,467,0,56.930708
9,468,0,57.326722
9,469,0,56.865257
9,470,0,54.809711
9,471,0,50.34126
9,472,0,55.085821
9,473,0,51.242671
9,474,0,50.431512
9,475,0,53.16052
9,476,0,51.492153
9,477,0,57.721229
9,478,0,60.204274
9,479,0,52.738031
9,480,0,50.551591
9,481,0,52.148746
9,482,0,51.680344
9,483,0,57.92511
9,484,0,55.024194
9,485,0,49.900613
9,486,0,50.704432
9,487,0,49.801923
9,488,0,52.567799
9,489,0,56.609265
9,490,0,52.359983
9,491,0,50.031347
9,492,0,51.460085
9,493,0,52.385673
9,494,0,52.980727
9,495,0,53.920776
9,496,0,54.599115
9,497,0,51.440376
9,498,0,56.598891
9,499,0,56.525151
9,500,0,53.760587
9,501,0,51.032714
9,502,0,53.956997
9,503,0,51.580971
9,504,0,49.565211
9,505,0,51.606672
9,506,0,53.783036
9,507,0,52.134615
9,508,0,57.657996
9,509,0,49.816076
9,510,0,48.951642
9,511,0,64.878378
9,512,0,50.399945
9,513,0,59.297831
9,514,0,63.317522
9,515,0,51.64148
9,516,0,48.941611
9,517,0,54.673539
9,518,0,58.688087
9,519,0,56.314282
9,520,0,50.499963
9,521,0,48.042116
9,522,0,53.598005
9,523,0,51.235437
9,524,0,50.508447
9,525,0,53.318851
9,526,0,56.457431
9,527,0,54.413068
9,528,0,51.658247
9,529,0,60.676938
9,530,0,52.146453
9,531,0,51.732728
9,532,0,50.623011
9,533,0,48.74696
9,534,0,55.730203
9,535,0,54.533722
9,536,0,56.709137
9,537,0,50.327668
9,538,0,50.823061
9,539,0,48.022717
9,540,0,50.789062
9,541,0,54.748365
9,542,0,54.196556
9,543,0,50.564229
9,544,0,53.758552
9,545,0,51.584052
9,546,0,63.202216
9,547,0,50.232727
9,548,0,52.475578
9,549,0,56.910896
9,550,0,57.666523
9,551,0,55.942773
9,552,0,50.416061
9,553,0,56.301011
9,554,0,52.966934
9,555,0,52.212586
9,556,0,54.465214
9,557,0,57.424536
9,558,0,49.987132
9,559,0,60.740964
9,560,0,49.171876
9,561,0,48.754209
9,562,0,50.617936
9,563,0,53.261198
9,564,0,50.239183
9,565,0,51.536072
9,566,0,49.17373
9,567,0,54.132805
9,568,0,51.435116
9,569,0,50.561822
9,570,0,59.258684
9,571,0,55.085907
9,572,0,51.065905
9,573,0,57.219978
9,574,0,54.145933
9,575,0,56.898482
9,576,0,52.649947
9,577,0,48.598494
9,578,0,52.759238
9,579,0,54.001409
9,580,0,57.956954
9,581,0,49.617021
9,582,0,50.670483
9,583,0,49.737561
9,584,0,49.447067
9,585,0,52.331075
9,586,0,49.682737
9,587,0,57.632476
9,588,0,48.89274
9,589,0,57.3427
9,590,0,51.760143
9,591,0,60.524559
9,592,0,54.371977
9,593,0,52.011518
9,594,0,52.698873
9,595,0,49.746802
9,596,0,51.8076
9,597,0,57.799401
9,598,0,49.80948
9,599,0,50.3879
9,600,0,48.140535
9,601,0,51.171214
9,602,0,51.328955
9,603,0,49.689368
9,604,0,52.170139
9,605,0,50.837675
9,606,0,52.041666
9,607,0,51.575931
9,608,0,55.233428
9,609,0,59.468082
9,610,0,53.230462
9,611,0,51.385015
9,612,0,52.651672
9,613,0,49.989609
9,614,0,52.838755
9,615,0,55.318131
9,616,0,49.517098
9,617,0,59.003876
9,618,0,53.7877
9,619,0,52.405889
9,620,0,57.925189
9,621,0,50.122189
9,622,0,55.072344
9,623,0,61.090207
9,624,0,54.457379
9,625,0,51.563227
9,626,0,52.602722
9,627,0,55.989114
9,628,0,48.277392
9,629,0,60.735443
9,630,0,53.211296
9,631,0,55.27355
9,632,0,50.779188
9,633,0,51.176142
9,634,0,50.843854
9,635,0,61.493951
9,636,0,54.398229
9,637,0,57.949269
9,638,0,52.832731
9,639,0,59.731321
9,640,0,59.359678
9,641,0,52.730029
9,642,0,51.938866
9,643,0,51.997326
9,644,0,51.197744
9,645,0,60.04878
9,646,0,51.356618
9,647,0,51.892753
9,648,0,51.335725
9,649,0,50.932402
9,650,0,50.353647
9,651,0,56.677053
9,652,0,58.110819
9,653,0,56.615838
9,654,0,48.452863
9,655,0,56.891735
9,656,0,53.230552
9,657,0,59.106624
9,658,0,70.625401
9,659,0,62.504238
9,660,0,54.270635
9,661,0,56.350524
9,662,0,56.010903
9,663,0,56.765391
9,664,0,51.562781
9,665,0,57.117198
9,666,0,59.426364
9,667,0,51.36365
9,668,0,59.338043
9,669,0,49.851186
9,670,0,49.30195
9,671,0,48.965695
9,672,0,50.921773
9,673,0,50.268298
9,674,0,48.450429
9,675,0,50.321487
9,676,0,50.022137
9,677,0,51.187742
9,678,0,49.685838
9,679,0,54.679994
9,680,0,54.238437
9,681,0,53.229508
9,682,0,51.325882
9,683,0,49.434328
9,684,0,54.579444
9,685,0,55.156358
9,686,0,52.615532
9,687,0,52.331156
9,688,0,51.254223
9,689,0,54.607793
9,690,0,59.465641
9,691,0,50.998665
9,692,0,52.910699
9,693,0,54.96003
9,694,0,50.908957
9,695,0,55.236183
9,696,0,51.67422
9,697,0,52.706999
9,698,0,53.025234
9,699,0,54.251367
9,700,0,49.28672
9,701,0,56.873266
9,702,0,50.263274
9,703,0,50.04805
9,704,0,54.763988
9,705,0,49.893997
9,706,0,50.080069
9,707,0,57.793227
9,708,0,48.926347
9,709,0,50.659506
9,710,0,49.569238
9,711,0,49.852825
9,712,0,52.027928
9,713,0,56.673338
9,714,0,53.295699
9,715,0,52.313907
9,716,0,52.939175
9,717,0,51.631264
9,718,0,54.364229
9,719,0,57.13516
9,720,0,54.044584
9,721,0,50.030538
9,722,0,57.628021
9,723,0,56.00085
9,724,0,68.789404
9,725,0,50.067497
9,726,0,56.809731
9,727,0,50.751659
9,728,0,48.715674
9,729,0,50.731649
9,730,0,64.329091
9,731,0,53.428102
9,732,0,53.04048
9,733,0,57.509947
9,734,0,53.006406
9,735,0,56.316267
9,736,0,58.189042
9,737,0,52.460164
9,738,0,69.951874
9,739,0,50.003633
9,740,0,49.838771
9,741,0,55.567513
9,742,0,55.4442
9,743,0,54.967961
9,744,0,53.811039
9,745,0,54.233342
9,746,0,56.088218
9,747,0,49.204658
9,748,0,55.292208
9,749,0,54.338122
9,750,0,54.937328
9,751,0,52.161531
9,752,0,63.9649
9,753,0,50.012315
9,754,0,57.583531
9,755,0,52.797307
9,756,0,50.677099
9,757,0,55.140959
9,758,0,69.818078
9,759,0,49.10307
9,760,0,51.844917
9,761,0,50.95717
9,762,0,51.914121
9,763,0,54.862238
9,764,0,51.048052
9,765,0,53.285455
9,766,0,49.247861
9,767,0,54.549035
9,768,0,53.32982
9,769,0,52.936833
9,770,0,51.980457
9,771,0,52.269509
9,772,0,50.991274
9,773,0,51.818632
9,774,0,53.16142
9,775,0,54.001035
9,776,0,51.462822
9,777,0,53.913147
9,778,0,50.20716
9,779,0,49.100602
9,780,0,54.271665
9,781,0,60.709075
9,782,0,52.750697
9,783,0,59.471593
9,784,0,53.494233
9,785,0,62.490363
9,786,0,48.708795
9,787,0,49.733394
9,788,0,55.627747
9,789,0,49.177801
9,790,0,49.783473
9,791,0,49.356149
9,792,0,51.32812
9,793,0,54.297232
9,794,0,53.523394
9,795,0,53.887242
9,796,0,51.606362
9,797,0,56.65629
9,798,0,54.328775
9,799,0,56.985707
9,800,0,51.922072
9,801,0,48.456566
9,802,0,54.448595
9,803,0,49.315789
9,804,0,53.423054
9,805,0,51.441922
9,806,0,51.119801
9,807,0,56.05187
9,808,0,52.836373
9,809,0,51.018062
9,810,0,51.815101
9,811,0,55.530291
9,812,0,55.641389
9,813,0,49.181255
9,814,0,49.428893
9,815,0,49.671666
9,816,0,56.919737
9,817,0,53.702126
9,818,0,55.504553
9,819,0,49.927309
9,820,0,48.316968
9,821,0,52.888723
9,822,0,53.514765
9,823,0,57.196535
9,824,0,51.65059
9,825,0,52.653258
9,826,0,49.555205
9,827,0,55.869989
9,828,0,57.756869
9,829,0,51.210025
9,830,0,54.731073
9,831,0,56.168255
9,832,0,49.483611
9,833,0,54.253423
9,834,0,50.907673
9,835,0,51.836799
9,836,0,49.284779
9,837,0,51.711583
9,838,0,52.166491
9,839,0,51.451264
9,840,0,56.279245
9,841,0,52.491418
9,842,0,52.798584
9,843,0,57.551091
9,844,0,55.263143
9,845,0,53.023318
9,846,0,51.162563
9,847,0,50.850763
9,848,0,51.124794
9,849,0,50.217284
9,850,0,51.678239
9,851,0,52.657065
9,852,0,56.638338
9,853,0,51.613399
9,854,0,50.759906
9,855,0,54.763153
9,856,0,49.371468
9,857,0,51.849444
9,858,0,50.815238
9,859,0,53.950349
9,860,0,50.861238
9,861,0,48.718517
9,862,0,51.562643
9,863,0,49.096852
9,864,0,52.918358
9,865,0,54.121531
9,866,0,54.726197
9,867,0,60.000825
9,868,0,50.155544
9,869,0,53.593267
9,870,0,51.782439
9,871,0,51.146099
9,872,0,51.260581
9,873,0,53.035812
9,874,0,52.55197
9,875,0,51.670087
9,876,0,49.745153
9,877,0,49.325005
9,878,0,51.296469
9,879,0,55.515578
9,880,0,54.020865
9,881,0,49.297924
9,882,0,54.064374
9,883,0,52.652419
9,884,0,52.514419
9,885,0,55.468494
9,886,0,50.474563
9,887,0,52.005235
9,888,0,53.448202
9,889,0,49.987579
9,890,0,49.960945
9,891,0,52.16048
9,892,0,54.20239
9,893,0,48.337811
9,894,0,53.290028
9,895,0,52.079823
9,896,0,49.746643
9,897,0,48.715162
9,898,0,49.663792
9,899,0,53.949518
9,900,0,59.918914
9,901,0,54.475601
9,902,0,47.568136
9,903,0,51.822808
9,904,0,50.659239
9,905,0,50.910973
9,906,0,58.119442
9,907,0,54.464906
9,908,0,48.950126
9,909,0,52.52065
9,910,0,50.982229
9,911,0,52.025827
9,912,0,53.727439
9,913,0,49.909183
9,914,0,54.41559
9,915,0,48.611055
9,916,0,51.836731
9,917,0,54.598031
9,918,0,52.430587
9,919,0,57.503578
9,920,0,50.792061
9,921,0,52.538693
9,922,0,52.174165
9,923,0,50.973504
9,924,0,53.726926
9,925,0,53.973317
9,926,0,55.841989
9,927,0,50.078854
9,928,0,48.661555
9,929,0,53.435622
9,930,0,51.409353
9,931,0,61.327506
9,932,0,50.277755
9,933,0,49.399962
9,934,0,55.886651
9,935,0,52.55854
9,936,0,55.006686
9,937,0,59.207292
9,938,0,54.950541
9,939,0,50.405845
9,940,0,50.401055
9,941,0,54.477249
9,942,0,49.349615
9,943,0,49.089425
9,944,0,72.530722
9,945,0,54.131893
9,946,0,51.952714
9,947,0,49.24422
9,948,0,50.81164
9,949,0,51.847954
9,950,0,58.895851
9,951,0,59.155613
9,952,0,48.245617
9,953,0,49.766004
9,954,0,49.323265
9,955,0,52.176691
9,956,0,52.570015
9,957,0,52.733398
9,958,0,55.112715
9,959,0,55.322531
9,960,0,53.54201
9,961,0,50.903099
9,962,0,50.560051
9,963,0,49.580933
9,964,0,51.193098
9,965,0,52.771995
9,966,0,53.611954
9,967,0,54.067375
9,968,0,55.768902
9,969,0,54.790536
9,970,0,55.320296
9,971,0,58.038954
9,972,0,63.035778
9,973,0,55.030135
9,974,0,60.6354
9,975,0,49.88259
9,976,0,48.714101
9,977,0,57.086834
9,978,0,57.225692
9,979,0,57.039739
9,980,0,52.727392
9,981,0,56.129757
9,982,0,55.531122
9,983,0,52.971542
9,984,0,51.33252
9,985,0,54.54855
9,986,0,53.840723
9,987,0,60.913091
9,988,0,52.993502
9,989,0,57.302342
9,990,0,50.267562
9,991,0,48.85552
9,992,0,49.817384
9,993,0,60.113139
9,994,0,53.290046
9,995,0,50.978964
9,996,0,49.339478
9,997,0,58.348767
9,998,0,57.255067
9,999,0,51.054131
10,0,0,58.75893
10,1,0,50.486626
10,2,0,51.889129
10,3,0,56.938646
10,4,0,49.833977
10,5,0,50.709974
10,6,0,59.643488
10,7,0,54.784412
10,8,0,57.514462
10,9,0,52.442219
10,10,0,54.615677
10,11,0,50.300646
10,12,0,50.384972
10,13,0,48.456395
10,14,0,49.630212
10,15,0,51.977981
10,16,0,50.830713
10,17,0,53.917016
10,18,0,51.029703
10,19,0,50.476446
10,20,0,54.166241
10,21,0,61.526782
10,22,0,49.925432
10,23,0,53.995507
10,24,0,52.477209
10,25,0,52.125496
10,26,0,52.214927
10,27,0,48.175328
10,28,0,60.539611
10,29,0,57.185972
10,30,0,51.433439
10,31,0,55.143254
10,32,0,49.532378
10,33,0,49.193475
10,34,0,48.40999
10,35,0,52.070762
10,36,0,59.885754
10,37,0,54.553609
10,38,0,54.173241
10,39,0,52.88796
10,40,0,51.711382
10,41,0,49.264519
10,42,0,49.76024
10,43,0,52.279188
10,44,0,51.119027
10,45,0,50.745772
10,46,0,59.810507
10,47,0,53.657461
10,48,0,52.184123
10,49,0,47.859128
10,50,0,50.849398
10,51,0,57.478373
10,52,0,49.060936
10,53,0,53.323386
10,54,0,53.999236
10,55,0,55.369987
10,56,0,50.18385
10,57,0,52.765887
10,58,0,51.891091
10,59,0,51.983305
10,60,0,55.272446
10,61,0,57.172505
10,62,0,53.260565
10,63,0,49.13757
10,64,0,53.015108
10,65,0,61.085411
10,66,0,49.869025
10,67,0,51.027782
10,68,0,51.051554
10,69,0,49.628347
10,70,0,52.74491
10,71,0,52.369411
10,72,0,53.125759
10,73,0,47.632168
10,74,0,53.169599
10,75,0,49.320725
10,76,0,51.238702
10,77,0,51.842657
10,78,0,73.121668
10,79,0,50.975683
10,80,0,51.482445
10,81,0,49.617134
10,82,0,51.382386
10,83,0,56.003222
10,84,0,52.157604
10,85,0,62.676486
10,86,0,58.724687
10,87,0,54.479127
10,88,0,61.675538
10,89,0,58.557084
10,90,0,50.109645
10,91,0,51.984906
10,92,0,53.581193
10,93,0,54.111359
10,94,0,52.290862
10,95,0,53.718806
10,96,0,53.197091
10,97,0,53.322867
10,98,0,49.604726
10,99,0,49.076777
10,100,0,56.560984
10,101,0,51.281437
10,102,0,58.718161
10,103,0,51.199835
10,104,0,51.559603
10,105,0,52.208673
10,106,0,54.256673
10,107,0,52.195683
10,108,0,49.777545
10,109,0,53.092067
10,110,0,55.829386
10,111,0,53.739759
10,112,0,55.510672
10,113,0,53.140469
10,114,0,52.848545
10,115,0,50.212068
10,116,0,49.451663
10,117,0,49.077933
10,118,0,50.219441
10,119,0,52.185876
10,120,0,51.425115
10,121,0,49.072327
10,122,0,51.31729
10,123,0,52.640857
10,124,0,50.197386
10,125,0,57.314552
10,126,0,50.747335
10,127,0,50.873521
10,128,0,50.513914
10,129,0,53.327565
10,130,0,51.118071
10,131,0,51.446285
10,132,0,57.236234
10,133,0,50.262301
10,134,0,54.984953
10,135,0,53.215542
10,136,0,50.565168
10,137,0,48.777459
10,138,0,51.974898
10,139,0,52.963106
10,140,0,50.544743
10,141,0,56.510593
10,142,0,59.692808
10,143,0,54.616075
10,144,0,52.201328
10,145,0,50.313247
10,146,0,48.689713
10,147,0,56.688255
10,148,0,53.619279
10,149,0,49.895495
10,150,0,53.879673
10,151,0,49.070505
10,152,0,51.970879
10,153,0,49.878937
10,154,0,51.047793
10,155,0,48.276433
10,156,0,49.476505
10,157,0,51.877625
10,158,0,58.999966
10,159,0,49.019174
10,160,0,50.614647
10,161,0,53.164051
10,162,0,56.933724
10,163,0,51.326202
10,164,0,54.048331
10,165,0,52.539791
10,166,0,49.919918
10,167,0,49.454534
10,168,0,55.704158
10,169,0,54.702231
10,170,0,54.699193
10,171,0,60.728951
10,172,0,49.496515
10,173,0,52.359293
10,174,0,51.059754
10,175,0,54.994626
10,176,0,52.805659
10,177,0,52.390555
10,178,0,54.48916
10,179,0,49.505734
10,180,0,57.121907
10,181,0,49.365693
10,182,0,58.21909
10,183,0,58.612306
10,184,0,54.88713
10,185,0,64.553296
10,186,0,55.419745
10,187,0,51.092612
10,188,0,50.985107
10,189,0,49.412232
10,190,0,50.46367
10,191,0,48.229699
10,192,0,63.20725
10,193,0,53.305705
10,194,0,48.168206
10,195,0,54.264672
10,196,0,54.725183
10,197,0,50.380621
10,198,0,52.981029
10,199,0,55.044636
10,200,0,49.7728
10,201,0,52.546718
10,202,0,53.19868
10,203,0,52.932909
10,204,0,51.448363
10,205,0,49.387857
10,206,0,53.562559
10,207,0,55.68339
10,208,0,56.739543
10,209,0,52.619811
10,210,0,57.599649
10,211,0,49.129055
10,212,0,53.540875
10,213,0,60.70156
10,214,0,49.204783
10,215,0,52.870482
10,216,0,55.897096
10,217,0,51.905854
10,218,0,48.301513
10,219,0,52.306377
10,220,0,49.639084
10,221,0,47.61665
10,222,0,48.264369
10,223,0,50.664651
10,224,0,54.628291
10,225,0,51.08298
10,226,0,61.670854
10,227,0,58.416144
10,228,0,50.775348
10,229,0,51.041184
10,230,0,49.297293
10,231,0,48.987733
10,232,0,52.150785
10,233,0,59.220461
10,234,0,50.629401
10,235,0,51.704758
10,236,0,51.29497
10,237,0,61.219043
10,238,0,49.795263
10,239,0,61.221758
10,240,0,61.181731
10,241,0,54.887423
10,242,0,54.371617
10,243,0,55.136295
10,244,0,51.070628
10,245,0,49.087533
10,246,0,53.687013
10,247,0,54.524383
10,248,0,48.028103
10,249,0,52.637103
10,250,0,52.335468
10,251,0,49.676396
10,252,0,52.192136
10,253,0,50.753006
10,254,0,52.625616
10,255,0,57.043247
10,256,0,49.746394
10,257,0,51.167832
10,258,0,50.841657
10,259,0,50.473804
10,260,0,54.082859
10,261,0,57.145881
10,262,0,51.445373
10,263,0,53.697212
10,264,0,56.157874
10,265,0,52.282649
10,266,0,48.845388
10,267,0,50.715627
10,268,0,54.335059
10,269,0,50.045356
10,270,0,54.912344
10,271,0,54.069577
10,272,0,60.746271
10,273,0,49.677498
10,274,0,71.10942
10,275,0,50.5832
10,276,0,59.852345
10,277,0,50.056923
10,278,0,50.449038
10,279,0,53.767514
10,280,0,56.397355
10,281,0,59.311478
10,282,0,50.35947
10,283,0,49.499813
10,284,0,60.649805
10,285,0,50.069329
10,286,0,50.7375
10,287,0,53.205869
10,288,0,51.735794
10,289,0,57.32373
10,290,0,51.657097
10,291,0,54.832368
10,292,0,60.270404
10,293,0,48.868614
10,294,0,50.810218
10,295,0,50.318594
10,296,0,52.204748
10,297,0,55.574921
10,298,0,53.28858
10,299,0,52.330806
10,300,0,51.14515
10,301,0,51.985088
10,302,0,48.961655
10,303,0,51.236494
10,304,0,54.767984
10,305,0,59.03187
10,306,0,57.242848
10,307,0,51.633099
10,308,0,52.78846
10,309,0,57.907287
10,310,0,55.155399
10,311,0,53.322537
10,312,0,48.991002
10,313,0,58.980565
10,314,0,51.330525
10,315,0,52.100466
10,316,0,49.550678
10,317,0,56.567154
10,318,0,49.012806
10,319,0,55.655098
10,320,0,52.225771
10,321,0,63.223266
10,322,0,54.445934
10,323,0,55.966012
10,324,0,54.214271
10,325,0,51.403702
10,326,0,52.215847
10,327,0,53.008417
10,328,0,53.185177
10,329,0,55.441202
10,330,0,54.50724
10,331,0,55.056277
10,332,0,51.781413
10,333,0,54.372587
10,334,0,48.539315
10,335,0,52.98979
10,336,0,50.063464
10,337,0,48.423753
10,338,0,57.259884
10,339,0,52.268517
10,340,0,54.316247
10,341,0,51.038414
10,342,0,53.186053
10,343,0,48.431619
10,344,0,49.140718
10,345,0,51.013352
10,346,0,51.131799
10,347,0,49.824114
10,348,0,51.311913
10,349,0,61.964021
10,350,0,52.12571
10,351,0,51.533362
10,352,0,50.960381
10,353,0,50.811434
10,354,0,49.002507
10,355,0,50.359073
10,356,0,52.801316
10,357,0,53.644994
10,358,0,52.74474
10,359,0,48.389308
10,360,0,55.23569
10,361,0,48.985714
10,362,0,64.37904
10,363,0,52.411984
10,364,0,49.40068
10,365,0,51.900968
10,366,0,52.756294
10,367,0,55.091044
10,368,0,49.608714
10,369,0,63.064414
10,370,0,48.702474
10,371,0,57.55122
10,372,0,51.604152
10,373,0,50.603504
10,374,0,51.165126
10,375,0,50.312599
10,376,0,50.549719
10,377,0,50.126789
10,378,0,53.448265
10,379,0,51.08259
10,380,0,50.104396
10,381,0,51.146833
10,382,0,51.057119
10,383,0,49.056091
10,384,0,67.464972
10,385,0,59.344372
10,386,0,54.110722
10,387,0,53.642642
10,388,0,49.750356
10,389,0,50.353072
10,390,0,48.171986
10,391,0,50.948209
10,392,0,54.841776
10,393,0,57.546506
10,394,0,49.899094
10,395,0,53.650779
10,396,0,48.898605
10,397,0,61.713307
10,398,0,56.121106
10,399,0,49.03266
10,400,0,49.773916
10,401,0,55.579895
10,402,0,51.73221
10,403,0,49.726029
10,404,0,50.665096
10,405,0,60.941647
10,406,0,53.186851
10,407,0,60.024498
10,408,0,51.743128
10,409,0,51.226484
10,410,0,50.62534
10,411,0,60.7147
10,412,0,58.777212
10,413,0,55.976824
10,414,0,57.186302
10,415,0,51.088273
10,416,0,50.203395
10,417,0,51.649376
10,418,0,55.931878
10,419,0,58.679664
10,420,0,50.923859
10,421,0,53.022523
10,422,0,53.943057
10,423,0,52.476709
10,424,0,54.84394
10,425,0,59.105085
10,426,0,63.003428
10,427,0,50.238238
10,428,0,49.017646
10,429,0,49.458733
10,430,0,50.144137
10,431,0,54.060011
10,432,0,58.795386
10,433,0,49.22946
10,434,0,60.498832
10,435,0,54.338882
10,436,0,50.109914
10,437,0,50.249067
10,438,0,62.363437
10,439,0,59.068818
10,440,0,49.448668
10,441,0,50.028792
10,442,0,52.902696
10,443,0,52.878037
10,444,0,53.332526
10,445,0,55.403407
10,446,0,53.637292
10,447,0,54.459078
10,448,0,49.523571
10,449,0,49.960232
10,450,0,54.98064
10,451,0,52.010369
10,452,0,58.344814
10,453,0,49.847166
10,454,0,52.097134
10,455,0,53.992183
10,456,0,56.724883
10,457,0,50.199329
10,458,0,59.215768
10,459,0,48.909749
10,460,0,51.525493
10,461,0,50.125924
10,462,0,50.408284
10,463,0,59.422863
10,464,0,51.860094
10,465,0,49.427652
10,466,0,49.139469
10,467,0,54.627605
10,468,0,52.180332
10,469,0,50.646817
10,470,0,52.97733
10,471,0,50.632074
10,472,0,54.666433
10,473,0,54.715482
10,474,0,52.552612
10,475,0,52.494876
10,476,0,49.24496
10,477,0,53.722937
10,478,0,54.015203
10,479,0,56.04581
10,480,0,55.718769
10,481,0,58.568238
10,482,0,53.024057
10,483,0,56.121196
10,484,0,49.36913
10,485,0,55.168475
10,486,0,53.103429
10,487,0,54.819393
10,488,0,48.185835
10,489,0,50.721164
10,490,0,53.329436
10,491,0,52.874785
10,492,0,49.887225
10,493,0,48.921992
10,494,0,53.570739
10,495,0,48.543424
10,496,0,56.341421
10,497,0,51.051641
10,498,0,50.925622
10,499,0,52.985199
10,500,0,62.244714
10,501,0,54.031822
10,502,0,52.535946
10,503,0,49.440786
10,504,0,48.439938
10,505,0,53.488084
10,506,0,67.722082
10,507,0,51.127517
10,508,0,48.914512
10,509,0,58.618829
10,510,0,56.336513
10,511,0,52.524881
10,512,0,49.902148
10,513,0,52.356353
10,514,0,59.731412
10,515,0,49.670634
10,516,0,52.334143
10,517,0,48.968886
10,518,0,60.695826
10,519,0,50.884216
10,520,0,52.14256
10,521,0,52.988028
10,522,0,53.487045
10,523,0,57.080172
10,524,0,53.36454
10,525,0,58.378012
10,526,0,50.128878
10,527,0,51.700097
10,528,0,50.657688
10,529,0,55.725723
10,530,0,52.615944
10,531,0,50.773648
10,532,0,52.175229
10,533,0,57.17305
10,534,0,51.474612
10,535,0,50.155489
10,536,0,60.948429
10,537,0,57.139038
10,538,0,55.006002
10,539,0,50.684651
10,540,0,50.505917
10,541,0,56.515156
10,542,0,49.05108
10,543,0,51.067111
10,544,0,56.983525
10,545,0,49.872307
10,546,0,53.676161
10,547,0,50.360319
10,548,0,50.528091
10,549,0,57.50405
10,550,0,56.676437
10,551,0,49.698206
10,552,0,52.11996
10,553,0,51.074054
10,554,0,50.574682
10,555,0,55.229497
10,556,0,48.744194
10,557,0,51.382733
10,558,0,52.427926
10,559,0,51.966012
10,560,0,51.01949
10,561,0,49.676775
10,562,0,56.314828
10,563,0,53.869484
10,564,0,57.548364
10,565,0,64.523633
10,566,0,51.221
10,567,0,54.487615
10,568,0,50.208316
10,569,0,53.511794
10,570,0,50.864285
10,571,0,54.156208
10,572,0,51.118134
10,573,0,52.045317
10,574,0,48.103976
10,575,0,51.312412
10,576,0,52.429223
10,577,0,53.747283
10,578,0,50.377654
10,579,0,50.871492
10,580,0,51.701217
10,581,0,51.79382
10,582,0,50.057391
10,583,0,52.724575
10,584,0,59.279929
10,585,0,50.118981
10,586,0,52.248835
10,587,0,51.028476
10,588,0,52.502407
10,589,0,58.362621
10,590,0,50.945859
10,591,0,50.2368
10,592,0,58.706025
10,593,0,50.554495
10,594,0,48.039315
10,595,0,49.519981
10,596,0,48.503755
10,597,0,59.096513
10,598,0,55.696243
10,599,0,49.321945
10,600,0,52.555666
10,601,0,51.845703
10,602,0,55.868527
10,603,0,49.948138
10,604,0,55.050149
10,605,0,60.674599
10,606,0,50.29791
10,607,0,49.094686
10,608,0,56.708374
10,609,0,53.290723
10,610,0,48.343047
10,611,0,54.77897
10,612,0,55.654828
10,613,0,49.65065
10,614,0,50.926784
10,615,0,49.110957
10,616,0,48.963125
10,617,0,63.498527
10,618,0,52.916541
10,619,0,53.204563
10,620,0,49.698816
10,621,0,50.173274
10,622,0,51.885204
10,623,0,50.462292
10,624,0,51.694526
10,625,0,57.707936
10,626,0,55.111089
10,627,0,48.761749
10,628,0,50.176573
10,629,0,52.878868
10,630,0,57.459295
10,631,0,50.026508
10,632,0,52.618499
10,633,0,49.873801
10,634,0,50.861896
10,635,0,50.084678
10,636,0,50.897598
10,637,0,53.713224
10,638,0,49.503146
10,639,0,51.137582
10,640,0,54.821418
10,641,0,51.892576
10,642,0,56.76574
10,643,0,51.193955
10,644,0,62.742361
10,645,0,51.111789
10,646,0,51.865329
10,647,0,54.430613
10,648,0,54.751801
10,649,0,56.236149
10,650,0,53.206489
10,651,0,50.804146
10,652,0,49.650149
10,653,0,50.134889
10,654,0,47.937665
10,655,0,52.003955
10,656,0,57.712064
10,657,0,53.302558
10,658,0,54.709919
10,659,0,53.691383
10,660,0,51.650611
10,661,0,52.430065
10,662,0,48.544114
10,663,0,49.00088
10,664,0,49.572075
10,665,0,57.122631
10,666,0,53.381653
10,667,0,58.881085
10,668,0,51.231266
10,669,0,53.020178
10,670,0,59.8573
10,671,0,49.504094
10,672,0,51.592216
10,673,0,55.842643
10,674,0,52.579093
10,675,0,53.934035
10,676,0,49.514325
10,677,0,50.001102
10,678,0,52.453082
10,679,0,58.61322
10,680,0,53.61696
10,681,0,49.540067
10,682,0,53.317753
10,683,0,52.940646
10,684,0,55.32165
10,685,0,52.124933
10,686,0,53.496716
10,687,0,52.495062
10,688,0,55.485184
10,689,0,55.391194
10,690,0,55.597614
10,691,0,55.062532
10,692,0,52.059444
10,693,0,49.373179
10,694,0,50.556222
10,695,0,50.082199
10,696,0,49.247034
10,697,0,49.951922
10,698,0,61.011674
10,699,0,48.486655
10,700,0,51.344748
10,701,0,56.808066
10,702,0,54.001577
10,703,0,56.828973
10,704,0,48.861269
10,705,0,50.810208
10,706,0,49.785143
10,707,0,49.384854
10,708,0,53.559144
10,709,0,62.637255
10,710,0,51.065726
10,711,0,53.266734
10,712,0,54.932722
10,713,0,51.57556
10,714,0,51.959229
10,715,0,57.968933
10,716,0,53.257718
10,717,0,49.892375
10,718,0,54.479259
10,719,0,50.550816
10,720,0,57.804793
10,721,0,50.488531
10,722,0,52.588803
10,723,0,48.64695
10,724,0,57.30952
10,725,0,50.668451
10,726,0,54.421233
10,727,0,52.483678
10,728,0,52.124587
10,729,0,54.384482
10,730,0,55.826288
10,731,0,53.291378
10,732,0,50.569423
10,733,0,50.275359
10,734,0,49.21387
10,735,0,52.035397
10,736,0,56.395257
10,737,0,56.640172
10,738,0,51.944849
10,739,0,59.915814
10,740,0,52.660331
10,741,0,56.155869
10,742,0,51.400172
10,743,0,56.011006
10,744,0,50.576644
10,745,0,52.676596
10,746,0,59.471763
10,747,0,50.355275
10,748,0,50.205964
10,749,0,53.851242
10,750,0,50.797549
10,751,0,49.79603
10,752,0,49.197396
10,753,0,53.126243
10,754,0,55.610409
10,755,0,59.611598
10,756,0,51.407813
10,757,0,55.727053
10,758,0,52.723826
10,759,0,53.507461
10,760,0,59.336187
10,761,0,59.7069
10,762,0,52.46806
10,763,0,53.454075
10,764,0,50.217163
10,765,0,53.958234
10,766,0,50.2952
10,767,0,52.182711
10,768,0,52.643394
10,769,0,53.797619
10,770,0,55.109366
10,771,0,52.270249
10,772,0,51.076181
10,773,0,53.374524
10,774,0,58.147503
10,775,0,60.321582
10,776,0,51.636268
10,777,0,57.024074
10,778,0,49.9946
10,779,0,56.087666
10,780,0,52.836883
10,781,0,51.870938
10,782,0,52.538651
10,783,0,50.468439
10,784,0,50.269008
10,785,0,48.673413
10,786,0,51.903534
10,787,0,52.08183
10,788,0,48.208379
10,789,0,52.068214
10,790,0,54.105579
10,791,0,49.295529
10,792,0,54.849913
10,793,0,48.707522
10,794,0,56.751104
10,795,0,53.589985
10,796,0,58.703869
10,797,0,48.985121
10,798,0,51.555784
10,799,0,48.992974
10,800,0,55.395439
10,801,0,52.773704
10,802,0,58.742964
10,803,0,50.171853
10,804,0,58.61911
10,805,0,62.607991
10,806,0,51.652415
10,807,0,51.734005
10,808,0,52.168006
10,809,0,51.517233
10,810,0,57.646301
10,811,0,53.207567
10,812,0,55.424248
10,813,0,52.208984
10,814,0,55.269764
10,815,0,50.009868
10,816,0,54.240127
10,817,0,55.256678
10,818,0,58.321943
10,819,0,58.275752
10,820,0,51.307527
10,821,0,57.989373
10,822,0,59.133344
10,823,0,50.462414
10,824,0,51.429374
10,825,0,56.654504
10,826,0,52.544
10,827,0,50.923846
10,828,0,50.436544
10,829,0,52.009555
10,830,0,60.013344
10,831,0,52.324147
10,832,0,62.592905
10,833,0,58.537696
10,834,0,52.737002
10,835,0,55.010121
10,836,0,52.724386
10,837,0,54.814799
10,838,0,50.156141
10,839,0,55.239648
10,840,0,52.510282
10,841,0,59.593146
10,842,0,53.839779
10,843,0,54.446121
10,844,0,51.891495
10,845,0,53.196244
10,846,0,51.973371
10,847,0,50.668673
10,848,0,51.653788
10,849,0,52.760449
10,850,0,54.382337
10,851,0,53.185514
10,852,0,54.252477
10,853,0,52.681548
10,854,0,61.911334
10,855,0,50.708908
10,856,0,53.917344
10,857,0,48.924156
10,858,0,50.512499
10,859,0,49.957264
10,860,0,54.386438
10,861,0,48.428744
10,862,0,49.42777
10,863,0,55.242734
10,864,0,51.200031
10,865,0,48.221645
10,866,0,52.845742
10,867,0,50.596325
10,868,0,48.524351
10,869,0,48.124108
10,870,0,52.088302
10,871,0,51.192317
10,872,0,49.962251
10,873,0,50.715182
10,874,0,57.815396
10,875,0,50.329134
10,876,0,51.33381
10,877,0,51.953811
10,878,0,55.067935
10,879,0,52.718022
10,880,0,52.688068
10,881,0,49.629011
10,882,0,49.014926
10,883,0,52.309111
10,884,0,54.794597
10,885,0,65.278149
10,886,0,61.795079
10,887,0,56.137736
10,888,0,51.669804
10,889,0,51.40715
10,890,0,58.334954
10,891,0,49.59416
10,892,0,49.039744
10,893,0,49.472696
10,894,0,53.142433
10,895,0,50.369809
10,896,0,50.349612
10,897,0,54.021001
10,898,0,50.918027
10,899,0,53.306726
10,900,0,50.325737
10,901,0,48.715728
10,902,0,62.437646
10,903,0,50.201789
10,904,0,58.157323
10,905,0,50.660513
10,906,0,52.608972
10,907,0,50.829321
10,908,0,48.916124
10,909,0,51.805538
10,910,0,67.751835
10,911,0,50.257096
10,912,0,52.062562
10,913,0,49.689934
10,914,0,50.703104
10,915,0,50.897629
10,916,0,49.278679
10,917,0,49.674456
10,918,0,49.113447
10,919,0,52.836196
10,920,0,51.074031
10,921,0,51.357849
10,922,0,48.8113
10,923,0,50.45191
10,924,0,49.519429
10,925,0,53.162947
10,926,0,50.875714
10,927,0,54.886964
10,928,0,48.632853
10,929,0,51.96161
10,930,0,54.514498
10,931,0,53.867682
10,932,0,48.89316
10,933,0,52.08796
10,934,0,53.048485
10,935,0,51.49724
10,936,0,65.702648
10,937,0,50.016509
10,938,0,50.100108
10,939,0,49.224159
10,940,0,59.129357
10,941,0,53.771581
10,942,0,55.007984
10,943,0,51.496029
10,944,0,57.996705
10,945,0,55.55036
10,946,0,53.539206
10,947,0,61.093082
10,948,0,54.569571
10,949,0,53.75857
10,950,0,51.451314
10,951,0,48.166332
10,952,0,52.219211
10,953,0,48.320772
10,954,0,54.057016
10,955,0,48.88963
10,956,0,50.189839
10,957,0,51.932749
10,958,0,53.076236
10,959,0,53.482145
10,960,0,51.770975
10,961,0,49.595746
10,962,0,49.806083
10,963,0,49.922609
10,964,0,49.59166
10,965,0,53.333746
10,966,0,49.845986
10,967,0,49.16182
10,968,0,48.920445
10,969,0,52.231564
10,970,0,50.570881
10,971,0,49.326883
10,972,0,49.093467
10,973,0,53.845803
10,974,0,58.711025
10,975,0,54.86859
10,976,0,53.287841
10,977,0,55.625724
10,978,0,49.862606
10,979,0,55.554579
10,980,0,51.235039
10,981,0,54.130568
10,982,0,52.011761
10,983,0,50.530838
10,984,0,55.276594
10,985,0,52.563876
10,986,0,55.297554
10,987,0,49.017067
10,988,0,51.760962
10,989,0,58.408231
10,990,0,50.268461
10,991,0,59.427184
10,992,0,52.190812
10,993,0,51.488167
10,994,0,56.484991
10,995,0,48.5202
10,996,0,49.464734
10,997,0,59.882046
10,998,0,52.176052
10,999,0,52.52181
