batch_id,key_index,thermal_state,keygen_cycles
1,0,0,81.140209
1,1,0,79.717903
1,2,0,80.734419
1,3,0,81.578022
1,4,0,81.788236
1,5,0,84.173347
1,6,0,85.349865
1,7,0,80.70534
1,8,0,81.942023
1,9,0,85.217116
1,10,0,86.973055
1,11,0,86.534722
1,12,0,85.924806
1,13,0,79.12298
1,14,0,80.215243
1,15,0,81.731524
1,16,0,80.498835
1,17,0,87.374878
1,18,0,86.113425
1,19,0,85.416131
1,20,0,77.544547
1,21,0,78.877078
1,22,0,86.582156
1,23,0,78.484904
1,24,0,78.06785
1,25,0,77.486256
1,26,0,78.902571
1,27,0,87.255935
1,28,0,78.736282
1,29,0,85.827371
1,30,0,77.387473
1,31,0,76.615631
1,32,0,81.951973
1,33,0,79.704942
1,34,0,77.501894
1,35,0,83.191142
1,36,0,88.386954
1,37,0,80.692907
1,38,0,87.697462
1,39,0,79.914586
1,40,0,88.089532
1,41,0,77.198775
1,42,0,80.987723
1,43,0,98.344426
1,44,0,84.096818
1,45,0,82.641553
1,46,0,92.328553
1,47,0,74.268156
1,48,0,82.750966
1,49,0,101.144284
1,50,0,77.889994
1,51,0,89.898047
1,52,0,79.224693
1,53,0,75.380051
1,54,0,82.389575
1,55,0,89.051931
1,56,0,76.57776
1,57,0,85.627186
1,58,0,92.524475
1,59,0,78.751948
1,60,0,75.46426
1,61,0,83.749043
1,62,0,79.281707
1,63,0,77.971065
1,64,0,81.571336
1,65,0,80.833873
1,66,0,75.658809
1,67,0,91.570737
1,68,0,77.451965
1,69,0,77.760933
1,70,0,99.536232
1,71,0,88.561658
1,72,0,78.990257
1,73,0,92.041301
1,74,0,81.495513
1,75,0,83.378781
1,76,0,82.028122
1,77,0,84.383156
1,78,0,89.558853
1,79,0,93.28741
1,80,0,78.56353
1,81,0,80.368353
1,82,0,85.395337
1,83,0,76.953071
1,84,0,79.979894
1,85,0,82.061709
1,86,0,80.358594
1,87,0,80.153732
1,88,0,86.605448
1,89,0,76.3856
1,90,0,86.405396
1,91,0,77.729996
1,92,0,85.678955
1,93,0,81.104826
1,94,0,78.986528
1,95,0,80.893402
1,96,0,84.743157
1,97,0,77.246955
1,98,0,75.880674
1,99,0,86.328666
1,100,0,86.410962
1,101,0,84.689585
1,102,0,79.726868
1,103,0,79.003055
1,104,0,84.13971
1,105,0,76.409666
1,106,0,75.446877
1,107,0,79.680126
1,108,0,77.529108
1,109,0,89.117096
1,110,0,88.508512
1,111,0,77.262776
1,112,0,95.691093
1,113,0,81.463344
1,114,0,76.318049
1,115,0,77.748489
1,116,0,78.419061
1,117,0,80.180068
1,118,0,84.848987
1,119,0,83.161708
1,120,0,84.161896
1,121,0,86.559219
1,122,0,80.835543
1,123,0,100.482456
1,124,0,78.205965
1,125,0,79.86221
1,126,0,92.280178
1,127,0,82.433938
1,128,0,85.869076
1,129,0,80.281405
1,130,0,89.941986
1,131,0,81.08562
1,132,0,81.385534
1,133,0,80.303395
1,134,0,80.472959
1,135,0,83.42632
1,136,0,75.887194
1,137,0,83.670888
1,138,0,84.983525
1,139,0,80.365385
1,140,0,76.246977
1,141,0,87.062696
1,142,0,79.733133
1,143,0,78.06898
1,144,0,76.435647
1,145,0,86.502476
1,146,0,98.805478
1,147,0,84.390673
1,148,0,81.343196
1,149,0,78.285729
1,150,0,82.450231
1,151,0,79.274644
1,152,0,80.009828
1,153,0,89.479199
1,154,0,76.458063
1,155,0,81.699044
1,156,0,81.079243
1,157,0,77.296836
1,158,0,77.610414
1,159,0,76.412702
1,160,0,84.274995
1,161,0,83.00787
1,162,0,76.321865
1,163,0,74.929858
1,164,0,83.88845
1,165,0,84.577404
1,166,0,81.516813
1,167,0,84.432041
1,168,0,79.747728
1,169,0,81.918607
1,170,0,86.997233
1,171,0,80.388612
1,172,0,86.270305
1,173,0,83.5952
1,174,0,78.843961
1,175,0,81.896809
1,176,0,84.941618
1,177,0,79.592238
1,178,0,83.570988
1,179,0,111.22078
1,180,0,76.38038
1,181,0,80.819021
1,182,0,85.50198
1,183,0,83.31442
1,184,0,77.836935
1,185,0,97.197314
1,186,0,90.444878
1,187,0,75.380676
1,188,0,80.021953
1,189,0,90.244863
1,190,0,94.929767
1,191,0,78.690347
1,192,0,92.109302
1,193,0,78.453768
1,194,0,82.071616
1,195,0,82.601898
1,196,0,82.276479
1,197,0,77.367359
1,198,0,89.034828
1,199,0,75.24833
1,200,0,78.750513
1,201,0,82.23498
1,202,0,75.643471
1,203,0,80.417139
1,204,0,90.840365
1,205,0,79.802298
1,206,0,88.639081
1,207,0,86.260527
1,208,0,79.415645
1,209,0,88.940539
1,210,0,82.811715
1,211,0,81.326629
1,212,0,82.970237
1,213,0,80.168463
1,214,0,77.147825
1,215,0,78.084873
1,216,0,76.208498
1,217,0,86.457089
1,218,0,86.965815
1,219,0,88.650417
1,220,0,80.782788
1,221,0,79.440055
1,222,0,84.723086
1,223,0,82.429058
1,224,0,86.856009
1,225,0,78.95368
1,226,0,78.537487
1,227,0,79.269536
1,228,0,81.33594
1,229,0,87.514992
1,230,0,81.256266
1,231,0,84.239157
1,232,0,83.155623
1,233,0,100.264098
1,234,0,79.1454
1,235,0,81.255975
1,236,0,88.069163
1,237,0,78.542485
1,238,0,78.621171
1,239,0,82.296704
1,240,0,77.182796
1,241,0,104.769958
1,242,0,80.400239
1,243,0,83.226085
1,244,0,78.482691
1,245,0,87.13635
1,246,0,84.871237
1,247,0,79.715484
1,248,0,80.578104
1,249,0,83.075093
1,250,0,76.843951
1,251,0,85.753838
1,252,0,92.843798
1,253,0,76.440479
1,254,0,92.061781
1,255,0,81.320287
1,256,0,84.815927
1,257,0,89.378473
1,258,0,88.220859
1,259,0,77.589857
1,260,0,87.116391
1,261,0,81.071236
1,262,0,83.583712
1,263,0,82.471073
1,264,0,83.068779
1,265,0,81.662263
1,266,0,87.63038
1,267,0,90.474552
1,268,0,84.16001
1,269,0,79.299263
1,270,0,88.563837
1,271,0,95.667739
1,272,0,86.791335
1,273,0,82.011703
1,274,0,90.628247
1,275,0,85.838448
1,276,0,77.771003
1,277,0,77.249831
1,278,0,78.470229
1,279,0,88.114363
1,280,0,80.790359
1,281,0,81.162234
1,282,0,91.325658
1,283,0,75.855552
1,284,0,84.239105
1,285,0,81.604671
1,286,0,78.922979
1,287,0,76.15197
1,288,0,76.71389
1,289,0,88.359538
1,290,0,77.488665
1,291,0,88.706871
1,292,0,77.986233
1,293,0,82.729992
1,294,0,79.661877
1,295,0,78.825148
1,296,0,90.680028
1,297,0,76.583416
1,298,0,78.849457
1,299,0,93.650086
1,300,0,77.780207
1,301,0,82.792599
1,302,0,85.208226
1,303,0,92.365017
1,304,0,83.659112
1,305,0,82.048827
1,306,0,88.97726
1,307,0,90.212752
1,308,0,123.086178
1,309,0,77.012247
1,310,0,83.595428
1,311,0,82.452578
1,312,0,75.503346
1,313,0,76.737916
1,314,0,79.242381
1,315,0,79.911469
1,316,0,77.961849
1,317,0,81.926629
1,318,0,77.083409
1,319,0,90.192913
1,320,0,81.613882
1,321,0,87.727761
1,322,0,83.31134
1,323,0,82.511222
1,324,0,89.412688
1,325,0,77.045403
1,326,0,88.128805
1,327,0,78.208539
1,328,0,76.966272
1,329,0,82.102283
1,330,0,80.125304
1,331,0,83.520772
1,332,0,90.350081
1,333,0,92.992572
1,334,0,78.677038
1,335,0,97.721701
1,336,0,76.397828
1,337,0,80.079822
1,338,0,77.329054
1,339,0,77.268752
1,340,0,87.202284
1,341,0,75.501419
1,342,0,82.587596
1,343,0,85.758337
1,344,0,99.877586
1,345,0,86.867178
1,346,0,78.783103
1,347,0,77.305941
1,348,0,81.199629
1,349,0,82.942366
1,350,0,83.827845
1,351,0,86.609686
1,352,0,78.241003
1,353,0,78.46328
1,354,0,83.378235
1,355,0,83.884459
1,356,0,81.767081
1,357,0,84.760334
1,358,0,82.172127
1,359,0,80.015355
1,360,0,79.290593
1,361,0,78.786049
1,362,0,77.976727
1,363,0,79.657967
1,364,0,75.823569
1,365,0,88.51861
1,366,0,81.095188
1,367,0,91.386305
1,368,0,78.904662
1,369,0,75.448441
1,370,0,76.975187
1,371,0,81.670555
1,372,0,89.413306
1,373,0,82.76128
1,374,0,84.716932
1,375,0,75.452509
1,376,0,83.987265
1,377,0,85.528399
1,378,0,77.883732
1,379,0,83.72932
1,380,0,75.693897
1,381,0,81.963797
1,382,0,76.913497
1,383,0,79.617694
1,384,0,84.92912
1,385,0,78.506164
1,386,0,91.038253
1,387,0,91.213366
1,388,0,75.647956
1,389,0,76.388465
1,390,0,79.837163
1,391,0,84.064434
1,392,0,81.108314
1,393,0,87.374341
1,394,0,75.495167
1,395,0,82.562451
1,396,0,77.251463
1,397,0,80.11172
1,398,0,79.529296
1,399,0,85.599022
1,400,0,75.395863
1,401,0,79.910201
1,402,0,85.549101
1,403,0,85.066393
1,404,0,80.571969
1,405,0,89.505627
1,406,0,79.003732
1,407,0,79.021519
1,408,0,89.44304
1,409,0,80.243272
1,410,0,87.515284
1,411,0,83.792475
1,412,0,76.340415
1,413,0,76.154289
1,414,0,77.555909
1,415,0,82.09479
1,416,0,76.863292
1,417,0,84.067007
1,418,0,78.96772
1,419,0,77.846503
1,420,0,81.212756
1,421,0,78.458321
1,422,0,86.552866
1,423,0,81.448096
1,424,0,84.886967
1,425,0,78.171734
1,426,0,80.72668
1,427,0,87.278584
1,428,0,77.955537
1,429,0,83.664459
1,430,0,76.461955
1,431,0,79.063186
1,432,0,79.975131
1,433,0,78.734618
1,434,0,80.469077
1,435,0,81.74531
1,436,0,76.848727
1,437,0,83.831342
1,438,0,90.456093
1,439,0,81.070346
1,440,0,96.534523
1,441,0,79.683717
1,442,0,77.407437
1,443,0,82.04537
1,444,0,83.679398
1,445,0,93.632295
1,446,0,80.828326
1,447,0,79.211965
1,448,0,82.339093
1,449,0,76.569589
1,450,0,81.704738
1,451,0,92.160299
1,452,0,86.688819
1,453,0,86.05442
1,454,0,78.90739
1,455,0,83.669477
1,456,0,82.384703
1,457,0,80.993491
1,458,0,78.134585
1,459,0,78.667054
1,460,0,88.322617
1,461,0,87.213129
1,462,0,75.331444
1,463,0,83.851178
1,464,0,88.840298
1,465,0,85.088374
1,466,0,80.006202
1,467,0,81.721442
1,468,0,79.237987
1,469,0,87.163974
1,470,0,83.306547
1,471,0,81.015534
1,472,0,76.907162
1,473,0,79.769959
1,474,0,92.833029
1,475,0,78.965034
1,476,0,79.101164
1,477,0,77.620123
1,478,0,81.674777
1,479,0,77.137997
1,480,0,82.280551
1,481,0,87.657692
1,482,0,81.297033
1,483,0,76.914969
1,484,0,79.698752
1,485,0,83.50207
1,486,0,91.712291
1,487,0,76.711424
1,488,0,91.870635
1,489,0,82.515945
1,490,0,88.86007
1,491,0,78.477701
1,492,0,86.16953
1,493,0,86.391209
1,494,0,82.192517
1,495,0,94.519609
1,496,0,76.558118
1,497,0,84.953496
1,498,0,81.160275
1,499,0,87.097963
1,500,0,84.175166
1,501,0,82.109013
1,502,0,79.17915
1,503,0,83.166707
1,504,0,91.706072
1,505,0,81.820849
1,506,0,89.578441
1,507,0,84.385113
1,508,0,79.619221
1,509,0,76.426552
1,510,0,82.952737
1,511,0,81.052987
1,512,0,81.615413
1,513,0,82.695769
1,514,0,81.621478
1,515,0,76.178771
1,516,0,82.079654
1,517,0,75.332374
1,518,0,75.022496
1,519,0,78.66753
1,520,0,77.690117
1,521,0,82.7581
1,522,0,77.864217
1,523,0,83.151775
1,524,0,78.59836
1,525,0,78.571566
1,526,0,81.24901
1,527,0,83.096461
1,528,0,76.449562
1,529,0,85.447553
1,530,0,89.579532
1,531,0,79.088232
1,532,0,77.539222
1,533,0,87.399588
1,534,0,77.29326
1,535,0,84.254559
1,536,0,85.55377
1,537,0,81.792723
1,538,0,74.819873
1,539,0,80.661266
1,540,0,97.66384
1,541,0,85.23236
1,542,0,78.987993
1,543,0,83.850465
1,544,0,85.383772
1,545,0,81.356174
1,546,0,79.380773
1,547,0,80.298072
1,548,0,79.503196
1,549,0,82.340765
1,550,0,79.453426
1,551,0,85.229687
1,552,0,81.714199
1,553,0,78.996552
1,554,0,79.962107
1,555,0,81.956453
1,556,0,79.573669
1,557,0,85.652707
1,558,0,83.87668
1,559,0,81.97424
1,560,0,86.544405
1,561,0,79.860126
1,562,0,82.962763
1,563,0,78.847817
1,564,0,80.772121
1,565,0,80.261003
1,566,0,89.585076
1,567,0,76.391178
1,568,0,89.004693
1,569,0,85.904666
1,570,0,85.731601
1,571,0,82.28417
1,572,0,74.919532
1,573,0,80.866939
1,574,0,89.069698
1,575,0,77.181589
1,576,0,93.462004
1,577,0,74.867029
1,578,0,76.382449
1,579,0,84.520211
1,580,0,78.395242
1,581,0,80.509229
1,582,0,87.127111
1,583,0,88.08271
1,584,0,78.730776
1,585,0,85.260552
1,586,0,85.246494
1,587,0,91.988719
1,588,0,87.671635
1,589,0,77.789652
1,590,0,83.44214
1,591,0,80.266245
1,592,0,90.69708
1,593,0,82.999224
1,594,0,81.482611
1,595,0,85.507689
1,596,0,84.995135
1,597,0,90.345169
1,598,0,80.058629
1,599,0,82.789124
1,600,0,85.133633
1,601,0,87.031511
1,602,0,85.913387
1,603,0,82.134737
1,604,0,76.584975
1,605,0,93.145106
1,606,0,88.601359
1,607,0,89.112541
1,608,0,87.753052
1,609,0,82.170546
1,610,0,99.246089
1,611,0,79.265951
1,612,0,82.890201
1,613,0,86.232685
1,614,0,76.800801
1,615,0,87.334771
1,616,0,83.664989
1,617,0,80.158166
1,618,0,88.464105
1,619,0,80.281871
1,620,0,90.149298
1,621,0,93.619962
1,622,0,76.836532
1,623,0,76.727731
1,624,0,82.844457
1,625,0,79.573225
1,626,0,80.128761
1,627,0,77.03157
1,628,0,88.844178
1,629,0,88.693808
1,630,0,99.762839
1,631,0,84.138399
1,632,0,76.646394
1,633,0,82.264121
1,634,0,96.673486
1,635,0,89.116365
1,636,0,94.153549
1,637,0,86.618298
1,638,0,75.876271
1,639,0,80.885832
1,640,0,78.864782
1,641,0,84.696728
1,642,0,77.001138
1,643,0,81.14557
1,644,0,75.629034
1,645,0,84.28224
1,646,0,78.802351
1,647,0,77.203573
1,648,0,76.365087
1,649,0,88.600101
1,650,0,86.222058
1,651,0,76.220143
1,652,0,82.934055
1,653,0,89.385001
1,654,0,94.354534
1,655,0,82.796839
1,656,0,76.755903
1,657,0,81.20468
1,658,0,85.499601
1,659,0,100.155632
1,660,0,80.769016
1,661,0,79.07009
1,662,0,80.680242
1,663,0,77.550235
1,664,0,79.387308
1,665,0,88.831562
1,666,0,84.524478
1,667,0,77.249198
1,668,0,78.22612
1,669,0,78.103486
1,670,0,82.098811
1,671,0,82.710169
1,672,0,95.990729
1,673,0,91.018097
1,674,0,80.070396
1,675,0,77.822874
1,676,0,99.50314
1,677,0,76.143775
1,678,0,88.245042
1,679,0,77.061442
1,680,0,77.414719
1,681,0,77.111547
1,682,0,78.821916
1,683,0,77.868614
1,684,0,81.759486
1,685,0,102.274553
1,686,0,79.209165
1,687,0,84.772056
1,688,0,84.780594
1,689,0,99.068096
1,690,0,84.807462
1,691,0,78.209816
1,692,0,80.404823
1,693,0,94.410997
1,694,0,76.647083
1,695,0,76.541203
1,696,0,86.629523
1,697,0,86.955957
1,698,0,80.762526
1,699,0,76.315804
1,700,0,81.240761
1,701,0,78.969671
1,702,0,84.387709
1,703,0,88.556137
1,704,0,81.844284
1,705,0,78.72035
1,706,0,80.883383
1,707,0,84.693061
1,708,0,80.885962
1,709,0,81.071416
1,710,0,80.556012
1,711,0,90.777784
1,712,0,97.451657
1,713,0,79.655825
1,714,0,90.426823
1,715,0,82.659328
1,716,0,81.693375
1,717,0,82.983745
1,718,0,97.961819
1,719,0,79.19584
1,720,0,89.805374
1,721,0,88.331075
1,722,0,83.399381
1,723,0,83.438355
1,724,0,76.873693
1,725,0,77.814745
1,726,0,80.585355
1,727,0,77.23259
1,728,0,80.930284
1,729,0,81.179065
1,730,0,76.281073
1,731,0,82.217686
1,732,0,78.214259
1,733,0,84.763071
1,734,0,77.028625
1,735,0,91.877982
1,736,0,83.571766
1,737,0,83.32989
1,738,0,103.195684
1,739,0,78.098945
1,740,0,79.183016
1,741,0,96.878801
1,742,0,82.545105
1,743,0,83.707445
1,744,0,84.564702
1,745,0,79.50225
1,746,0,86.796853
1,747,0,76.599978
1,748,0,89.047766
1,749,0,80.010032
1,750,0,93.719478
1,751,0,89.783803
1,752,0,76.619028
1,753,0,86.565449
1,754,0,85.515016
1,755,0,84.742341
1,756,0,77.824934
1,757,0,88.859397
1,758,0,84.256251
1,759,0,80.561383
1,760,0,85.579771
1,761,0,89.032195
1,762,0,77.435118
1,763,0,78.470055
1,764,0,78.203598
1,765,0,77.308001
1,766,0,75.120241
1,767,0,84.096825
1,768,0,78.359645
1,769,0,107.388667
1,770,0,76.300238
1,771,0,77.494292
1,772,0,79.863199
1,773,0,77.784715
1,774,0,75.994785
1,775,0,86.771318
1,776,0,87.508714
1,777,0,86.008173
1,778,0,80.874891
1,779,0,81.000897
1,780,0,78.903587
1,781,0,77.452908
1,782,0,81.350974
1,783,0,76.92812
1,784,0,84.46168
1,785,0,84.780483
1,786,0,102.736938
1,787,0,84.096098
1,788,0,90.330733
1,789,0,74.637561
1,790,0,75.843328
1,791,0,84.660231
1,792,0,92.588049
1,793,0,76.905802
1,794,0,78.258137
1,795,0,83.90788
1,796,0,80.001181
1,797,0,90.226824
1,798,0,79.731275
1,799,0,75.167787
1,800,0,83.403503
1,801,0,76.991313
1,802,0,78.951807
1,803,0,81.06174
1,804,0,83.235305
1,805,0,95.476693
1,806,0,79.259196
1,807,0,77.225322
1,808,0,80.65201
1,809,0,79.129455
1,810,0,80.330205
1,811,0,81.701998
1,812,0,90.574689
1,813,0,83.501564
1,814,0,81.063281
1,815,0,77.616814
1,816,0,78.239184
1,817,0,80.295398
1,818,0,78.429738
1,819,0,83.444164
1,820,0,82.124327
1,821,0,90.491991
1,822,0,84.379533
1,823,0,93.220019
1,824,0,92.763293
1,825,0,105.191617
1,826,0,91.523962
1,827,0,85.612499
1,828,0,85.89988
1,829,0,78.76249
1,830,0,88.074992
1,831,0,77.348564
1,832,0,76.128357
1,833,0,78.311315
1,834,0,86.406734
1,835,0,83.856224
1,836,0,81.924568
1,837,0,83.156099
1,838,0,82.296025
1,839,0,84.775454
1,840,0,97.09024
1,841,0,85.729037
1,842,0,77.201865
1,843,0,89.490533
1,844,0,83.12567
1,845,0,78.400305
1,846,0,77.937618
1,847,0,76.984401
1,848,0,81.879256
1,849,0,78.595143
1,850,0,87.297879
1,851,0,77.877442
1,852,0,76.103101
1,853,0,85.4681
1,854,0,77.4368
1,855,0,76.511044
1,856,0,86.548471
1,857,0,91.233806
1,858,0,86.113753
1,859,0,81.814421
1,860,0,82.24786
1,861,0,83.473555
1,862,0,88.244626
1,863,0,79.91317
1,864,0,98.102208
1,865,0,97.773344
1,866,0,89.16877
1,867,0,85.30239
1,868,0,81.891734
1,869,0,84.936063
1,870,0,86.258721
1,871,0,76.8386
1,872,0,88.032145
1,873,0,77.841991
1,874,0,82.498318
1,875,0,78.463931
1,876,0,93.957235
1,877,0,76.188199
1,878,0,105.641495
1,879,0,77.867435
1,880,0,80.26461
1,881,0,80.501112
1,882,0,79.715815
1,883,0,85.624946
1,884,0,84.487134
1,885,0,92.648171
1,886,0,80.433911
1,887,0,87.208755
1,888,0,82.180789
1,889,0,84.727315
1,890,0,81.510414
1,891,0,75.922203
1,892,0,79.235255
1,893,0,85.968138
1,894,0,87.103375
1,895,0,79.427106
1,896,0,76.746859
1,897,0,80.838599
1,898,0,76.633572
1,899,0,84.916818
1,900,0,77.672743
1,901,0,88.113254
1,902,0,75.367923
1,903,0,87.700447
1,904,0,80.957054
1,905,0,97.504477
1,906,0,81.159582
1,907,0,75.644294
1,908,0,80.608028
1,909,0,77.784315
1,910,0,76.620901
1,911,0,84.743944
1,912,0,82.058095
1,913,0,89.094002
1,914,0,80.788328
1,915,0,80.728073
1,916,0,105.591068
1,917,0,77.921187
1,918,0,75.125777
1,919,0,86.41198
1,920,0,89.423231
1,921,0,83.05087
1,922,0,83.120481
1,923,0,93.201832
1,924,0,78.545704
1,925,0,78.552318
1,926,0,86.194546
1,927,0,94.106432
1,928,0,81.953894
1,929,0,80.990889
1,930,0,84.006394
1,931,0,75.383053
1,932,0,79.965249
1,933,0,88.003337
1,934,0,79.477348
1,935,0,88.587688
1,936,0,85.585256
1,937,0,81.02336
1,938,0,86.890232
1,939,0,78.537631
1,940,0,83.102788
1,941,0,86.236398
1,942,0,105.868385
1,943,0,94.284489
1,944,0,77.139337
1,945,0,95.91983
1,946,0,80.51003
1,947,0,85.392091
1,948,0,76.984529
1,949,0,91.637103
1,950,0,99.558579
1,951,0,97.60764
1,952,0,82.657174
1,953,0,78.429363
1,954,0,79.520772
1,955,0,81.92314
1,956,0,94.163973
1,957,0,82.924457
1,958,0,78.326342
1,959,0,79.847453
1,960,0,79.122636
1,961,0,94.541972
1,962,0,83.525928
1,963,0,84.471488
1,964,0,88.244558
1,965,0,94.862873
1,966,0,80.266686
1,967,0,79.604415
1,968,0,76.9871
1,969,0,78.184446
1,970,0,78.439483
1,971,0,95.382409
1,972,0,79.713935
1,973,0,83.137656
1,974,0,89.513743
1,975,0,82.463026
1,976,0,87.543734
1,977,0,80.351722
1,978,0,77.97472
1,979,0,79.963052
1,980,0,82.164525
1,981,0,87.028939
1,982,0,76.816235
1,983,0,84.64343
1,984,0,87.903222
1,985,0,79.607762
1,986,0,82.045779
1,987,0,77.12184
1,988,0,80.438778
1,989,0,84.545922
1,990,0,79.289124
1,991,0,87.763216
1,992,0,85.817783
1,993,0,80.296842
1,994,0,78.153517
1,995,0,78.355589
1,996,0,77.311599
1,997,0,80.891361
1,998,0,86.807018
1,999,0,84.806051
2,0,0,87.010256
2,1,0,87.093227
2,2,0,76.853571
2,3,0,79.300051
2,4,0,91.358406
2,5,0,93.271406
2,6,0,87.88721
2,7,0,106.398331
2,8,0,79.550878
2,9,0,94.572124
2,10,0,75.953396
2,11,0,77.703441
2,12,0,83.44834
2,13,0,82.669947
2,14,0,86.687924
2,15,0,76.106423
2,16,0,79.87747
2,17,0,84.280404
2,18,0,85.918559
2,19,0,86.521199
2,20,0,80.097389
2,21,0,83.165111
2,22,0,91.181959
2,23,0,84.443498
2,24,0,89.215579
2,25,0,101.608985
2,26,0,80.034412
2,27,0,83.477794
2,28,0,78.026088
2,29,0,77.048992
2,30,0,79.349852
2,31,0,83.720984
2,32,0,83.023942
2,33,0,79.301033
2,34,0,83.305035
2,35,0,78.359183
2,36,0,77.424579
2,37,0,79.084003
2,38,0,87.736238
2,39,0,80.031851
2,40,0,81.393848
2,41,0,80.439456
2,42,0,81.498571
2,43,0,83.579257
2,44,0,82.423853
2,45,0,88.974893
2,46,0,82.369089
2,47,0,89.540355
2,48,0,80.059645
2,49,0,82.757222
2,50,0,80.735779
2,51,0,78.578987
2,52,0,79.153624
2,53,0,76.058287
2,54,0,76.720064
2,55,0,81.795674
2,56,0,82.460737
2,57,0,83.133347
2,58,0,76.676536
2,59,0,79.886574
2,60,0,86.277577
2,61,0,88.9782
2,62,0,77.19738
2,63,0,81.085082
2,64,0,87.024111
2,65,0,90.993468
2,66,0,88.165005
2,67,0,83.879229
2,68,0,78.122837
2,69,0,82.337571
2,70,0,78.449493
2,71,0,78.191799
2,72,0,76.02663
2,73,0,101.000884
2,74,0,80.044875
2,75,0,81.216464
2,76,0,91.699028
2,77,0,78.314194
2,78,0,88.982105
2,79,0,74.526976
2,80,0,78.734206
2,81,0,80.531644
2,82,0,85.703915
2,83,0,77.709296
2,84,0,81.069087
2,85,0,91.338286
2,86,0,76.187205
2,87,0,91.351617
2,88,0,82.77937
2,89,0,85.869982
2,90,0,78.839708
2,91,0,79.947717
2,92,0,89.475784
2,93,0,85.569323
2,94,0,84.894307
2,95,0,77.179896
2,96,0,81.914003
2,97,0,82.404262
2,98,0,80.87757
2,99,0,79.826496
2,100,0,86.063192
2,101,0,94.009262
2,102,0,80.609327
2,103,0,80.351945
2,104,0,78.397206
2,105,0,75.790845
2,106,0,82.231546
2,107,0,80.592983
2,108,0,82.44871
2,109,0,83.958584
2,110,0,88.556347
2,111,0,78.319924
2,112,0,76.963381
2,113,0,78.416535
2,114,0,86.646486
2,115,0,79.039513
2,116,0,83.967572
2,117,0,83.134042
2,118,0,85.498787
2,119,0,79.061773
2,120,0,83.424887
2,121,0,79.298823
2,122,0,90.323875
2,123,0,81.464414
2,124,0,88.523067
2,125,0,77.057572
2,126,0,76.85467
2,127,0,95.566073
2,128,0,93.335242
2,129,0,89.223619
2,130,0,81.447043
2,131,0,85.705844
2,132,0,90.41547
2,133,0,81.355294
2,134,0,83.4233
2,135,0,94.005211
2,136,0,76.204652
2,137,0,74.009874
2,138,0,78.886284
2,139,0,75.827143
2,140,0,80.523679
2,141,0,87.403069
2,142,0,87.908779
2,143,0,82.973669
2,144,0,79.033969
2,145,0,81.477378
2,146,0,79.62002
2,147,0,76.078866
2,148,0,83.501125
2,149,0,76.197919
2,150,0,84.007855
2,151,0,77.997698
2,152,0,84.204678
2,153,0,94.864716
2,154,0,75.36596
2,155,0,75.07214
2,156,0,84.091898
2,157,0,83.459507
2,158,0,84.872889
2,159,0,79.932022
2,160,0,80.803718
2,161,0,82.691255
2,162,0,80.791157
2,163,0,75.914793
2,164,0,82.228362
2,165,0,78.32478
2,166,0,93.109258
2,167,0,87.267391
2,168,0,79.693411
2,169,0,89.80063
2,170,0,80.371085
2,171,0,84.395083
2,172,0,77.036725
2,173,0,86.768821
2,174,0,94.146171
2,175,0,97.13343
2,176,0,86.229079
2,177,0,76.743861
2,178,0,80.223947
2,179,0,80.534843
2,180,0,81.070587
2,181,0,81.011784
2,182,0,78.659755
2,183,0,95.714521
2,184,0,106.194606
2,185,0,80.777647
2,186,0,79.712763
2,187,0,80.436618
2,188,0,99.924207
2,189,0,77.423079
2,190,0,83.477345
2,191,0,87.751376
2,192,0,86.976712
2,193,0,76.894809
2,194,0,80.075042
2,195,0,76.744512
2,196,0,86.347225
2,197,0,80.814809
2,198,0,94.772873
2,199,0,93.943354
2,200,0,83.898923
2,201,0,77.445413
2,202,0,83.642288
2,203,0,84.970998
2,204,0,96.577459
2,205,0,78.201454
2,206,0,80.161497
2,207,0,80.702328
2,208,0,81.776064
2,209,0,77.854195
2,210,0,84.990733
2,211,0,90.841655
2,212,0,85.363439
2,213,0,78.997908
2,214,0,84.73583
2,215,0,79.330475
2,216,0,79.453315
2,217,0,81.696846
2,218,0,77.51403
2,219,0,77.030078
2,220,0,82.835544
2,221,0,79.110846
2,222,0,76.408789
2,223,0,82.103274
2,224,0,81.030191
2,225,0,79.903903
2,226,0,83.191079
2,227,0,97.198879
2,228,0,84.183713
2,229,0,79.322485
2,230,0,83.393611
2,231,0,97.850811
2,232,0,90.393425
2,233,0,89.869397
2,234,0,80.75959
2,235,0,88.415487
2,236,0,76.126874
2,237,0,79.086779
2,238,0,88.944427
2,239,0,80.252349
2,240,0,76.319516
2,241,0,78.297119
2,242,0,82.725163
2,243,0,79.27911
2,244,0,87.450289
2,245,0,86.482906
2,246,0,78.023636
2,247,0,80.019287
2,248,0,87.762993
2,249,0,87.024469
2,250,0,90.923366
2,251,0,77.524456
2,252,0,79.46637
2,253,0,80.943339
2,254,0,79.564603
2,255,0,86.457512
2,256,0,80.63959
2,257,0,77.768901
2,258,0,93.386395
2,259,0,78.230687
2,260,0,78.887299
2,261,0,79.080404
2,262,0,78.843788
2,263,0,94.089174
2,264,0,91.047002
2,265,0,90.953478
2,266,0,80.436741
2,267,0,77.957995
2,268,0,85.110557
2,269,0,78.274488
2,270,0,80.593102
2,271,0,85.508203
2,272,0,74.929037
2,273,0,90.071984
2,274,0,80.618321
2,275,0,83.146594
2,276,0,79.8278
2,277,0,78.944296
2,278,0,77.285253
2,279,0,76.419987
2,280,0,80.676548
2,281,0,89.370832
2,282,0,84.049584
2,283,0,77.229713
2,284,0,94.03771
2,285,0,100.424839
2,286,0,83.909968
2,287,0,84.104529
2,288,0,96.548989
2,289,0,88.55852
2,290,0,79.081629
2,291,0,82.371285
2,292,0,93.712743
2,293,0,80.25072
2,294,0,88.423182
2,295,0,81.855557
2,296,0,88.601403
2,297,0,80.521648
2,298,0,84.45976
2,299,0,79.503545
2,300,0,82.186626
2,301,0,82.455474
2,302,0,82.419524
2,303,0,78.070498
2,304,0,86.176805
2,305,0,78.925985
2,306,0,87.330683
2,307,0,86.736006
2,308,0,81.749741
2,309,0,77.144649
2,310,0,83.639586
2,311,0,78.868623
2,312,0,79.872941
2,313,0,76.903494
2,314,0,87.251651
2,315,0,77.972236
2,316,0,77.411421
2,317,0,85.77153
2,318,0,86.886278
2,319,0,82.695674
2,320,0,82.230028
2,321,0,77.028352
2,322,0,93.745161
2,323,0,87.192587
2,324,0,80.271404
2,325,0,81.92667
2,326,0,91.696902
2,327,0,84.246844
2,328,0,81.202096
2,329,0,85.165063
2,330,0,77.05452
2,331,0,77.979665
2,332,0,84.815718
2,333,0,78.465569
2,334,0,87.230941
2,335,0,85.952987
2,336,0,80.35212
2,337,0,76.341862
2,338,0,79.08878
2,339,0,78.196706
2,340,0,89.54396
2,341,0,80.880893
2,342,0,85.34401
2,343,0,86.364111
2,344,0,79.440078
2,345,0,90.700145
2,346,0,84.359529
2,347,0,84.338818
2,348,0,77.712511
2,349,0,91.887841
2,350,0,88.370777
2,351,0,90.043529
2,352,0,93.809376
2,353,0,78.288659
2,354,0,79.788159
2,355,0,84.858339
2,356,0,86.632715
2,357,0,76.791177
2,358,0,96.192677
2,359,0,78.464947
2,360,0,88.866756
2,361,0,79.294838
2,362,0,82.228507
2,363,0,77.754693
2,364,0,80.68624
2,365,0,84.176006
2,366,0,84.523552
2,367,0,84.082991
2,368,0,76.061117
2,369,0,77.818545
2,370,0,89.047136
2,371,0,79.003642
2,372,0,97.851902
2,373,0,86.616504
2,374,0,80.368071
2,375,0,77.038446
2,376,0,77.760259
2,377,0,80.193031
2,378,0,77.728599
2,379,0,78.441261
2,380,0,95.713053
2,381,0,95.444443
2,382,0,74.514675
2,383,0,80.681961
2,384,0,83.467667
2,385,0,81.396284
2,386,0,93.865472
2,387,0,78.949845
2,388,0,99.713193
2,389,0,87.817457
2,390,0,77.906057
2,391,0,85.044367
2,392,0,89.372893
2,393,0,78.898775
2,394,0,79.854928
2,395,0,79.484773
2,396,0,90.400588
2,397,0,98.420436
2,398,0,87.709315
2,399,0,88.458906
2,400,0,83.683839
2,401,0,86.238063
2,402,0,87.433404
2,403,0,82.07
2,404,0,82.720529
2,405,0,81.952073
2,406,0,85.570268
2,407,0,90.355045
2,408,0,80.415562
2,409,0,105.221637
2,410,0,88.233784
2,411,0,81.543752
2,412,0,89.778652
2,413,0,77.054264
2,414,0,86.261446
2,415,0,87.079885
2,416,0,75.288625
2,417,0,80.634692
2,418,0,81.365119
2,419,0,89.45385
2,420,0,81.921254
2,421,0,96.97213
2,422,0,79.876385
2,423,0,77.197099
2,424,0,80.169185
2,425,0,79.797116
2,426,0,76.890086
2,427,0,77.020136
2,428,0,90.878744
2,429,0,80.213404
2,430,0,86.243335
2,431,0,89.199752
2,432,0,84.244594
2,433,0,95.940611
2,434,0,78.309709
2,435,0,81.03113
2,436,0,81.117365
2,437,0,80.395924
2,438,0,75.957857
2,439,0,79.171977
2,440,0,81.118597
2,441,0,84.460148
2,442,0,80.183961
2,443,0,87.101234
2,444,0,78.787057
2,445,0,91.378629
2,446,0,78.070095
2,447,0,83.562806
2,448,0,80.428661
2,449,0,83.888636
2,450,0,81.507742
2,451,0,78.868779
2,452,0,86.089144
2,453,0,79.055692
2,454,0,78.186203
2,455,0,91.57036
2,456,0,85.411198
2,457,0,79.869794
2,458,0,81.813526
2,459,0,80.831567
2,460,0,85.135206
2,461,0,75.018855
2,462,0,80.674218
2,463,0,74.823438
2,464,0,78.753658
2,465,0,79.704189
2,466,0,77.240783
2,467,0,80.120171
2,468,0,92.221323
2,469,0,77.202352
2,470,0,83.879226
2,471,0,81.108062
2,472,0,80.226295
2,473,0,79.348447
2,474,0,92.715344
2,475,0,84.671267
2,476,0,83.562769
2,477,0,81.338561
2,478,0,83.84765
2,479,0,81.941632
2,480,0,88.43252
2,481,0,82.101013
2,482,0,85.593339
2,483,0,91.094153
2,484,0,79.01191
2,485,0,75.790216
2,486,0,83.669863
2,487,0,84.099787
2,488,0,79.125801
2,489,0,102.683633
2,490,0,82.836096
2,491,0,76.940897
2,492,0,85.310085
2,493,0,89.274455
2,494,0,82.102766
2,495,0,94.012719
2,496,0,86.660855
2,497,0,91.208047
2,498,0,77.937006
2,499,0,82.53486
2,500,0,81.187237
2,501,0,89.492222
2,502,0,84.704071
2,503,0,85.707263
2,504,0,77.054341
2,505,0,89.956429
2,506,0,84.393544
2,507,0,82.337449
2,508,0,75.85787
2,509,0,84.495982
2,510,0,82.614226
2,511,0,93.507308
2,512,0,76.959553
2,513,0,78.649253
2,514,0,80.200132
2,515,0,78.29686
2,516,0,81.518451
2,517,0,77.858202
2,518,0,97.225579
2,519,0,77.430307
2,520,0,91.597222
2,521,0,89.485673
2,522,0,80.573368
2,523,0,81.176767
2,524,0,76.820387
2,525,0,83.241683
2,526,0,89.194841
2,527,0,85.57322
2,528,0,83.439774
2,529,0,79.03222
2,530,0,78.257201
2,531,0,80.691115
2,532,0,75.242856
2,533,0,81.554811
2,534,0,95.691399
2,535,0,76.050927
2,536,0,87.10857
2,537,0,76.142735
2,538,0,88.436458
2,539,0,86.167987
2,540,0,79.963022
2,541,0,77.167233
2,542,0,78.990871
2,543,0,77.06752
2,544,0,85.907367
2,545,0,83.506401
2,546,0,86.787031
2,547,0,88.903486
2,548,0,83.631053
2,549,0,87.101014
2,550,0,85.182899
2,551,0,78.991103
2,552,0,82.090031
2,553,0,87.365642
2,554,0,92.095784
2,555,0,78.765779
2,556,0,81.004218
2,557,0,76.163762
2,558,0,78.446738
2,559,0,76.206425
2,560,0,84.393055
2,561,0,82.8729
2,562,0,82.71954
2,563,0,81.515973
2,564,0,88.607735
2,565,0,75.654541
2,566,0,80.583929
2,567,0,86.960166
2,568,0,75.000352
2,569,0,81.820968
2,570,0,79.411891
2,571,0,79.868618
2,572,0,76.867493
2,573,0,85.84132
2,574,0,78.062098
2,575,0,78.293038
2,576,0,82.186582
2,577,0,85.688138
2,578,0,90.374407
2,579,0,79.280543
2,580,0,80.483131
2,581,0,75.699128
2,582,0,81.250354
2,583,0,79.158543
2,584,0,82.231839
2,585,0,82.20197
2,586,0,81.668425
2,587,0,97.364659
2,588,0,77.155113
2,589,0,83.9214
2,590,0,80.795907
2,591,0,80.92897
2,592,0,79.035436
2,593,0,82.613115
2,594,0,84.705055
2,595,0,81.341523
2,596,0,81.798584
2,597,0,84.743788
2,598,0,88.270517
2,599,0,77.05835
2,600,0,79.56466
2,601,0,85.237867
2,602,0,76.497611
2,603,0,75.866695
2,604,0,89.850544
2,605,0,87.758863
2,606,0,81.362023
2,607,0,77.61903
2,608,0,79.285846
2,609,0,76.194022
2,610,0,82.700996
2,611,0,82.650377
2,612,0,81.601561
2,613,0,76.593336
2,614,0,81.447622
2,615,0,85.580727
2,616,0,88.819679
2,617,0,78.619016
2,618,0,77.466805
2,619,0,87.944548
2,620,0,82.367731
2,621,0,79.574633
2,622,0,82.924476
2,623,0,88.060754
2,624,0,85.962029
2,625,0,80.228641
2,626,0,100.442832
2,627,0,85.513744
2,628,0,80.035582
2,629,0,79.341312
2,630,0,79.409101
2,631,0,95.360785
2,632,0,86.50231
2,633,0,79.600029
2,634,0,97.816302
2,635,0,77.718283
2,636,0,87.324475
2,637,0,79.82446
2,638,0,82.302674
2,639,0,83.650872
2,640,0,86.295145
2,641,0,79.61986
2,642,0,74.335477
2,643,0,78.852811
2,644,0,83.654133
2,645,0,76.259662
2,646,0,87.256221
2,647,0,84.136209
2,648,0,86.389236
2,649,0,81.698308
2,650,0,83.82211
2,651,0,84.278844
2,652,0,80.556488
2,653,0,82.285015
2,654,0,81.527052
2,655,0,79.54843
2,656,0,82.352524
2,657,0,89.095847
2,658,0,77.094868
2,659,0,83.742404
2,660,0,95.847919
2,661,0,84.99532
2,662,0,79.540541
2,663,0,79.235114
2,664,0,76.520626
2,665,0,75.370532
2,666,0,97.461512
2,667,0,91.018037
2,668,0,78.875428
2,669,0,83.389165
2,670,0,85.588847
2,671,0,83.472073
2,672,0,77.100797
2,673,0,84.220046
2,674,0,79.523188
2,675,0,79.278899
2,676,0,92.807006
2,677,0,86.81925
2,678,0,82.832922
2,679,0,87.550225
2,680,0,92.950201
2,681,0,83.938484
2,682,0,77.956131
2,683,0,106.964346
2,684,0,98.484126
2,685,0,86.607682
2,686,0,83.661009
2,687,0,83.856093
2,688,0,79.806371
2,689,0,88.842884
2,690,0,94.966185
2,691,0,83.572398
2,692,0,91.777028
2,693,0,83.537357
2,694,0,79.624415
2,695,0,84.964358
2,696,0,82.867156
2,697,0,80.377578
2,698,0,96.688217
2,699,0,87.012886
2,700,0,80.919966
2,701,0,81.355045
2,702,0,88.886061
2,703,0,83.241632
2,704,0,89.656506
2,705,0,85.067534
2,706,0,83.605101
2,707,0,85.502865
2,708,0,92.948681
2,709,0,98.405702
2,710,0,78.540921
2,711,0,87.846353
2,712,0,80.250433
2,713,0,83.533929
2,714,0,77.488388
2,715,0,81.201512
2,716,0,79.027992
2,717,0,86.931817
2,718,0,80.196034
2,719,0,76.304409
2,720,0,88.030779
2,721,0,80.629539
2,722,0,78.230927
2,723,0,87.489701
2,724,0,78.724925
2,725,0,80.235261
2,726,0,78.119173
2,727,0,77.347152
2,728,0,79.492518
2,729,0,81.398723
2,730,0,86.168459
2,731,0,94.330147
2,732,0,83.245635
2,733,0,80.237272
2,734,0,97.109464
2,735,0,80.480038
2,736,0,86.213084
2,737,0,75.293984
2,738,0,86.733256
2,739,0,78.542217
2,740,0,100.479533
2,741,0,77.489929
2,742,0,86.817552
2,743,0,83.094131
2,744,0,83.117637
2,745,0,81.423832
2,746,0,85.506825
2,747,0,75.686699
2,748,0,87.802827
2,749,0,83.230765
2,750,0,84.438084
2,751,0,81.822897
2,752,0,86.0408
2,753,0,84.183979
2,754,0,84.134439
2,755,0,86.839504
2,756,0,81.317246
2,757,0,81.107587
2,758,0,78.867562
2,759,0,79.870112
2,760,0,81.663963
2,761,0,78.945056
2,762,0,89.601124
2,763,0,87.280135
2,764,0,77.370838
2,765,0,79.612704
2,766,0,88.435263
2,767,0,85.699005
2,768,0,87.318279
2,769,0,79.862789
2,770,0,78.642123
2,771,0,95.430429
2,772,0,76.815873
2,773,0,78.752797
2,774,0,76.563086
2,775,0,81.647606
2,776,0,81.503279
2,777,0,77.495141
2,778,0,77.85555
2,779,0,85.004828
2,780,0,78.314735
2,781,0,79.420572
2,782,0,89.518067
2,783,0,77.824133
2,784,0,79.915458
2,785,0,79.663568
2,786,0,87.466578
2,787,0,82.749328
2,788,0,82.244532
2,789,0,89.484445
2,790,0,82.473988
2,791,0,89.940834
2,792,0,81.928111
2,793,0,85.727111
2,794,0,94.478694
2,795,0,76.310363
2,796,0,80.15711
2,797,0,79.384589
2,798,0,85.301771
2,799,0,73.902453
2,800,0,77.89069
2,801,0,82.3527
2,802,0,83.832946
2,803,0,76.480587
2,804,0,86.629022
2,805,0,92.341125
2,806,0,74.70821
2,807,0,92.185956
2,808,0,79.722704
2,809,0,78.727744
2,810,0,81.772813
2,811,0,81.632583
2,812,0,74.927112
2,813,0,75.060438
2,814,0,86.602255
2,815,0,80.222815
2,816,0,76.052001
2,817,0,78.807656
2,818,0,86.541955
2,819,0,81.333761
2,820,0,90.019227
2,821,0,84.259815
2,822,0,88.453034
2,823,0,80.394113
2,824,0,82.077844
2,825,0,97.149263
2,826,0,80.367074
2,827,0,81.618826
2,828,0,76.49706
2,829,0,81.784498
2,830,0,88.07378
2,831,0,76.690674
2,832,0,81.514036
2,833,0,87.706622
2,834,0,82.298789
2,835,0,84.859584
2,836,0,75.71397
2,837,0,81.87729
2,838,0,84.248078
2,839,0,103.490182
2,840,0,86.204188
2,841,0,81.289592
2,842,0,88.504109
2,843,0,90.912114
2,844,0,85.363398
2,845,0,77.315321
2,846,0,80.488106
2,847,0,83.943633
2,848,0,90.37871
2,849,0,83.031487
2,850,0,80.641005
2,851,0,79.392777
2,852,0,83.933984
2,853,0,82.183976
2,854,0,77.923039
2,855,0,76.825858
2,856,0,80.791696
2,857,0,78.528571
2,858,0,83.983909
2,859,0,74.620123
2,860,0,80.471005
2,861,0,82.45897
2,862,0,83.53936
2,863,0,80.349531
2,864,0,81.67122
2,865,0,83.983057
2,866,0,80.913308
2,867,0,76.209117
2,868,0,78.525123
2,869,0,87.785017
2,870,0,84.50024
2,871,0,93.06518
2,872,0,94.709025
2,873,0,81.195742
2,874,0,101.877345
2,875,0,79.123617
2,876,0,84.000386
2,877,0,81.157181
2,878,0,82.888571
2,879,0,76.739882
2,880,0,83.470759
2,881,0,75.672086
2,882,0,89.06448
2,883,0,85.693918
2,884,0,82.142165
2,885,0,75.502508
2,886,0,81.581611
2,887,0,75.957649
2,888,0,79.564654
2,889,0,91.386378
2,890,0,84.086843
2,891,0,79.799475
2,892,0,85.490817
2,893,0,76.843824
2,894,0,88.054808
2,895,0,85.709018
2,896,0,83.977208
2,897,0,83.727529
2,898,0,80.660729
2,899,0,82.789605
2,900,0,77.203224
2,901,0,79.651659
2,902,0,96.43711
2,903,0,80.274035
2,904,0,80.341733
2,905,0,82.546798
2,906,0,76.026978
2,907,0,83.615126
2,908,0,79.95072
2,909,0,77.227309
2,910,0,77.425988
2,911,0,81.389368
2,912,0,85.267785
2,913,0,77.76422
2,914,0,79.014633
2,915,0,80.478742
2,916,0,78.207495
2,917,0,91.36663
2,918,0,77.006791
2,919,0,83.928269
2,920,0,85.507531
2,921,0,83.778606
2,922,0,78.292989
2,923,0,93.249286
2,924,0,91.054835
2,925,0,87.525215
2,926,0,88.39577
2,927,0,80.359317
2,928,0,82.475044
2,929,0,112.38274
2,930,0,81.744947
2,931,0,77.954885
2,932,0,90.825077
2,933,0,83.352306
2,934,0,89.904082
2,935,0,87.864747
2,936,0,87.533584
2,937,0,83.263377
2,938,0,79.868774
2,939,0,83.098038
2,940,0,87.788702
2,941,0,86.220479
2,942,0,77.533125
2,943,0,86.954717
2,944,0,85.473994
2,945,0,87.394085
2,946,0,83.418687
2,947,0,85.584372
2,948,0,77.724226
2,949,0,78.652202
2,950,0,83.602124
2,951,0,77.176563
2,952,0,78.717195
2,953,0,97.423102
2,954,0,79.650198
2,955,0,79.008677
2,956,0,82.249536
2,957,0,76.994245
2,958,0,89.331735
2,959,0,78.491966
2,960,0,77.870708
2,961,0,88.270907
2,962,0,78.869941
2,963,0,77.243594
2,964,0,81.539831
2,965,0,83.711222
2,966,0,78.681748
2,967,0,79.423679
2,968,0,80.643434
2,969,0,75.580125
2,970,0,80.664063
2,971,0,74.883352
2,972,0,78.529532
2,973,0,82.670031
2,974,0,91.384721
2,975,0,77.906587
2,976,0,78.846529
2,977,0,81.169136
2,978,0,77.872246
2,979,0,75.833461
2,980,0,93.990342
2,981,0,85.915792
2,982,0,75.745355
2,983,0,88.656217
2,984,0,80.667579
2,985,0,81.993785
2,986,0,76.870916
2,987,0,76.804612
2,988,0,77.942839
2,989,0,78.327003
2,990,0,83.108942
2,991,0,79.194804
2,992,0,83.39151
2,993,0,90.929501
2,994,0,84.448894
2,995,0,80.615014
2,996,0,79.850809
2,997,0,76.811111
2,998,0,90.645883
2,999,0,79.335049
3,0,0,83.127189
3,1,0,86.660303
3,2,0,80.571143
3,3,0,88.051913
3,4,0,79.112377
3,5,0,75.501329
3,6,0,84.337351
3,7,0,88.398012
3,8,0,82.702097
3,9,0,83.540582
3,10,0,85.551249
3,11,0,89.584489
3,12,0,97.835238
3,13,0,92.774767
3,14,0,78.107113
3,15,0,77.530478
3,16,0,80.223431
3,17,0,80.308212
3,18,0,77.913514
3,19,0,79.352675
3,20,0,83.51997
3,21,0,76.645902
3,22,0,93.531721
3,23,0,81.050603
3,24,0,81.644896
3,25,0,77.269387
3,26,0,97.28673
3,27,0,78.50475
3,28,0,90.089425
3,29,0,79.07219
3,30,0,80.864231
3,31,0,83.956566
3,32,0,85.235582
3,33,0,89.776704
3,34,0,76.485837
3,35,0,80.395816
3,36,0,80.292724
3,37,0,81.220177
3,38,0,84.428871
3,39,0,83.549803
3,40,0,84.380903
3,41,0,96.716028
3,42,0,74.800804
3,43,0,82.664151
3,44,0,83.451459
3,45,0,78.762199
3,46,0,79.202098
3,47,0,78.235893
3,48,0,77.84926
3,49,0,94.417878
3,50,0,78.348916
3,51,0,90.277084
3,52,0,78.837902
3,53,0,82.262788
3,54,0,97.28749
3,55,0,78.76742
3,56,0,82.584414
3,57,0,88.898017
3,58,0,82.798766
3,59,0,79.385128
3,60,0,106.736694
3,61,0,76.482598
3,62,0,81.635699
3,63,0,78.446887
3,64,0,95.734189
3,65,0,87.388332
3,66,0,96.719154
3,67,0,77.964347
3,68,0,92.122996
3,69,0,78.585011
3,70,0,81.509787
3,71,0,87.89123
3,72,0,84.544231
3,73,0,79.384372
3,74,0,78.447172
3,75,0,96.626085
3,76,0,78.228323
3,77,0,75.050736
3,78,0,77.423057
3,79,0,78.671006
3,80,0,87.814163
3,81,0,87.265687
3,82,0,77.679461
3,83,0,87.033182
3,84,0,81.475727
3,85,0,78.034354
3,86,0,93.600762
3,87,0,89.477908
3,88,0,75.121522
3,89,0,90.97367
3,90,0,81.110683
3,91,0,79.202079
3,92,0,89.353913
3,93,0,86.431323
3,94,0,79.085862
3,95,0,84.494613
3,96,0,87.229499
3,97,0,82.539074
3,98,0,76.559116
3,99,0,80.880703
3,100,0,81.407902
3,101,0,85.52996
3,102,0,79.141724
3,103,0,87.56252
3,104,0,81.829674
3,105,0,79.366267
3,106,0,89.336776
3,107,0,76.976767
3,108,0,78.415163
3,109,0,81.870155
3,110,0,91.739903
3,111,0,76.611805
3,112,0,81.376937
3,113,0,80.380303
3,114,0,87.900118
3,115,0,82.498469
3,116,0,85.234939
3,117,0,90.562059
3,118,0,80.001644
3,119,0,88.404114
3,120,0,84.86256
3,121,0,76.551077
3,122,0,82.736861
3,123,0,87.925808
3,124,0,103.744542
3,125,0,80.830416
3,126,0,77.249351
3,127,0,76.927989
3,128,0,85.005677
3,129,0,83.983644
3,130,0,76.924352
3,131,0,90.283408
3,132,0,89.788458
3,133,0,85.925563
3,134,0,80.153466
3,135,0,86.578505
3,136,0,77.231973
3,137,0,80.090363
3,138,0,78.320159
3,139,0,80.74719
3,140,0,81.327003
3,141,0,76.80889
3,142,0,92.474913
3,143,0,86.493311
3,144,0,81.025649
3,145,0,76.711116
3,146,0,77.470022
3,147,0,80.502421
3,148,0,86.84988
3,149,0,78.527518
3,150,0,90.092384
3,151,0,85.610927
3,152,0,77.282462
3,153,0,83.132948
3,154,0,78.068953
3,155,0,87.924743
3,156,0,79.16942
3,157,0,77.911149
3,158,0,84.179691
3,159,0,87.891829
3,160,0,94.939957
3,161,0,90.719696
3,162,0,84.930174
3,163,0,85.528933
3,164,0,81.109309
3,165,0,84.368273
3,166,0,75.717496
3,167,0,84.093233
3,168,0,81.198521
3,169,0,75.854703
3,170,0,82.633105
3,171,0,80.076137
3,172,0,87.745128
3,173,0,79.212909
3,174,0,83.305765
3,175,0,85.976988
3,176,0,82.102741
3,177,0,79.842862
3,178,0,77.186204
3,179,0,75.892607
3,180,0,74.526764
3,181,0,78.707965
3,182,0,77.717914
3,183,0,80.960509
3,184,0,97.409427
3,185,0,78.619307
3,186,0,76.964437
3,187,0,78.573317
3,188,0,80.123938
3,189,0,93.713428
3,190,0,92.693834
3,191,0,80.331413
3,192,0,83.812484
3,193,0,82.022477
3,194,0,81.819499
3,195,0,79.132484
3,196,0,81.987826
3,197,0,96.010311
3,198,0,77.923434
3,199,0,93.841693
3,200,0,80.593526
3,201,0,86.965762
3,202,0,84.256491
3,203,0,89.101093
3,204,0,82.213525
3,205,0,98.465599
3,206,0,87.615188
3,207,0,91.980833
3,208,0,80.060084
3,209,0,86.410953
3,210,0,80.117866
3,211,0,95.412462
3,212,0,84.070885
3,213,0,83.78564
3,214,0,79.985878
3,215,0,85.595295
3,216,0,83.288641
3,217,0,76.216658
3,218,0,77.964694
3,219,0,77.38231
3,220,0,92.907691
3,221,0,81.657624
3,222,0,81.564581
3,223,0,87.765357
3,224,0,84.354745
3,225,0,76.299593
3,226,0,81.327938
3,227,0,91.569989
3,228,0,89.562377
3,229,0,91.916667
3,230,0,84.00168
3,231,0,87.320603
3,232,0,86.063799
3,233,0,96.249671
3,234,0,94.82247
3,235,0,81.395938
3,236,0,86.73195
3,237,0,83.584221
3,238,0,85.64219
3,239,0,80.249286
3,240,0,80.642877
3,241,0,87.335701
3,242,0,82.888044
3,243,0,78.854483
3,244,0,80.934973
3,245,0,76.703586
3,246,0,79.144524
3,247,0,77.608852
3,248,0,81.669746
3,249,0,93.927442
3,250,0,78.323451
3,251,0,81.688188
3,252,0,85.5055
3,253,0,90.344856
3,254,0,89.79687
3,255,0,86.002315
3,256,0,81.957854
3,257,0,81.141452
3,258,0,81.64273
3,259,0,86.517209
3,260,0,79.408793
3,261,0,78.378689
3,262,0,90.065613
3,263,0,87.846341
3,264,0,80.432587
3,265,0,75.921269
3,266,0,83.944011
3,267,0,76.033466
3,268,0,88.616436
3,269,0,77.606872
3,270,0,81.643105
3,271,0,77.143554
3,272,0,79.524733
3,273,0,84.418767
3,274,0,78.473514
3,275,0,85.90705
3,276,0,75.116403
3,277,0,76.281177
3,278,0,77.869627
3,279,0,80.27951
3,280,0,86.95634
3,281,0,81.991329
3,282,0,78.798035
3,283,0,85.330343
3,284,0,78.909793
3,285,0,79.917381
3,286,0,85.025665
3,287,0,82.470993
3,288,0,82.697771
3,289,0,75.927666
3,290,0,78.020272
3,291,0,81.793721
3,292,0,83.232779
3,293,0,77.736065
3,294,0,79.024565
3,295,0,82.302795
3,296,0,96.209646
3,297,0,81.22499
3,298,0,79.204658
3,299,0,82.571582
3,300,0,80.13311
3,301,0,76.777235
3,302,0,79.646745
3,303,0,84.230503
3,304,0,85.91649
3,305,0,97.277035
3,306,0,90.66652
3,307,0,83.531489
3,308,0,80.242858
3,309,0,88.848556
3,310,0,83.402666
3,311,0,77.085684
3,312,0,79.861784
3,313,0,80.213054
3,314,0,86.841165
3,315,0,84.052098
3,316,0,85.11629
3,317,0,79.573104
3,318,0,85.631095
3,319,0,87.416176
3,320,0,86.690313
3,321,0,79.087135
3,322,0,78.901314
3,323,0,88.455793
3,324,0,120.04169
3,325,0,84.275817
3,326,0,79.841429
3,327,0,81.348398
3,328,0,77.653719
3,329,0,78.915014
3,330,0,86.284263
3,331,0,86.815344
3,332,0,76.489018
3,333,0,84.671051
3,334,0,92.233154
3,335,0,78.398838
3,336,0,78.196604
3,337,0,77.969266
3,338,0,78.256347
3,339,0,82.494764
3,340,0,79.305628
3,341,0,76.298431
3,342,0,83.841953
3,343,0,77.108905
3,344,0,79.574215
3,345,0,76.455649
3,346,0,78.986531
3,347,0,90.780654
3,348,0,74.961906
3,349,0,83.076445
3,350,0,89.581926
3,351,0,95.162489
3,352,0,73.997664
3,353,0,86.061385
3,354,0,82.656946
3,355,0,83.3047
3,356,0,90.138773
3,357,0,76.861447
3,358,0,79.733632
3,359,0,83.970994
3,360,0,83.47359
3,361,0,81.451918
3,362,0,81.974884
3,363,0,80.620824
3,364,0,77.813392
3,365,0,79.458032
3,366,0,80.742662
3,367,0,87.626636
3,368,0,79.115661
3,369,0,79.557374
3,370,0,77.296
3,371,0,80.918211
3,372,0,88.006048
3,373,0,80.265094
3,374,0,75.578125
3,375,0,78.04862
3,376,0,84.431623
3,377,0,75.002775
3,378,0,77.770207
3,379,0,78.801018
3,380,0,81.139566
3,381,0,80.933712
3,382,0,92.369047
3,383,0,83.338837
3,384,0,85.574352
3,385,0,83.646688
3,386,0,88.092375
3,387,0,82.366793
3,388,0,78.540963
3,389,0,95.516095
3,390,0,87.504464
3,391,0,83.894372
3,392,0,86.283012
3,393,0,85.529832
3,394,0,97.838064
3,395,0,101.381843
3,396,0,77.344617
3,397,0,76.237713
3,398,0,97.986921
3,399,0,82.134864
3,400,0,78.631254
3,401,0,78.102221
3,402,0,83.938475
3,403,0,99.105843
3,404,0,90.617755
3,405,0,83.794825
3,406,0,81.251311
3,407,0,94.148522
3,408,0,85.535819
3,409,0,77.164824
3,410,0,82.784121
3,411,0,81.20993
3,412,0,82.291341
3,413,0,83.315486
3,414,0,79.626826
3,415,0,79.734979
3,416,0,75.139242
3,417,0,80.155385
3,418,0,78.091887
3,419,0,82.995874
3,420,0,75.842903
3,421,0,78.370873
3,422,0,85.223879
3,423,0,81.609051
3,424,0,77.715199
3,425,0,82.938991
3,426,0,87.637209
3,427,0,78.90933
3,428,0,81.074375
3,429,0,85.89723
3,430,0,81.100804
3,431,0,90.334592
3,432,0,84.466096
3,433,0,80.204128
3,434,0,78.461019
3,435,0,74.716637
3,436,0,80.802173
3,437,0,96.652662
3,438,0,78.209554
3,439,0,85.67806
3,440,0,82.722724
3,441,0,77.900166
3,442,0,90.812884
3,443,0,87.163024
3,444,0,83.418689
3,445,0,94.659385
3,446,0,76.503442
3,447,0,79.043485
3,448,0,79.86509
3,449,0,78.20048
3,450,0,85.972996
3,451,0,82.272459
3,452,0,83.422275
3,453,0,89.115415
3,454,0,86.363147
3,455,0,82.810105
3,456,0,87.762978
3,457,0,78.752873
3,458,0,85.844653
3,459,0,87.52931
3,460,0,85.74964
3,461,0,93.961094
3,462,0,76.724189
3,463,0,75.084662
3,464,0,85.966187
3,465,0,96.605619
3,466,0,78.843685
3,467,0,75.814155
3,468,0,79.482384
3,469,0,81.1848
3,470,0,78.589277
3,471,0,87.824266
3,472,0,93.346005
3,473,0,89.553154
3,474,0,93.735669
3,475,0,88.164268
3,476,0,76.5949
3,477,0,81.204161
3,478,0,86.074176
3,479,0,84.263824
3,480,0,78.883972
3,481,0,80.552243
3,482,0,78.940744
3,483,0,76.234204
3,484,0,78.294553
3,485,0,102.174663
3,486,0,88.618241
3,487,0,98.644793
3,488,0,82.02367
3,489,0,83.796843
3,490,0,93.108053
3,491,0,84.287069
3,492,0,80.861022
3,493,0,75.814388
3,494,0,78.923361
3,495,0,81.133635
3,496,0,79.227295
3,497,0,83.857873
3,498,0,77.664951
3,499,0,81.802586
3,500,0,80.687104
3,501,0,76.936103
3,502,0,86.601531
3,503,0,78.289118
3,504,0,76.483615
3,505,0,77.705649
3,506,0,77.522878
3,507,0,99.527772
3,508,0,86.261929
3,509,0,84.228071
3,510,0,93.241125
3,511,0,88.287375
3,512,0,88.137137
3,513,0,87.379
3,514,0,77.544452
3,515,0,77.468427
3,516,0,81.807244
3,517,0,92.811025
3,518,0,84.030454
3,519,0,76.032804
3,520,0,83.958683
3,521,0,90.343159
3,522,0,79.977243
3,523,0,78.305552
3,524,0,82.719606
3,525,0,75.699838
3,526,0,82.98424
3,527,0,88.594981
3,528,0,79.60352
3,529,0,80.438628
3,530,0,79.053228
3,531,0,93.226165
3,532,0,81.02622
3,533,0,89.376931
3,534,0,84.575122
3,535,0,83.125058
3,536,0,86.908381
3,537,0,81.982394
3,538,0,89.517882
3,539,0,87.303512
3,540,0,75.216509
3,541,0,86.939879
3,542,0,90.173832
3,543,0,78.840231
3,544,0,79.074189
3,545,0,80.540324
3,546,0,96.693436
3,547,0,81.404684
3,548,0,81.3781
3,549,0,94.292817
3,550,0,82.445759
3,551,0,79.940366
3,552,0,76.332941
3,553,0,77.49249
3,554,0,90.854956
3,555,0,81.049532
3,556,0,84.642033
3,557,0,87.84052
3,558,0,95.229857
3,559,0,90.011555
3,560,0,79.420988
3,561,0,80.16045
3,562,0,82.894267
3,563,0,82.323722
3,564,0,79.183275
3,565,0,83.568581
3,566,0,87.397301
3,567,0,78.501104
3,568,0,90.770422
3,569,0,78.316166
3,570,0,84.870895
3,571,0,77.054965
3,572,0,82.072479
3,573,0,77.913257
3,574,0,78.336136
3,575,0,79.689957
3,576,0,81.938319
3,577,0,85.991288
3,578,0,77.466378
3,579,0,76.834262
3,580,0,84.298996
3,581,0,82.77962
3,582,0,79.834325
3,583,0,81.780627
3,584,0,80.231861
3,585,0,75.909846
3,586,0,86.767474
3,587,0,87.017
3,588,0,90.188808
3,589,0,85.356014
3,590,0,79.122962
3,591,0,78.958392
3,592,0,83.568873
3,593,0,97.344217
3,594,0,79.345033
3,595,0,83.172297
3,596,0,86.952271
3,597,0,82.831586
3,598,0,84.105933
3,599,0,91.277919
3,600,0,81.283246
3,601,0,85.173337
3,602,0,89.743322
3,603,0,80.140193
3,604,0,86.72807
3,605,0,83.358269
3,606,0,81.20028
3,607,0,78.008229
3,608,0,86.705854
3,609,0,95.300196
3,610,0,83.256854
3,611,0,74.566014
3,612,0,82.830506
3,613,0,80.444806
3,614,0,89.139315
3,615,0,84.182924
3,616,0,74.917725
3,617,0,87.968594
3,618,0,94.123737
3,619,0,82.379025
3,620,0,78.450786
3,621,0,77.871094
3,622,0,82.256431
3,623,0,85.950221
3,624,0,75.18057
3,625,0,82.365553
3,626,0,79.730472
3,627,0,76.815025
3,628,0,84.582224
3,629,0,77.371348
3,630,0,78.632308
3,631,0,87.891604
3,632,0,96.080038
3,633,0,76.767863
3,634,0,84.752475
3,635,0,89.541921
3,636,0,79.363493
3,637,0,81.314619
3,638,0,77.13026
3,639,0,79.166374
3,640,0,85.650111
3,641,0,79.021121
3,642,0,90.194944
3,643,0,86.018255
3,644,0,75.466102
3,645,0,78.404127
3,646,0,83.542231
3,647,0,80.780461
3,648,0,80.190892
3,649,0,79.31465
3,650,0,78.524637
3,651,0,75.685861
3,652,0,74.150757
3,653,0,89.58888
3,654,0,78.71451
3,655,0,81.063899
3,656,0,95.583388
3,657,0,104.344815
3,658,0,78.610286
3,659,0,97.064363
3,660,0,75.948417
3,661,0,85.491896
3,662,0,77.444933
3,663,0,88.025456
3,664,0,80.323742
3,665,0,81.092007
3,666,0,83.089371
3,667,0,80.809848
3,668,0,86.876205
3,669,0,74.443856
3,670,0,78.565473
3,671,0,79.233787
3,672,0,88.021858
3,673,0,88.007561
3,674,0,79.553185
3,675,0,80.358393
3,676,0,80.529414
3,677,0,87.727717
3,678,0,76.650479
3,679,0,86.72193
3,680,0,77.720223
3,681,0,86.54375
3,682,0,76.74178
3,683,0,87.218183
3,684,0,82.567608
3,685,0,82.162507
3,686,0,86.498719
3,687,0,78.572557
3,688,0,91.155885
3,689,0,87.538575
3,690,0,77.525963
3,691,0,83.851032
3,692,0,88.159941
3,693,0,94.591735
3,694,0,80.215497
3,695,0,79.226166
3,696,0,80.364434
3,697,0,83.599377
3,698,0,88.475897
3,699,0,76.129868
3,700,0,85.922857
3,701,0,77.602895
3,702,0,81.127897
3,703,0,81.76011
3,704,0,84.557618
3,705,0,92.727648
3,706,0,84.86417
3,707,0,96.432113
3,708,0,81.407281
3,709,0,87.303356
3,710,0,79.321699
3,711,0,83.782604
3,712,0,84.790876
3,713,0,85.218549
3,714,0,79.615989
3,715,0,81.895869
3,716,0,87.675907
3,717,0,91.362094
3,718,0,76.986094
3,719,0,76.990266
3,720,0,86.409782
3,721,0,78.699495
3,722,0,78.253566
3,723,0,81.586202
3,724,0,77.00776
3,725,0,85.346703
3,726,0,82.424267
3,727,0,84.343556
3,728,0,92.10577
3,729,0,89.25967
3,730,0,89.841543
3,731,0,88.205577
3,732,0,92.372341
3,733,0,88.796925
3,734,0,81.886992
3,735,0,85.362477
3,736,0,75.731245
3,737,0,80.676128
3,738,0,88.342665
3,739,0,94.84803
3,740,0,84.729357
3,741,0,78.155935
3,742,0,80.42249
3,743,0,77.420207
3,744,0,82.627639
3,745,0,84.61734
3,746,0,80.477002
3,747,0,83.262286
3,748,0,84.473745
3,749,0,85.525727
3,750,0,84.01887
3,751,0,91.513286
3,752,0,79.35839
3,753,0,84.469438
3,754,0,80.519872
3,755,0,83.750011
3,756,0,78.974907
3,757,0,79.61296
3,758,0,80.85673
3,759,0,81.797274
3,760,0,81.135231
3,761,0,81.602896
3,762,0,86.596542
3,763,0,84.208763
3,764,0,80.541746
3,765,0,75.504322
3,766,0,85.213411
3,767,0,88.904086
3,768,0,79.642792
3,769,0,88.264565
3,770,0,80.094396
3,771,0,78.653759
3,772,0,90.093719
3,773,0,90.951304
3,774,0,88.862817
3,775,0,84.105373
3,776,0,76.269874
3,777,0,79.759482
3,778,0,90.933305
3,779,0,85.632483
3,780,0,78.317556
3,781,0,82.146744
3,782,0,89.426372
3,783,0,81.587125
3,784,0,78.806783
3,785,0,87.151645
3,786,0,83.960237
3,787,0,81.348143
3,788,0,84.660469
3,789,0,82.749913
3,790,0,77.43841
3,791,0,82.535218
3,792,0,85.417115
3,793,0,75.036839
3,794,0,108.617261
3,795,0,81.243256
3,796,0,82.084421
3,797,0,78.111177
3,798,0,75.147977
3,799,0,88.711108
3,800,0,101.106855
3,801,0,84.215946
3,802,0,85.509273
3,803,0,82.680684
3,804,0,78.698486
3,805,0,78.748763
3,806,0,93.838947
3,807,0,77.198041
3,808,0,78.885284
3,809,0,94.090849
3,810,0,81.324928
3,811,0,80.905044
3,812,0,106.13978
3,813,0,86.854153
3,814,0,87.533499
3,815,0,76.428103
3,816,0,80.698033
3,817,0,86.099784
3,818,0,77.873233
3,819,0,86.772115
3,820,0,82.012534
3,821,0,79.237556
3,822,0,79.713281
3,823,0,82.394065
3,824,0,79.611641
3,825,0,78.765994
3,826,0,78.042623
3,827,0,88.780325
3,828,0,77.247487
3,829,0,87.611635
3,830,0,75.262103
3,831,0,81.567337
3,832,0,82.543581
3,833,0,79.230135
3,834,0,88.873073
3,835,0,77.120124
3,836,0,79.156193
3,837,0,77.509713
3,838,0,82.875052
3,839,0,78.426112
3,840,0,88.834331
3,841,0,87.236983
3,842,0,82.668473
3,843,0,88.708153
3,844,0,89.650904
3,845,0,81.619047
3,846,0,87.350606
3,847,0,78.293864
3,848,0,80.208019
3,849,0,80.795623
3,850,0,80.626835
3,851,0,77.979365
3,852,0,82.37898
3,853,0,81.943346
3,854,0,78.206098
3,855,0,85.270708
3,856,0,90.988736
3,857,0,99.2761
3,858,0,82.564309
3,859,0,78.735173
3,860,0,110.027975
3,861,0,86.322376
3,862,0,80.243575
3,863,0,87.626706
3,864,0,83.527914
3,865,0,80.186855
3,866,0,93.808268
3,867,0,76.664145
3,868,0,81.176919
3,869,0,76.605728
3,870,0,81.215999
3,871,0,79.654551
3,872,0,76.098356
3,873,0,82.778249
3,874,0,84.808294
3,875,0,82.661857
3,876,0,76.21705
3,877,0,77.654812
3,878,0,81.315753
3,879,0,77.373934
3,880,0,79.377248
3,881,0,82.327248
3,882,0,76.013514
3,883,0,90.553113
3,884,0,92.721267
3,885,0,99.374242
3,886,0,79.595671
3,887,0,78.335096
3,888,0,79.622054
3,889,0,80.878999
3,890,0,86.813709
3,891,0,84.558281
3,892,0,81.225305
3,893,0,85.401338
3,894,0,91.678702
3,895,0,78.641624
3,896,0,82.671645
3,897,0,82.617395
3,898,0,79.49168
3,899,0,84.254468
3,900,0,78.493883
3,901,0,83.368333
3,902,0,83.877931
3,903,0,77.356462
3,904,0,85.258429
3,905,0,91.531219
3,906,0,78.973459
3,907,0,107.768199
3,908,0,74.31366
3,909,0,83.055918
3,910,0,84.038165
3,911,0,75.490958
3,912,0,87.408291
3,913,0,76.977043
3,914,0,83.31631
3,915,0,80.899083
3,916,0,94.467518
3,917,0,87.491493
3,918,0,84.526582
3,919,0,77.243831
3,920,0,76.58978
3,921,0,84.589391
3,922,0,84.559359
3,923,0,92.045861
3,924,0,80.612465
3,925,0,81.953762
3,926,0,80.877948
3,927,0,80.625951
3,928,0,79.89131
3,929,0,82.11449
3,930,0,82.452186
3,931,0,80.415173
3,932,0,80.28425
3,933,0,95.399974
3,934,0,80.148061
3,935,0,83.019671
3,936,0,76.729797
3,937,0,89.190893
3,938,0,100.797818
3,939,0,77.005437
3,940,0,82.672324
3,941,0,82.709201
3,942,0,90.204542
3,943,0,77.689577
3,944,0,75.743937
3,945,0,82.011447
3,946,0,83.502687
3,947,0,87.755191
3,948,0,79.256349
3,949,0,88.577195
3,950,0,87.244546
3,951,0,84.588058
3,952,0,82.674295
3,953,0,76.485483
3,954,0,87.948237
3,955,0,78.701865
3,956,0,91.902587
3,957,0,79.939862
3,958,0,79.6049
3,959,0,80.632487
3,960,0,75.809286
3,961,0,78.13052
3,962,0,86.027926
3,963,0,80.812888
3,964,0,76.486715
3,965,0,86.916632
3,966,0,92.440719
3,967,0,77.400993
3,968,0,89.064435
3,969,0,81.817946
3,970,0,79.178725
3,971,0,83.368156
3,972,0,82.441189
3,973,0,80.626326
3,974,0,85.677476
3,975,0,80.956948
3,976,0,91.892136
3,977,0,85.080887
3,978,0,77.772779
3,979,0,77.797087
3,980,0,88.008143
3,981,0,93.118695
3,982,0,79.011656
3,983,0,87.185562
3,984,0,82.152853
3,985,0,83.802598
3,986,0,89.877877
3,987,0,93.29288
3,988,0,79.699298
3,989,0,87.508509
3,990,0,83.387413
3,991,0,81.612821
3,992,0,86.449763
3,993,0,78.130659
3,994,0,74.694402
3,995,0,86.030176
3,996,0,82.805641
3,997,0,82.30348
3,998,0,75.381569
3,999,0,78.731205
4,0,0,77.244029
4,1,0,79.080067
4,2,0,82.24009
4,3,0,78.808563
4,4,0,79.042559
4,5,0,79.972832
4,6,0,77.338571
4,7,0,87.804507
4,8,0,86.832928
4,9,0,83.571191
4,10,0,79.103036
4,11,0,79.302285
4,12,0,78.09479
4,13,0,81.878565
4,14,0,75.436077
4,15,0,80.21568
4,16,0,82.140161
4,17,0,78.52414
4,18,0,84.528583
4,19,0,81.471755
4,20,0,80.452275
4,21,0,89.131058
4,22,0,80.994175
4,23,0,84.594262
4,24,0,83.213431
4,25,0,85.010091
4,26,0,78.959673
4,27,0,74.666185
4,28,0,85.108367
4,29,0,76.869476
4,30,0,81.525592
4,31,0,83.021606
4,32,0,86.51023
4,33,0,80.604343
4,34,0,92.700669
4,35,0,85.313769
4,36,0,75.269804
4,37,0,79.500298
4,38,0,85.571698
4,39,0,85.711293
4,40,0,79.474954
4,41,0,80.681068
4,42,0,75.163268
4,43,0,79.311552
4,44,0,80.185114
4,45,0,84.052041
4,46,0,79.393563
4,47,0,88.846818
4,48,0,90.772432
4,49,0,89.481611
4,50,0,77.76828
4,51,0,77.966688
4,52,0,89.852712
4,53,0,77.3292
4,54,0,83.119693
4,55,0,100.742818
4,56,0,79.146851
4,57,0,81.591842
4,58,0,76.47838
4,59,0,77.552894
4,60,0,82.515987
4,61,0,92.620185
4,62,0,76.127794
4,63,0,80.461549
4,64,0,78.736275
4,65,0,79.189095
4,66,0,82.773552
4,67,0,80.176487
4,68,0,86.148777
4,69,0,83.814792
4,70,0,81.350306
4,71,0,77.389459
4,72,0,82.224699
4,73,0,78.587708
4,74,0,76.938411
4,75,0,76.499908
4,76,0,79.306219
4,77,0,88.13209
4,78,0,85.408378
4,79,0,81.108109
4,80,0,81.572093
4,81,0,77.782096
4,82,0,74.846224
4,83,0,79.832981
4,84,0,83.848631
4,85,0,85.371052
4,86,0,88.683511
4,87,0,78.925502
4,88,0,76.657661
4,89,0,84.119322
4,90,0,77.815162
4,91,0,78.519202
4,92,0,79.338409
4,93,0,103.246981
4,94,0,80.442637
4,95,0,89.611518
4,96,0,91.971869
4,97,0,80.968653
4,98,0,78.688256
4,99,0,76.16672
4,100,0,93.865222
4,101,0,75.056166
4,102,0,79.797043
4,103,0,76.491299
4,104,0,81.504946
4,105,0,83.808576
4,106,0,80.407807
4,107,0,78.371305
4,108,0,79.759331
4,109,0,95.241461
4,110,0,83.707133
4,111,0,76.454073
4,112,0,91.424371
4,113,0,79.131289
4,114,0,84.869693
4,115,0,85.868485
4,116,0,78.781787
4,117,0,84.301046
4,118,0,83.437277
4,119,0,94.598926
4,120,0,81.571372
4,121,0,85.534425
4,122,0,77.283739
4,123,0,88.709051
4,124,0,85.47668
4,125,0,77.513583
4,126,0,83.734916
4,127,0,83.362573
4,128,0,82.409528
4,129,0,98.027893
4,130,0,81.509039
4,131,0,89.720904
4,132,0,82.856757
4,133,0,80.436404
4,134,0,84.945891
4,135,0,91.957086
4,136,0,90.767811
4,137,0,74.787362
4,138,0,74.874708
4,139,0,80.704567
4,140,0,75.655747
4,141,0,84.157897
4,142,0,80.212151
4,143,0,82.696426
4,144,0,98.046829
4,145,0,84.48868
4,146,0,79.691748
4,147,0,85.850581
4,148,0,79.669147
4,149,0,86.925657
4,150,0,81.578131
4,151,0,79.799964
4,152,0,76.457531
4,153,0,84.576053
4,154,0,81.793617
4,155,0,105.659137
4,156,0,77.398282
4,157,0,86.814763
4,158,0,83.6404
4,159,0,86.806502
4,160,0,81.197511
4,161,0,85.508571
4,162,0,92.837224
4,163,0,77.716214
4,164,0,82.965399
4,165,0,76.158891
4,166,0,76.8388
4,167,0,76.396813
4,168,0,80.100772
4,169,0,78.56745
4,170,0,80.142912
4,171,0,79.466301
4,172,0,77.60099
4,173,0,79.767418
4,174,0,84.694083
4,175,0,79.764141
4,176,0,79.541483
4,177,0,74.197594
4,178,0,78.790367
4,179,0,86.454171
4,180,0,80.381139
4,181,0,79.974482
4,182,0,75.809271
4,183,0,82.943441
4,184,0,80.727528
4,185,0,94.391526
4,186,0,86.617232
4,187,0,86.781789
4,188,0,90.518805
4,189,0,77.046627
4,190,0,79.026351
4,191,0,84.408787
4,192,0,78.610248
4,193,0,86.423802
4,194,0,83.802553
4,195,0,78.471268
4,196,0,84.51394
4,197,0,85.467096
4,198,0,88.692862
4,199,0,84.995409
4,200,0,82.358791
4,201,0,84.140596
4,202,0,84.669565
4,203,0,88.206416
4,204,0,79.325699
4,205,0,80.005431
4,206,0,80.516081
4,207,0,79.838787
4,208,0,79.069021
4,209,0,85.337696
4,210,0,80.573384
4,211,0,81.073377
4,212,0,81.055398
4,213,0,76.98012
4,214,0,80.08003
4,215,0,80.283108
4,216,0,78.163011
4,217,0,88.890359
4,218,0,79.749058
4,219,0,85.549581
4,220,0,77.528401
4,221,0,81.698758
4,222,0,78.004298
4,223,0,82.904409
4,224,0,91.520659
4,225,0,84.751691
4,226,0,83.549406
4,227,0,82.793223
4,228,0,78.518461
4,229,0,75.816421
4,230,0,80.583216
4,231,0,85.123993
4,232,0,80.289448
4,233,0,80.224611
4,234,0,81.509202
4,235,0,83.301218
4,236,0,82.841706
4,237,0,84.942647
4,238,0,86.484641
4,239,0,80.861774
4,240,0,85.015428
4,241,0,91.149632
4,242,0,86.419196
4,243,0,83.701827
4,244,0,94.612293
4,245,0,81.170107
4,246,0,105.592054
4,247,0,81.910135
4,248,0,92.853041
4,249,0,80.341165
4,250,0,75.595974
4,251,0,92.549092
4,252,0,80.718467
4,253,0,83.597113
4,254,0,89.312362
4,255,0,89.288622
4,256,0,89.094815
4,257,0,82.754446
4,258,0,82.361827
4,259,0,77.848423
4,260,0,83.366754
4,261,0,87.674376
4,262,0,85.117753
4,263,0,84.326424
4,264,0,105.405256
4,265,0,75.712242
4,266,0,81.550259
4,267,0,82.260379
4,268,0,80.549828
4,269,0,80.723667
4,270,0,80.111903
4,271,0,87.373768
4,272,0,85.787282
4,273,0,89.192061
4,274,0,83.510129
4,275,0,76.775017
4,276,0,82.951614
4,277,0,81.297205
4,278,0,74.814182
4,279,0,84.363187
4,280,0,99.835663
4,281,0,84.074412
4,282,0,77.161095
4,283,0,91.026921
4,284,0,78.072366
4,285,0,89.928593
4,286,0,80.600748
4,287,0,82.516644
4,288,0,79.257536
4,289,0,78.627728
4,290,0,80.706236
4,291,0,80.94581
4,292,0,86.175736
4,293,0,84.73056
4,294,0,80.361773
4,295,0,78.581485
4,296,0,77.152632
4,297,0,89.715734
4,298,0,80.284734
4,299,0,77.47031
4,300,0,80.867981
4,301,0,81.510815
4,302,0,74.950144
4,303,0,78.13909
4,304,0,80.209835
4,305,0,78.788505
4,306,0,75.679958
4,307,0,78.096361
4,308,0,78.0754
4,309,0,85.728814
4,310,0,85.960857
4,311,0,77.953814
4,312,0,89.37108
4,313,0,76.731307
4,314,0,77.075123
4,315,0,86.749809
4,316,0,90.320734
4,317,0,76.769946
4,318,0,85.940818
4,319,0,79.104156
4,320,0,77.28938
4,321,0,78.337638
4,322,0,84.884672
4,323,0,83.648209
4,324,0,85.362347
4,325,0,88.104278
4,326,0,80.869486
4,327,0,82.042231
4,328,0,78.675453
4,329,0,86.433487
4,330,0,90.439178
4,331,0,84.61983
4,332,0,87.474963
4,333,0,77.586104
4,334,0,77.053632
4,335,0,78.942574
4,336,0,85.459855
4,337,0,82.221082
4,338,0,85.39616
4,339,0,88.259755
4,340,0,79.965138
4,341,0,75.096572
4,342,0,89.003746
4,343,0,97.770438
4,344,0,79.284362
4,345,0,75.700532
4,346,0,85.913964
4,347,0,96.4323
4,348,0,87.716936
4,349,0,82.446758
4,350,0,79.301426
4,351,0,85.695975
4,352,0,97.419538
4,353,0,81.480033
4,354,0,90.807157
4,355,0,83.322554
4,356,0,85.797023
4,357,0,77.832216
4,358,0,82.233906
4,359,0,78.289577
4,360,0,87.62011
4,361,0,79.639257
4,362,0,79.149203
4,363,0,88.270541
4,364,0,78.960525
4,365,0,78.260064
4,366,0,83.296531
4,367,0,88.09025
4,368,0,83.249804
4,369,0,108.809825
4,370,0,81.425948
4,371,0,87.78974
4,372,0,76.711034
4,373,0,80.872525
4,374,0,79.159531
4,375,0,90.711785
4,376,0,88.577908
4,377,0,76.69341
4,378,0,80.274334
4,379,0,78.125595
4,380,0,80.835158
4,381,0,79.236622
4,382,0,78.46642
4,383,0,84.709985
4,384,0,77.834736
4,385,0,86.848742
4,386,0,81.704112
4,387,0,81.106677
4,388,0,75.870736
4,389,0,80.130228
4,390,0,84.580678
4,391,0,91.495486
4,392,0,80.625741
4,393,0,77.725394
4,394,0,86.645704
4,395,0,77.156015
4,396,0,77.13844
4,397,0,87.318836
4,398,0,81.109271
4,399,0,78.281632
4,400,0,89.707248
4,401,0,79.263549
4,402,0,83.995473
4,403,0,77.746835
4,404,0,77.35462
4,405,0,88.211351
4,406,0,92.237354
4,407,0,95.134422
4,408,0,88.577772
4,409,0,90.151089
4,410,0,80.050883
4,411,0,85.757821
4,412,0,78.345686
4,413,0,77.643568
4,414,0,86.471529
4,415,0,84.848034
4,416,0,79.139188
4,417,0,76.118148
4,418,0,88.840881
4,419,0,90.236679
4,420,0,80.811056
4,421,0,82.365542
4,422,0,77.267533
4,423,0,89.896708
4,424,0,89.726016
4,425,0,92.141339
4,426,0,77.451193
4,427,0,80.134323
4,428,0,82.262852
4,429,0,81.781213
4,430,0,77.72933
4,431,0,87.092635
4,432,0,90.884542
4,433,0,85.985421
4,434,0,82.731551
4,435,0,89.033082
4,436,0,80.000016
4,437,0,76.067113
4,438,0,86.686811
4,439,0,82.542594
4,440,0,75.432933
4,441,0,78.980618
4,442,0,83.97123
4,443,0,80.717381
4,444,0,87.026313
4,445,0,76.711469
4,446,0,83.099455
4,447,0,76.510073
4,448,0,83.667826
4,449,0,88.2587
4,450,0,87.605922
4,451,0,78.051845
4,452,0,76.013347
4,453,0,85.498946
4,454,0,76.928945
4,455,0,89.409297
4,456,0,81.207001
4,457,0,77.060351
4,458,0,79.305277
4,459,0,75.951353
4,460,0,77.926383
4,461,0,78.849209
4,462,0,81.589511
4,463,0,84.935204
4,464,0,79.554112
4,465,0,79.426482
4,466,0,86.471745
4,467,0,85.82588
4,468,0,84.329279
4,469,0,77.113463
4,470,0,102.739429
4,471,0,101.063138
4,472,0,78.417138
4,473,0,81.585838
4,474,0,101.047288
4,475,0,85.871488
4,476,0,80.565489
4,477,0,81.623112
4,478,0,80.230032
4,479,0,84.895208
4,480,0,84.578585
4,481,0,83.12
4,482,0,79.31389
4,483,0,95.266355
4,484,0,86.987527
4,485,0,79.123297
4,486,0,97.811949
4,487,0,80.723541
4,488,0,85.0186
4,489,0,88.008071
4,490,0,90.893092
4,491,0,82.127004
4,492,0,87.290767
4,493,0,87.737888
4,494,0,85.279974
4,495,0,82.372784
4,496,0,75.336749
4,497,0,76.280386
4,498,0,79.19944
4,499,0,81.707185
4,500,0,84.60242
4,501,0,86.940942
4,502,0,78.030993
4,503,0,92.269707
4,504,0,81.566273
4,505,0,83.602445
4,506,0,89.625867
4,507,0,81.805276
4,508,0,80.754716
4,509,0,79.895357
4,510,0,82.681518
4,511,0,85.393775
4,512,0,76.025939
4,513,0,75.796403
4,514,0,78.134921
4,515,0,88.103294
4,516,0,83.428761
4,517,0,88.079835
4,518,0,79.848624
4,519,0,80.818365
4,520,0,78.777557
4,521,0,91.282211
4,522,0,84.634533
4,523,0,96.259654
4,524,0,85.533976
4,525,0,77.219351
4,526,0,78.011812
4,527,0,82.983281
4,528,0,82.810715
4,529,0,89.750552
4,530,0,81.60973
4,531,0,83.076349
4,532,0,92.787849
4,533,0,87.3706
4,534,0,85.417024
4,535,0,84.363296
4,536,0,80.81853
4,537,0,78.996009
4,538,0,76.856719
4,539,0,80.247452
4,540,0,80.579828
4,541,0,85.49734
4,542,0,77.000977
4,543,0,79.114883
4,544,0,81.261751
4,545,0,75.260925
4,546,0,80.689272
4,547,0,87.658395
4,548,0,76.202785
4,549,0,88.450302
4,550,0,78.542783
4,551,0,75.095194
4,552,0,79.881779
4,553,0,81.188592
4,554,0,76.431337
4,555,0,85.387667
4,556,0,93.247772
4,557,0,89.81314
4,558,0,97.948982
4,559,0,79.832457
4,560,0,75.00578
4,561,0,91.988899
4,562,0,77.455213
4,563,0,76.736201
4,564,0,82.159642
4,565,0,85.384622
4,566,0,88.477131
4,567,0,80.918029
4,568,0,91.461578
4,569,0,84.536452
4,570,0,83.687555
4,571,0,84.509033
4,572,0,79.527252
4,573,0,88.199013
4,574,0,86.804963
4,575,0,94.102879
4,576,0,77.220762
4,577,0,76.115152
4,578,0,89.587001
4,579,0,82.600828
4,580,0,77.725883
4,581,0,86.271143
4,582,0,86.280568
4,583,0,81.443994
4,584,0,82.78867
4,585,0,81.026153
4,586,0,81.531393
4,587,0,80.536971
4,588,0,88.80765
4,589,0,83.149457
4,590,0,85.827919
4,591,0,76.710294
4,592,0,84.119251
4,593,0,76.27846
4,594,0,84.333789
4,595,0,80.160119
4,596,0,79.31644
4,597,0,104.48101
4,598,0,77.712779
4,599,0,80.841911
4,600,0,78.062783
4,601,0,78.434242
4,602,0,83.836806
4,603,0,80.59651
4,604,0,82.268703
4,605,0,80.121633
4,606,0,97.715866
4,607,0,92.211833
4,608,0,79.375355
4,609,0,86.688636
4,610,0,89.667276
4,611,0,93.680596
4,612,0,79.17061
4,613,0,78.755247
4,614,0,86.893506
4,615,0,76.073255
4,616,0,89.164854
4,617,0,83.647678
4,618,0,75.694207
4,619,0,76.499506
4,620,0,76.554853
4,621,0,80.496591
4,622,0,77.589424
4,623,0,83.999812
4,624,0,76.803385
4,625,0,81.226341
4,626,0,85.10442
4,627,0,78.697284
4,628,0,94.032742
4,629,0,78.916272
4,630,0,77.115261
4,631,0,86.339472
4,632,0,80.882355
4,633,0,92.845148
4,634,0,79.680381
4,635,0,77.598064
4,636,0,79.197963
4,637,0,75.728505
4,638,0,79.528584
4,639,0,75.944739
4,640,0,87.702293
4,641,0,94.377091
4,642,0,84.738265
4,643,0,83.567013
4,644,0,77.589804
4,645,0,85.341083
4,646,0,82.237057
4,647,0,80.945534
4,648,0,82.337048
4,649,0,87.514592
4,650,0,79.496922
4,651,0,87.054152
4,652,0,87.55444
4,653,0,78.136483
4,654,0,84.435418
4,655,0,83.671135
4,656,0,86.711274
4,657,0,85.739051
4,658,0,81.458101
4,659,0,78.190466
4,660,0,85.686997
4,661,0,81.331853
4,662,0,87.455054
4,663,0,78.354306
4,664,0,77.338206
4,665,0,81.465866
4,666,0,77.075343
4,667,0,84.341309
4,668,0,77.254211
4,669,0,92.866384
4,670,0,76.174597
4,671,0,87.264849
4,672,0,79.624271
4,673,0,80.262767
4,674,0,89.690835
4,675,0,78.266457
4,676,0,83.18438
4,677,0,98.767648
4,678,0,79.625667
4,679,0,76.893484
4,680,0,84.893739
4,681,0,79.442254
4,682,0,78.32198
4,683,0,78.679421
4,684,0,82.832709
4,685,0,83.730974
4,686,0,90.364316
4,687,0,83.150103
4,688,0,84.640885
4,689,0,80.286327
4,690,0,77.066075
4,691,0,80.448679
4,692,0,82.149577
4,693,0,78.543142
4,694,0,83.09493
4,695,0,86.463384
4,696,0,78.774483
4,697,0,76.260343
4,698,0,82.987528
4,699,0,89.040292
4,700,0,86.490664
4,701,0,88.105817
4,702,0,82.855582
4,703,0,81.870708
4,704,0,80.237878
4,705,0,79.308552
4,706,0,94.402849
4,707,0,95.032161
4,708,0,79.953535
4,709,0,87.396402
4,710,0,88.930536
4,711,0,89.277401
4,712,0,90.833969
4,713,0,79.999488
4,714,0,79.835806
4,715,0,78.767453
4,716,0,77.253755
4,717,0,88.273072
4,718,0,93.879431
4,719,0,80.270936
4,720,0,79.433914
4,721,0,78.772274
4,722,0,76.904071
4,723,0,84.37776
4,724,0,79.771227
4,725,0,75.755808
4,726,0,84.56678
4,727,0,85.183936
4,728,0,92.20057
4,729,0,80.356582
4,730,0,82.835994
4,731,0,80.329607
4,732,0,87.68131
4,733,0,81.937026
4,734,0,77.746312
4,735,0,84.543352
4,736,0,79.202654
4,737,0,83.545657
4,738,0,112.333666
4,739,0,76.777268
4,740,0,101.459565
4,741,0,78.230148
4,742,0,84.013283
4,743,0,88.784486
4,744,0,79.163148
4,745,0,82.490487
4,746,0,90.064096
4,747,0,78.973478
4,748,0,84.976141
4,749,0,88.416761
4,750,0,86.93079
4,751,0,82.182954
4,752,0,77.413206
4,753,0,82.621302
4,754,0,77.175967
4,755,0,94.832848
4,756,0,84.362747
4,757,0,78.596917
4,758,0,84.640653
4,759,0,82.256685
4,760,0,77.736459
4,761,0,77.871683
4,762,0,77.17461
4,763,0,80.938896
4,764,0,80.408885
4,765,0,84.203302
4,766,0,85.743324
4,767,0,78.088206
4,768,0,86.308872
4,769,0,84.312369
4,770,0,82.082393
4,771,0,79.82531
4,772,0,83.07203
4,773,0,79.896467
4,774,0,83.260712
4,775,0,76.739855
4,776,0,78.610727
4,777,0,82.535967
4,778,0,87.816338
4,779,0,80.918437
4,780,0,78.665152
4,781,0,93.189174
4,782,0,79.351734
4,783,0,80.09156
4,784,0,82.962764
4,785,0,85.890618
4,786,0,92.965876
4,787,0,82.693401
4,788,0,117.470037
4,789,0,80.17329
4,790,0,76.60001
4,791,0,81.604507
4,792,0,100.93178
4,793,0,76.01428
4,794,0,80.944961
4,795,0,76.108303
4,796,0,78.585279
4,797,0,79.73223
4,798,0,83.599137
4,799,0,84.872848
4,800,0,80.546253
4,801,0,85.224697
4,802,0,82.741439
4,803,0,79.132996
4,804,0,78.67644
4,805,0,87.162469
4,806,0,76.265578
4,807,0,74.961095
4,808,0,84.301689
4,809,0,78.022436
4,810,0,79.998198
4,811,0,78.644182
4,812,0,93.478711
4,813,0,99.357268
4,814,0,87.662643
4,815,0,76.873038
4,816,0,86.294939
4,817,0,84.034889
4,818,0,90.766833
4,819,0,79.102692
4,820,0,92.280607
4,821,0,79.670604
4,822,0,80.423502
4,823,0,78.122898
4,824,0,78.999867
4,825,0,87.806888
4,826,0,83.212046
4,827,0,76.449959
4,828,0,85.826071
4,829,0,76.737619
4,830,0,76.66687
4,831,0,78.425812
4,832,0,79.511855
4,833,0,76.067978
4,834,0,86.392208
4,835,0,85.314707
4,836,0,83.148267
4,837,0,87.106119
4,838,0,77.569532
4,839,0,80.435103
4,840,0,81.326087
4,841,0,86.206563
4,842,0,82.520798
4,843,0,79.74935
4,844,0,85.501138
4,845,0,86.281348
4,846,0,77.51887
4,847,0,82.97948
4,848,0,82.221322
4,849,0,91.567527
4,850,0,84.752132
4,851,0,76.556448
4,852,0,78.278368
4,853,0,76.534913
4,854,0,80.341602
4,855,0,83.335811
4,856,0,90.473328
4,857,0,87.82025
4,858,0,81.899347
4,859,0,87.560355
4,860,0,79.354353
4,861,0,89.201207
4,862,0,77.885189
4,863,0,95.589872
4,864,0,86.341052
4,865,0,97.660514
4,866,0,103.103543
4,867,0,78.359296
4,868,0,80.507751
4,869,0,81.091955
4,870,0,79.306347
4,871,0,80.549677
4,872,0,82.012682
4,873,0,79.098011
4,874,0,77.554298
4,875,0,78.463854
4,876,0,83.472284
4,877,0,80.738129
4,878,0,83.214019
4,879,0,77.17119
4,880,0,76.919931
4,881,0,86.269302
4,882,0,80.343954
4,883,0,83.039671
4,884,0,88.491047
4,885,0,83.995837
4,886,0,82.160722
4,887,0,85.776474
4,888,0,85.80077
4,889,0,80.714514
4,890,0,78.483926
4,891,0,84.849838
4,892,0,77.540821
4,893,0,79.838383
4,894,0,78.479341
4,895,0,86.48178
4,896,0,87.142551
4,897,0,82.611099
4,898,0,82.481707
4,899,0,80.724486
4,900,0,88.145405
4,901,0,76.149124
4,902,0,77.717836
4,903,0,80.963242
4,904,0,79.585799
4,905,0,80.688348
4,906,0,79.369017
4,907,0,88.449466
4,908,0,81.618112
4,909,0,83.316204
4,910,0,83.692627
4,911,0,81.142818
4,912,0,96.13138
4,913,0,81.241051
4,914,0,80.039359
4,915,0,80.26531
4,916,0,77.217183
4,917,0,82.018215
4,918,0,84.559159
4,919,0,75.651824
4,920,0,84.52268
4,921,0,81.109062
4,922,0,81.518162
4,923,0,77.557023
4,924,0,86.763194
4,925,0,90.320875
4,926,0,95.434765
4,927,0,84.060465
4,928,0,83.040687
4,929,0,105.480351
4,930,0,82.052781
4,931,0,81.065264
4,932,0,81.165933
4,933,0,77.257276
4,934,0,85.086286
4,935,0,80.660193
4,936,0,84.861022
4,937,0,78.593947
4,938,0,87.907466
4,939,0,80.771335
4,940,0,90.017244
4,941,0,77.553447
4,942,0,95.489121
4,943,0,88.424951
4,944,0,77.228123
4,945,0,80.433865
4,946,0,79.808152
4,947,0,100.062096
4,948,0,76.314431
4,949,0,83.130888
4,950,0,82.089654
4,951,0,83.930876
4,952,0,87.578292
4,953,0,82.992523
4,954,0,77.580343
4,955,0,81.522851
4,956,0,75.824491
4,957,0,83.06621
4,958,0,81.559106
4,959,0,79.328604
4,960,0,89.088273
4,961,0,91.269828
4,962,0,83.308418
4,963,0,89.194529
4,964,0,79.944497
4,965,0,80.751657
4,966,0,75.632133
4,967,0,83.223126
4,968,0,83.327409
4,969,0,75.706318
4,970,0,83.974067
4,971,0,83.781775
4,972,0,97.350802
4,973,0,77.223387
4,974,0,76.374858
4,975,0,92.08982
4,976,0,86.284175
4,977,0,84.216084
4,978,0,87.369728
4,979,0,76.168763
4,980,0,82.879511
4,981,0,86.368831
4,982,0,82.316172
4,983,0,82.338062
4,984,0,89.637024
4,985,0,87.892826
4,986,0,76.364823
4,987,0,92.912216
4,988,0,86.074853
4,989,0,86.396288
4,990,0,79.953647
4,991,0,83.588024
4,992,0,83.571363
4,993,0,79.919823
4,994,0,86.28083
4,995,0,80.690652
4,996,0,81.338374
4,997,0,97.808946
4,998,0,91.138894
4,999,0,84.950969
5,0,0,78.325205
5,1,0,76.387606
5,2,0,84.611676
5,3,0,94.785005
5,4,0,78.854983
5,5,0,81.882819
5,6,0,75.718725
5,7,0,81.610666
5,8,0,94.163759
5,9,0,77.694662
5,10,0,78.653468
5,11,0,85.321256
5,12,0,89.717997
5,13,0,82.836974
5,14,0,78.046514
5,15,0,76.511181
5,16,0,83.703908
5,17,0,85.855938
5,18,0,75.450002
5,19,0,90.178023
5,20,0,83.354297
5,21,0,79.206774
5,22,0,77.261189
5,23,0,81.659936
5,24,0,91.287928
5,25,0,78.512109
5,26,0,77.166733
5,27,0,86.975952
5,28,0,86.34561
5,29,0,86.177276
5,30,0,84.06319
5,31,0,100.628685
5,32,0,87.550455
5,33,0,86.171295
5,34,0,81.79902
5,35,0,83.272975
5,36,0,80.563269
5,37,0,80.1016
5,38,0,79.782705
5,39,0,77.695633
5,40,0,77.260563
5,41,0,105.254248
5,42,0,91.666091
5,43,0,75.296106
5,44,0,79.719157
5,45,0,94.355835
5,46,0,81.492145
5,47,0,85.202871
5,48,0,86.449681
5,49,0,75.759474
5,50,0,82.553694
5,51,0,81.320586
5,52,0,94.392228
5,53,0,78.771575
5,54,0,76.996279
5,55,0,82.173012
5,56,0,81.971454
5,57,0,79.505622
5,58,0,92.432815
5,59,0,81.043504
5,60,0,82.402485
5,61,0,79.715344
5,62,0,80.416409
5,63,0,76.471484
5,64,0,107.66848
5,65,0,74.419611
5,66,0,89.011691
5,67,0,85.251037
5,68,0,80.456328
5,69,0,76.894333
5,70,0,80.385579
5,71,0,87.721428
5,72,0,75.200348
5,73,0,85.346429
5,74,0,76.341229
5,75,0,77.447881
5,76,0,79.903108
5,77,0,79.402718
5,78,0,91.262173
5,79,0,91.263255
5,80,0,79.676312
5,81,0,79.629428
5,82,0,82.951976
5,83,0,77.657509
5,84,0,76.17618
5,85,0,78.44117
5,86,0,81.744195
5,87,0,76.840766
5,88,0,77.718408
5,89,0,101.007425
5,90,0,80.411806
5,91,0,81.789612
5,92,0,85.255342
5,93,0,79.586462
5,94,0,100.701791
5,95,0,78.192411
5,96,0,81.96448
5,97,0,83.026482
5,98,0,92.28423
5,99,0,79.404021
5,100,0,75.21522
5,101,0,78.294662
5,102,0,77.507575
5,103,0,86.324533
5,104,0,88.182259
5,105,0,92.38803
5,106,0,78.736974
5,107,0,98.793007
5,108,0,81.657269
5,109,0,80.804863
5,110,0,77.872067
5,111,0,77.641188
5,112,0,82.478092
5,113,0,88.87565
5,114,0,82.28552
5,115,0,85.462742
5,116,0,80.778577
5,117,0,76.252686
5,118,0,78.649487
5,119,0,81.207478
5,120,0,86.541154
5,121,0,99.99871
5,122,0,89.897355
5,123,0,79.932452
5,124,0,92.034049
5,125,0,81.085935
5,126,0,78.439597
5,127,0,84.122372
5,128,0,78.336545
5,129,0,87.084141
5,130,0,79.771563
5,131,0,80.21606
5,132,0,88.93675
5,133,0,84.412178
5,134,0,85.975192
5,135,0,96.647127
5,136,0,78.817863
5,137,0,80.044532
5,138,0,78.347072
5,139,0,80.564663
5,140,0,85.582406
5,141,0,83.506579
5,142,0,76.33043
5,143,0,78.920461
5,144,0,81.961668
5,145,0,85.976813
5,146,0,81.409482
5,147,0,82.707164
5,148,0,82.226023
5,149,0,77.715435
5,150,0,77.27236
5,151,0,80.628609
5,152,0,80.437961
5,153,0,76.701777
5,154,0,82.724208
5,155,0,79.952395
5,156,0,80.455878
5,157,0,86.77117
5,158,0,85.042014
5,159,0,90.470603
5,160,0,80.267696
5,161,0,82.601049
5,162,0,75.58735
5,163,0,77.773205
5,164,0,79.737513
5,165,0,85.465694
5,166,0,84.936241
5,167,0,82.708966
5,168,0,81.083827
5,169,0,83.823724
5,170,0,83.185699
5,171,0,95.317052
5,172,0,89.043431
5,173,0,82.067433
5,174,0,90.002769
5,175,0,86.120468
5,176,0,100.544489
5,177,0,81.840992
5,178,0,98.794376
5,179,0,81.870359
5,180,0,96.712839
5,181,0,91.967265
5,182,0,88.310448
5,183,0,82.807751
5,184,0,81.697577
5,185,0,82.224291
5,186,0,76.900914
5,187,0,89.192378
5,188,0,81.93334
5,189,0,102.77645
5,190,0,75.64963
5,191,0,83.088546
5,192,0,83.757225
5,193,0,78.689374
5,194,0,104.862969
5,195,0,82.291707
5,196,0,86.416435
5,197,0,84.053312
5,198,0,79.684734
5,199,0,83.95054
5,200,0,83.175921
5,201,0,90.66386
5,202,0,93.841051
5,203,0,77.072278
5,204,0,75.57441
5,205,0,76.503547
5,206,0,79.199934
5,207,0,79.55792
5,208,0,76.732288
5,209,0,76.75306
5,210,0,89.792213
5,211,0,86.704462
5,212,0,80.173168
5,213,0,76.037135
5,214,0,81.661283
5,215,0,91.333293
5,216,0,77.725449
5,217,0,92.449518
5,218,0,76.953868
5,219,0,76.227994
5,220,0,92.850931
5,221,0,81.936119
5,222,0,86.931732
5,223,0,80.935502
5,224,0,77.867873
5,225,0,91.758457
5,226,0,83.657694
5,227,0,83.338992
5,228,0,82.210172
5,229,0,77.755334
5,230,0,76.252827
5,231,0,84.290903
5,232,0,80.871525
5,233,0,76.79894
5,234,0,78.523955
5,235,0,85.601706
5,236,0,82.542776
5,237,0,84.704368
5,238,0,82.93169
5,239,0,91.624597
5,240,0,88.007724
5,241,0,83.133394
5,242,0,80.01203
5,243,0,78.630972
5,244,0,75.539055
5,245,0,92.19487
5,246,0,92.089163
5,247,0,75.950784
5,248,0,75.740107
5,249,0,103.798526
5,250,0,83.44496
5,251,0,93.261526
5,252,0,84.01068
5,253,0,84.958127
5,254,0,78.915083
5,255,0,92.403928
5,256,0,96.081693
5,257,0,81.566947
5,258,0,80.731677
5,259,0,80.80045
5,260,0,84.276299
5,261,0,79.333618
5,262,0,93.48103
5,263,0,96.711218
5,264,0,83.531862
5,265,0,85.846591
5,266,0,103.118949
5,267,0,82.067362
5,268,0,78.297769
5,269,0,88.71977
5,270,0,87.964802
5,271,0,78.85376
5,272,0,87.437182
5,273,0,88.148852
5,274,0,85.422508
5,275,0,85.780234
5,276,0,82.913827
5,277,0,80.48001
5,278,0,86.67811
5,279,0,85.441528
5,280,0,95.511989
5,281,0,84.778481
5,282,0,78.810586
5,283,0,80.278807
5,284,0,93.903518
5,285,0,82.390962
5,286,0,85.015254
5,287,0,80.834943
5,288,0,76.739455
5,289,0,85.980787
5,290,0,85.152964
5,291,0,86.471734
5,292,0,78.245235
5,293,0,84.02707
5,294,0,95.361645
5,295,0,88.864052
5,296,0,80.005921
5,297,0,79.29948
5,298,0,86.686876
5,299,0,80.281725
5,300,0,89.878775
5,301,0,84.455941
5,302,0,90.267597
5,303,0,83.707453
5,304,0,84.302395
5,305,0,88.414009
5,306,0,90.462229
5,307,0,81.963293
5,308,0,76.66779
5,309,0,88.152853
5,310,0,78.906528
5,311,0,83.88597
5,312,0,80.659968
5,313,0,89.776852
5,314,0,78.105736
5,315,0,80.553867
5,316,0,86.57553
5,317,0,83.58733
5,318,0,89.822166
5,319,0,77.771031
5,320,0,85.248966
5,321,0,86.613436
5,322,0,86.894235
5,323,0,81.136943
5,324,0,85.151311
5,325,0,77.114846
5,326,0,86.318143
5,327,0,94.941732
5,328,0,88.758226
5,329,0,85.929348
5,330,0,94.842804
5,331,0,86.599899
5,332,0,76.582421
5,333,0,92.65706
5,334,0,76.988377
5,335,0,78.902796
5,336,0,76.358161
5,337,0,77.344501
5,338,0,80.20886
5,339,0,79.5743
5,340,0,78.072289
5,341,0,87.641266
5,342,0,76.726527
5,343,0,81.734981
5,344,0,82.477798
5,345,0,78.30328
5,346,0,92.494481
5,347,0,85.556172
5,348,0,81.012111
5,349,0,75.650706
5,350,0,79.778579
5,351,0,87.817464
5,352,0,86.307531
5,353,0,84.129823
5,354,0,78.090024
5,355,0,79.683699
5,356,0,82.065512
5,357,0,81.47893
5,358,0,77.64252
5,359,0,80.862566
5,360,0,77.012288
5,361,0,92.284023
5,362,0,92.001856
5,363,0,85.226966
5,364,0,79.818552
5,365,0,81.618316
5,366,0,80.005942
5,367,0,86.845045
5,368,0,79.941045
5,369,0,79.079259
5,370,0,82.089273
5,371,0,76.997891
5,372,0,83.677284
5,373,0,78.026132
5,374,0,78.951574
5,375,0,92.693362
5,376,0,86.435851
5,377,0,80.615966
5,378,0,84.136276
5,379,0,79.462879
5,380,0,85.91383
5,381,0,95.367257
5,382,0,83.177817
5,383,0,79.431852
5,384,0,80.181959
5,385,0,81.952519
5,386,0,87.177802
5,387,0,82.499873
5,388,0,80.01286
5,389,0,96.843349
5,390,0,81.762622
5,391,0,87.0738
5,392,0,80.679039
5,393,0,83.874718
5,394,0,81.993615
5,395,0,76.853977
5,396,0,84.780149
5,397,0,79.163256
5,398,0,81.591614
5,399,0,81.774489
5,400,0,85.375319
5,401,0,84.278412
5,402,0,82.543715
5,403,0,76.108611
5,404,0,79.281419
5,405,0,81.775051
5,406,0,81.340552
5,407,0,85.322186
5,408,0,85.972071
5,409,0,88.707853
5,410,0,75.147183
5,411,0,81.253491
5,412,0,81.565945
5,413,0,87.830777
5,414,0,87.986757
5,415,0,78.992754
5,416,0,80.095924
5,417,0,87.540535
5,418,0,82.049319
5,419,0,78.379365
5,420,0,78.577074
5,421,0,82.606568
5,422,0,76.038519
5,423,0,76.999454
5,424,0,80.37174
5,425,0,81.387838
5,426,0,87.444963
5,427,0,82.206772
5,428,0,78.082258
5,429,0,94.769231
5,430,0,77.151294
5,431,0,82.352822
5,432,0,78.701389
5,433,0,79.589733
5,434,0,75.541825
5,435,0,80.802289
5,436,0,76.579335
5,437,0,77.910164
5,438,0,79.93705
5,439,0,82.278816
5,440,0,91.000328
5,441,0,85.969032
5,442,0,83.535273
5,443,0,77.694947
5,444,0,83.558823
5,445,0,77.516858
5,446,0,81.453569
5,447,0,82.656467
5,448,0,110.45258
5,449,0,77.246408
5,450,0,76.946017
5,451,0,83.967669
5,452,0,82.26806
5,453,0,81.818445
5,454,0,79.954989
5,455,0,82.345063
5,456,0,81.569023
5,457,0,90.698333
5,458,0,80.143203
5,459,0,83.2861
5,460,0,79.653547
5,461,0,88.645529
5,462,0,82.031031
5,463,0,85.827765
5,464,0,92.879546
5,465,0,77.491177
5,466,0,83.068311
5,467,0,81.129969
5,468,0,81.846555
5,469,0,79.075571
5,470,0,83.928467
5,471,0,79.066557
5,472,0,81.894051
5,473,0,91.356851
5,474,0,98.294412
5,475,0,81.680622
5,476,0,87.657758
5,477,0,86.288458
5,478,0,80.7635
5,479,0,76.537455
5,480,0,82.875947
5,481,0,81.096754
5,482,0,75.626277
5,483,0,91.69377
5,484,0,83.085252
5,485,0,80.59519
5,486,0,75.315293
5,487,0,82.306959
5,488,0,78.695067
5,489,0,88.933694
5,490,0,76.288181
5,491,0,77.671576
5,492,0,85.447324
5,493,0,83.194031
5,494,0,78.061519
5,495,0,76.92152
5,496,0,88.724236
5,497,0,87.543598
5,498,0,79.614605
5,499,0,80.408464
5,500,0,89.105347
5,501,0,90.95641
5,502,0,84.262586
5,503,0,80.992729
5,504,0,93.677347
5,505,0,78.453959
5,506,0,89.552925
5,507,0,79.979087
5,508,0,77.539809
5,509,0,78.551705
5,510,0,75.556864
5,511,0,95.693081
5,512,0,90.426218
5,513,0,76.989749
5,514,0,79.383684
5,515,0,75.869076
5,516,0,76.465796
5,517,0,85.823045
5,518,0,82.323519
5,519,0,84.029968
5,520,0,96.347752
5,521,0,82.356117
5,522,0,93.466818
5,523,0,86.874021
5,524,0,87.97874
5,525,0,82.297081
5,526,0,78.639419
5,527,0,98.69202
5,528,0,79.448151
5,529,0,77.587156
5,530,0,86.930052
5,531,0,77.233973
5,532,0,77.141374
5,533,0,82.7911
5,534,0,83.561799
5,535,0,79.657153
5,536,0,86.519973
5,537,0,96.150525
5,538,0,82.567309
5,539,0,84.389766
5,540,0,81.374557
5,541,0,80.376288
5,542,0,91.92967
5,543,0,82.435336
5,544,0,77.900515
5,545,0,88.884932
5,546,0,86.49608
5,547,0,82.751734
5,548,0,75.164847
5,549,0,82.233223
5,550,0,90.347491
5,551,0,80.224079
5,552,0,82.09761
5,553,0,83.54243
5,554,0,86.253863
5,555,0,79.281175
5,556,0,79.503383
5,557,0,78.623722
5,558,0,76.881439
5,559,0,81.244109
5,560,0,81.432064
5,561,0,88.40853
5,562,0,77.608915
5,563,0,79.787433
5,564,0,90.168261
5,565,0,83.422077
5,566,0,79.210285
5,567,0,76.389258
5,568,0,79.55925
5,569,0,81.165345
5,570,0,80.078014
5,571,0,96.782702
5,572,0,75.787983
5,573,0,87.746505
5,574,0,80.955275
5,575,0,85.837895
5,576,0,76.050068
5,577,0,80.511525
5,578,0,86.967332
5,579,0,83.673171
5,580,0,88.299196
5,581,0,78.805775
5,582,0,79.474171
5,583,0,83.273398
5,584,0,79.32061
5,585,0,78.973089
5,586,0,79.139725
5,587,0,80.070061
5,588,0,76.606599
5,589,0,85.082075
5,590,0,80.045229
5,591,0,87.877363
5,592,0,84.150657
5,593,0,80.4224
5,594,0,89.376402
5,595,0,84.895687
5,596,0,74.780947
5,597,0,94.626299
5,598,0,81.266351
5,599,0,87.786813
5,600,0,78.169806
5,601,0,82.572511
5,602,0,85.949039
5,603,0,92.744022
5,604,0,75.740575
5,605,0,79.381698
5,606,0,77.653866
5,607,0,90.252092
5,608,0,83.835383
5,609,0,75.147073
5,610,0,81.909347
5,611,0,77.305631
5,612,0,81.460135
5,613,0,82.646453
5,614,0,76.517091
5,615,0,81.487366
5,616,0,76.694021
5,617,0,81.166968
5,618,0,80.705395
5,619,0,75.745283
5,620,0,89.732086
5,621,0,83.031766
5,622,0,79.015465
5,623,0,82.361118
5,624,0,76.28801
5,625,0,85.163041
5,626,0,79.344015
5,627,0,86.110901
5,628,0,80.127919
5,629,0,85.360664
5,630,0,90.214739
5,631,0,96.316494
5,632,0,94.099789
5,633,0,95.703763
5,634,0,91.776699
5,635,0,81.46409
5,636,0,80.970957
5,637,0,84.662253
5,638,0,79.040339
5,639,0,93.238819
5,640,0,83.908673
5,641,0,77.43201
5,642,0,93.473077
5,643,0,76.457813
5,644,0,92.739947
5,645,0,92.702648
5,646,0,79.046061
5,647,0,85.827439
5,648,0,84.319729
5,649,0,80.040303
5,650,0,75.836114
5,651,0,77.270708
5,652,0,88.214882
5,653,0,85.183177
5,654,0,91.529581
5,655,0,78.548682
5,656,0,113.875554
5,657,0,77.011619
5,658,0,78.943921
5,659,0,79.156342
5,660,0,83.882389
5,661,0,84.819972
5,662,0,85.632393
5,663,0,78.792929
5,664,0,85.189507
5,665,0,85.900721
5,666,0,84.75918
5,667,0,78.094259
5,668,0,82.276419
5,669,0,82.909047
5,670,0,79.53571
5,671,0,80.200098
5,672,0,78.350162
5,673,0,78.901906
5,674,0,81.838502
5,675,0,107.365161
5,676,0,75.57531
5,677,0,82.965644
5,678,0,82.290132
5,679,0,76.218843
5,680,0,83.792696
5,681,0,76.087235
5,682,0,85.912658
5,683,0,82.504787
5,684,0,80.652357
5,685,0,83.623796
5,686,0,81.979801
5,687,0,82.881382
5,688,0,80.974551
5,689,0,94.662617
5,690,0,76.462291
5,691,0,104.027407
5,692,0,109.1262
5,693,0,93.263318
5,694,0,86.849123
5,695,0,77.490002
5,696,0,92.981859
5,697,0,77.063503
5,698,0,89.334969
5,699,0,78.614763
5,700,0,82.395479
5,701,0,86.309073
5,702,0,76.234904
5,703,0,82.088933
5,704,0,81.037327
5,705,0,78.225933
5,706,0,79.159491
5,707,0,77.617113
5,708,0,80.482517
5,709,0,90.37683
5,710,0,73.935647
5,711,0,76.592514
5,712,0,79.068305
5,713,0,95.469769
5,714,0,80.878449
5,715,0,79.536886
5,716,0,88.915102
5,717,0,79.072281
5,718,0,92.683022
5,719,0,82.701032
5,720,0,84.048371
5,721,0,92.32113
5,722,0,78.330158
5,723,0,82.361
5,724,0,84.463131
5,725,0,80.008181
5,726,0,77.515228
5,727,0,82.464102
5,728,0,92.190581
5,729,0,79.65202
5,730,0,81.171554
5,731,0,77.099639
5,732,0,87.725432
5,733,0,85.120273
5,734,0,83.183025
5,735,0,82.845686
5,736,0,83.558242
5,737,0,79.40566
5,738,0,95.336225
5,739,0,76.413929
5,740,0,79.939209
5,741,0,81.058993
5,742,0,78.983667
5,743,0,87.207524
5,744,0,84.371652
5,745,0,83.701637
5,746,0,87.155861
5,747,0,92.608498
5,748,0,78.713832
5,749,0,79.21503
5,750,0,79.842355
5,751,0,85.774914
5,752,0,82.249108
5,753,0,81.115987
5,754,0,80.457691
5,755,0,78.16653
5,756,0,85.663058
5,757,0,102.674197
5,758,0,86.115626
5,759,0,86.477179
5,760,0,77.01441
5,761,0,82.995703
5,762,0,77.638112
5,763,0,87.520982
5,764,0,83.975045
5,765,0,90.936559
5,766,0,77.736143
5,767,0,80.624019
5,768,0,81.621068
5,769,0,85.635851
5,770,0,77.063191
5,771,0,85.121853
5,772,0,76.508286
5,773,0,81.551293
5,774,0,80.0788
5,775,0,80.034064
5,776,0,87.355621
5,777,0,116.647596
5,778,0,82.203597
5,779,0,79.662781
5,780,0,81.627052
5,781,0,84.470348
5,782,0,88.333747
5,783,0,80.232152
5,784,0,77.578797
5,785,0,82.43356
5,786,0,86.865944
5,787,0,75.65142
5,788,0,74.580713
5,789,0,81.78134
5,790,0,79.28412
5,791,0,86.847814
5,792,0,93.392731
5,793,0,80.819327
5,794,0,84.416403
5,795,0,86.802292
5,796,0,81.7101
5,797,0,79.693416
5,798,0,88.02
5,799,0,76.116176
5,800,0,82.752323
5,801,0,76.532743
5,802,0,79.606857
5,803,0,83.514436
5,804,0,80.495169
5,805,0,75.899167
5,806,0,78.422583
5,807,0,77.81616
5,808,0,81.070016
5,809,0,81.371746
5,810,0,87.566973
5,811,0,80.953776
5,812,0,78.915954
5,813,0,76.580594
5,814,0,84.172872
5,815,0,78.598711
5,816,0,77.384921
5,817,0,80.524256
5,818,0,79.844648
5,819,0,93.685925
5,820,0,85.864973
5,821,0,78.74295
5,822,0,77.973828
5,823,0,88.884055
5,824,0,83.58032
5,825,0,81.60526
5,826,0,78.81776
5,827,0,81.970755
5,828,0,100.445643
5,829,0,76.758055
5,830,0,77.084037
5,831,0,87.214639
5,832,0,75.803004
5,833,0,82.366902
5,834,0,77.92329
5,835,0,95.910649
5,836,0,83.653902
5,837,0,81.730024
5,838,0,81.904982
5,839,0,82.566064
5,840,0,77.187948
5,841,0,75.903705
5,842,0,90.850146
5,843,0,92.610819
5,844,0,79.661866
5,845,0,78.978676
5,846,0,78.276265
5,847,0,77.330037
5,848,0,81.135278
5,849,0,79.92035
5,850,0,92.123801
5,851,0,90.03719
5,852,0,83.872295
5,853,0,86.344545
5,854,0,84.167639
5,855,0,85.253463
5,856,0,89.187008
5,857,0,76.934385
5,858,0,86.755871
5,859,0,87.704347
5,860,0,80.598722
5,861,0,79.602485
5,862,0,82.929321
5,863,0,83.93322
5,864,0,82.871808
5,865,0,83.733471
5,866,0,75.744464
5,867,0,85.196916
5,868,0,76.551829
5,869,0,82.470481
5,870,0,81.455182
5,871,0,74.436593
5,872,0,82.84811
5,873,0,84.063889
5,874,0,96.317708
5,875,0,79.335731
5,876,0,86.863925
5,877,0,84.138357
5,878,0,76.065142
5,879,0,83.281066
5,880,0,78.749422
5,881,0,82.498228
5,882,0,89.849721
5,883,0,74.485767
5,884,0,81.285246
5,885,0,81.858625
5,886,0,79.922452
5,887,0,78.867658
5,888,0,76.285998
5,889,0,82.817535
5,890,0,78.324219
5,891,0,83.581959
5,892,0,91.159897
5,893,0,77.842467
5,894,0,81.2993
5,895,0,93.271048
5,896,0,81.794815
5,897,0,77.161109
5,898,0,87.254557
5,899,0,87.519979
5,900,0,80.826372
5,901,0,83.242554
5,902,0,88.458026
5,903,0,86.286871
5,904,0,81.843443
5,905,0,83.037466
5,906,0,91.115225
5,907,0,80.99363
5,908,0,81.497013
5,909,0,87.954575
5,910,0,76.223185
5,911,0,81.781085
5,912,0,84.882184
5,913,0,85.014754
5,914,0,84.010687
5,915,0,78.877076
5,916,0,78.418492
5,917,0,76.039337
5,918,0,83.916472
5,919,0,84.204707
5,920,0,102.808143
5,921,0,81.457326
5,922,0,77.859709
5,923,0,83.714933
5,924,0,90.136555
5,925,0,81.131302
5,926,0,80.490892
5,927,0,79.757735
5,928,0,75.226523
5,929,0,93.01764
5,930,0,85.969281
5,931,0,83.244381
5,932,0,77.88307
5,933,0,83.760668
5,934,0,78.930525
5,935,0,97.565881
5,936,0,86.916157
5,937,0,86.356595
5,938,0,101.812299
5,939,0,81.686227
5,940,0,74.936493
5,941,0,84.216416
5,942,0,79.662871
5,943,0,84.226105
5,944,0,76.982273
5,945,0,83.126711
5,946,0,84.487087
5,947,0,85.532108
5,948,0,91.265255
5,949,0,102.224014
5,950,0,80.32615
5,951,0,81.701267
5,952,0,76.845541
5,953,0,84.497
5,954,0,91.804879
5,955,0,85.17723
5,956,0,78.85541
5,957,0,82.69604
5,958,0,78.999666
5,959,0,89.755451
5,960,0,77.739402
5,961,0,89.365809
5,962,0,78.477909
5,963,0,92.709178
5,964,0,75.876022
5,965,0,81.986817
5,966,0,80.915968
5,967,0,86.659027
5,968,0,81.993272
5,969,0,77.723728
5,970,0,77.042096
5,971,0,75.517273
5,972,0,92.573577
5,973,0,81.556048
5,974,0,86.785397
5,975,0,97.846432
5,976,0,94.773589
5,977,0,81.018048
5,978,0,87.028028
5,979,0,85.469498
5,980,0,90.455184
5,981,0,81.837395
5,982,0,81.013737
5,983,0,82.327831
5,984,0,82.843245
5,985,0,77.316775
5,986,0,79.862494
5,987,0,75.998062
5,988,0,94.165504
5,989,0,87.61787
5,990,0,79.54803
5,991,0,80.56895
5,992,0,80.156436
5,993,0,83.379207
5,994,0,77.624529
5,995,0,86.486441
5,996,0,80.933401
5,997,0,96.172082
5,998,0,82.863253
5,999,0,75.215074
6,0,0,77.266177
6,1,0,78.245757
6,2,0,77.862657
6,3,0,74.865639
6,4,0,79.088759
6,5,0,81.595892
6,6,0,92.170663
6,7,0,80.787868
6,8,0,79.320483
6,9,0,84.481703
6,10,0,85.145522
6,11,0,82.869639
6,12,0,82.774552
6,13,0,81.651572
6,14,0,85.73307
6,15,0,83.464145
6,16,0,84.052103
6,17,0,90.63895
6,18,0,91.596794
6,19,0,79.385041
6,20,0,87.989763
6,21,0,84.760705
6,22,0,83.199758
6,23,0,83.384521
6,24,0,76.570295
6,25,0,75.390954
6,26,0,82.076432
6,27,0,81.357842
6,28,0,78.321988
6,29,0,81.357708
6,30,0,95.954691
6,31,0,77.130827
6,32,0,83.256838
6,33,0,79.192213
6,34,0,80.633378
6,35,0,80.555758
6,36,0,76.462133
6,37,0,75.309285
6,38,0,83.369935
6,39,0,82.399515
6,40,0,82.376839
6,41,0,87.068397
6,42,0,87.318943
6,43,0,80.195786
6,44,0,77.231483
6,45,0,80.448175
6,46,0,86.894406
6,47,0,77.86257
6,48,0,77.06672
6,49,0,79.536146
6,50,0,84.675968
6,51,0,86.044585
6,52,0,90.841819
6,53,0,80.258848
6,54,0,83.977695
6,55,0,80.838303
6,56,0,95.098999
6,57,0,77.307415
6,58,0,81.803697
6,59,0,77.130912
6,60,0,80.814523
6,61,0,80.704538
6,62,0,78.474605
6,63,0,95.691585
6,64,0,87.664106
6,65,0,86.317291
6,66,0,85.037091
6,67,0,91.923579
6,68,0,75.403592
6,69,0,85.607207
6,70,0,80.609951
6,71,0,90.766982
6,72,0,82.992983
6,73,0,81.983376
6,74,0,87.341266
6,75,0,80.88699
6,76,0,90.64836
6,77,0,74.454257
6,78,0,81.576923
6,79,0,82.970734
6,80,0,76.185697
6,81,0,84.129901
6,82,0,80.814162
6,83,0,81.968437
6,84,0,81.120671
6,85,0,85.462275
6,86,0,80.071065
6,87,0,77.591455
6,88,0,93.97661
6,89,0,85.041276
6,90,0,80.982742
6,91,0,79.729438
6,92,0,91.37016
6,93,0,83.717654
6,94,0,83.099981
6,95,0,87.918912
6,96,0,76.513434
6,97,0,76.029278
6,98,0,76.829197
6,99,0,87.168327
6,100,0,81.670701
6,101,0,78.752227
6,102,0,87.643159
6,103,0,76.251556
6,104,0,78.801305
6,105,0,80.313439
6,106,0,93.13808
6,107,0,81.862211
6,108,0,85.509088
6,109,0,78.320051
6,110,0,84.733018
6,111,0,76.52354
6,112,0,80.809851
6,113,0,78.465206
6,114,0,77.441549
6,115,0,81.670845
6,116,0,80.006851
6,117,0,81.55565
6,118,0,86.548197
6,119,0,76.071771
6,120,0,95.73043
6,121,0,85.694709
6,122,0,76.319558
6,123,0,82.054257
6,124,0,78.302062
6,125,0,93.436401
6,126,0,86.147164
6,127,0,83.636139
6,128,0,97.315458
6,129,0,84.492315
6,130,0,79.073442
6,131,0,75.861292
6,132,0,83.302046
6,133,0,80.760198
6,134,0,84.922665
6,135,0,90.582463
6,136,0,82.568181
6,137,0,81.690382
6,138,0,80.658213
6,139,0,80.222818
6,140,0,81.877264
6,141,0,87.167948
6,142,0,83.746578
6,143,0,84.348154
6,144,0,80.35609
6,145,0,83.592608
6,146,0,86.838848
6,147,0,81.359536
6,148,0,88.231381
6,149,0,81.142122
6,150,0,85.971783
6,151,0,90.698267
6,152,0,97.194837
6,153,0,94.822584
6,154,0,83.456769
6,155,0,81.40467
6,156,0,84.084997
6,157,0,82.109848
6,158,0,83.015634
6,159,0,77.319164
6,160,0,88.660781
6,161,0,80.585615
6,162,0,84.395755
6,163,0,81.730376
6,164,0,74.860142
6,165,0,85.151083
6,166,0,77.421822
6,167,0,76.877457
6,168,0,89.316935
6,169,0,77.844297
6,170,0,77.270224
6,171,0,81.933432
6,172,0,81.205411
6,173,0,80.398084
6,174,0,90.81609
6,175,0,79.192041
6,176,0,91.867467
6,177,0,81.548568
6,178,0,83.89046
6,179,0,88.555261
6,180,0,82.554804
6,181,0,81.694652
6,182,0,78.489328
6,183,0,80.668464
6,184,0,76.372696
6,185,0,79.123065
6,186,0,77.297831
6,187,0,80.077137
6,188,0,76.626241
6,189,0,87.125953
6,190,0,78.132407
6,191,0,84.562454
6,192,0,94.392327
6,193,0,83.461526
6,194,0,76.33335
6,195,0,78.850937
6,196,0,74.642808
6,197,0,75.833352
6,198,0,82.992829
6,199,0,80.836853
6,200,0,82.759667
6,201,0,89.876474
6,202,0,91.770847
6,203,0,84.96174
6,204,0,81.646259
6,205,0,77.836659
6,206,0,85.327885
6,207,0,75.253622
6,208,0,82.312892
6,209,0,76.156711
6,210,0,80.731903
6,211,0,77.955883
6,212,0,83.168836
6,213,0,76.34236
6,214,0,84.919693
6,215,0,81.081463
6,216,0,81.394817
6,217,0,76.956976
6,218,0,80.384787
6,219,0,84.598225
6,220,0,92.276344
6,221,0,77.133684
6,222,0,80.01396
6,223,0,77.300575
6,224,0,76.773908
6,225,0,86.764415
6,226,0,78.001611
6,227,0,78.313263
6,228,0,84.114502
6,229,0,90.817051
6,230,0,77.709608
6,231,0,85.818264
6,232,0,80.951541
6,233,0,75.80065
6,234,0,81.688894
6,235,0,79.056742
6,236,0,84.5869
6,237,0,91.267365
6,238,0,81.485185
6,239,0,77.50822
6,240,0,80.138366
6,241,0,79.912638
6,242,0,83.802178
6,243,0,90.066833
6,244,0,88.647479
6,245,0,84.328656
6,246,0,82.39678
6,247,0,77.26378
6,248,0,79.640692
6,249,0,84.457747
6,250,0,81.472159
6,251,0,80.596248
6,252,0,80.180326
6,253,0,96.892722
6,254,0,81.067644
6,255,0,76.730608
6,256,0,88.330555
6,257,0,73.545867
6,258,0,92.032609
6,259,0,87.951855
6,260,0,93.543374
6,261,0,92.628809
6,262,0,77.743066
6,263,0,79.372677
6,264,0,80.819017
6,265,0,79.024937
6,266,0,77.872441
6,267,0,84.855729
6,268,0,79.502006
6,269,0,81.483852
6,270,0,87.737015
6,271,0,81.892234
6,272,0,81.613597
6,273,0,83.385882
6,274,0,102.703413
6,275,0,83.837654
6,276,0,77.655974
6,277,0,81.006434
6,278,0,97.151001
6,279,0,81.159012
6,280,0,80.626578
6,281,0,82.614342
6,282,0,79.290145
6,283,0,81.121629
6,284,0,77.177048
6,285,0,85.512105
6,286,0,80.190732
6,287,0,93.637208
6,288,0,91.343308
6,289,0,80.134681
6,290,0,94.512876
6,291,0,85.531747
6,292,0,77.253275
6,293,0,82.954826
6,294,0,79.420588
6,295,0,86.037828
6,296,0,87.193013
6,297,0,78.246674
6,298,0,96.088851
6,299,0,86.199461
6,300,0,77.970665
6,301,0,85.948845
6,302,0,85.248147
6,303,0,80.010844
6,304,0,91.105068
6,305,0,78.966646
6,306,0,83.560592
6,307,0,87.127893
6,308,0,77.245097
6,309,0,82.552414
6,310,0,85.773262
6,311,0,84.724718
6,312,0,82.306316
6,313,0,83.433115
6,314,0,79.994614
6,315,0,85.669025
6,316,0,84.70463
6,317,0,81.228815
6,318,0,104.734699
6,319,0,76.953053
6,320,0,80.830773
6,321,0,89.663804
6,322,0,80.797815
6,323,0,93.23108
6,324,0,77.115367
6,325,0,83.951428
6,326,0,88.143176
6,327,0,91.857316
6,328,0,90.543825
6,329,0,80.853685
6,330,0,86.984902
6,331,0,76.586369
6,332,0,80.405287
6,333,0,94.899958
6,334,0,80.79403
6,335,0,81.146851
6,336,0,90.484893
6,337,0,92.660015
6,338,0,79.361212
6,339,0,81.6529
6,340,0,96.372619
6,341,0,80.484749
6,342,0,77.177336
6,343,0,82.905605
6,344,0,81.889288
6,345,0,83.853421
6,346,0,77.766697
6,347,0,76.908472
6,348,0,88.863423
6,349,0,77.524761
6,350,0,86.746267
6,351,0,83.378752
6,352,0,79.635758
6,353,0,81.346998
6,354,0,79.694607
6,355,0,86.567356
6,356,0,78.339314
6,357,0,84.364537
6,358,0,77.363762
6,359,0,94.767948
6,360,0,78.31477
6,361,0,95.806726
6,362,0,82.132305
6,363,0,76.580171
6,364,0,100.063246
6,365,0,91.774891
6,366,0,77.076524
6,367,0,74.41315
6,368,0,103.967648
6,369,0,81.628233
6,370,0,75.784188
6,371,0,80.303618
6,372,0,76.48781
6,373,0,78.258204
6,374,0,79.577387
6,375,0,77.771922
6,376,0,88.617696
6,377,0,81.256369
6,378,0,75.4986
6,379,0,82.262906
6,380,0,82.626106
6,381,0,78.996321
6,382,0,85.101148
6,383,0,84.662254
6,384,0,80.61853
6,385,0,78.412233
6,386,0,83.467402
6,387,0,88.308047
6,388,0,78.542297
6,389,0,87.992283
6,390,0,95.316117
6,391,0,89.538922
6,392,0,84.097949
6,393,0,75.782433
6,394,0,81.562809
6,395,0,87.694209
6,396,0,87.030084
6,397,0,78.815846
6,398,0,84.699007
6,399,0,91.104728
6,400,0,79.834317
6,401,0,80.072273
6,402,0,76.955319
6,403,0,77.898108
6,404,0,79.141391
6,405,0,79.483768
6,406,0,77.579167
6,407,0,82.84099
6,408,0,82.771865
6,409,0,83.39276
6,410,0,81.639971
6,411,0,85.08816
6,412,0,78.198239
6,413,0,87.23236
6,414,0,78.566501
6,415,0,78.262066
6,416,0,80.867733
6,417,0,79.766282
6,418,0,76.706647
6,419,0,85.391351
6,420,0,96.796877
6,421,0,85.390613
6,422,0,95.792009
6,423,0,82.842455
6,424,0,78.826293
6,425,0,87.650218
6,426,0,81.696883
6,427,0,94.809119
6,428,0,91.326568
6,429,0,76.952655
6,430,0,81.442441
6,431,0,80.16865
6,432,0,90.601803
6,433,0,79.482145
6,434,0,76.845876
6,435,0,80.747567
6,436,0,94.865965
6,437,0,78.769959
6,438,0,77.338645
6,439,0,79.610098
6,440,0,77.823072
6,441,0,77.958549
6,442,0,79.235237
6,443,0,84.760704
6,444,0,92.274677
6,445,0,82.099506
6,446,0,79.741306
6,447,0,83.38061
6,448,0,81.550618
6,449,0,79.530565
6,450,0,78.985779
6,451,0,79.850838
6,452,0,79.317301
6,453,0,78.473943
6,454,0,81.66258
6,455,0,79.618797
6,456,0,85.151433
6,457,0,78.184739
6,458,0,82.850019
6,459,0,80.261191
6,460,0,76.521532
6,461,0,81.097615
6,462,0,88.213414
6,463,0,75.752141
6,464,0,78.873042
6,465,0,78.316691
6,466,0,79.505422
6,467,0,75.629257
6,468,0,87.802947
6,469,0,86.059076
6,470,0,99.809666
6,471,0,78.881488
6,472,0,91.93159
6,473,0,87.99366
6,474,0,78.056224
6,475,0,88.098707
6,476,0,80.44507
6,477,0,76.871705
6,478,0,80.203028
6,479,0,78.076923
6,480,0,90.591348
6,481,0,83.177696
6,482,0,85.520513
6,483,0,85.921875
6,484,0,77.565744
6,485,0,81.723769
6,486,0,85.562304
6,487,0,80.036935
6,488,0,83.624136
6,489,0,95.943458
6,490,0,81.524926
6,491,0,75.135619
6,492,0,79.544673
6,493,0,85.535881
6,494,0,74.492725
6,495,0,82.045512
6,496,0,79.760546
6,497,0,90.468246
6,498,0,79.876729
6,499,0,85.818283
6,500,0,80.218924
6,501,0,78.607482
6,502,0,85.677416
6,503,0,86.326129
6,504,0,80.385774
6,505,0,87.665063
6,506,0,80.337347
6,507,0,88.877573
6,508,0,79.599258
6,509,0,80.255015
6,510,0,78.521162
6,511,0,81.092934
6,512,0,79.828979
6,513,0,86.514602
6,514,0,76.14991
6,515,0,74.692348
6,516,0,80.717939
6,517,0,83.192904
6,518,0,86.27937
6,519,0,84.891803
6,520,0,94.276782
6,521,0,82.856231
6,522,0,81.723602
6,523,0,82.492687
6,524,0,80.653076
6,525,0,78.555916
6,526,0,80.92281
6,527,0,101.964695
6,528,0,78.70268
6,529,0,80.116337
6,530,0,76.571723
6,531,0,75.020383
6,532,0,79.110187
6,533,0,77.281591
6,534,0,85.894491
6,535,0,81.271604
6,536,0,84.394509
6,537,0,78.587138
6,538,0,90.686032
6,539,0,88.914465
6,540,0,79.564475
6,541,0,83.95237
6,542,0,90.78302
6,543,0,82.268078
6,544,0,99.852325
6,545,0,76.405758
6,546,0,76.882123
6,547,0,82.260497
6,548,0,87.080161
6,549,0,98.192104
6,550,0,81.259075
6,551,0,78.158625
6,552,0,75.432001
6,553,0,85.59529
6,554,0,75.510847
6,555,0,79.479453
6,556,0,86.885596
6,557,0,87.1697
6,558,0,79.566247
6,559,0,86.070289
6,560,0,81.473198
6,561,0,76.560839
6,562,0,91.348879
6,563,0,82.030062
6,564,0,79.685339
6,565,0,82.328612
6,566,0,82.792199
6,567,0,76.889203
6,568,0,84.630729
6,569,0,76.585198
6,570,0,79.774468
6,571,0,81.374708
6,572,0,78.113237
6,573,0,84.284043
6,574,0,84.796803
6,575,0,80.517778
6,576,0,88.532696
6,577,0,80.465061
6,578,0,75.451591
6,579,0,82.702228
6,580,0,78.872904
6,581,0,82.102327
6,582,0,80.208106
6,583,0,96.002383
6,584,0,75.644943
6,585,0,77.578881
6,586,0,79.369538
6,587,0,82.916063
6,588,0,78.702849
6,589,0,77.883589
6,590,0,78.440781
6,591,0,83.878089
6,592,0,77.204285
6,593,0,77.773596
6,594,0,80.90929
6,595,0,78.114327
6,596,0,90.408447
6,597,0,93.811715
6,598,0,82.319912
6,599,0,79.047464
6,600,0,77.450677
6,601,0,77.979261
6,602,0,86.356932
6,603,0,84.878714
6,604,0,77.79002
6,605,0,82.159697
6,606,0,75.800199
6,607,0,84.916941
6,608,0,82.894584
6,609,0,75.948446
6,610,0,82.391222
6,611,0,77.546975
6,612,0,90.481513
6,613,0,76.140663
6,614,0,76.803885
6,615,0,77.067375
6,616,0,81.073164
6,617,0,79.958547
6,618,0,98.960823
6,619,0,87.145477
6,620,0,78.052373
6,621,0,85.494781
6,622,0,84.664486
6,623,0,78.808119
6,624,0,80.198852
6,625,0,80.462029
6,626,0,78.571837
6,627,0,80.504892
6,628,0,79.31994
6,629,0,82.041847
6,630,0,78.112103
6,631,0,85.50778
6,632,0,87.003309
6,633,0,78.446163
6,634,0,80.000403
6,635,0,87.902641
6,636,0,77.225399
6,637,0,88.45415
6,638,0,76.246935
6,639,0,81.566368
6,640,0,86.644365
6,641,0,94.819017
6,642,0,83.258689
6,643,0,80.696587
6,644,0,76.648983
6,645,0,81.285217
6,646,0,80.569026
6,647,0,209.740533
6,648,0,76.415736
6,649,0,81.489843
6,650,0,80.944698
6,651,0,94.485411
6,652,0,87.938999
6,653,0,85.21538
6,654,0,80.965747
6,655,0,83.432785
6,656,0,85.936777
6,657,0,97.90563
6,658,0,90.921523
6,659,0,77.430994
6,660,0,84.11463
6,661,0,88.345793
6,662,0,90.546087
6,663,0,84.107074
6,664,0,98.855506
6,665,0,75.218465
6,666,0,81.443318
6,667,0,84.243069
6,668,0,79.519834
6,669,0,79.622757
6,670,0,89.695321
6,671,0,76.041345
6,672,0,78.800833
6,673,0,78.906117
6,674,0,77.635669
6,675,0,81.601338
6,676,0,79.34197
6,677,0,79.968062
6,678,0,85.124236
6,679,0,76.85245
6,680,0,89.52848
6,681,0,84.60826
6,682,0,91.86668
6,683,0,87.777125
6,684,0,81.579558
6,685,0,77.449718
6,686,0,78.649708
6,687,0,90.636956
6,688,0,89.486882
6,689,0,80.007767
6,690,0,78.783908
6,691,0,82.39624
6,692,0,99.36042
6,693,0,77.126029
6,694,0,77.448887
6,695,0,84.926214
6,696,0,83.699736
6,697,0,77.749859
6,698,0,83.567434
6,699,0,117.992844
6,700,0,79.411138
6,701,0,77.128033
6,702,0,101.781488
6,703,0,83.528189
6,704,0,80.604935
6,705,0,79.720545
6,706,0,95.444427
6,707,0,83.439766
6,708,0,77.977966
6,709,0,83.434025
6,710,0,87.80344
6,711,0,83.605009
6,712,0,83.167481
6,713,0,81.212654
6,714,0,77.8405
6,715,0,89.117747
6,716,0,79.621219
6,717,0,79.338956
6,718,0,90.833555
6,719,0,79.713712
6,720,0,83.405133
6,721,0,78.173397
6,722,0,86.213329
6,723,0,81.976711
6,724,0,79.384554
6,725,0,77.308126
6,726,0,81.237553
6,727,0,95.381937
6,728,0,81.014523
6,729,0,76.204894
6,730,0,84.939764
6,731,0,81.952843
6,732,0,85.145435
6,733,0,85.006851
6,734,0,83.706544
6,735,0,78.314619
6,736,0,77.289689
6,737,0,74.628467
6,738,0,100.358481
6,739,0,80.010226
6,740,0,86.343807
6,741,0,83.620689
6,742,0,78.156636
6,743,0,79.395735
6,744,0,79.188232
6,745,0,81.371106
6,746,0,84.975
6,747,0,81.867404
6,748,0,79.350183
6,749,0,78.313169
6,750,0,84.791437
6,751,0,85.446045
6,752,0,83.470951
6,753,0,78.539518
6,754,0,95.992785
6,755,0,81.173331
6,756,0,84.341418
6,757,0,78.909181
6,758,0,88.31664
6,759,0,107.641845
6,760,0,83.668902
6,761,0,81.788449
6,762,0,107.212622
6,763,0,87.086328
6,764,0,79.076211
6,765,0,87.45753
6,766,0,82.876017
6,767,0,90.238899
6,768,0,87.148964
6,769,0,106.615865
6,770,0,76.298547
6,771,0,76.675118
6,772,0,82.404526
6,773,0,82.184533
6,774,0,83.429083
6,775,0,82.741292
6,776,0,80.871381
6,777,0,84.632404
6,778,0,83.496389
6,779,0,84.227197
6,780,0,79.72222
6,781,0,85.927533
6,782,0,90.028243
6,783,0,80.635664
6,784,0,115.826183
6,785,0,81.581736
6,786,0,74.873011
6,787,0,84.343648
6,788,0,78.504256
6,789,0,88.483913
6,790,0,83.124548
6,791,0,78.676592
6,792,0,104.664637
6,793,0,89.736421
6,794,0,95.172073
6,795,0,79.584579
6,796,0,82.156349
6,797,0,84.62765
6,798,0,79.318883
6,799,0,81.483869
6,800,0,75.422449
6,801,0,81.191924
6,802,0,82.458945
6,803,0,85.201775
6,804,0,94.635644
6,805,0,80.064876
6,806,0,77.647737
6,807,0,84.862257
6,808,0,79.496373
6,809,0,93.515541
6,810,0,77.951472
6,811,0,85.216659
6,812,0,81.345541
6,813,0,92.349052
6,814,0,79.504192
6,815,0,78.110535
6,816,0,81.201047
6,817,0,78.609044
6,818,0,78.443078
6,819,0,81.954926
6,820,0,83.581465
6,821,0,85.493915
6,822,0,83.675736
6,823,0,86.421312
6,824,0,79.127819
6,825,0,79.709
6,826,0,80.813792
6,827,0,80.811858
6,828,0,81.730523
6,829,0,83.414798
6,830,0,84.303919
6,831,0,94.511999
6,832,0,80.228506
6,833,0,83.468346
6,834,0,79.441043
6,835,0,85.966481
6,836,0,79.26328
6,837,0,79.642749
6,838,0,83.986266
6,839,0,84.002153
6,840,0,84.125631
6,841,0,81.846288
6,842,0,83.868876
6,843,0,102.087023
6,844,0,78.883752
6,845,0,83.25648
6,846,0,96.341499
6,847,0,81.575875
6,848,0,80.579443
6,849,0,85.792889
6,850,0,78.86338
6,851,0,88.615941
6,852,0,82.961287
6,853,0,78.888432
6,854,0,100.117967
6,855,0,79.965646
6,856,0,90.215229
6,857,0,80.214892
6,858,0,78.32301
6,859,0,76.365592
6,860,0,80.27031
6,861,0,79.25148
6,862,0,84.228101
6,863,0,81.058537
6,864,0,75.174578
6,865,0,95.420004
6,866,0,87.142476
6,867,0,77.492649
6,868,0,77.112092
6,869,0,89.314029
6,870,0,83.492786
6,871,0,78.567379
6,872,0,83.771566
6,873,0,114.99431
6,874,0,87.709077
6,875,0,78.851707
6,876,0,93.569123
6,877,0,83.478536
6,878,0,84.525486
6,879,0,76.001577
6,880,0,75.91892
6,881,0,93.44189
6,882,0,82.172694
6,883,0,81.731936
6,884,0,79.691518
6,885,0,76.608346
6,886,0,83.410492
6,887,0,88.545745
6,888,0,78.602272
6,889,0,78.0817
6,890,0,84.077148
6,891,0,82.754152
6,892,0,82.215447
6,893,0,80.753851
6,894,0,102.671251
6,895,0,82.268637
6,896,0,92.708322
6,897,0,76.486551
6,898,0,80.22751
6,899,0,88.001768
6,900,0,78.747651
6,901,0,77.944456
6,902,0,80.816451
6,903,0,78.404298
6,904,0,79.439929
6,905,0,90.608328
6,906,0,82.16268
6,907,0,106.91595
6,908,0,91.05504
6,909,0,76.666246
6,910,0,78.805538
6,911,0,82.581193
6,912,0,81.655115
6,913,0,83.818592
6,914,0,80.109945
6,915,0,76.480543
6,916,0,84.442525
6,917,0,82.460647
6,918,0,84.433274
6,919,0,89.568357
6,920,0,79.924442
6,921,0,79.011087
6,922,0,80.010236
6,923,0,90.607027
6,924,0,79.726219
6,925,0,78.637566
6,926,0,79.661332
6,927,0,77.98797
6,928,0,76.815951
6,929,0,92.833169
6,930,0,90.738471
6,931,0,92.485458
6,932,0,86.299118
6,933,0,92.849718
6,934,0,80.291591
6,935,0,79.829099
6,936,0,86.80219
6,937,0,83.097381
6,938,0,83.834723
6,939,0,76.155074
6,940,0,85.75124
6,941,0,84.103358
6,942,0,90.463553
6,943,0,79.346616
6,944,0,84.276058
6,945,0,84.234311
6,946,0,84.292268
6,947,0,82.458711
6,948,0,87.069334
6,949,0,78.527985
6,950,0,83.438313
6,951,0,83.173287
6,952,0,86.64895
6,953,0,88.940529
6,954,0,85.007218
6,955,0,74.920872
6,956,0,82.919175
6,957,0,90.222797
6,958,0,83.874418
6,959,0,90.335129
6,960,0,80.923976
6,961,0,81.696526
6,962,0,111.051801
6,963,0,79.833352
6,964,0,80.876711
6,965,0,76.349408
6,966,0,89.421039
6,967,0,96.578788
6,968,0,96.007746
6,969,0,78.325414
6,970,0,79.472488
6,971,0,85.87452
6,972,0,81.767691
6,973,0,85.462428
6,974,0,87.834092
6,975,0,85.306169
6,976,0,82.136819
6,977,0,96.019707
6,978,0,78.963521
6,979,0,82.532753
6,980,0,92.099927
6,981,0,96.53501
6,982,0,86.434285
6,983,0,80.502753
6,984,0,81.611236
6,985,0,92.320337
6,986,0,97.565583
6,987,0,83.471117
6,988,0,80.902932
6,989,0,80.299613
6,990,0,77.848728
6,991,0,79.307318
6,992,0,78.079896
6,993,0,80.363148
6,994,0,85.642404
6,995,0,89.830904
6,996,0,83.411336
6,997,0,78.215272
6,998,0,87.555655
6,999,0,85.665003
7,0,0,80.719167
7,1,0,78.195991
7,2,0,82.610794
7,3,0,82.116538
7,4,0,83.142124
7,5,0,78.778406
7,6,0,84.505683
7,7,0,82.273642
7,8,0,79.100137
7,9,0,78.138871
7,10,0,91.463639
7,11,0,81.467629
7,12,0,105.868679
7,13,0,83.142687
7,14,0,82.056184
7,15,0,84.780385
7,16,0,79.59446
7,17,0,74.840725
7,18,0,78.654222
7,19,0,81.480588
7,20,0,80.294715
7,21,0,82.221923
7,22,0,83.250932
7,23,0,79.180114
7,24,0,86.579135
7,25,0,78.616441
7,26,0,89.407214
7,27,0,80.365819
7,28,0,88.562037
7,29,0,80.214047
7,30,0,79.85585
7,31,0,87.023895
7,32,0,86.091029
7,33,0,77.163311
7,34,0,81.763463
7,35,0,84.3534
7,36,0,77.119879
7,37,0,90.79746
7,38,0,78.470726
7,39,0,86.917597
7,40,0,89.32166
7,41,0,85.140082
7,42,0,88.499969
7,43,0,87.808218
7,44,0,81.680119
7,45,0,85.042253
7,46,0,82.723441
7,47,0,83.495547
7,48,0,85.084909
7,49,0,80.381652
7,50,0,82.855503
7,51,0,81.958666
7,52,0,81.570999
7,53,0,76.793528
7,54,0,77.743174
7,55,0,80.278241
7,56,0,83.981558
7,57,0,86.220808
7,58,0,83.018147
7,59,0,92.708501
7,60,0,78.993149
7,61,0,89.162058
7,62,0,82.491274
7,63,0,80.442459
7,64,0,90.474429
7,65,0,85.208255
7,66,0,81.91185
7,67,0,76.781997
7,68,0,88.059297
7,69,0,78.687697
7,70,0,75.854181
7,71,0,91.241993
7,72,0,82.405636
7,73,0,85.022445
7,74,0,90.817889
7,75,0,86.145298
7,76,0,82.651991
7,77,0,86.210965
7,78,0,76.450781
7,79,0,83.096907
7,80,0,82.535732
7,81,0,94.609629
7,82,0,82.562073
7,83,0,81.486875
7,84,0,80.156705
7,85,0,82.713116
7,86,0,83.129414
7,87,0,83.241678
7,88,0,81.213171
7,89,0,78.717008
7,90,0,86.771292
7,91,0,81.792132
7,92,0,81.65941
7,93,0,80.092126
7,94,0,83.86263
7,95,0,92.35056
7,96,0,76.67039
7,97,0,81.128645
7,98,0,80.448009
7,99,0,85.762772
7,100,0,77.710659
7,101,0,83.538671
7,102,0,75.619627
7,103,0,87.517834
7,104,0,88.762876
7,105,0,81.377806
7,106,0,77.701856
7,107,0,98.826806
7,108,0,82.227393
7,109,0,89.600425
7,110,0,82.539712
7,111,0,82.377759
7,112,0,77.906081
7,113,0,90.380862
7,114,0,91.740865
7,115,0,82.866484
7,116,0,80.508133
7,117,0,83.367915
7,118,0,81.997276
7,119,0,85.644265
7,120,0,80.175276
7,121,0,81.25428
7,122,0,82.65851
7,123,0,86.974913
7,124,0,88.111719
7,125,0,82.803577
7,126,0,82.351106
7,127,0,77.071069
7,128,0,79.126692
7,129,0,82.371396
7,130,0,77.552903
7,131,0,96.357128
7,132,0,80.727139
7,133,0,84.02203
7,134,0,88.28881
7,135,0,88.249248
7,136,0,82.420469
7,137,0,81.247028
7,138,0,85.27833
7,139,0,92.530215
7,140,0,77.439801
7,141,0,85.530928
7,142,0,77.287274
7,143,0,113.386021
7,144,0,93.700036
7,145,0,95.798811
7,146,0,82.77166
7,147,0,77.557998
7,148,0,79.802318
7,149,0,83.581395
7,150,0,79.945623
7,151,0,79.028219
7,152,0,77.915483
7,153,0,80.002249
7,154,0,80.234766
7,155,0,83.252521
7,156,0,85.42164
7,157,0,93.878344
7,158,0,86.761008
7,159,0,98.466532
7,160,0,79.536577
7,161,0,78.905054
7,162,0,76.080864
7,163,0,83.896084
7,164,0,85.025685
7,165,0,92.01366
7,166,0,82.601936
7,167,0,78.809036
7,168,0,76.649005
7,169,0,84.8611
7,170,0,76.050952
7,171,0,78.978579
7,172,0,85.242179
7,173,0,84.336828
7,174,0,96.354948
7,175,0,103.741483
7,176,0,80.875147
7,177,0,86.312313
7,178,0,82.280762
7,179,0,80.458478
7,180,0,77.88494
7,181,0,78.568242
7,182,0,75.314084
7,183,0,89.197476
7,184,0,84.652295
7,185,0,77.071518
7,186,0,76.569138
7,187,0,78.38642
7,188,0,86.406979
7,189,0,87.464842
7,190,0,76.979434
7,191,0,85.101009
7,192,0,80.303283
7,193,0,83.065668
7,194,0,92.24281
7,195,0,78.320636
7,196,0,83.798432
7,197,0,97.635777
7,198,0,78.45632
7,199,0,83.270092
7,200,0,78.575885
7,201,0,79.638826
7,202,0,76.970699
7,203,0,89.92143
7,204,0,81.269493
7,205,0,94.473497
7,206,0,76.71835
7,207,0,79.113966
7,208,0,91.92944
7,209,0,84.693389
7,210,0,86.688442
7,211,0,91.157045
7,212,0,79.109092
7,213,0,87.297182
7,214,0,81.015954
7,215,0,88.168047
7,216,0,89.582023
7,217,0,84.791707
7,218,0,79.035468
7,219,0,77.852337
7,220,0,82.779363
7,221,0,124.023136
7,222,0,87.992948
7,223,0,80.622369
7,224,0,96.718196
7,225,0,77.558649
7,226,0,99.934016
7,227,0,82.47864
7,228,0,79.042621
7,229,0,84.987621
7,230,0,76.816247
7,231,0,79.028051
7,232,0,91.05504
7,233,0,94.785413
7,234,0,84.612294
7,235,0,80.898325
7,236,0,81.647913
7,237,0,82.402647
7,238,0,79.538405
7,239,0,75.854955
7,240,0,77.097244
7,241,0,78.249978
7,242,0,77.499554
7,243,0,78.226649
7,244,0,87.563744
7,245,0,100.514568
7,246,0,78.061195
7,247,0,76.339633
7,248,0,80.832762
7,249,0,87.324163
7,250,0,76.588334
7,251,0,82.323571
7,252,0,95.4212
7,253,0,82.793357
7,254,0,81.290502
7,255,0,80.621477
7,256,0,95.779192
7,257,0,98.144237
7,258,0,76.903974
7,259,0,86.197097
7,260,0,88.54994
7,261,0,82.317777
7,262,0,76.772282
7,263,0,75.541057
7,264,0,87.206484
7,265,0,79.35699
7,266,0,75.639521
7,267,0,78.042021
7,268,0,86.483498
7,269,0,83.386087
7,270,0,84.048141
7,271,0,79.53611
7,272,0,78.286557
7,273,0,83.772805
7,274,0,84.165218
7,275,0,92.187114
7,276,0,78.435338
7,277,0,81.099151
7,278,0,81.176914
7,279,0,81.328057
7,280,0,79.712528
7,281,0,80.97769
7,282,0,78.759479
7,283,0,96.785313
7,284,0,79.522439
7,285,0,83.956744
7,286,0,75.87291
7,287,0,80.353193
7,288,0,81.302937
7,289,0,96.428582
7,290,0,79.801225
7,291,0,81.246551
7,292,0,81.776653
7,293,0,87.876429
7,294,0,75.145916
7,295,0,92.455937
7,296,0,78.433759
7,297,0,76.849519
7,298,0,75.730054
7,299,0,79.259776
7,300,0,78.83989
7,301,0,77.185754
7,302,0,84.447013
7,303,0,77.494902
7,304,0,82.532248
7,305,0,81.617441
7,306,0,97.934885
7,307,0,80.192632
7,308,0,92.929454
7,309,0,76.953994
7,310,0,82.451137
7,311,0,81.653361
7,312,0,75.672368
7,313,0,85.644996
7,314,0,76.498523
7,315,0,83.980763
7,316,0,82.033446
7,317,0,93.585482
7,318,0,77.788835
7,319,0,78.025706
7,320,0,77.107078
7,321,0,84.554872
7,322,0,80.342957
7,323,0,94.581903
7,324,0,81.022512
7,325,0,79.613064
7,326,0,86.213613
7,327,0,83.632347
7,328,0,74.869976
7,329,0,77.840619
7,330,0,82.635139
7,331,0,77.610591
7,332,0,88.503644
7,333,0,81.596049
7,334,0,87.750421
7,335,0,78.695423
7,336,0,79.644703
7,337,0,78.684591
7,338,0,82.499785
7,339,0,86.131979
7,340,0,84.527037
7,341,0,80.843569
7,342,0,79.663986
7,343,0,80.239069
7,344,0,79.003232
7,345,0,84.135331
7,346,0,79.824409
7,347,0,83.156598
7,348,0,87.090145
7,349,0,81.180542
7,350,0,90.941225
7,351,0,87.660362
7,352,0,89.626825
7,353,0,82.832608
7,354,0,94.591071
7,355,0,85.50231
7,356,0,80.928787
7,357,0,81.099696
7,358,0,89.036002
7,359,0,89.855944
7,360,0,75.219997
7,361,0,79.700155
7,362,0,85.820885
7,363,0,91.098561
7,364,0,86.16263
7,365,0,82.520563
7,366,0,92.228581
7,367,0,78.960084
7,368,0,79.760953
7,369,0,83.910649
7,370,0,96.235871
7,371,0,77.966775
7,372,0,95.30515
7,373,0,82.552102
7,374,0,86.093647
7,375,0,78.617396
7,376,0,94.058033
7,377,0,88.339709
7,378,0,82.538126
7,379,0,89.167652
7,380,0,75.554869
7,381,0,86.251056
7,382,0,88.492728
7,383,0,83.804462
7,384,0,82.98183
7,385,0,80.55915
7,386,0,86.757077
7,387,0,76.595457
7,388,0,78.335038
7,389,0,79.798311
7,390,0,93.418284
7,391,0,83.229201
7,392,0,84.976408
7,393,0,77.980999
7,394,0,81.470147
7,395,0,80.496857
7,396,0,79.798415
7,397,0,83.708136
7,398,0,80.558661
7,399,0,104.230525
7,400,0,91.05787
7,401,0,79.621466
7,402,0,77.153048
7,403,0,84.376186
7,404,0,91.039201
7,405,0,79.24762
7,406,0,83.671346
7,407,0,79.112236
7,408,0,89.255268
7,409,0,89.058745
7,410,0,80.740715
7,411,0,83.620402
7,412,0,80.685851
7,413,0,80.146034
7,414,0,78.401213
7,415,0,87.802364
7,416,0,77.361171
7,417,0,77.215094
7,418,0,92.487703
7,419,0,79.625634
7,420,0,79.985219
7,421,0,79.343657
7,422,0,81.736728
7,423,0,96.677426
7,424,0,84.880105
7,425,0,88.33373
7,426,0,84.575629
7,427,0,84.498128
7,428,0,81.286956
7,429,0,79.42454
7,430,0,84.0897
7,431,0,83.186235
7,432,0,79.510612
7,433,0,83.787707
7,434,0,88.25372
7,435,0,78.68181
7,436,0,77.938445
7,437,0,92.526008
7,438,0,79.160195
7,439,0,82.829464
7,440,0,77.254421
7,441,0,80.514733
7,442,0,77.287456
7,443,0,78.554648
7,444,0,78.209803
7,445,0,84.139706
7,446,0,79.701668
7,447,0,76.014031
7,448,0,85.268421
7,449,0,92.952094
7,450,0,79.671852
7,451,0,93.415347
7,452,0,81.512486
7,453,0,81.74165
7,454,0,79.076357
7,455,0,80.389535
7,456,0,82.443864
7,457,0,84.377137
7,458,0,95.018865
7,459,0,83.815534
7,460,0,78.322954
7,461,0,87.258943
7,462,0,81.306635
7,463,0,86.933504
7,464,0,84.792767
7,465,0,80.202893
7,466,0,76.506524
7,467,0,79.321821
7,468,0,79.281664
7,469,0,83.817726
7,470,0,76.338403
7,471,0,80.621797
7,472,0,83.349427
7,473,0,82.258268
7,474,0,81.960804
7,475,0,80.435806
7,476,0,77.502367
7,477,0,79.141568
7,478,0,83.840787
7,479,0,80.682845
7,480,0,90.099249
7,481,0,77.398309
7,482,0,80.274106
7,483,0,92.796914
7,484,0,86.295307
7,485,0,90.606558
7,486,0,86.097899
7,487,0,79.737633
7,488,0,78.624343
7,489,0,85.570894
7,490,0,77.796342
7,491,0,84.1255
7,492,0,78.166867
7,493,0,83.809514
7,494,0,80.814325
7,495,0,77.000156
7,496,0,85.107447
7,497,0,79.021034
7,498,0,81.366112
7,499,0,84.174209
7,500,0,75.631246
7,501,0,88.382744
7,502,0,87.074419
7,503,0,80.411197
7,504,0,99.555864
7,505,0,92.122719
7,506,0,78.249471
7,507,0,83.308527
7,508,0,82.799138
7,509,0,81.466393
7,510,0,81.512818
7,511,0,75.974088
7,512,0,85.021769
7,513,0,83.94308
7,514,0,79.2087
7,515,0,96.029311
7,516,0,79.834719
7,517,0,79.729794
7,518,0,87.438025
7,519,0,85.355959
7,520,0,81.431084
7,521,0,78.58566
7,522,0,86.562983
7,523,0,75.712274
7,524,0,84.090972
7,525,0,76.835576
7,526,0,76.380716
7,527,0,80.519618
7,528,0,83.910418
7,529,0,76.406083
7,530,0,81.04292
7,531,0,79.275011
7,532,0,82.604507
7,533,0,87.758187
7,534,0,76.591925
7,535,0,82.378681
7,536,0,82.745233
7,537,0,87.385055
7,538,0,91.508237
7,539,0,86.105633
7,540,0,82.338834
7,541,0,79.912982
7,542,0,89.744801
7,543,0,77.09783
7,544,0,75.667646
7,545,0,90.736685
7,546,0,75.387319
7,547,0,79.254542
7,548,0,86.0195
7,549,0,80.759851
7,550,0,100.570511
7,551,0,85.611112
7,552,0,89.543526
7,553,0,86.43144
7,554,0,76.713505
7,555,0,81.881534
7,556,0,95.757251
7,557,0,83.384991
7,558,0,82.130359
7,559,0,82.036084
7,560,0,84.119157
7,561,0,80.950818
7,562,0,78.524556
7,563,0,78.545622
7,564,0,77.268998
7,565,0,78.281724
7,566,0,78.766117
7,567,0,91.173096
7,568,0,75.897611
7,569,0,83.95324
7,570,0,83.71772
7,571,0,94.336695
7,572,0,88.142771
7,573,0,94.935483
7,574,0,83.49226
7,575,0,87.917092
7,576,0,85.709687
7,577,0,79.103825
7,578,0,91.529147
7,579,0,84.859411
7,580,0,78.323246
7,581,0,78.655652
7,582,0,81.281454
7,583,0,88.868133
7,584,0,99.756125
7,585,0,93.467222
7,586,0,96.841994
7,587,0,78.524065
7,588,0,85.805133
7,589,0,78.84923
7,590,0,85.854735
7,591,0,85.881768
7,592,0,94.915539
7,593,0,85.405112
7,594,0,93.174452
7,595,0,86.967829
7,596,0,75.056581
7,597,0,91.580172
7,598,0,78.270566
7,599,0,81.657579
7,600,0,92.303898
7,601,0,83.491128
7,602,0,83.793538
7,603,0,74.894852
7,604,0,82.370909
7,605,0,83.126392
7,606,0,80.521163
7,607,0,76.659001
7,608,0,76.579552
7,609,0,89.01842
7,610,0,75.667808
7,611,0,100.037589
7,612,0,78.980946
7,613,0,86.937379
7,614,0,97.044662
7,615,0,76.716956
7,616,0,77.752967
7,617,0,82.100882
7,618,0,79.334636
7,619,0,86.255382
7,620,0,84.287898
7,621,0,77.858694
7,622,0,84.76667
7,623,0,88.14565
7,624,0,88.204332
7,625,0,82.320482
7,626,0,76.795011
7,627,0,79.410588
7,628,0,79.934702
7,629,0,82.38756
7,630,0,79.061776
7,631,0,88.676668
7,632,0,79.32174
7,633,0,85.138999
7,634,0,82.321725
7,635,0,76.321228
7,636,0,92.910601
7,637,0,80.014959
7,638,0,79.708266
7,639,0,78.336525
7,640,0,78.527879
7,641,0,87.38818
7,642,0,100.821939
7,643,0,84.631072
7,644,0,83.953112
7,645,0,76.296702
7,646,0,81.733662
7,647,0,75.411273
7,648,0,80.126416
7,649,0,84.637365
7,650,0,82.058541
7,651,0,80.532642
7,652,0,88.737513
7,653,0,75.412279
7,654,0,91.584688
7,655,0,79.605653
7,656,0,86.993068
7,657,0,80.880317
7,658,0,88.624359
7,659,0,86.867476
7,660,0,83.627421
7,661,0,80.501917
7,662,0,79.522553
7,663,0,81.39472
7,664,0,77.763659
7,665,0,86.557657
7,666,0,85.330656
7,667,0,95.256704
7,668,0,78.332237
7,669,0,91.971517
7,670,0,82.369402
7,671,0,79.145402
7,672,0,84.404262
7,673,0,79.573456
7,674,0,76.467294
7,675,0,78.636076
7,676,0,76.262781
7,677,0,85.884126
7,678,0,77.395915
7,679,0,83.335601
7,680,0,81.858554
7,681,0,82.928413
7,682,0,83.0407
7,683,0,82.254035
7,684,0,78.876391
7,685,0,84.135187
7,686,0,81.693548
7,687,0,79.207073
7,688,0,78.988482
7,689,0,77.821847
7,690,0,79.207911
7,691,0,82.306516
7,692,0,83.081851
7,693,0,82.327192
7,694,0,97.794929
7,695,0,82.516894
7,696,0,75.551697
7,697,0,97.089391
7,698,0,80.18982
7,699,0,94.60649
7,700,0,87.933031
7,701,0,78.152979
7,702,0,78.391411
7,703,0,86.215145
7,704,0,81.053894
7,705,0,78.451154
7,706,0,84.278193
7,707,0,77.845631
7,708,0,80.977135
7,709,0,79.100081
7,710,0,85.639135
7,711,0,77.177299
7,712,0,80.970464
7,713,0,91.688808
7,714,0,81.935462
7,715,0,87.080226
7,716,0,85.379444
7,717,0,78.869623
7,718,0,85.674129
7,719,0,82.562299
7,720,0,84.621146
7,721,0,80.944789
7,722,0,76.457094
7,723,0,85.106491
7,724,0,76.627736
7,725,0,91.43303
7,726,0,80.515168
7,727,0,79.396422
7,728,0,75.929842
7,729,0,82.49981
7,730,0,96.688696
7,731,0,88.506181
7,732,0,82.770094
7,733,0,79.006998
7,734,0,82.59815
7,735,0,78.331986
7,736,0,74.81306
7,737,0,80.627291
7,738,0,75.240334
7,739,0,77.134067
7,740,0,84.169392
7,741,0,87.69491
7,742,0,80.999637
7,743,0,85.214652
7,744,0,77.403201
7,745,0,88.384711
7,746,0,81.783527
7,747,0,89.918023
7,748,0,82.720396
7,749,0,77.800385
7,750,0,78.630121
7,751,0,80.246535
7,752,0,79.523994
7,753,0,80.786433
7,754,0,84.941774
7,755,0,82.252527
7,756,0,89.817841
7,757,0,83.740926
7,758,0,83.079873
7,759,0,85.385612
7,760,0,89.156168
7,761,0,83.586635
7,762,0,82.862135
7,763,0,91.726509
7,764,0,77.233638
7,765,0,83.013165
7,766,0,84.85064
7,767,0,78.71754
7,768,0,82.396169
7,769,0,86.715679
7,770,0,76.310396
7,771,0,85.656673
7,772,0,79.948549
7,773,0,77.858478
7,774,0,83.15943
7,775,0,84.622431
7,776,0,88.096967
7,777,0,83.99366
7,778,0,78.836273
7,779,0,86.320152
7,780,0,85.795921
7,781,0,92.525874
7,782,0,76.376021
7,783,0,80.355759
7,784,0,76.633238
7,785,0,82.677289
7,786,0,80.023117
7,787,0,79.0107
7,788,0,79.724843
7,789,0,78.244172
7,790,0,76.629022
7,791,0,97.041576
7,792,0,79.32956
7,793,0,77.208826
7,794,0,80.473899
7,795,0,85.636025
7,796,0,83.831646
7,797,0,77.29546
7,798,0,82.399528
7,799,0,78.59667
7,800,0,80.158158
7,801,0,77.97439
7,802,0,78.069257
7,803,0,80.622508
7,804,0,88.927205
7,805,0,101.947686
7,806,0,75.130922
7,807,0,78.442247
7,808,0,80.929059
7,809,0,87.389602
7,810,0,75.75383
7,811,0,90.505738
7,812,0,88.436971
7,813,0,77.925847
7,814,0,83.868055
7,815,0,82.918672
7,816,0,80.454141
7,817,0,79.641197
7,818,0,79.357614
7,819,0,79.949314
7,820,0,90.905032
7,821,0,90.375643
7,822,0,79.111925
7,823,0,82.100256
7,824,0,83.151088
7,825,0,81.157351
7,826,0,93.116512
7,827,0,77.083027
7,828,0,76.764523
7,829,0,80.951597
7,830,0,79.31854
7,831,0,88.379387
7,832,0,82.198685
7,833,0,80.918532
7,834,0,93.791279
7,835,0,77.947107
7,836,0,79.52049
7,837,0,85.14655
7,838,0,79.328824
7,839,0,83.642842
7,840,0,81.15975
7,841,0,84.218846
7,842,0,79.574412
7,843,0,81.401675
7,844,0,81.750668
7,845,0,82.357463
7,846,0,89.65618
7,847,0,77.687254
7,848,0,87.632732
7,849,0,78.493895
7,850,0,97.547483
7,851,0,83.808913
7,852,0,90.602713
7,853,0,81.379997
7,854,0,87.817645
7,855,0,88.43812
7,856,0,75.973676
7,857,0,88.261837
7,858,0,100.968385
7,859,0,74.928299
7,860,0,82.235613
7,861,0,84.15246
7,862,0,93.103139
7,863,0,85.285619
7,864,0,85.531267
7,865,0,84.086238
7,866,0,73.818169
7,867,0,79.151118
7,868,0,83.367152
7,869,0,91.70621
7,870,0,79.927963
7,871,0,76.804624
7,872,0,88.162818
7,873,0,83.695592
7,874,0,80.871659
7,875,0,79.546679
7,876,0,80.350863
7,877,0,80.851238
7,878,0,79.309463
7,879,0,78.537349
7,880,0,84.098964
7,881,0,84.617597
7,882,0,78.099771
7,883,0,82.62813
7,884,0,88.664523
7,885,0,88.235702
7,886,0,89.294745
7,887,0,82.440018
7,888,0,92.03903
7,889,0,81.30447
7,890,0,84.401324
7,891,0,77.229424
7,892,0,82.473638
7,893,0,76.576909
7,894,0,79.176924
7,895,0,78.556839
7,896,0,93.067948
7,897,0,78.94028
7,898,0,80.284534
7,899,0,76.31639
7,900,0,92.432737
7,901,0,99.254546
7,902,0,76.610911
7,903,0,86.459946
7,904,0,81.523649
7,905,0,93.570472
7,906,0,82.62301
7,907,0,87.821921
7,908,0,85.714892
7,909,0,84.62805
7,910,0,82.653278
7,911,0,85.841827
7,912,0,88.811742
7,913,0,79.580202
7,914,0,82.167338
7,915,0,88.445092
7,916,0,80.838014
7,917,0,94.031383
7,918,0,76.301142
7,919,0,86.309885
7,920,0,86.391151
7,921,0,94.011612
7,922,0,79.345806
7,923,0,76.321141
7,924,0,85.357991
7,925,0,89.997039
7,926,0,78.079562
7,927,0,78.728917
7,928,0,78.905055
7,929,0,79.362445
7,930,0,80.226101
7,931,0,91.546441
7,932,0,81.776662
7,933,0,77.793648
7,934,0,91.518568
7,935,0,76.827256
7,936,0,93.075947
7,937,0,85.644813
7,938,0,76.410544
7,939,0,85.111701
7,940,0,85.452311
7,941,0,82.496549
7,942,0,85.404591
7,943,0,80.66375
7,944,0,83.275987
7,945,0,76.350696
7,946,0,82.429622
7,947,0,82.582299
7,948,0,77.464056
7,949,0,81.320724
7,950,0,79.634167
7,951,0,96.90934
7,952,0,80.955212
7,953,0,76.385867
7,954,0,95.932813
7,955,0,76.865161
7,956,0,83.972321
7,957,0,77.321518
7,958,0,86.177453
7,959,0,79.0554
7,960,0,85.632088
7,961,0,87.162627
7,962,0,82.200577
7,963,0,77.303567
7,964,0,77.333878
7,965,0,98.841741
7,966,0,83.413532
7,967,0,81.753156
7,968,0,80.503687
7,969,0,82.437972
7,970,0,94.553211
7,971,0,77.836084
7,972,0,81.729629
7,973,0,81.830798
7,974,0,98.862395
7,975,0,83.416894
7,976,0,78.836766
7,977,0,84.5371
7,978,0,89.61519
7,979,0,88.444934
7,980,0,80.074961
7,981,0,77.131622
7,982,0,88.097687
7,983,0,81.044368
7,984,0,78.923416
7,985,0,77.999568
7,986,0,78.139606
7,987,0,77.388663
7,988,0,77.081295
7,989,0,75.355964
7,990,0,81.314272
7,991,0,86.933405
7,992,0,86.318224
7,993,0,79.108789
7,994,0,82.702635
7,995,0,86.975196
7,996,0,84.147496
7,997,0,81.198188
7,998,0,79.610515
7,999,0,83.768113
8,0,0,81.268923
8,1,0,83.857195
8,2,0,91.551791
8,3,0,91.911444
8,4,0,84.67439
8,5,0,79.129059
8,6,0,94.717047
8,7,0,84.103363
8,8,0,87.245555
8,9,0,84.655356
8,10,0,75.273226
8,11,0,83.820498
8,12,0,81.765114
8,13,0,80.625215
8,14,0,83.077863
8,15,0,81.133816
8,16,0,90.070962
8,17,0,77.921183
8,18,0,78.008215
8,19,0,87.000839
8,20,0,77.402921
8,21,0,83.869261
8,22,0,77.367719
8,23,0,76.069688
8,24,0,83.788718
8,25,0,88.679737
8,26,0,80.37188
8,27,0,88.170169
8,28,0,82.351057
8,29,0,102.808497
8,30,0,91.550082
8,31,0,84.402162
8,32,0,76.409988
8,33,0,77.267427
8,34,0,76.477934
8,35,0,82.226649
8,36,0,85.724492
8,37,0,78.071714
8,38,0,81.514009
8,39,0,85.677645
8,40,0,84.811541
8,41,0,76.434069
8,42,0,86.935222
8,43,0,89.347156
8,44,0,81.863401
8,45,0,82.512316
8,46,0,76.510387
8,47,0,80.465807
8,48,0,80.725306
8,49,0,86.500674
8,50,0,83.123269
8,51,0,81.912366
8,52,0,78.919141
8,53,0,79.542252
8,54,0,82.39427
8,55,0,82.95942
8,56,0,83.261148
8,57,0,80.952651
8,58,0,82.190206
8,59,0,105.208955
8,60,0,75.448724
8,61,0,78.259047
8,62,0,77.020073
8,63,0,76.739805
8,64,0,81.087257
8,65,0,79.131604
8,66,0,81.280168
8,67,0,81.934127
8,68,0,81.889116
8,69,0,77.369824
8,70,0,88.065389
8,71,0,80.658407
8,72,0,92.535241
8,73,0,79.871645
8,74,0,77.99386
8,75,0,83.715905
8,76,0,87.474844
8,77,0,95.806494
8,78,0,93.854465
8,79,0,74.235688
8,80,0,83.685266
8,81,0,78.465649
8,82,0,82.593496
8,83,0,76.310124
8,84,0,84.834793
8,85,0,77.94929
8,86,0,79.512329
8,87,0,81.206049
8,88,0,75.074716
8,89,0,79.876953
8,90,0,79.054473
8,91,0,82.715388
8,92,0,79.041838
8,93,0,76.254705
8,94,0,81.796052
8,95,0,82.269124
8,96,0,79.748149
8,97,0,79.509076
8,98,0,76.389574
8,99,0,79.249408
8,100,0,78.201007
8,101,0,82.789086
8,102,0,82.229431
8,103,0,77.722918
8,104,0,83.557852
8,105,0,79.7353
8,106,0,81.066522
8,107,0,74.882762
8,108,0,83.66444
8,109,0,78.973148
8,110,0,79.780602
8,111,0,93.403215
8,112,0,85.360927
8,113,0,96.772474
8,114,0,77.016191
8,115,0,81.83575
8,116,0,85.865579
8,117,0,82.034777
8,118,0,87.186344
8,119,0,83.536299
8,120,0,78.140165
8,121,0,84.340996
8,122,0,86.476247
8,123,0,88.432803
8,124,0,85.781985
8,125,0,74.193548
8,126,0,104.050994
8,127,0,80.493834
8,128,0,80.749073
8,129,0,81.420403
8,130,0,82.119333
8,131,0,80.901655
8,132,0,82.586162
8,133,0,82.531939
8,134,0,80.358283
8,135,0,81.253903
8,136,0,90.201421
8,137,0,76.349128
8,138,0,91.582789
8,139,0,85.302534
8,140,0,78.009801
8,141,0,97.413246
8,142,0,81.644588
8,143,0,80.337518
8,144,0,79.143274
8,145,0,80.737326
8,146,0,77.597954
8,147,0,80.714238
8,148,0,87.251261
8,149,0,89.027304
8,150,0,83.77029
8,151,0,77.148074
8,152,0,163.012779
8,153,0,85.616114
8,154,0,87.872266
8,155,0,93.04653
8,156,0,75.980543
8,157,0,91.865503
8,158,0,81.048883
8,159,0,76.179297
8,160,0,77.500691
8,161,0,88.957945
8,162,0,80.828822
8,163,0,84.005055
8,164,0,80.163246
8,165,0,80.953355
8,166,0,90.869323
8,167,0,89.996923
8,168,0,82.252784
8,169,0,78.839648
8,170,0,81.15778
8,171,0,74.990972
8,172,0,80.433312
8,173,0,77.412481
8,174,0,86.499284
8,175,0,78.929798
8,176,0,85.559259
8,177,0,77.757747
8,178,0,80.082489
8,179,0,78.641179
8,180,0,75.358928
8,181,0,77.366592
8,182,0,80.630294
8,183,0,78.042809
8,184,0,83.575418
8,185,0,87.085388
8,186,0,79.635759
8,187,0,77.364506
8,188,0,95.332015
8,189,0,80.517552
8,190,0,79.831501
8,191,0,76.126513
8,192,0,86.597989
8,193,0,76.18986
8,194,0,76.135111
8,195,0,76.655732
8,196,0,84.448974
8,197,0,93.186214
8,198,0,76.290797
8,199,0,78.233425
8,200,0,77.150305
8,201,0,79.906555
8,202,0,85.565029
8,203,0,81.200529
8,204,0,101.021202
8,205,0,78.91333
8,206,0,76.308349
8,207,0,81.634675
8,208,0,79.236926
8,209,0,79.503318
8,210,0,81.37712
8,211,0,79.536052
8,212,0,89.406061
8,213,0,86.783371
8,214,0,83.497096
8,215,0,84.618082
8,216,0,85.1107
8,217,0,76.500962
8,218,0,80.783489
8,219,0,87.626146
8,220,0,80.760297
8,221,0,87.934209
8,222,0,75.989225
8,223,0,81.820615
8,224,0,80.685387
8,225,0,78.13251
8,226,0,83.696946
8,227,0,86.260496
8,228,0,81.374315
8,229,0,76.871801
8,230,0,84.178872
8,231,0,82.444382
8,232,0,80.291155
8,233,0,94.731545
8,234,0,85.682491
8,235,0,78.987903
8,236,0,90.525346
8,237,0,82.910466
8,238,0,83.187067
8,239,0,82.239829
8,240,0,81.595521
8,241,0,84.167839
8,242,0,93.928488
8,243,0,90.249042
8,244,0,82.593517
8,245,0,76.012144
8,246,0,85.400393
8,247,0,86.166894
8,248,0,79.227192
8,249,0,82.576108
8,250,0,82.183715
8,251,0,81.824135
8,252,0,88.556291
8,253,0,82.345605
8,254,0,76.395578
8,255,0,81.643409
8,256,0,81.071737
8,257,0,84.569667
8,258,0,88.512091
8,259,0,83.243609
8,260,0,77.020785
8,261,0,80.968924
8,262,0,84.444098
8,263,0,75.486432
8,264,0,83.806296
8,265,0,76.876258
8,266,0,84.549994
8,267,0,77.180938
8,268,0,81.170946
8,269,0,90.715556
8,270,0,94.827494
8,271,0,82.666276
8,272,0,76.711347
8,273,0,87.464231
8,274,0,90.117018
8,275,0,89.933131
8,276,0,92.47715
8,277,0,85.632866
8,278,0,80.243334
8,279,0,78.823784
8,280,0,78.336501
8,281,0,85.965673
8,282,0,78.729386
8,283,0,85.517612
8,284,0,85.036022
8,285,0,82.414744
8,286,0,80.870585
8,287,0,85.772939
8,288,0,82.550154
8,289,0,110.373509
8,290,0,83.863045
8,291,0,82.02992
8,292,0,85.420826
8,293,0,75.60693
8,294,0,82.137643
8,295,0,84.718119
8,296,0,77.204134
8,297,0,84.548802
8,298,0,81.213679
8,299,0,77.452241
8,300,0,77.718861
8,301,0,85.790929
8,302,0,85.502158
8,303,0,80.190331
8,304,0,87.009749
8,305,0,81.904673
8,306,0,78.148035
8,307,0,104.786593
8,308,0,83.890828
8,309,0,92.389807
8,310,0,78.431026
8,311,0,84.256171
8,312,0,94.666595
8,313,0,88.042163
8,314,0,83.953349
8,315,0,83.471489
8,316,0,89.390572
8,317,0,78.748147
8,318,0,86.675768
8,319,0,96.9744
8,320,0,86.130453
8,321,0,85.114356
8,322,0,79.456553
8,323,0,80.821419
8,324,0,85.002174
8,325,0,85.763553
8,326,0,87.383217
8,327,0,82.996856
8,328,0,79.975541
8,329,0,83.935281
8,330,0,84.760427
8,331,0,81.677096
8,332,0,101.938394
8,333,0,78.770305
8,334,0,81.226517
8,335,0,82.909778
8,336,0,76.076396
8,337,0,100.601293
8,338,0,79.075549
8,339,0,80.499263
8,340,0,79.792484
8,341,0,101.102271
8,342,0,80.5683
8,343,0,80.892582
8,344,0,80.231633
8,345,0,90.458302
8,346,0,102.460099
8,347,0,80.86954
8,348,0,79.680679
8,349,0,96.91549
8,350,0,80.298478
8,351,0,82.94311
8,352,0,87.008047
8,353,0,78.422153
8,354,0,81.181395
8,355,0,81.429797
8,356,0,77.972896
8,357,0,84.568473
8,358,0,78.087996
8,359,0,84.749552
8,360,0,79.394706
8,361,0,84.082604
8,362,0,84.668558
8,363,0,83.885019
8,364,0,78.141805
8,365,0,80.007322
8,366,0,90.043211
8,367,0,80.177729
8,368,0,80.910522
8,369,0,90.802973
8,370,0,80.830922
8,371,0,82.066454
8,372,0,79.672721
8,373,0,79.594716
8,374,0,88.431876
8,375,0,82.584899
8,376,0,86.22098
8,377,0,78.489802
8,378,0,93.656889
8,379,0,76.824798
8,380,0,105.860004
8,381,0,91.993523
8,382,0,87.915284
8,383,0,83.031767
8,384,0,81.997786
8,385,0,82.956353
8,386,0,77.150738
8,387,0,98.772669
8,388,0,77.3404
8,389,0,79.188467
8,390,0,82.340641
8,391,0,81.34192
8,392,0,87.39564
8,393,0,78.804915
8,394,0,79.947376
8,395,0,81.782659
8,396,0,78.69462
8,397,0,75.070112
8,398,0,80.548867
8,399,0,78.98599
8,400,0,85.388155
8,401,0,81.725487
8,402,0,92.883966
8,403,0,77.325514
8,404,0,90.554087
8,405,0,76.622572
8,406,0,88.830271
8,407,0,84.468891
8,408,0,75.299583
8,409,0,80.542919
8,410,0,82.912845
8,411,0,79.086209
8,412,0,88.131081
8,413,0,81.730975
8,414,0,92.880332
8,415,0,79.83938
8,416,0,80.443037
8,417,0,78.287802
8,418,0,88.193359
8,419,0,81.072325
8,420,0,89.366931
8,421,0,81.458712
8,422,0,77.645973
8,423,0,78.465833
8,424,0,85.674117
8,425,0,84.8216
8,426,0,94.656811
8,427,0,78.708751
8,428,0,79.102371
8,429,0,83.458158
8,430,0,90.057302
8,431,0,79.846023
8,432,0,79.114361
8,433,0,75.67251
8,434,0,80.136835
8,435,0,86.299733
8,436,0,82.029381
8,437,0,84.663892
8,438,0,84.940799
8,439,0,79.378986
8,440,0,83.510778
8,441,0,87.060848
8,442,0,78.501565
8,443,0,76.709679
8,444,0,78.523759
8,445,0,80.575249
8,446,0,77.037075
8,447,0,81.452041
8,448,0,84.93561
8,449,0,77.431258
8,450,0,82.74613
8,451,0,79.808063
8,452,0,77.430606
8,453,0,78.001628
8,454,0,85.482873
8,455,0,82.604919
8,456,0,80.208685
8,457,0,82.235931
8,458,0,88.994196
8,459,0,84.221786
8,460,0,86.092904
8,461,0,92.47383
8,462,0,90.209231
8,463,0,82.512502
8,464,0,82.242472
8,465,0,81.965972
8,466,0,78.15601
8,467,0,93.769077
8,468,0,90.144843
8,469,0,97.947574
8,470,0,86.576235
8,471,0,80.059389
8,472,0,96.134291
8,473,0,78.72348
8,474,0,89.907158
8,475,0,83.07305
8,476,0,80.966367
8,477,0,82.405054
8,478,0,75.934465
8,479,0,81.579247
8,480,0,89.247002
8,481,0,87.086499
8,482,0,78.677573
8,483,0,90.425335
8,484,0,97.227337
8,485,0,84.882006
8,486,0,83.900678
8,487,0,81.234512
8,488,0,83.103385
8,489,0,84.578724
8,490,0,87.663275
8,491,0,84.170929
8,492,0,78.493551
8,493,0,83.192792
8,494,0,85.094984
8,495,0,78.922743
8,496,0,88.563265
8,497,0,88.488372
8,498,0,78.233933
8,499,0,77.848519
8,500,0,82.021219
8,501,0,78.509583
8,502,0,100.190124
8,503,0,80.332976
8,504,0,78.292251
8,505,0,83.280316
8,506,0,91.846097
8,507,0,83.853792
8,508,0,79.347904
8,509,0,95.944665
8,510,0,78.112973
8,511,0,82.630749
8,512,0,82.273009
8,513,0,85.591165
8,514,0,79.271906
8,515,0,80.122287
8,516,0,89.145596
8,517,0,98.417015
8,518,0,83.436423
8,519,0,77.079798
8,520,0,81.383977
8,521,0,84.564041
8,522,0,77.274062
8,523,0,85.590989
8,524,0,80.112365
8,525,0,82.676954
8,526,0,77.788506
8,527,0,82.598485
8,528,0,79.249367
8,529,0,86.434557
8,530,0,82.121523
8,531,0,75.958777
8,532,0,75.127041
8,533,0,84.447662
8,534,0,81.124484
8,535,0,78.316363
8,536,0,85.930579
8,537,0,83.052135
8,538,0,88.12552
8,539,0,85.536862
8,540,0,85.3156
8,541,0,78.25585
8,542,0,79.509516
8,543,0,85.373255
8,544,0,86.447536
8,545,0,75.680477
8,546,0,87.374485
8,547,0,81.071738
8,548,0,75.936273
8,549,0,89.333445
8,550,0,89.052053
8,551,0,77.049399
8,552,0,83.100105
8,553,0,86.519488
8,554,0,75.781808
8,555,0,75.363673
8,556,0,78.145961
8,557,0,81.486596
8,558,0,88.007784
8,559,0,89.225413
8,560,0,88.202133
8,561,0,79.568539
8,562,0,80.173672
8,563,0,78.852084
8,564,0,92.06156
8,565,0,94.70648
8,566,0,82.69686
8,567,0,80.175099
8,568,0,81.278757
8,569,0,77.348599
8,570,0,78.681624
8,571,0,84.048166
8,572,0,98.648558
8,573,0,87.195723
8,574,0,76.467895
8,575,0,84.647453
8,576,0,77.337856
8,577,0,94.326201
8,578,0,85.926488
8,579,0,90.153827
8,580,0,89.819296
8,581,0,95.955158
8,582,0,77.969585
8,583,0,80.840051
8,584,0,97.224765
8,585,0,80.190017
8,586,0,75.799905
8,587,0,77.881639
8,588,0,90.712114
8,589,0,84.068389
8,590,0,76.930416
8,591,0,88.787586
8,592,0,80.17106
8,593,0,81.50194
8,594,0,78.829391
8,595,0,76.886332
8,596,0,89.089737
8,597,0,85.745041
8,598,0,79.062181
8,599,0,86.058954
8,600,0,81.816976
8,601,0,78.804292
8,602,0,75.99147
8,603,0,76.528077
8,604,0,77.308014
8,605,0,93.152458
8,606,0,83.233689
8,607,0,77.637661
8,608,0,78.188128
8,609,0,78.998877
8,610,0,80.14097
8,611,0,76.951706
8,612,0,89.879652
8,613,0,81.48405
8,614,0,76.567117
8,615,0,76.310219
8,616,0,82.338108
8,617,0,77.906535
8,618,0,85.444382
8,619,0,92.632662
8,620,0,95.993218
8,621,0,89.094065
8,622,0,90.820202
8,623,0,96.534441
8,624,0,83.222358
8,625,0,77.250578
8,626,0,77.970268
8,627,0,80.106364
8,628,0,84.298012
8,629,0,92.002375
8,630,0,85.884017
8,631,0,81.66261
8,632,0,77.439771
8,633,0,83.564425
8,634,0,79.049825
8,635,0,79.175687
8,636,0,91.736895
8,637,0,82.386639
8,638,0,90.720097
8,639,0,106.988475
8,640,0,77.434962
8,641,0,86.374302
8,642,0,81.466773
8,643,0,84.270356
8,644,0,79.268663
8,645,0,88.558656
8,646,0,93.927401
8,647,0,88.225669
8,648,0,77.122979
8,649,0,82.18346
8,650,0,90.52988
8,651,0,90.800744
8,652,0,75.809495
8,653,0,77.457779
8,654,0,80.553404
8,655,0,89.63286
8,656,0,76.672069
8,657,0,83.089349
8,658,0,74.081381
8,659,0,89.108415
8,660,0,84.628906
8,661,0,78.395857
8,662,0,83.61022
8,663,0,78.703753
8,664,0,85.140176
8,665,0,82.667118
8,666,0,85.65045
8,667,0,91.278767
8,668,0,88.181835
8,669,0,81.416578
8,670,0,78.394588
8,671,0,98.273877
8,672,0,84.296083
8,673,0,79.824473
8,674,0,79.123839
8,675,0,86.747354
8,676,0,75.042014
8,677,0,88.126719
8,678,0,81.091689
8,679,0,80.197194
8,680,0,91.643129
8,681,0,86.91858
8,682,0,83.399969
8,683,0,90.04033
8,684,0,80.231647
8,685,0,84.803616
8,686,0,76.92175
8,687,0,83.314308
8,688,0,80.286499
8,689,0,86.771193
8,690,0,90.098745
8,691,0,86.350083
8,692,0,76.109113
8,693,0,76.014796
8,694,0,82.395755
8,695,0,79.842665
8,696,0,87.321979
8,697,0,84.355594
8,698,0,84.769417
8,699,0,79.429328
8,700,0,78.986104
8,701,0,76.429018
8,702,0,78.887884
8,703,0,88.838366
8,704,0,82.333826
8,705,0,87.099909
8,706,0,78.262617
8,707,0,92.257301
8,708,0,78.358473
8,709,0,88.312078
8,710,0,86.679402
8,711,0,81.780463
8,712,0,80.825738
8,713,0,79.408332
8,714,0,79.998748
8,715,0,88.090051
8,716,0,83.512734
8,717,0,79.642577
8,718,0,80.716761
8,719,0,96.248389
8,720,0,79.474685
8,721,0,85.084338
8,722,0,94.478247
8,723,0,78.614361
8,724,0,83.116573
8,725,0,83.188678
8,726,0,77.615366
8,727,0,91.441003
8,728,0,81.630187
8,729,0,82.654982
8,730,0,83.394834
8,731,0,82.445812
8,732,0,82.199401
8,733,0,85.783722
8,734,0,85.185114
8,735,0,80.969786
8,736,0,86.760787
8,737,0,92.087036
8,738,0,85.139707
8,739,0,84.183836
8,740,0,83.678181
8,741,0,75.974717
8,742,0,78.865421
8,743,0,84.741259
8,744,0,78.648438
8,745,0,78.706603
8,746,0,77.379244
8,747,0,81.277734
8,748,0,81.033483
8,749,0,75.589513
8,750,0,85.024089
8,751,0,79.076043
8,752,0,85.215026
8,753,0,81.728566
8,754,0,81.751171
8,755,0,81.557902
8,756,0,75.813102
8,757,0,86.60437
8,758,0,77.567371
8,759,0,77.986628
8,760,0,86.83008
8,761,0,76.689414
8,762,0,77.212044
8,763,0,88.860836
8,764,0,83.290476
8,765,0,85.238676
8,766,0,88.133402
8,767,0,79.443959
8,768,0,79.063311
8,769,0,88.273535
8,770,0,78.729419
8,771,0,87.296842
8,772,0,79.42941
8,773,0,81.635448
8,774,0,76.981431
8,775,0,84.367245
8,776,0,86.254144
8,777,0,85.680718
8,778,0,79.21987
8,779,0,91.203452
8,780,0,75.673548
8,781,0,94.968157
8,782,0,96.371992
8,783,0,77.11181
8,784,0,87.550035
8,785,0,85.162991
8,786,0,85.046709
8,787,0,80.400924
8,788,0,87.859195
8,789,0,79.471894
8,790,0,89.785117
8,791,0,89.393833
8,792,0,83.675934
8,793,0,76.743978
8,794,0,105.641285
8,795,0,76.890568
8,796,0,88.916834
8,797,0,78.127577
8,798,0,83.380562
8,799,0,95.973726
8,800,0,76.662281
8,801,0,86.565732
8,802,0,79.569283
8,803,0,80.746027
8,804,0,87.814532
8,805,0,90.447942
8,806,0,84.277386
8,807,0,80.308398
8,808,0,77.390913
8,809,0,83.0342
8,810,0,83.176812
8,811,0,83.610356
8,812,0,76.912422
8,813,0,76.353636
8,814,0,80.250803
8,815,0,83.592728
8,816,0,81.647227
8,817,0,84.809103
8,818,0,78.073077
8,819,0,80.178968
8,820,0,89.44175
8,821,0,86.144604
8,822,0,77.00708
8,823,0,80.974838
8,824,0,83.50121
8,825,0,79.659266
8,826,0,77.999103
8,827,0,82.814712
8,828,0,81.638727
8,829,0,83.048311
8,830,0,79.467368
8,831,0,80.81027
8,832,0,86.900044
8,833,0,87.814046
8,834,0,83.755056
8,835,0,83.197938
8,836,0,79.144396
8,837,0,79.008219
8,838,0,85.351206
8,839,0,83.821415
8,840,0,78.583652
8,841,0,88.076788
8,842,0,93.607116
8,843,0,77.510794
8,844,0,83.990105
8,845,0,84.436844
8,846,0,83.876789
8,847,0,80.106459
8,848,0,86.595107
8,849,0,85.768225
8,850,0,75.243823
8,851,0,76.693557
8,852,0,84.054857
8,853,0,81.798427
8,854,0,97.053485
8,855,0,85.827677
8,856,0,76.4455
8,857,0,82.48871
8,858,0,83.435603
8,859,0,82.671735
8,860,0,87.653558
8,861,0,95.976487
8,862,0,79.673981
8,863,0,80.419281
8,864,0,77.489902
8,865,0,81.368185
8,866,0,83.452757
8,867,0,81.10507
8,868,0,97.390038
8,869,0,79.854773
8,870,0,79.172553
8,871,0,83.924072
8,872,0,81.504449
8,873,0,75.640195
8,874,0,80.462248
8,875,0,76.208418
8,876,0,78.530768
8,877,0,79.473267
8,878,0,83.650686
8,879,0,79.653274
8,880,0,78.991136
8,881,0,82.489206
8,882,0,91.992821
8,883,0,85.60969
8,884,0,81.804148
8,885,0,89.523243
8,886,0,78.893325
8,887,0,78.270167
8,888,0,80.416156
8,889,0,86.89969
8,890,0,77.677902
8,891,0,82.75257
8,892,0,87.647584
8,893,0,85.79328
8,894,0,76.493319
8,895,0,75.588738
8,896,0,87.041077
8,897,0,88.836346
8,898,0,80.191582
8,899,0,79.397122
8,900,0,77.935309
8,901,0,80.056698
8,902,0,81.495033
8,903,0,84.395932
8,904,0,89.136705
8,905,0,78.457749
8,906,0,84.804778
8,907,0,82.629947
8,908,0,83.479422
8,909,0,82.874911
8,910,0,89.479172
8,911,0,80.295098
8,912,0,79.224206
8,913,0,90.549791
8,914,0,82.373416
8,915,0,79.307554
8,916,0,93.942144
8,917,0,88.436553
8,918,0,81.282271
8,919,0,85.998781
8,920,0,85.748452
8,921,0,82.360711
8,922,0,96.860211
8,923,0,80.021493
8,924,0,91.786781
8,925,0,79.679961
8,926,0,80.432066
8,927,0,83.368826
8,928,0,78.77805
8,929,0,78.59881
8,930,0,80.102524
8,931,0,98.337343
8,932,0,85.981234
8,933,0,82.13129
8,934,0,85.158346
8,935,0,85.151171
8,936,0,85.253269
8,937,0,83.454793
8,938,0,84.577925
8,939,0,82.535838
8,940,0,81.073638
8,941,0,80.820533
8,942,0,77.672054
8,943,0,78.800325
8,944,0,78.231618
8,945,0,79.454219
8,946,0,79.630606
8,947,0,75.032021
8,948,0,85.220996
8,949,0,83.819112
8,950,0,82.098408
8,951,0,81.283602
8,952,0,78.80928
8,953,0,81.127981
8,954,0,74.314944
8,955,0,88.973183
8,956,0,82.429981
8,957,0,80.389586
8,958,0,80.673043
8,959,0,79.148236
8,960,0,84.56789
8,961,0,76.506208
8,962,0,78.763905
8,963,0,79.573161
8,964,0,79.603002
8,965,0,75.605988
8,966,0,85.334643
8,967,0,90.062541
8,968,0,89.131122
8,969,0,95.652624
8,970,0,82.953398
8,971,0,78.219166
8,972,0,87.73111
8,973,0,79.46093
8,974,0,97.970463
8,975,0,96.438406
8,976,0,86.837972
8,977,0,78.332173
8,978,0,86.438884
8,979,0,81.7456
8,980,0,98.087737
8,981,0,80.104841
8,982,0,90.279035
8,983,0,80.476374
8,984,0,92.944236
8,985,0,93.33038
8,986,0,85.59171
8,987,0,85.465953
8,988,0,78.436293
8,989,0,80.426051
8,990,0,88.763778
8,991,0,81.850577
8,992,0,84.999152
8,993,0,77.258334
8,994,0,83.584081
8,995,0,86.462244
8,996,0,79.231596
8,997,0,86.857777
8,998,0,93.214418
8,999,0,76.501099
9,0,0,77.803185
9,1,0,81.520323
9,2,0,87.267339
9,3,0,85.191443
9,4,0,88.344823
9,5,0,80.320631
9,6,0,77.015676
9,7,0,87.408221
9,8,0,78.862979
9,9,0,85.939303
9,10,0,87.102017
9,11,0,82.525925
9,12,0,79.483114
9,13,0,83.068225
9,14,0,76.500392
9,15,0,76.75708
9,16,0,82.566959
9,17,0,81.958138
9,18,0,76.829055
9,19,0,89.602599
9,20,0,77.759541
9,21,0,83.100452
9,22,0,81.473208
9,23,0,77.555072
9,24,0,78.419466
9,25,0,80.484946
9,26,0,84.733644
9,27,0,86.982053
9,28,0,76.230741
9,29,0,75.780606
9,30,0,106.940839
9,31,0,80.786944
9,32,0,80.623637
9,33,0,78.13016
9,34,0,83.824676
9,35,0,89.67679
9,36,0,74.683063
9,37,0,93.132558
9,38,0,77.467505
9,39,0,79.863094
9,40,0,82.637584
9,41,0,83.869777
9,42,0,84.758026
9,43,0,80.40112
9,44,0,77.083932
9,45,0,83.40268
9,46,0,79.905805
9,47,0,77.371845
9,48,0,78.121776
9,49,0,76.496853
9,50,0,85.747034
9,51,0,90.967033
9,52,0,82.587249
9,53,0,82.441469
9,54,0,82.847489
9,55,0,80.130861
9,56,0,76.729032
9,57,0,83.895639
9,58,0,77.750494
9,59,0,78.460617
9,60,0,83.869536
9,61,0,83.462813
9,62,0,76.247541
9,63,0,81.038996
9,64,0,79.382659
9,65,0,81.429192
9,66,0,76.80423
9,67,0,103.470777
9,68,0,84.441351
9,69,0,80.223218
9,70,0,77.940731
9,71,0,84.752433
9,72,0,79.205328
9,73,0,89.42295
9,74,0,79.082703
9,75,0,78.083798
9,76,0,80.998299
9,77,0,78.153468
9,78,0,83.307019
9,79,0,82.17552
9,80,0,79.16523
9,81,0,77.348495
9,82,0,77.259304
9,83,0,81.208597
9,84,0,75.276698
9,85,0,82.873041
9,86,0,81.544485
9,87,0,82.578943
9,88,0,89.065743
9,89,0,84.805342
9,90,0,79.271456
9,91,0,88.454675
9,92,0,83.127212
9,93,0,78.609405
9,94,0,85.987316
9,95,0,84.514824
9,96,0,99.195079
9,97,0,90.353702
9,98,0,86.675741
9,99,0,76.633904
9,100,0,85.467217
9,101,0,88.999444
9,102,0,79.232965
9,103,0,76.957267
9,104,0,89.134921
9,105,0,84.669541
9,106,0,80.521732
9,107,0,80.032426
9,108,0,79.771009
9,109,0,75.233201
9,110,0,77.340746
9,111,0,82.652034
9,112,0,79.705174
9,113,0,83.764657
9,114,0,83.923674
9,115,0,85.826632
9,116,0,78.225764
9,117,0,85.824461
9,118,0,86.494663
9,119,0,78.619388
9,120,0,81.241467
9,121,0,90.362546
9,122,0,81.595303
9,123,0,78.790721
9,124,0,82.433273
9,125,0,84.845339
9,126,0,87.566138
9,127,0,83.614604
9,128,0,80.943773
9,129,0,76.640302
9,130,0,85.457401
9,131,0,88.611564
9,132,0,76.930729
9,133,0,82.084756
9,134,0,79.030515
9,135,0,81.810044
9,136,0,89.040086
9,137,0,83.218725
9,138,0,84.25964
9,139,0,79.517066
9,140,0,86.13845
9,141,0,89.736754
9,142,0,82.850198
9,143,0,96.849873
9,144,0,80.546749
9,145,0,76.394262
9,146,0,78.769045
9,147,0,80.997545
9,148,0,82.824466
9,149,0,78.860294
9,150,0,77.125868
9,151,0,82.884929
9,152,0,80.241579
9,153,0,77.561537
9,154,0,84.407385
9,155,0,81.78376
9,156,0,82.130865
9,157,0,77.194985
9,158,0,78.068147
9,159,0,75.834962
9,160,0,83.421951
9,161,0,77.991586
9,162,0,81.213847
9,163,0,82.308825
9,164,0,80.294185
9,165,0,80.943414
9,166,0,88.463521
9,167,0,78.663974
9,168,0,84.15652
9,169,0,92.889121
9,170,0,90.014855
9,171,0,92.994854
9,172,0,82.775418
9,173,0,77.328472
9,174,0,84.99077
9,175,0,88.282106
9,176,0,78.468659
9,177,0,76.056038
9,178,0,75.704867
9,179,0,76.235106
9,180,0,78.980872
9,181,0,94.51519
9,182,0,79.752711
9,183,0,76.744295
9,184,0,81.870357
9,185,0,90.301503
9,186,0,89.45788
9,187,0,93.378478
9,188,0,77.77293
9,189,0,77.832113
9,190,0,81.498356
9,191,0,90.097532
9,192,0,87.843557
9,193,0,85.615722
9,194,0,79.670062
9,195,0,81.980015
9,196,0,78.393219
9,197,0,76.1908
9,198,0,84.16244
9,199,0,88.718912
9,200,0,93.476354
9,201,0,98.374765
9,202,0,84.177373
9,203,0,74.519694
9,204,0,90.206373
9,205,0,78.68634
9,206,0,78.568317
9,207,0,87.957308
9,208,0,95.369337
9,209,0,78.2363
9,210,0,79.961638
9,211,0,83.793854
9,212,0,76.69922
9,213,0,80.100268
9,214,0,92.505037
9,215,0,77.942556
9,216,0,79.444791
9,217,0,88.142673
9,218,0,75.875138
9,219,0,85.256751
9,220,0,89.895125
9,221,0,82.563647
9,222,0,78.270452
9,223,0,77.118997
9,224,0,81.141685
9,225,0,85.589275
9,226,0,81.039939
9,227,0,86.599979
9,228,0,76.78197
9,229,0,92.962382
9,230,0,84.428753
9,231,0,89.891638
9,232,0,76.775682
9,233,0,76.687663
9,234,0,75.65471
9,235,0,81.347114
9,236,0,81.398489
9,237,0,79.098479
9,238,0,77.524747
9,239,0,82.606223
9,240,0,81.174303
9,241,0,83.575008
9,242,0,91.135773
9,243,0,84.435234
9,244,0,80.06731
9,245,0,78.869568
9,246,0,79.984355
9,247,0,81.906664
9,248,0,85.510674
9,249,0,74.477103
9,250,0,78.86449
9,251,0,91.974714
9,252,0,79.097794
9,253,0,81.355033
9,254,0,81.47597
9,255,0,77.73966
9,256,0,85.039304
9,257,0,78.408291
9,258,0,87.707084
9,259,0,85.307027
9,260,0,77.084186
9,261,0,79.22486
9,262,0,78.161708
9,263,0,86.357965
9,264,0,92.945377
9,265,0,79.548048
9,266,0,80.47884
9,267,0,76.250563
9,268,0,83.683911
9,269,0,78.867724
9,270,0,82.90393
9,271,0,80.499323
9,272,0,83.320999
9,273,0,85.509599
9,274,0,87.268076
9,275,0,78.338492
9,276,0,95.070645
9,277,0,81.835419
9,278,0,80.210983
9,279,0,78.228373
9,280,0,80.44693
9,281,0,85.418643
9,282,0,86.304382
9,283,0,83.966159
9,284,0,91.757386
9,285,0,88.095632
9,286,0,79.193713
9,287,0,83.841932
9,288,0,82.936274
9,289,0,86.542817
9,290,0,85.387813
9,291,0,79.827961
9,292,0,81.509952
9,293,0,81.29661
9,294,0,84.802104
9,295,0,88.063857
9,296,0,78.400332
9,297,0,77.860924
9,298,0,78.602945
9,299,0,85.235807
9,300,0,79.223616
9,301,0,81.250099
9,302,0,78.057908
9,303,0,78.660747
9,304,0,83.904512
9,305,0,81.244414
9,306,0,87.240607
9,307,0,96.006104
9,308,0,77.085032
9,309,0,82.783673
9,310,0,83.859847
9,311,0,88.746667
9,312,0,75.31675
9,313,0,86.815319
9,314,0,82.918232
9,315,0,82.380586
9,316,0,81.167105
9,317,0,81.492566
9,318,0,79.674407
9,319,0,81.39938
9,320,0,77.446977
9,321,0,90.107808
9,322,0,74.81449
9,323,0,81.641814
9,324,0,78.56759
9,325,0,76.717055
9,326,0,79.420952
9,327,0,84.923951
9,328,0,85.604614
9,329,0,91.029616
9,330,0,89.045614
9,331,0,87.648876
9,332,0,80.526723
9,333,0,86.700895
9,334,0,106.033733
9,335,0,86.194096
9,336,0,90.345578
9,337,0,83.775612
9,338,0,84.187474
9,339,0,78.724753
9,340,0,76.247383
9,341,0,88.581713
9,342,0,82.990912
9,343,0,85.421445
9,344,0,80.861729
9,345,0,83.806102
9,346,0,83.588485
9,347,0,83.894588
9,348,0,83.621391
9,349,0,81.43082
9,350,0,76.743877
9,351,0,80.752837
9,352,0,85.550462
9,353,0,91.936705
9,354,0,87.025242
9,355,0,78.182691
9,356,0,77.186542
9,357,0,75.628958
9,358,0,84.801067
9,359,0,85.959201
9,360,0,75.900783
9,361,0,90.993167
9,362,0,81.978055
9,363,0,79.927697
9,364,0,98.322516
9,365,0,95.517156
9,366,0,90.530845
9,367,0,78.206194
9,368,0,78.307254
9,369,0,75.440678
9,370,0,77.713542
9,371,0,77.302555
9,372,0,83.62631
9,373,0,78.938461
9,374,0,80.127695
9,375,0,80.496629
9,376,0,74.843092
9,377,0,84.870078
9,378,0,79.666022
9,379,0,77.551977
9,380,0,81.509908
9,381,0,101.644971
9,382,0,79.599944
9,383,0,74.78163
9,384,0,86.707399
9,385,0,83.316836
9,386,0,85.745483
9,387,0,87.072654
9,388,0,83.707166
9,389,0,81.046011
9,390,0,83.948092
9,391,0,84.713428
9,392,0,85.477495
9,393,0,77.283434
9,394,0,76.689714
9,395,0,81.441743
9,396,0,80.645003
9,397,0,82.588255
9,398,0,87.312965
9,399,0,81.897427
9,400,0,84.655789
9,401,0,90.849596
9,402,0,83.809671
9,403,0,87.300629
9,404,0,91.540678
9,405,0,85.453782
9,406,0,80.957606
9,407,0,83.000544
9,408,0,77.2001
9,409,0,80.157166
9,410,0,86.331507
9,411,0,87.60578
9,412,0,86.296463
9,413,0,92.724118
9,414,0,79.631204
9,415,0,78.877898
9,416,0,81.998154
9,417,0,85.256772
9,418,0,78.933242
9,419,0,79.566815
9,420,0,79.332469
9,421,0,95.661897
9,422,0,88.771516
9,423,0,79.101991
9,424,0,76.57791
9,425,0,81.336276
9,426,0,77.030246
9,427,0,78.533996
9,428,0,86.239587
9,429,0,92.531623
9,430,0,83.7534
9,431,0,79.238742
9,432,0,88.079263
9,433,0,83.44384
9,434,0,82.276774
9,435,0,79.212236
9,436,0,85.230193
9,437,0,84.241321
9,438,0,76.944953
9,439,0,78.236974
9,440,0,84.577346
9,441,0,80.887426
9,442,0,82.933717
9,443,0,93.506818
9,444,0,77.820027
9,445,0,87.945726
9,446,0,86.539752
9,447,0,90.301815
9,448,0,82.687962
9,449,0,76.589077
9,450,0,77.256843
9,451,0,92.002843
9,452,0,77.576508
9,453,0,76.680678
9,454,0,82.865052
9,455,0,80.27324
9,456,0,88.929412
9,457,0,97.530899
9,458,0,87.7518
9,459,0,79.825818
9,460,0,84.319731
9,461,0,81.070782
9,462,0,75.77044
9,463,0,85.963163
9,464,0,80.664005
9,465,0,84.816563
9,466,0,80.914557
9,467,0,79.643492
9,468,0,85.539319
9,469,0,79.571162
9,470,0,81.252829
9,471,0,85.294661
9,472,0,74.939649
9,473,0,78.725377
9,474,0,78.660319
9,475,0,77.531055
9,476,0,77.647353
9,477,0,78.700601
9,478,0,79.639195
9,479,0,75.675991
9,480,0,77.011347
9,481,0,86.58295
9,482,0,81.244403
9,483,0,76.553635
9,484,0,83.96166
9,485,0,83.27033
9,486,0,83.950811
9,487,0,80.189702
9,488,0,92.503268
9,489,0,83.350608
9,490,0,80.554765
9,491,0,84.063963
9,492,0,78.507898
9,493,0,82.826612
9,494,0,87.393727
9,495,0,77.514188
9,496,0,92.980701
9,497,0,86.371648
9,498,0,111.678896
9,499,0,89.140293
9,500,0,81.152246
9,501,0,80.081332
9,502,0,78.623587
9,503,0,77.870393
9,504,0,83.173051
9,505,0,99.384713
9,506,0,84.753444
9,507,0,84.669642
9,508,0,79.84271
9,509,0,76.036043
9,510,0,83.181176
9,511,0,78.242003
9,512,0,86.31852
9,513,0,77.658653
9,514,0,88.647697
9,515,0,85.022091
9,516,0,87.972793
9,517,0,91.489503
9,518,0,77.379804
9,519,0,81.250037
9,520,0,81.131578
9,521,0,79.086795
9,522,0,80.95495
9,523,0,81.266138
9,524,0,81.339422
9,525,0,76.131106
9,526,0,79.37499
9,527,0,79.267554
9,528,0,97.53284
9,529,0,79.435302
9,530,0,83.096735
9,531,0,117.77485
9,532,0,90.074397
9,533,0,93.604085
9,534,0,79.460184
9,535,0,83.808284
9,536,0,94.003562
9,537,0,81.454459
9,538,0,84.316795
9,539,0,81.78197
9,540,0,100.605137
9,541,0,83.638321
9,542,0,83.834679
9,543,0,83.020477
9,544,0,83.561522
9,545,0,80.69819
9,546,0,84.179196
9,547,0,83.548246
9,548,0,80.846348
9,549,0,81.824716
9,550,0,78.527171
9,551,0,80.219503
9,552,0,80.176266
9,553,0,95.086976
9,554,0,85.451039
9,555,0,81.236165
9,556,0,81.424334
9,557,0,76.335735
9,558,0,86.642591
9,559,0,83.515212
9,560,0,87.000336
9,561,0,81.431576
9,562,0,78.359249
9,563,0,78.553849
9,564,0,98.815794
9,565,0,80.690187
9,566,0,76.382043
9,567,0,83.765657
9,568,0,76.145788
9,569,0,79.215372
9,570,0,92.14773
9,571,0,87.62219
9,572,0,78.604256
9,573,0,88.173964
9,574,0,95.310748
9,575,0,89.938739
9,576,0,82.118473
9,577,0,78.213812
9,578,0,78.833231
9,579,0,84.64231
9,580,0,82.301723
9,581,0,79.503018
9,582,0,83.590468
9,583,0,85.901249
9,584,0,81.918229
9,585,0,87.57432
9,586,0,77.789028
9,587,0,82.794805
9,588,0,77.901557
9,589,0,79.238232
9,590,0,100.93159
9,591,0,83.088274
9,592,0,76.124797
9,593,0,83.212341
9,594,0,91.269245
9,595,0,81.632663
9,596,0,81.299296
9,597,0,83.106813
9,598,0,84.981601
9,599,0,80.428162
9,600,0,86.181702
9,601,0,92.873038
9,602,0,89.101451
9,603,0,78.950875
9,604,0,77.2757
9,605,0,77.71886
9,606,0,95.665084
9,607,0,82.498528
9,608,0,76.358922
9,609,0,78.610332
9,610,0,83.81945
9,611,0,81.591115
9,612,0,79.110387
9,613,0,80.977979
9,614,0,79.711569
9,615,0,81.419929
9,616,0,76.590213
9,617,0,79.311312
9,618,0,82.75885
9,619,0,86.497474
9,620,0,80.944569
9,621,0,97.399337
9,622,0,85.594063
9,623,0,83.736115
9,624,0,89.891759
9,625,0,81.587319
9,626,0,83.120236
9,627,0,79.362929
9,628,0,83.313808
9,629,0,80.665989
9,630,0,82.562705
9,631,0,84.032273
9,632,0,78.730301
9,633,0,94.00539
9,634,0,77.787127
9,635,0,78.731545
9,636,0,86.040826
9,637,0,77.0642
9,638,0,78.729721
9,639,0,83.815139
9,640,0,81.641724
9,641,0,79.154629
9,642,0,85.005101
9,643,0,83.202312
9,644,0,77.343843
9,645,0,78.424139
9,646,0,83.98851
9,647,0,83.322304
9,648,0,78.35587
9,649,0,80.52226
9,650,0,88.44034
9,651,0,87.562666
9,652,0,81.417066
9,653,0,79.157097
9,654,0,78.287855
9,655,0,83.12135
9,656,0,79.119469
9,657,0,81.619977
9,658,0,80.579368
9,659,0,79.622242
9,660,0,77.461611
9,661,0,92.201151
9,662,0,81.183344
9,663,0,83.663888
9,664,0,91.215445
9,665,0,79.254681
9,666,0,82.880888
9,667,0,79.579319
9,668,0,83.362687
9,669,0,87.19955
9,670,0,81.504093
9,671,0,79.929373
9,672,0,83.693995
9,673,0,82.199358
9,674,0,81.298892
9,675,0,81.546719
9,676,0,76.99662
9,677,0,82.802631
9,678,0,82.840287
9,679,0,79.609708
9,680,0,76.879689
9,681,0,84.9391
9,682,0,85.293972
9,683,0,81.994543
9,684,0,101.129662
9,685,0,82.88147
9,686,0,76.816386
9,687,0,92.019861
9,688,0,77.790942
9,689,0,88.165256
9,690,0,78.063928
9,691,0,92.780686
9,692,0,88.480911
9,693,0,82.300065
9,694,0,77.952131
9,695,0,78.232948
9,696,0,78.715893
9,697,0,82.0564
9,698,0,84.00947
9,699,0,84.115261
9,700,0,83.994486
9,701,0,83.504287
9,702,0,92.683984
9,703,0,78.298706
9,704,0,110.773969
9,705,0,81.42923
9,706,0,77.838417
9,707,0,78.85938
9,708,0,86.007254
9,709,0,77.573713
9,710,0,84.351352
9,711,0,83.124059
9,712,0,78.154179
9,713,0,79.445955
9,714,0,99.390975
9,715,0,91.709739
9,716,0,89.513026
9,717,0,88.493423
9,718,0,75.326827
9,719,0,78.802932
9,720,0,76.315273
9,721,0,81.288925
9,722,0,77.010227
9,723,0,87.579026
9,724,0,96.818185
9,725,0,93.652039
9,726,0,79.407775
9,727,0,80.623347
9,728,0,82.198687
9,729,0,84.783474
9,730,0,78.804085
9,731,0,83.225815
9,732,0,84.263246
9,733,0,79.954929
9,734,0,99.649613
9,735,0,94.56017
9,736,0,82.045297
9,737,0,84.839144
9,738,0,78.275665
9,739,0,79.520769
9,740,0,77.137343
9,741,0,85.21412
9,742,0,80.209266
9,743,0,77.157847
9,744,0,89.988095
9,745,0,79.732907
9,746,0,79.956019
9,747,0,84.846927
9,748,0,96.83976
9,749,0,97.768058
9,750,0,78.184596
9,751,0,80.357971
9,752,0,78.178282
9,753,0,79.234421
9,754,0,83.375976
9,755,0,79.203525
9,756,0,95.777803
9,757,0,78.278364
9,758,0,86.573089
9,759,0,75.196266
9,760,0,84.778188
9,761,0,77.686195
9,762,0,94.475481
9,763,0,75.238921
9,764,0,78.432761
9,765,0,79.041106
9,766,0,83.943994
9,767,0,80.386029
9,768,0,81.459555
9,769,0,83.013411
9,770,0,77.744109
9,771,0,91.819169
9,772,0,75.194112
9,773,0,84.424267
9,774,0,95.797723
9,775,0,93.914272
9,776,0,90.84108
9,777,0,80.283258
9,778,0,80.757879
9,779,0,85.617199
9,780,0,86.13029
9,781,0,84.728643
9,782,0,85.249033
9,783,0,80.911008
9,784,0,78.488363
9,785,0,78.417696
9,786,0,76.753305
9,787,0,83.557977
9,788,0,81.968412
9,789,0,80.991763
9,790,0,80.251224
9,791,0,77.070473
9,792,0,78.845103
9,793,0,84.750026
9,794,0,80.375896
9,795,0,78.367053
9,796,0,80.822604
9,797,0,83.22913
9,798,0,76.918679
9,799,0,75.762406
9,800,0,82.389322
9,801,0,87.481959
9,802,0,82.351711
9,803,0,87.544649
9,804,0,84.306161
9,805,0,93.164959
9,806,0,75.315082
9,807,0,83.88917
9,808,0,80.661987
9,809,0,90.934114
9,810,0,89.855313
9,811,0,79.791304
9,812,0,76.392872
9,813,0,81.958272
9,814,0,81.801293
9,815,0,76.011695
9,816,0,80.97473
9,817,0,81.400758
9,818,0,85.574432
9,819,0,81.203238
9,820,0,82.278214
9,821,0,80.763695
9,822,0,79.929242
9,823,0,77.322189
9,824,0,82.147002
9,825,0,81.17762
9,826,0,87.11625
9,827,0,80.690517
9,828,0,86.701442
9,829,0,86.296439
9,830,0,79.621208
9,831,0,80.973105
9,832,0,82.59936
9,833,0,79.228598
9,834,0,81.199231
9,835,0,85.047144
9,836,0,81.187234
9,837,0,79.218246
9,838,0,88.963197
9,839,0,82.030352
9,840,0,86.429414
9,841,0,79.137966
9,842,0,108.315405
9,843,0,97.287548
9,844,0,74.499528
9,845,0,82.590759
9,846,0,81.269999
9,847,0,90.078684
9,848,0,87.715357
9,849,0,77.798622
9,850,0,82.597802
9,851,0,83.111015
9,852,0,79.649077
9,853,0,82.640155
9,854,0,77.239124
9,855,0,75.057262
9,856,0,76.143909
9,857,0,78.665412
9,858,0,95.248512
9,859,0,88.786008
9,860,0,76.089014
9,861,0,79.377518
9,862,0,97.412653
9,863,0,84.802722
9,864,0,83.90434
9,865,0,87.605463
9,866,0,82.294603
9,867,0,91.489647
9,868,0,92.813808
9,869,0,75.725145
9,870,0,85.431035
9,871,0,98.610809
9,872,0,84.765965
9,873,0,80.561357
9,874,0,85.931939
9,875,0,98.937597
9,876,0,85.150722
9,877,0,83.792896
9,878,0,76.01492
9,879,0,86.649684
9,880,0,77.762289
9,881,0,86.864935
9,882,0,78.097008
9,883,0,74.940998
9,884,0,83.697813
9,885,0,91.591337
9,886,0,81.768103
9,887,0,84.174815
9,888,0,82.151447
9,889,0,87.996704
9,890,0,78.307251
9,891,0,89.992287
9,892,0,77.99762
9,893,0,78.687591
9,894,0,84.10988
9,895,0,79.255653
9,896,0,83.14747
9,897,0,79.620692
9,898,0,77.706981
9,899,0,80.000407
9,900,0,86.090558
9,901,0,76.778779
9,902,0,85.573506
9,903,0,91.168201
9,904,0,80.51455
9,905,0,85.025021
9,906,0,90.807343
9,907,0,78.923967
9,908,0,82.452395
9,909,0,78.484078
9,910,0,79.546729
9,911,0,89.127698
9,912,0,82.092349
9,913,0,90.561509
9,914,0,90.681773
9,915,0,81.91955
9,916,0,76.620448
9,917,0,78.92596
9,918,0,90.039141
9,919,0,77.027405
9,920,0,90.388818
9,921,0,87.193945
9,922,0,77.52095
9,923,0,87.02619
9,924,0,78.723017
9,925,0,76.71787
9,926,0,83.724931
9,927,0,85.448406
9,928,0,75.944815
9,929,0,79.796066
9,930,0,82.359149
9,931,0,87.722952
9,932,0,85.177499
9,933,0,79.84607
9,934,0,80.847341
9,935,0,83.860816
9,936,0,101.529631
9,937,0,76.597228
9,938,0,92.496448
9,939,0,77.909745
9,940,0,80.098128
9,941,0,75.380626
9,942,0,81.879868
9,943,0,77.53616
9,944,0,81.364536
9,945,0,79.037887
9,946,0,75.333551
9,947,0,77.699609
9,948,0,78.137905
9,949,0,88.335769
9,950,0,86.674737
9,951,0,77.813916
9,952,0,98.790985
9,953,0,77.673532
9,954,0,80.050708
9,955,0,77.932651
9,956,0,85.039209
9,957,0,80.715132
9,958,0,75.995381
9,959,0,81.787328
9,960,0,82.001456
9,961,0,90.337546
9,962,0,83.701895
9,963,0,86.182546
9,964,0,75.486336
9,965,0,86.151101
9,966,0,87.960711
9,967,0,80.628375
9,968,0,83.66634
9,969,0,89.155515
9,970,0,91.038315
9,971,0,84.825123
9,972,0,77.963188
9,973,0,85.261271
9,974,0,81.93409
9,975,0,77.793646
9,976,0,86.392568
9,977,0,93.894041
9,978,0,80.689045
9,979,0,83.846711
9,980,0,81.95574
9,981,0,79.738622
9,982,0,92.840541
9,983,0,76.016947
9,984,0,79.567359
9,985,0,81.763284
9,986,0,79.336487
9,987,0,81.488542
9,988,0,86.32949
9,989,0,80.386537
9,990,0,75.014738
9,991,0,89.075414
9,992,0,95.928727
9,993,0,83.810533
9,994,0,77.107491
9,995,0,83.103056
9,996,0,85.102563
9,997,0,81.646648
9,998,0,83.80724
9,999,0,80.328496
10,0,0,90.535076
10,1,0,85.32429
10,2,0,83.988843
10,3,0,74.627637
10,4,0,75.494159
10,5,0,104.282985
10,6,0,81.548075
10,7,0,78.50949
10,8,0,79.37425
10,9,0,77.857636
10,10,0,85.717445
10,11,0,84.292005
10,12,0,81.387294
10,13,0,81.241297
10,14,0,76.17793
10,15,0,75.310494
10,16,0,74.389723
10,17,0,77.136767
10,18,0,79.34658
10,19,0,84.936067
10,20,0,79.570774
10,21,0,78.211765
10,22,0,89.037265
10,23,0,74.823778
10,24,0,81.776406
10,25,0,83.742966
10,26,0,77.105704
10,27,0,85.885146
10,28,0,80.520243
10,29,0,75.160612
10,30,0,78.954118
10,31,0,91.65725
10,32,0,83.299374
10,33,0,87.010651
10,34,0,80.508614
10,35,0,78.102352
10,36,0,83.834935
10,37,0,79.793078
10,38,0,76.024012
10,39,0,79.07157
10,40,0,78.85743
10,41,0,84.427018
10,42,0,94.597041
10,43,0,76.843863
10,44,0,84.461136
10,45,0,79.384863
10,46,0,79.185175
10,47,0,85.410347
10,48,0,81.264745
10,49,0,76.628395
10,50,0,94.727654
10,51,0,90.796449
10,52,0,81.240625
10,53,0,87.676324
10,54,0,83.984196
10,55,0,76.817902
10,56,0,78.643188
10,57,0,82.989796
10,58,0,84.223065
10,59,0,102.804443
10,60,0,80.504485
10,61,0,85.10321
10,62,0,85.207397
10,63,0,87.655134
10,64,0,88.760262
10,65,0,82.121807
10,66,0,86.343698
10,67,0,81.598419
10,68,0,86.582063
10,69,0,81.155212
10,70,0,84.786026
10,71,0,89.50803
10,72,0,81.077663
10,73,0,84.292438
10,74,0,95.213928
10,75,0,84.520492
10,76,0,78.517463
10,77,0,80.921736
10,78,0,84.287978
10,79,0,83.202709
10,80,0,86.89812
10,81,0,83.932112
10,82,0,78.246884
10,83,0,87.007389
10,84,0,80.063214
10,85,0,82.400517
10,86,0,93.337863
10,87,0,89.104302
10,88,0,89.209755
10,89,0,93.105029
10,90,0,92.809228
10,91,0,89.099107
10,92,0,79.111661
10,93,0,78.863719
10,94,0,87.833045
10,95,0,84.073402
10,96,0,90.211937
10,97,0,86.486504
10,98,0,78.837234
10,99,0,78.750892
10,100,0,77.0829
10,101,0,74.676862
10,102,0,78.78859
10,103,0,83.195609
10,104,0,82.044125
10,105,0,84.425532
10,106,0,76.48982
10,107,0,75.012187
10,108,0,85.634199
10,109,0,83.496792
10,110,0,82.928235
10,111,0,82.838138
10,112,0,78.903217
10,113,0,80.770929
10,114,0,82.460521
10,115,0,88.09123
10,116,0,82.1764
10,117,0,82.381519
10,118,0,100.904438
10,119,0,87.339502
10,120,0,84.968662
10,121,0,83.439779
10,122,0,79.695194
10,123,0,83.543609
10,124,0,82.278687
10,125,0,80.020868
10,126,0,83.961986
10,127,0,101.173964
10,128,0,78.77424
10,129,0,74.126686
10,130,0,79.333464
10,131,0,77.852904
10,132,0,82.338236
10,133,0,85.899873
10,134,0,83.8877
10,135,0,77.057245
10,136,0,88.042662
10,137,0,79.993011
10,138,0,85.073622
10,139,0,79.033128
10,140,0,81.299494
10,141,0,119.665363
10,142,0,95.594891
10,143,0,81.887365
10,144,0,77.623078
10,145,0,80.041693
10,146,0,89.811147
10,147,0,80.315862
10,148,0,97.632674
10,149,0,74.48374
10,150,0,82.863079
10,151,0,77.410302
10,152,0,91.690744
10,153,0,77.940329
10,154,0,90.353164
10,155,0,80.94121
10,156,0,93.378149
10,157,0,81.409478
10,158,0,80.371405
10,159,0,76.109648
10,160,0,77.215107
10,161,0,80.997142
10,162,0,80.232132
10,163,0,87.61627
10,164,0,76.569592
10,165,0,78.905038
10,166,0,100.810986
10,167,0,86.749548
10,168,0,80.229934
10,169,0,79.497209
10,170,0,82.295356
10,171,0,83.947973
10,172,0,82.660574
10,173,0,78.230526
10,174,0,85.872986
10,175,0,94.535975
10,176,0,80.888834
10,177,0,84.455218
10,178,0,80.089724
10,179,0,79.442644
10,180,0,79.555021
10,181,0,94.664592
10,182,0,81.547535
10,183,0,79.601351
10,184,0,90.887085
10,185,0,92.668051
10,186,0,77.925878
10,187,0,77.214793
10,188,0,87.564782
10,189,0,81.611583
10,190,0,85.490263
10,191,0,86.998323
10,192,0,83.546508
10,193,0,90.463546
10,194,0,79.592935
10,195,0,79.347812
10,196,0,78.280209
10,197,0,77.151664
10,198,0,85.422695
10,199,0,77.36459
10,200,0,82.113956
10,201,0,79.389372
10,202,0,78.780211
10,203,0,76.905759
10,204,0,77.372878
10,205,0,88.315286
10,206,0,86.135749
10,207,0,89.370056
10,208,0,98.917106
10,209,0,79.970093
10,210,0,76.566172
10,211,0,80.871486
10,212,0,80.034273
10,213,0,86.169515
10,214,0,95.014776
10,215,0,81.853778
10,216,0,80.770074
10,217,0,79.655942
10,218,0,87.521604
10,219,0,84.749428
10,220,0,87.450432
10,221,0,78.524539
10,222,0,76.38587
10,223,0,83.462193
10,224,0,89.791666
10,225,0,78.434879
10,226,0,85.224682
10,227,0,78.363477
10,228,0,83.339009
10,229,0,82.318556
10,230,0,89.586306
10,231,0,82.068774
10,232,0,82.490615
10,233,0,78.567664
10,234,0,92.93906
10,235,0,78.497996
10,236,0,77.047625
10,237,0,93.264174
10,238,0,76.607315
10,239,0,84.27881
10,240,0,86.276808
10,241,0,77.949698
10,242,0,84.586776
10,243,0,82.893922
10,244,0,88.044202
10,245,0,90.700302
10,246,0,87.510423
10,247,0,79.878263
10,248,0,75.041298
10,249,0,88.124117
10,250,0,90.672858
10,251,0,77.151403
10,252,0,80.451224
10,253,0,87.815715
10,254,0,82.734666
10,255,0,79.901164
10,256,0,77.511667
10,257,0,85.670671
10,258,0,80.374253
10,259,0,81.675214
10,260,0,79.516165
10,261,0,78.375713
10,262,0,93.573957
10,263,0,87.215955
10,264,0,90.110944
10,265,0,82.474897
10,266,0,84.4729
10,267,0,88.885597
10,268,0,81.778494
10,269,0,94.550379
10,270,0,82.329577
10,271,0,84.331582
10,272,0,79.937471
10,273,0,94.093736
10,274,0,95.181309
10,275,0,76.638301
10,276,0,78.647868
10,277,0,89.521353
10,278,0,82.754804
10,279,0,81.852871
10,280,0,79.96014
10,281,0,85.81444
10,282,0,91.650324
10,283,0,81.087038
10,284,0,86.078774
10,285,0,77.934432
10,286,0,81.99719
10,287,0,87.464033
10,288,0,78.214053
10,289,0,77.987262
10,290,0,84.994428
10,291,0,80.095014
10,292,0,86.934941
10,293,0,95.333594
10,294,0,81.790137
10,295,0,83.271445
10,296,0,81.24547
10,297,0,84.599634
10,298,0,76.845776
10,299,0,84.429788
10,300,0,85.627557
10,301,0,82.487989
10,302,0,84.504725
10,303,0,78.095211
10,304,0,77.187418
10,305,0,75.839195
10,306,0,85.71699
10,307,0,81.005664
10,308,0,81.318959
10,309,0,74.511477
10,310,0,97.166678
10,311,0,75.267534
10,312,0,82.633427
10,313,0,77.710954
10,314,0,79.056939
10,315,0,86.238156
10,316,0,86.38835
10,317,0,84.668955
10,318,0,88.994675
10,319,0,92.295228
10,320,0,81.337339
10,321,0,75.253332
10,322,0,82.108745
10,323,0,78.578742
10,324,0,81.206456
10,325,0,76.693296
10,326,0,85.770512
10,327,0,77.092689
10,328,0,76.012039
10,329,0,85.650468
10,330,0,92.966981
10,331,0,94.752555
10,332,0,85.780245
10,333,0,78.86235
10,334,0,103.48698
10,335,0,77.653296
10,336,0,78.490664
10,337,0,76.379285
10,338,0,92.274595
10,339,0,88.236559
10,340,0,75.975876
10,341,0,81.404511
10,342,0,79.437531
10,343,0,81.91859
10,344,0,78.734769
10,345,0,92.930121
10,346,0,82.009468
10,347,0,88.276406
10,348,0,76.966319
10,349,0,86.311277
10,350,0,79.318721
10,351,0,80.549161
10,352,0,84.818802
10,353,0,88.381398
10,354,0,76.366203
10,355,0,83.259005
10,356,0,82.718157
10,357,0,97.264674
10,358,0,83.539613
10,359,0,77.168478
10,360,0,85.636305
10,361,0,80.644366
10,362,0,81.278278
10,363,0,79.338871
10,364,0,84.227763
10,365,0,80.874053
10,366,0,92.834291
10,367,0,78.514088
10,368,0,79.016359
10,369,0,90.563481
10,370,0,86.739909
10,371,0,85.679014
10,372,0,86.670395
10,373,0,81.686309
10,374,0,78.354568
10,375,0,77.746533
10,376,0,81.669706
10,377,0,94.356654
10,378,0,80.903466
10,379,0,75.80051
10,380,0,79.120635
10,381,0,84.783678
10,382,0,81.825889
10,383,0,76.854209
10,384,0,86.539724
10,385,0,93.231414
10,386,0,77.605459
10,387,0,83.905667
10,388,0,77.369941
10,389,0,77.016169
10,390,0,90.117048
10,391,0,83.034393
10,392,0,75.704655
10,393,0,82.755472
10,394,0,80.516459
10,395,0,95.170537
10,396,0,75.786766
10,397,0,83.016677
10,398,0,82.849086
10,399,0,84.748692
10,400,0,82.997612
10,401,0,88.658333
10,402,0,86.416356
10,403,0,79.185632
10,404,0,76.823631
10,405,0,83.761171
10,406,0,89.959473
10,407,0,90.667711
10,408,0,84.282383
10,409,0,84.111264
10,410,0,81.022086
10,411,0,87.406444
10,412,0,85.218643
10,413,0,87.003681
10,414,0,81.617402
10,415,0,80.209517
10,416,0,101.508977
10,417,0,87.468305
10,418,0,87.263018
10,419,0,78.085691
10,420,0,95.611783
10,421,0,77.124281
10,422,0,89.430081
10,423,0,81.335995
10,424,0,79.914218
10,425,0,78.657887
10,426,0,79.409062
10,427,0,75.454051
10,428,0,88.359776
10,429,0,85.172921
10,430,0,80.824989
10,431,0,81.417451
10,432,0,76.127515
10,433,0,84.425334
10,434,0,83.549834
10,435,0,76.460768
10,436,0,77.903952
10,437,0,76.350574
10,438,0,76.193556
10,439,0,91.28052
10,440,0,81.929198
10,441,0,78.677131
10,442,0,75.047989
10,443,0,81.455342
10,444,0,92.543338
10,445,0,87.125173
10,446,0,79.56954
10,447,0,79.142128
10,448,0,84.628301
10,449,0,77.897154
10,450,0,80.321952
10,451,0,80.082432
10,452,0,86.661599
10,453,0,80.3253
10,454,0,81.609346
10,455,0,78.52057
10,456,0,83.133246
10,457,0,80.003468
10,458,0,85.235293
10,459,0,82.038555
10,460,0,85.388201
10,461,0,87.276827
10,462,0,88.315234
10,463,0,82.09157
10,464,0,86.699494
10,465,0,100.445611
10,466,0,82.547735
10,467,0,84.133463
10,468,0,88.506013
10,469,0,80.959344
10,470,0,77.638882
10,471,0,80.876937
10,472,0,80.424695
10,473,0,83.131531
10,474,0,79.610798
10,475,0,85.716781
10,476,0,76.458923
10,477,0,78.026827
10,478,0,94.993374
10,479,0,81.910924
10,480,0,81.925516
10,481,0,79.076084
10,482,0,82.045587
10,483,0,89.50166
10,484,0,88.968808
10,485,0,78.958563
10,486,0,79.420288
10,487,0,83.783902
10,488,0,76.21188
10,489,0,78.047148
10,490,0,76.773345
10,491,0,80.047053
10,492,0,74.912671
10,493,0,84.473406
10,494,0,90.846699
10,495,0,80.270949
10,496,0,90.00032
10,497,0,75.669413
10,498,0,76.271332
10,499,0,82.545913
10,500,0,80.632644
10,501,0,79.262874
10,502,0,82.203424
10,503,0,81.578453
10,504,0,77.329707
10,505,0,86.898537
10,506,0,82.137548
10,507,0,77.706163
10,508,0,77.791738
10,509,0,87.508319
10,510,0,84.17489
10,511,0,78.769163
10,512,0,87.651798
10,513,0,77.780812
10,514,0,81.382859
10,515,0,79.142637
10,516,0,79.963145
10,517,0,89.049815
10,518,0,83.838422
10,519,0,83.540326
10,520,0,80.923656
10,521,0,86.04433
10,522,0,83.706166
10,523,0,84.814762
10,524,0,88.651611
10,525,0,87.511541
10,526,0,92.265405
10,527,0,80.668035
10,528,0,87.827052
10,529,0,77.188396
10,530,0,78.539133
10,531,0,87.20642
10,532,0,84.932359
10,533,0,79.05257
10,534,0,80.050651
10,535,0,82.765483
10,536,0,87.688796
10,537,0,84.66442
10,538,0,95.742647
10,539,0,80.499162
10,540,0,82.964379
10,541,0,92.786141
10,542,0,85.77162
10,543,0,83.483798
10,544,0,81.877251
10,545,0,78.840657
10,546,0,77.671197
10,547,0,74.530537
10,548,0,75.059231
10,549,0,86.785326
10,550,0,83.034973
10,551,0,80.813868
10,552,0,80.306211
10,553,0,78.998365
10,554,0,77.377259
10,555,0,91.75132
10,556,0,98.163947
10,557,0,82.808763
10,558,0,81.014606
10,559,0,79.67191
10,560,0,78.897091
10,561,0,84.365908
10,562,0,81.821389
10,563,0,93.566484
10,564,0,76.894795
10,565,0,85.629346
10,566,0,91.424146
10,567,0,81.35272
10,568,0,84.184996
10,569,0,86.81883
10,570,0,81.614195
10,571,0,75.587633
10,572,0,84.457921
10,573,0,80.606985
10,574,0,82.764167
10,575,0,80.390833
10,576,0,79.64421
10,577,0,78.731656
10,578,0,76.935141
10,579,0,82.601423
10,580,0,85.001947
10,581,0,82.214033
10,582,0,85.038068
10,583,0,84.102035
10,584,0,76.786238
10,585,0,91.468974
10,586,0,80.292616
10,587,0,85.396033
10,588,0,86.093009
10,589,0,80.829611
10,590,0,80.085115
10,591,0,89.097605
10,592,0,87.847944
10,593,0,87.123396
10,594,0,89.1332
10,595,0,76.632308
10,596,0,78.790546
10,597,0,106.866647
10,598,0,76.534558
10,599,0,83.532637
10,600,0,84.476792
10,601,0,80.380656
10,602,0,82.808693
10,603,0,80.658179
10,604,0,82.35543
10,605,0,82.74187
10,606,0,79.785616
10,607,0,78.038849
10,608,0,83.468626
10,609,0,82.640728
10,610,0,81.058241
10,611,0,96.741125
10,612,0,85.138453
10,613,0,85.31815
10,614,0,76.52877
10,615,0,88.970983
10,616,0,82.679859
10,617,0,77.677977
10,618,0,87.440978
10,619,0,90.478547
10,620,0,80.570384
10,621,0,77.44634
10,622,0,81.092313
10,623,0,85.585164
10,624,0,80.651107
10,625,0,77.849141
10,626,0,81.180805
10,627,0,78.318096
10,628,0,84.949591
10,629,0,82.516949
10,630,0,86.688469
10,631,0,86.811865
10,632,0,82.679263
10,633,0,76.801863
10,634,0,75.453749
10,635,0,88.916374
10,636,0,85.073599
10,637,0,97.45675
10,638,0,84.667924
10,639,0,85.681707
10,640,0,88.72369
10,641,0,77.404293
10,642,0,80.262803
10,643,0,76.104555
10,644,0,83.956953
10,645,0,87.45414
10,646,0,77.76774
10,647,0,82.886846
10,648,0,75.601153
10,649,0,82.810104
10,650,0,87.422994
10,651,0,82.115177
10,652,0,83.47156
10,653,0,79.675861
10,654,0,78.979721
10,655,0,83.779656
10,656,0,91.076704
10,657,0,87.049167
10,658,0,82.639174
10,659,0,77.426571
10,660,0,79.013733
10,661,0,82.983769
10,662,0,76.59985
10,663,0,74.559873
10,664,0,102.627676
10,665,0,79.903485
10,666,0,80.100046
10,667,0,84.818029
10,668,0,86.641639
10,669,0,86.553535
10,670,0,80.83396
10,671,0,77.402119
10,672,0,91.108776
10,673,0,87.743558
10,674,0,84.141196
10,675,0,81.85827
10,676,0,85.558534
10,677,0,90.090793
10,678,0,79.198344
10,679,0,88.626158
10,680,0,86.873416
10,681,0,80.625719
10,682,0,104.396322
10,683,0,82.578062
10,684,0,84.295167
10,685,0,84.479608
10,686,0,78.938202
10,687,0,81.675675
10,688,0,82.688272
10,689,0,94.167606
10,690,0,80.193893
10,691,0,83.036164
10,692,0,87.894723
10,693,0,84.300099
10,694,0,83.099968
10,695,0,78.068228
10,696,0,76.110009
10,697,0,84.188864
10,698,0,83.800677
10,699,0,80.681238
10,700,0,81.287335
10,701,0,80.424649
10,702,0,89.468385
10,703,0,77.971539
10,704,0,79.580115
10,705,0,79.027508
10,706,0,91.505566
10,707,0,88.515923
10,708,0,81.064042
10,709,0,84.017547
10,710,0,87.953861
10,711,0,79.661556
10,712,0,102.898013
10,713,0,77.686551
10,714,0,81.147751
10,715,0,85.544567
10,716,0,77.992339
10,717,0,79.160362
10,718,0,83.417178
10,719,0,93.550988
10,720,0,93.39489
10,721,0,84.23381
10,722,0,80.098302
10,723,0,79.434655
10,724,0,76.712176
10,725,0,82.811106
10,726,0,78.542148
10,727,0,88.044972
10,728,0,82.973809
10,729,0,86.654996
10,730,0,84.904322
10,731,0,79.703332
10,732,0,77.257494
10,733,0,82.61305
10,734,0,91.007458
10,735,0,86.642443
10,736,0,88.519614
10,737,0,76.688244
10,738,0,91.277346
10,739,0,76.755252
10,740,0,88.03407
10,741,0,86.624925
10,742,0,82.434271
10,743,0,84.749668
10,744,0,78.755036
10,745,0,74.555582
10,746,0,80.827568
10,747,0,86.358148
10,748,0,79.87807
10,749,0,100.674634
10,750,0,82.635497
10,751,0,82.284608
10,752,0,77.427541
10,753,0,79.611633
10,754,0,90.425617
10,755,0,80.67771
10,756,0,79.08262
10,757,0,82.186559
10,758,0,78.418317
10,759,0,85.178632
10,760,0,79.687252
10,761,0,96.406033
10,762,0,78.237764
10,763,0,87.426652
10,764,0,78.251226
10,765,0,80.535235
10,766,0,77.706979
10,767,0,86.879531
10,768,0,84.655385
10,769,0,76.129455
10,770,0,77.382895
10,771,0,79.726656
10,772,0,84.034798
10,773,0,79.955543
10,774,0,79.637826
10,775,0,76.777512
10,776,0,80.104846
10,777,0,83.368227
10,778,0,87.624486
10,779,0,81.590884
10,780,0,80.162648
10,781,0,76.174109
10,782,0,84.929251
10,783,0,89.204087
10,784,0,80.688846
10,785,0,78.428691
10,786,0,75.545249
10,787,0,81.79165
10,788,0,80.208765
10,789,0,83.265713
10,790,0,89.263929
10,791,0,79.240616
10,792,0,78.314692
10,793,0,83.361508
10,794,0,78.730459
10,795,0,86.667984
10,796,0,77.532726
10,797,0,78.55794
10,798,0,74.040525
10,799,0,82.336574
10,800,0,79.831081
10,801,0,86.180521
10,802,0,91.264517
10,803,0,78.040229
10,804,0,77.525417
10,805,0,82.483866
10,806,0,75.030528
10,807,0,84.384202
10,808,0,87.879654
10,809,0,78.797094
10,810,0,82.929382
10,811,0,76.438981
10,812,0,75.67404
10,813,0,85.341592
10,814,0,85.022825
10,815,0,84.527547
10,816,0,79.201662
10,817,0,79.4771
10,818,0,85.39716
10,819,0,78.474402
10,820,0,76.096975
10,821,0,80.506756
10,822,0,86.552662
10,823,0,83.8732
10,824,0,82.523426
10,825,0,85.723299
10,826,0,78.124031
10,827,0,79.572633
10,828,0,84.945162
10,829,0,99.734343
10,830,0,82.92534
10,831,0,90.82838
10,832,0,77.463184
10,833,0,76.948058
10,834,0,76.415202
10,835,0,86.558506
10,836,0,91.060719
10,837,0,83.368756
10,838,0,80.161781
10,839,0,80.089316
10,840,0,79.084355
10,841,0,89.305473
10,842,0,76.630112
10,843,0,79.86813
10,844,0,91.629912
10,845,0,78.833218
10,846,0,77.342177
10,847,0,78.318141
10,848,0,79.559652
10,849,0,84.163297
10,850,0,79.945108
10,851,0,117.540086
10,852,0,78.876501
10,853,0,86.297858
10,854,0,84.573396
10,855,0,81.531591
10,856,0,90.103221
10,857,0,85.486292
10,858,0,81.686914
10,859,0,91.324071
10,860,0,102.73198
10,861,0,84.780841
10,862,0,85.37106
10,863,0,88.360944
10,864,0,79.713739
10,865,0,85.030038
10,866,0,82.520198
10,867,0,79.202692
10,868,0,79.939874
10,869,0,85.797478
10,870,0,82.328821
10,871,0,84.671398
10,872,0,82.8657
10,873,0,93.298869
10,874,0,85.596268
10,875,0,84.510005
10,876,0,90.060394
10,877,0,82.458791
10,878,0,79.127407
10,879,0,87.416422
10,880,0,85.180675
10,881,0,88.178296
10,882,0,76.705496
10,883,0,83.694545
10,884,0,88.919021
10,885,0,88.35687
10,886,0,78.966731
10,887,0,80.24873
10,888,0,85.515418
10,889,0,76.954795
10,890,0,75.281411
10,891,0,82.3378
10,892,0,77.350163
10,893,0,78.224125
10,894,0,81.873356
10,895,0,84.433057
10,896,0,83.064961
10,897,0,85.064412
10,898,0,84.917362
10,899,0,94.771655
10,900,0,80.344465
10,901,0,87.171937
10,902,0,96.805985
10,903,0,82.776208
10,904,0,84.764777
10,905,0,86.957096
10,906,0,82.197259
10,907,0,78.860773
10,908,0,83.873936
10,909,0,98.131451
10,910,0,83.929926
10,911,0,87.507154
10,912,0,75.910655
10,913,0,77.392314
10,914,0,81.980632
10,915,0,84.326546
10,916,0,80.894776
10,917,0,80.694243
10,918,0,80.4184
10,919,0,99.759323
10,920,0,77.021621
10,921,0,75.564638
10,922,0,76.357111
10,923,0,81.645009
10,924,0,81.747798
10,925,0,82.649827
10,926,0,82.525143
10,927,0,77.012477
10,928,0,78.841847
10,929,0,78.309866
10,930,0,86.806896
10,931,0,81.851311
10,932,0,75.594295
10,933,0,81.193915
10,934,0,79.899643
10,935,0,79.731038
10,936,0,79.475366
10,937,0,80.607819
10,938,0,89.272424
10,939,0,86.395744
10,940,0,80.456606
10,941,0,92.024317
10,942,0,86.116715
10,943,0,77.986533
10,944,0,86.099932
10,945,0,82.541711
10,946,0,79.579002
10,947,0,89.620836
10,948,0,84.799701
10,949,0,80.54309
10,950,0,86.076151
10,951,0,85.083044
10,952,0,81.815198
10,953,0,79.307715
10,954,0,87.575562
10,955,0,80.597713
10,956,0,88.524882
10,957,0,91.776448
10,958,0,256.844431
10,959,0,81.652719
10,960,0,79.865613
10,961,0,80.902231
10,962,0,82.35407
10,963,0,90.599576
10,964,0,81.227689
10,965,0,76.313997
10,966,0,77.155773
10,967,0,82.137982
10,968,0,79.240335
10,969,0,80.325054
10,970,0,82.941757
10,971,0,78.688232
10,972,0,80.277341
10,973,0,86.955502
10,974,0,83.54971
10,975,0,83.916172
10,976,0,84.867228
10,977,0,85.020365
10,978,0,82.268031
10,979,0,76.897977
10,980,0,75.871854
10,981,0,84.362679
10,982,0,95.149896
10,983,0,84.804149
10,984,0,80.499343
10,985,0,90.028879
10,986,0,87.179932
10,987,0,85.429065
10,988,0,79.468042
10,989,0,79.679653
10,990,0,92.542205
10,991,0,79.261688
10,992,0,83.731734
10,993,0,76.246385
10,994,0,89.461094
10,995,0,89.539736
10,996,0,99.817719
10,997,0,78.38456
10,998,0,79.63223
10,999,0,86.68858
