batch_id,key_index,thermal_state,keygen_cycles
1,0,0,81.673435
1,1,0,82.138439
1,2,0,75.97741
1,3,0,95.796483
1,4,0,76.301904
1,5,0,78.697704
1,6,0,75.165677
1,7,0,74.582664
1,8,0,84.512333
1,9,0,77.834846
1,10,0,75.712493
1,11,0,81.858084
1,12,0,78.703476
1,13,0,84.61153
1,14,0,74.667744
1,15,0,82.838474
1,16,0,73.449493
1,17,0,73.042062
1,18,0,81.51435
1,19,0,74.864338
1,20,0,72.70607
1,21,0,75.602052
1,22,0,80.55682
1,23,0,95.154744
1,24,0,73.836464
1,25,0,83.817449
1,26,0,76.704154
1,27,0,74.420647
1,28,0,75.525278
1,29,0,82.966661
1,30,0,82.786011
1,31,0,77.34051
1,32,0,82.858303
1,33,0,78.10444
1,34,0,74.720442
1,35,0,77.872051
1,36,0,75.448032
1,37,0,81.578317
1,38,0,74.760167
1,39,0,78.420996
1,40,0,75.569637
1,41,0,82.26007
1,42,0,82.740434
1,43,0,76.287039
1,44,0,91.493618
1,45,0,82.764442
1,46,0,75.934512
1,47,0,76.221515
1,48,0,75.908276
1,49,0,81.224589
1,50,0,73.82142
1,51,0,83.708358
1,52,0,79.789787
1,53,0,80.609661
1,54,0,83.158483
1,55,0,84.543938
1,56,0,82.062242
1,57,0,77.054232
1,58,0,74.964106
1,59,0,75.029866
1,60,0,78.876596
1,61,0,73.691907
1,62,0,87.101228
1,63,0,76.97669
1,64,0,75.00431
1,65,0,76.16309
1,66,0,81.721156
1,67,0,74.760521
1,68,0,84.527852
1,69,0,80.729304
1,70,0,83.363647
1,71,0,77.022579
1,72,0,86.918557
1,73,0,78.378254
1,74,0,77.640635
1,75,0,74.068305
1,76,0,73.861214
1,77,0,89.964751
1,78,0,73.574117
1,79,0,78.230501
1,80,0,80.432917
1,81,0,85.400593
1,82,0,77.17189
1,83,0,92.448886
1,84,0,86.781184
1,85,0,72.738116
1,86,0,97.775324
1,87,0,76.485498
1,88,0,73.013486
1,89,0,80.766434
1,90,0,74.728678
1,91,0,77.623835
1,92,0,74.334275
1,93,0,76.55228
1,94,0,78.649493
1,95,0,76.883781
1,96,0,73.990821
1,97,0,75.939306
1,98,0,82.149954
1,99,0,78.763754
1,100,0,72.826472
1,101,0,78.554947
1,102,0,76.578748
1,103,0,81.347281
1,104,0,73.688112
1,105,0,75.441494
1,106,0,78.071077
1,107,0,79.938026
1,108,0,77.244532
1,109,0,73.674615
1,110,0,76.03382
1,111,0,75.428814
1,112,0,75.65824
1,113,0,79.42409
1,114,0,76.189565
1,115,0,76.086895
1,116,0,76.22149
1,117,0,84.704374
1,118,0,83.158985
1,119,0,72.779836
1,120,0,75.55677
1,121,0,92.254942
1,122,0,80.988527
1,123,0,94.884245
1,124,0,73.606803
1,125,0,72.275231
1,126,0,80.748156
1,127,0,81.418016
1,128,0,74.471686
1,129,0,74.92801
1,130,0,72.21447
1,131,0,79.544033
1,132,0,74.546703
1,133,0,88.735329
1,134,0,75.148299
1,135,0,76.240533
1,136,0,75.735489
1,137,0,84.618165
1,138,0,91.868154
1,139,0,82.11523
1,140,0,79.104689
1,141,0,83.252439
1,142,0,78.829137
1,143,0,81.696205
1,144,0,82.52415
1,145,0,76.642805
1,146,0,78.153273
1,147,0,77.587922
1,148,0,82.270456
1,149,0,94.607499
1,150,0,76.262314
1,151,0,76.811026
1,152,0,77.357311
1,153,0,86.492968
1,154,0,74.834354
1,155,0,88.767628
1,156,0,72.590179
1,157,0,75.07473
1,158,0,76.69574
1,159,0,74.087642
1,160,0,73.416637
1,161,0,82.21116
1,162,0,80.415006
1,163,0,80.493412
1,164,0,84.093954
1,165,0,77.501107
1,166,0,88.752052
1,167,0,77.552085
1,168,0,76.707864
1,169,0,91.403664
1,170,0,75.998987
1,171,0,75.17984
1,172,0,72.164851
1,173,0,73.18786
1,174,0,81.75135
1,175,0,78.176256
1,176,0,82.881658
1,177,0,73.916889
1,178,0,84.608139
1,179,0,76.291984
1,180,0,79.574095
1,181,0,84.009083
1,182,0,89.246876
1,183,0,81.574147
1,184,0,72.814893
1,185,0,75.841669
1,186,0,72.047364
1,187,0,75.848753
1,188,0,78.346273
1,189,0,76.996099
1,190,0,76.827769
1,191,0,74.540739
1,192,0,80.93832
1,193,0,77.122143
1,194,0,73.881047
1,195,0,75.027937
1,196,0,89.190497
1,197,0,80.965333
1,198,0,79.393021
1,199,0,83.535173
1,200,0,76.739272
1,201,0,84.669118
1,202,0,80.804717
1,203,0,78.830751
1,204,0,80.470348
1,205,0,86.374877
1,206,0,82.615401
1,207,0,87.052372
1,208,0,72.664372
1,209,0,73.258407
1,210,0,81.669677
1,211,0,87.439358
1,212,0,74.348886
1,213,0,74.695267
1,214,0,74.025944
1,215,0,85.572519
1,216,0,85.380704
1,217,0,84.092249
1,218,0,73.018184
1,219,0,72.527201
1,220,0,76.167708
1,221,0,77.401184
1,222,0,75.092748
1,223,0,80.993935
1,224,0,74.100727
1,225,0,79.315368
1,226,0,76.831849
1,227,0,73.921901
1,228,0,79.768607
1,229,0,79.781478
1,230,0,76.95762
1,231,0,82.69735
1,232,0,75.0714
1,233,0,88.555912
1,234,0,77.601373
1,235,0,77.624373
1,236,0,75.986335
1,237,0,76.077068
1,238,0,79.127091
1,239,0,75.899334
1,240,0,77.075803
1,241,0,74.259058
1,242,0,104.788198
1,243,0,76.663389
1,244,0,75.639023
1,245,0,83.205769
1,246,0,80.520483
1,247,0,81.341844
1,248,0,86.353159
1,249,0,72.734772
1,250,0,80.389089
1,251,0,76.248168
1,252,0,84.544173
1,253,0,75.971846
1,254,0,80.333352
1,255,0,87.951495
1,256,0,92.903326
1,257,0,93.252372
1,258,0,74.04293
1,259,0,77.501788
1,260,0,77.229369
1,261,0,80.186112
1,262,0,87.982853
1,263,0,80.728542
1,264,0,74.635265
1,265,0,73.600358
1,266,0,90.428048
1,267,0,74.886221
1,268,0,74.979521
1,269,0,81.955026
1,270,0,77.730559
1,271,0,90.760906
1,272,0,79.786955
1,273,0,77.914171
1,274,0,74.104902
1,275,0,77.39003
1,276,0,77.046292
1,277,0,82.040563
1,278,0,74.037667
1,279,0,77.475279
1,280,0,80.014149
1,281,0,77.063701
1,282,0,82.121241
1,283,0,79.857541
1,284,0,76.040796
1,285,0,85.230376
1,286,0,85.164006
1,287,0,76.9238
1,288,0,73.780456
1,289,0,78.906854
1,290,0,75.17051
1,291,0,82.780064
1,292,0,74.038385
1,293,0,80.638195
1,294,0,72.048068
1,295,0,74.710115
1,296,0,79.904343
1,297,0,78.306781
1,298,0,76.460921
1,299,0,82.625753
1,300,0,77.267518
1,301,0,76.501443
1,302,0,81.819759
1,303,0,78.207333
1,304,0,81.049723
1,305,0,73.726272
1,306,0,75.021768
1,307,0,82.222057
1,308,0,84.610397
1,309,0,76.561743
1,310,0,84.155235
1,311,0,79.013517
1,312,0,76.029232
1,313,0,85.31895
1,314,0,74.638749
1,315,0,74.377292
1,316,0,74.289413
1,317,0,80.091183
1,318,0,86.215465
1,319,0,82.356447
1,320,0,91.085308
1,321,0,75.037696
1,322,0,72.437533
1,323,0,84.281685
1,324,0,79.898049
1,325,0,78.837201
1,326,0,73.984491
1,327,0,87.329081
1,328,0,80.815139
1,329,0,84.020872
1,330,0,75.641273
1,331,0,79.847186
1,332,0,80.600498
1,333,0,82.30502
1,334,0,78.055547
1,335,0,78.507478
1,336,0,80.64054
1,337,0,77.769071
1,338,0,92.337468
1,339,0,83.669129
1,340,0,73.193982
1,341,0,83.778125
1,342,0,78.923395
1,343,0,78.053402
1,344,0,82.524661
1,345,0,92.364444
1,346,0,76.244218
1,347,0,78.341813
1,348,0,73.817342
1,349,0,92.940851
1,350,0,74.679764
1,351,0,77.840822
1,352,0,79.149229
1,353,0,81.753575
1,354,0,81.323615
1,355,0,76.374517
1,356,0,77.147152
1,357,0,78.012642
1,358,0,73.774132
1,359,0,89.801637
1,360,0,78.979897
1,361,0,87.935392
1,362,0,76.874901
1,363,0,78.60347
1,364,0,76.520568
1,365,0,75.243365
1,366,0,85.85217
1,367,0,72.808132
1,368,0,75.7563
1,369,0,72.429377
1,370,0,91.482486
1,371,0,81.030676
1,372,0,88.411454
1,373,0,72.537802
1,374,0,83.208202
1,375,0,77.966976
1,376,0,73.372596
1,377,0,71.66328
1,378,0,76.256665
1,379,0,82.805459
1,380,0,76.749166
1,381,0,73.316225
1,382,0,81.103843
1,383,0,77.701601
1,384,0,85.421891
1,385,0,75.572204
1,386,0,81.766308
1,387,0,87.958478
1,388,0,82.664297
1,389,0,82.721027
1,390,0,77.323746
1,391,0,83.192061
1,392,0,80.607714
1,393,0,74.082353
1,394,0,98.626784
1,395,0,95.890033
1,396,0,79.64927
1,397,0,80.959483
1,398,0,77.873196
1,399,0,79.764894
1,400,0,75.497025
1,401,0,75.019594
1,402,0,85.715719
1,403,0,75.59411
1,404,0,80.630392
1,405,0,74.233658
1,406,0,72.701968
1,407,0,86.106848
1,408,0,78.917033
1,409,0,72.708865
1,410,0,78.306179
1,411,0,77.540753
1,412,0,78.467537
1,413,0,78.258007
1,414,0,93.652986
1,415,0,75.821333
1,416,0,75.641724
1,417,0,82.959614
1,418,0,75.789189
1,419,0,75.951567
1,420,0,95.740794
1,421,0,77.945807
1,422,0,75.553469
1,423,0,80.782837
1,424,0,82.282239
1,425,0,74.60735
1,426,0,86.225264
1,427,0,76.057537
1,428,0,83.339963
1,429,0,88.077819
1,430,0,80.342226
1,431,0,76.504089
1,432,0,75.828038
1,433,0,76.163553
1,434,0,78.054207
1,435,0,79.727496
1,436,0,79.188475
1,437,0,81.28674
1,438,0,74.965548
1,439,0,72.697976
1,440,0,86.996293
1,441,0,79.848175
1,442,0,74.208728
1,443,0,76.052587
1,444,0,82.325098
1,445,0,82.093879
1,446,0,81.872551
1,447,0,76.790719
1,448,0,80.303733
1,449,0,81.257005
1,450,0,74.76683
1,451,0,83.718993
1,452,0,92.784284
1,453,0,75.816016
1,454,0,75.925638
1,455,0,74.340525
1,456,0,76.405943
1,457,0,74.652391
1,458,0,74.257564
1,459,0,82.0659
1,460,0,77.622083
1,461,0,77.409037
1,462,0,76.234358
1,463,0,84.146625
1,464,0,77.423135
1,465,0,87.724641
1,466,0,80.788576
1,467,0,80.88403
1,468,0,86.441577
1,469,0,84.047009
1,470,0,80.489977
1,471,0,72.965175
1,472,0,82.072608
1,473,0,85.233675
1,474,0,76.615786
1,475,0,97.108501
1,476,0,79.423424
1,477,0,83.616075
1,478,0,74.431846
1,479,0,84.190371
1,480,0,80.193305
1,481,0,76.103893
1,482,0,73.599011
1,483,0,73.583832
1,484,0,71.844062
1,485,0,77.111841
1,486,0,78.814387
1,487,0,72.291548
1,488,0,88.59514
1,489,0,74.651635
1,490,0,77.752117
1,491,0,75.184214
1,492,0,81.958591
1,493,0,85.864588
1,494,0,89.758692
1,495,0,74.584998
1,496,0,73.419665
1,497,0,72.487355
1,498,0,75.730232
1,499,0,73.436798
1,500,0,78.721539
1,501,0,76.923786
1,502,0,76.303313
1,503,0,73.608058
1,504,0,75.937613
1,505,0,84.943088
1,506,0,75.263896
1,507,0,84.157115
1,508,0,73.452571
1,509,0,81.50118
1,510,0,81.041439
1,511,0,74.608402
1,512,0,84.737353
1,513,0,78.450433
1,514,0,78.215349
1,515,0,74.392926
1,516,0,101.007897
1,517,0,87.923552
1,518,0,75.695407
1,519,0,73.877539
1,520,0,74.299451
1,521,0,79.579441
1,522,0,74.448777
1,523,0,88.427606
1,524,0,92.693446
1,525,0,82.336073
1,526,0,78.46723
1,527,0,78.815681
1,528,0,81.609009
1,529,0,71.948089
1,530,0,75.840989
1,531,0,74.855695
1,532,0,84.31508
1,533,0,72.905586
1,534,0,83.020407
1,535,0,75.417289
1,536,0,81.336336
1,537,0,77.450832
1,538,0,81.091033
1,539,0,78.349198
1,540,0,75.474357
1,541,0,73.350917
1,542,0,77.882744
1,543,0,75.146054
1,544,0,86.804403
1,545,0,75.845659
1,546,0,73.548466
1,547,0,77.718513
1,548,0,76.676939
1,549,0,94.74584
1,550,0,82.189349
1,551,0,72.776636
1,552,0,76.837167
1,553,0,82.672247
1,554,0,90.925253
1,555,0,89.980718
1,556,0,81.277475
1,557,0,78.62956
1,558,0,74.560245
1,559,0,77.403907
1,560,0,77.785994
1,561,0,85.063153
1,562,0,84.161467
1,563,0,89.923082
1,564,0,72.007192
1,565,0,79.897278
1,566,0,82.383193
1,567,0,78.669119
1,568,0,72.27665
1,569,0,87.515306
1,570,0,79.373809
1,571,0,81.003184
1,572,0,79.412358
1,573,0,84.241734
1,574,0,75.597301
1,575,0,88.111111
1,576,0,78.022743
1,577,0,76.105747
1,578,0,76.087855
1,579,0,79.618145
1,580,0,74.275015
1,581,0,77.34569
1,582,0,77.437052
1,583,0,80.172547
1,584,0,76.569341
1,585,0,76.353375
1,586,0,80.475024
1,587,0,82.90921
1,588,0,75.650073
1,589,0,80.548837
1,590,0,88.142182
1,591,0,78.925479
1,592,0,80.656754
1,593,0,72.981528
1,594,0,73.861957
1,595,0,77.602478
1,596,0,90.382577
1,597,0,74.649009
1,598,0,75.364074
1,599,0,98.809502
1,600,0,75.239198
1,601,0,75.462508
1,602,0,77.801659
1,603,0,76.304181
1,604,0,79.584045
1,605,0,73.324881
1,606,0,75.657994
1,607,0,78.198056
1,608,0,86.20567
1,609,0,75.768616
1,610,0,80.840269
1,611,0,89.662929
1,612,0,75.41644
1,613,0,76.362434
1,614,0,85.438936
1,615,0,75.623989
1,616,0,78.034985
1,617,0,81.020128
1,618,0,83.562706
1,619,0,76.025447
1,620,0,84.470392
1,621,0,75.473327
1,622,0,73.796731
1,623,0,79.984984
1,624,0,81.196771
1,625,0,80.267492
1,626,0,82.132129
1,627,0,71.948651
1,628,0,93.683291
1,629,0,73.019276
1,630,0,77.439172
1,631,0,76.366779
1,632,0,79.382327
1,633,0,72.106144
1,634,0,80.684217
1,635,0,77.975645
1,636,0,84.122379
1,637,0,78.839787
1,638,0,81.149288
1,639,0,76.966253
1,640,0,81.129939
1,641,0,79.318848
1,642,0,84.567368
1,643,0,79.105934
1,644,0,79.107989
1,645,0,73.873077
1,646,0,77.504069
1,647,0,72.939344
1,648,0,75.360077
1,649,0,75.355981
1,650,0,76.136185
1,651,0,84.58264
1,652,0,77.989595
1,653,0,75.024689
1,654,0,73.508943
1,655,0,79.970278
1,656,0,98.740077
1,657,0,81.865807
1,658,0,78.304745
1,659,0,80.635974
1,660,0,93.70634
1,661,0,86.811206
1,662,0,84.235053
1,663,0,75.956037
1,664,0,77.154586
1,665,0,73.353794
1,666,0,79.685026
1,667,0,83.001496
1,668,0,75.709159
1,669,0,81.768804
1,670,0,72.941817
1,671,0,75.559089
1,672,0,80.070436
1,673,0,85.512256
1,674,0,95.480926
1,675,0,75.838506
1,676,0,80.279913
1,677,0,81.857254
1,678,0,76.401828
1,679,0,77.396551
1,680,0,79.507531
1,681,0,91.836931
1,682,0,79.277511
1,683,0,73.620129
1,684,0,77.671782
1,685,0,72.496706
1,686,0,81.273731
1,687,0,76.293914
1,688,0,79.738845
1,689,0,76.248681
1,690,0,71.20342
1,691,0,71.999199
1,692,0,79.536919
1,693,0,72.353443
1,694,0,86.693401
1,695,0,88.736897
1,696,0,72.983535
1,697,0,77.221394
1,698,0,84.666458
1,699,0,77.79535
1,700,0,73.251226
1,701,0,81.632704
1,702,0,86.340884
1,703,0,81.542277
1,704,0,82.41361
1,705,0,73.291675
1,706,0,74.108886
1,707,0,78.288257
1,708,0,86.259938
1,709,0,74.114898
1,710,0,75.293235
1,711,0,75.035215
1,712,0,75.913935
1,713,0,85.54921
1,714,0,82.973907
1,715,0,80.634233
1,716,0,81.305314
1,717,0,78.583111
1,718,0,79.133562
1,719,0,83.106668
1,720,0,76.093865
1,721,0,84.891166
1,722,0,76.90082
1,723,0,83.267478
1,724,0,75.521716
1,725,0,83.808672
1,726,0,77.87316
1,727,0,85.181785
1,728,0,75.023626
1,729,0,76.509175
1,730,0,76.558422
1,731,0,79.099704
1,732,0,73.911921
1,733,0,80.767585
1,734,0,87.647872
1,735,0,90.548759
1,736,0,78.802823
1,737,0,74.626884
1,738,0,80.744947
1,739,0,79.567721
1,740,0,78.40039
1,741,0,80.599639
1,742,0,77.158423
1,743,0,73.924585
1,744,0,73.499683
1,745,0,78.390236
1,746,0,73.930465
1,747,0,83.250814
1,748,0,74.153427
1,749,0,86.230443
1,750,0,74.999991
1,751,0,93.398343
1,752,0,76.784381
1,753,0,76.282512
1,754,0,74.52152
1,755,0,75.804983
1,756,0,77.606737
1,757,0,81.238472
1,758,0,75.310356
1,759,0,80.472155
1,760,0,78.699014
1,761,0,77.65889
1,762,0,77.172612
1,763,0,80.371199
1,764,0,74.708404
1,765,0,84.581715
1,766,0,71.884576
1,767,0,74.747234
1,768,0,76.986419
1,769,0,84.368544
1,770,0,79.022921
1,771,0,83.278669
1,772,0,80.078471
1,773,0,76.221012
1,774,0,74.649728
1,775,0,77.924932
1,776,0,78.983199
1,777,0,75.064043
1,778,0,75.606852
1,779,0,73.775554
1,780,0,83.754337
1,781,0,77.766271
1,782,0,91.552656
1,783,0,75.242253
1,784,0,85.213678
1,785,0,76.797676
1,786,0,74.903338
1,787,0,74.258306
1,788,0,80.8299
1,789,0,82.598515
1,790,0,78.124582
1,791,0,76.441348
1,792,0,72.73681
1,793,0,77.208953
1,794,0,86.096109
1,795,0,90.324314
1,796,0,86.555816
1,797,0,81.970085
1,798,0,86.01105
1,799,0,79.630786
1,800,0,77.994869
1,801,0,78.089335
1,802,0,77.601063
1,803,0,96.174157
1,804,0,74.159028
1,805,0,75.914575
1,806,0,73.170334
1,807,0,75.862578
1,808,0,75.082398
1,809,0,90.665241
1,810,0,71.657394
1,811,0,78.207439
1,812,0,79.290654
1,813,0,73.925456
1,814,0,77.913909
1,815,0,77.937144
1,816,0,87.282423
1,817,0,88.221777
1,818,0,78.840033
1,819,0,78.905149
1,820,0,76.549262
1,821,0,81.910963
1,822,0,80.485868
1,823,0,77.640668
1,824,0,80.80883
1,825,0,78.745175
1,826,0,89.112771
1,827,0,73.118443
1,828,0,83.737897
1,829,0,75.301757
1,830,0,81.716645
1,831,0,77.916856
1,832,0,80.609474
1,833,0,81.114199
1,834,0,75.255644
1,835,0,73.106623
1,836,0,83.971672
1,837,0,77.893035
1,838,0,75.651024
1,839,0,72.274422
1,840,0,79.946932
1,841,0,83.045199
1,842,0,73.183824
1,843,0,78.417463
1,844,0,87.587702
1,845,0,77.016499
1,846,0,74.534203
1,847,0,75.101716
1,848,0,78.540073
1,849,0,77.997709
1,850,0,76.676599
1,851,0,75.557351
1,852,0,82.897589
1,853,0,74.469874
1,854,0,82.47932
1,855,0,77.087101
1,856,0,80.737661
1,857,0,79.613558
1,858,0,79.642693
1,859,0,81.037828
1,860,0,79.472672
1,861,0,88.3999
1,862,0,86.221576
1,863,0,81.50684
1,864,0,82.062549
1,865,0,74.454392
1,866,0,81.082346
1,867,0,74.466976
1,868,0,73.282792
1,869,0,73.667553
1,870,0,75.220446
1,871,0,97.24711
1,872,0,74.578461
1,873,0,75.467879
1,874,0,80.009782
1,875,0,73.484443
1,876,0,79.04245
1,877,0,88.763486
1,878,0,75.006941
1,879,0,83.984867
1,880,0,72.809554
1,881,0,76.557194
1,882,0,82.942843
1,883,0,80.681414
1,884,0,72.542348
1,885,0,73.324213
1,886,0,74.659911
1,887,0,84.205293
1,888,0,78.618411
1,889,0,81.644573
1,890,0,73.561065
1,891,0,79.898383
1,892,0,73.348843
1,893,0,78.372533
1,894,0,83.324523
1,895,0,78.304279
1,896,0,81.669835
1,897,0,79.331061
1,898,0,78.334927
1,899,0,76.804503
1,900,0,73.537203
1,901,0,77.527125
1,902,0,74.038017
1,903,0,73.519733
1,904,0,77.539809
1,905,0,81.780518
1,906,0,74.693209
1,907,0,73.7447
1,908,0,83.3167
1,909,0,79.644565
1,910,0,73.830631
1,911,0,79.609753
1,912,0,73.720333
1,913,0,85.947113
1,914,0,84.330852
1,915,0,84.722373
1,916,0,89.938854
1,917,0,78.288018
1,918,0,79.199249
1,919,0,79.262069
1,920,0,73.33064
1,921,0,74.867308
1,922,0,83.17963
1,923,0,83.409581
1,924,0,80.935684
1,925,0,76.683164
1,926,0,77.627226
1,927,0,97.172697
1,928,0,77.072245
1,929,0,76.30384
1,930,0,83.621332
1,931,0,73.600881
1,932,0,95.355613
1,933,0,76.301153
1,934,0,75.768682
1,935,0,78.932923
1,936,0,80.663467
1,937,0,75.97586
1,938,0,77.569583
1,939,0,72.61819
1,940,0,75.597012
1,941,0,85.046369
1,942,0,75.068229
1,943,0,84.920627
1,944,0,76.303459
1,945,0,91.270269
1,946,0,79.179449
1,947,0,80.708062
1,948,0,83.847779
1,949,0,75.77811
1,950,0,90.82879
1,951,0,83.479689
1,952,0,78.434968
1,953,0,89.917848
1,954,0,92.753966
1,955,0,78.351222
1,956,0,87.26041
1,957,0,78.514282
1,958,0,93.503997
1,959,0,76.523379
1,960,0,89.567372
1,961,0,77.428724
1,962,0,81.634952
1,963,0,79.451815
1,964,0,75.331912
1,965,0,78.187643
1,966,0,76.247173
1,967,0,72.775252
1,968,0,76.333563
1,969,0,80.749887
1,970,0,73.463542
1,971,0,77.894369
1,972,0,73.686652
1,973,0,81.769746
1,974,0,87.302498
1,975,0,80.692453
1,976,0,75.553665
1,977,0,87.879108
1,978,0,76.761427
1,979,0,74.840802
1,980,0,82.779419
1,981,0,76.740233
1,982,0,79.896476
1,983,0,78.190967
1,984,0,79.159386
1,985,0,79.76345
1,986,0,84.222362
1,987,0,84.102377
1,988,0,80.225102
1,989,0,72.971958
1,990,0,76.533937
1,991,0,78.515986
1,992,0,79.457796
1,993,0,77.116737
1,994,0,75.030386
1,995,0,72.94655
1,996,0,77.078394
1,997,0,72.308307
1,998,0,75.698407
1,999,0,75.943144
2,0,0,86.45861
2,1,0,74.300753
2,2,0,77.37044
2,3,0,74.399471
2,4,0,75.581305
2,5,0,78.98216
2,6,0,74.023938
2,7,0,87.142451
2,8,0,79.868301
2,9,0,87.367946
2,10,0,80.204575
2,11,0,76.480186
2,12,0,84.016299
2,13,0,74.429581
2,14,0,86.823856
2,15,0,85.570509
2,16,0,91.010418
2,17,0,92.847232
2,18,0,93.562726
2,19,0,80.513983
2,20,0,72.920782
2,21,0,78.4406
2,22,0,78.456735
2,23,0,76.787377
2,24,0,72.590709
2,25,0,83.474151
2,26,0,75.90916
2,27,0,84.165722
2,28,0,76.071938
2,29,0,75.243104
2,30,0,74.417123
2,31,0,74.7511
2,32,0,77.40689
2,33,0,81.170451
2,34,0,82.597824
2,35,0,75.036527
2,36,0,73.176798
2,37,0,77.612068
2,38,0,89.05537
2,39,0,74.010474
2,40,0,83.921759
2,41,0,73.003311
2,42,0,80.604296
2,43,0,82.14883
2,44,0,79.421439
2,45,0,73.730545
2,46,0,82.113452
2,47,0,83.327905
2,48,0,76.638195
2,49,0,78.982353
2,50,0,75.139686
2,51,0,80.72182
2,52,0,75.751677
2,53,0,74.167358
2,54,0,79.295674
2,55,0,75.374339
2,56,0,72.682007
2,57,0,80.644059
2,58,0,79.411048
2,59,0,80.059721
2,60,0,73.099121
2,61,0,78.635958
2,62,0,78.501534
2,63,0,73.115963
2,64,0,87.577812
2,65,0,80.663235
2,66,0,76.84653
2,67,0,77.587594
2,68,0,76.783756
2,69,0,84.577647
2,70,0,112.438476
2,71,0,76.809822
2,72,0,77.289275
2,73,0,75.253841
2,74,0,100.931198
2,75,0,80.759832
2,76,0,76.248617
2,77,0,77.794994
2,78,0,88.351449
2,79,0,81.586828
2,80,0,97.110853
2,81,0,75.317683
2,82,0,81.565462
2,83,0,78.211959
2,84,0,76.918519
2,85,0,76.554726
2,86,0,82.853386
2,87,0,79.893707
2,88,0,72.452984
2,89,0,74.525282
2,90,0,83.819121
2,91,0,73.662867
2,92,0,73.737552
2,93,0,74.67046
2,94,0,88.90988
2,95,0,72.694629
2,96,0,76.085487
2,97,0,76.715965
2,98,0,78.0207
2,99,0,87.31965
2,100,0,89.870661
2,101,0,73.752881
2,102,0,74.401087
2,103,0,78.430078
2,104,0,73.543866
2,105,0,77.422071
2,106,0,80.055257
2,107,0,72.708887
2,108,0,72.314459
2,109,0,97.594537
2,110,0,78.995212
2,111,0,80.119738
2,112,0,81.624531
2,113,0,73.804955
2,114,0,80.980024
2,115,0,79.86387
2,116,0,80.669576
2,117,0,84.806475
2,118,0,76.567291
2,119,0,77.400298
2,120,0,76.1505
2,121,0,76.213942
2,122,0,80.882831
2,123,0,79.985605
2,124,0,82.950052
2,125,0,72.458241
2,126,0,75.684221
2,127,0,92.078465
2,128,0,85.437793
2,129,0,82.123599
2,130,0,79.712178
2,131,0,82.89056
2,132,0,77.511749
2,133,0,91.023487
2,134,0,83.033623
2,135,0,90.793251
2,136,0,83.350962
2,137,0,74.053599
2,138,0,82.510813
2,139,0,77.731518
2,140,0,79.082051
2,141,0,75.443661
2,142,0,88.93929
2,143,0,72.533401
2,144,0,73.037996
2,145,0,75.77162
2,146,0,75.039799
2,147,0,75.342205
2,148,0,84.335622
2,149,0,81.541613
2,150,0,73.093765
2,151,0,81.854226
2,152,0,77.019948
2,153,0,72.429276
2,154,0,77.099927
2,155,0,80.418795
2,156,0,77.413098
2,157,0,85.146652
2,158,0,76.458322
2,159,0,81.276012
2,160,0,95.89176
2,161,0,80.514189
2,162,0,78.07113
2,163,0,72.623311
2,164,0,80.140314
2,165,0,76.24697
2,166,0,75.357383
2,167,0,85.535458
2,168,0,85.037053
2,169,0,79.744202
2,170,0,76.312412
2,171,0,74.972556
2,172,0,76.789337
2,173,0,79.60067
2,174,0,81.222252
2,175,0,77.390255
2,176,0,80.494898
2,177,0,77.778471
2,178,0,76.153861
2,179,0,78.302129
2,180,0,73.787842
2,181,0,79.861968
2,182,0,72.319302
2,183,0,93.373429
2,184,0,75.191333
2,185,0,76.859308
2,186,0,79.469675
2,187,0,76.699704
2,188,0,75.726022
2,189,0,77.000147
2,190,0,100.504804
2,191,0,72.625143
2,192,0,79.540164
2,193,0,77.051168
2,194,0,79.615711
2,195,0,74.532578
2,196,0,77.976307
2,197,0,85.9076
2,198,0,73.311356
2,199,0,77.46524
2,200,0,82.155893
2,201,0,76.14762
2,202,0,79.267235
2,203,0,81.045467
2,204,0,80.3506
2,205,0,73.559419
2,206,0,84.80929
2,207,0,76.786202
2,208,0,76.875893
2,209,0,77.649905
2,210,0,88.445
2,211,0,82.255021
2,212,0,82.552308
2,213,0,91.196708
2,214,0,80.900482
2,215,0,76.635186
2,216,0,75.319888
2,217,0,74.945831
2,218,0,76.856049
2,219,0,73.89844
2,220,0,84.634529
2,221,0,80.588121
2,222,0,82.142025
2,223,0,79.112398
2,224,0,92.458507
2,225,0,85.368064
2,226,0,77.110522
2,227,0,75.713013
2,228,0,74.347978
2,229,0,88.172884
2,230,0,75.989921
2,231,0,83.458617
2,232,0,90.492803
2,233,0,87.912876
2,234,0,77.410668
2,235,0,79.110499
2,236,0,89.99651
2,237,0,89.528489
2,238,0,89.962687
2,239,0,75.423507
2,240,0,81.698804
2,241,0,85.566244
2,242,0,75.028758
2,243,0,73.052074
2,244,0,79.313446
2,245,0,74.226682
2,246,0,75.402743
2,247,0,79.478814
2,248,0,78.892626
2,249,0,75.249453
2,250,0,74.513302
2,251,0,79.349443
2,252,0,83.143208
2,253,0,81.620621
2,254,0,78.023277
2,255,0,76.48845
2,256,0,79.38578
2,257,0,75.611704
2,258,0,78.216003
2,259,0,79.717488
2,260,0,74.812917
2,261,0,73.701072
2,262,0,82.316878
2,263,0,80.225915
2,264,0,76.547004
2,265,0,72.861937
2,266,0,76.542876
2,267,0,75.652184
2,268,0,78.424134
2,269,0,74.544891
2,270,0,79.728649
2,271,0,85.540829
2,272,0,85.566359
2,273,0,78.494612
2,274,0,84.907748
2,275,0,85.412638
2,276,0,76.773607
2,277,0,74.955617
2,278,0,77.274077
2,279,0,81.233438
2,280,0,94.82166
2,281,0,83.090053
2,282,0,79.458362
2,283,0,86.700258
2,284,0,80.389312
2,285,0,76.394878
2,286,0,76.680501
2,287,0,72.656101
2,288,0,75.218734
2,289,0,74.37195
2,290,0,79.018825
2,291,0,75.717177
2,292,0,74.519415
2,293,0,78.10134
2,294,0,78.894752
2,295,0,75.429099
2,296,0,75.885049
2,297,0,77.522253
2,298,0,72.29826
2,299,0,79.251395
2,300,0,74.066548
2,301,0,77.265086
2,302,0,73.345857
2,303,0,73.87095
2,304,0,79.789004
2,305,0,86.633944
2,306,0,84.096988
2,307,0,75.519291
2,308,0,76.087475
2,309,0,74.82344
2,310,0,79.244727
2,311,0,83.587694
2,312,0,75.673776
2,313,0,73.708624
2,314,0,76.633076
2,315,0,86.992238
2,316,0,83.495523
2,317,0,74.767772
2,318,0,77.003496
2,319,0,82.740636
2,320,0,83.988673
2,321,0,88.745201
2,322,0,91.176314
2,323,0,84.259227
2,324,0,79.355535
2,325,0,78.496363
2,326,0,89.655282
2,327,0,82.884393
2,328,0,80.982056
2,329,0,84.191384
2,330,0,78.520989
2,331,0,77.382686
2,332,0,82.115939
2,333,0,75.754779
2,334,0,78.349331
2,335,0,80.415201
2,336,0,80.859146
2,337,0,82.719406
2,338,0,74.057237
2,339,0,73.495647
2,340,0,75.483917
2,341,0,81.7702
2,342,0,76.03879
2,343,0,81.392908
2,344,0,75.198313
2,345,0,76.923159
2,346,0,78.953108
2,347,0,77.082485
2,348,0,83.837685
2,349,0,77.979057
2,350,0,79.771289
2,351,0,77.91963
2,352,0,81.736505
2,353,0,82.328981
2,354,0,78.494443
2,355,0,95.911073
2,356,0,78.866701
2,357,0,74.933832
2,358,0,74.744277
2,359,0,72.926183
2,360,0,74.767716
2,361,0,74.197868
2,362,0,81.930343
2,363,0,76.964863
2,364,0,80.874786
2,365,0,94.011851
2,366,0,88.821659
2,367,0,72.066046
2,368,0,73.63409
2,369,0,75.98214
2,370,0,83.843253
2,371,0,72.366424
2,372,0,80.710127
2,373,0,82.608322
2,374,0,71.527339
2,375,0,84.423133
2,376,0,78.403236
2,377,0,78.018889
2,378,0,78.9239
2,379,0,74.289565
2,380,0,72.959425
2,381,0,73.658013
2,382,0,79.678334
2,383,0,89.758388
2,384,0,86.125139
2,385,0,81.64639
2,386,0,72.635572
2,387,0,75.444014
2,388,0,83.942056
2,389,0,78.050556
2,390,0,81.949238
2,391,0,81.20422
2,392,0,87.557056
2,393,0,81.757224
2,394,0,77.018197
2,395,0,81.701917
2,396,0,75.184274
2,397,0,94.79159
2,398,0,77.284142
2,399,0,73.291024
2,400,0,82.495163
2,401,0,78.195901
2,402,0,79.333993
2,403,0,101.424496
2,404,0,76.86426
2,405,0,77.271613
2,406,0,79.174666
2,407,0,73.368601
2,408,0,74.195153
2,409,0,89.652634
2,410,0,79.955101
2,411,0,80.382645
2,412,0,81.042586
2,413,0,73.59837
2,414,0,81.750393
2,415,0,77.893733
2,416,0,83.320998
2,417,0,79.136038
2,418,0,78.785314
2,419,0,75.933873
2,420,0,72.96746
2,421,0,75.456405
2,422,0,73.623485
2,423,0,76.138361
2,424,0,76.963609
2,425,0,83.543072
2,426,0,84.713669
2,427,0,83.723634
2,428,0,82.624217
2,429,0,73.861119
2,430,0,78.131242
2,431,0,76.199948
2,432,0,75.823891
2,433,0,82.126253
2,434,0,80.273645
2,435,0,79.108534
2,436,0,74.263824
2,437,0,76.707512
2,438,0,77.595263
2,439,0,82.767545
2,440,0,74.005567
2,441,0,74.764505
2,442,0,80.177289
2,443,0,85.831487
2,444,0,73.250667
2,445,0,80.073836
2,446,0,74.216518
2,447,0,75.876263
2,448,0,78.386525
2,449,0,74.836998
2,450,0,80.898704
2,451,0,79.779447
2,452,0,78.533008
2,453,0,77.729456
2,454,0,77.290169
2,455,0,79.314128
2,456,0,79.019475
2,457,0,81.114751
2,458,0,76.009896
2,459,0,72.671294
2,460,0,73.857389
2,461,0,73.221635
2,462,0,72.626792
2,463,0,72.919016
2,464,0,79.93347
2,465,0,77.393323
2,466,0,83.711558
2,467,0,93.688513
2,468,0,75.671135
2,469,0,86.455209
2,470,0,84.006374
2,471,0,81.487487
2,472,0,73.942228
2,473,0,78.304685
2,474,0,75.075035
2,475,0,74.070398
2,476,0,76.752785
2,477,0,73.983195
2,478,0,82.885914
2,479,0,76.667124
2,480,0,80.673222
2,481,0,78.711816
2,482,0,74.657656
2,483,0,84.973383
2,484,0,77.557155
2,485,0,75.891234
2,486,0,82.839335
2,487,0,73.98376
2,488,0,78.256578
2,489,0,77.872583
2,490,0,89.46952
2,491,0,77.212795
2,492,0,76.629355
2,493,0,77.780432
2,494,0,77.794384
2,495,0,78.432726
2,496,0,84.338605
2,497,0,74.95232
2,498,0,77.636258
2,499,0,85.150408
2,500,0,80.405171
2,501,0,88.81256
2,502,0,81.499768
2,503,0,78.475239
2,504,0,73.201489
2,505,0,78.394412
2,506,0,81.678158
2,507,0,82.413236
2,508,0,75.011254
2,509,0,77.292752
2,510,0,76.986673
2,511,0,79.163879
2,512,0,82.54258
2,513,0,75.781714
2,514,0,79.381066
2,515,0,79.806623
2,516,0,73.041343
2,517,0,84.161731
2,518,0,75.193406
2,519,0,77.110894
2,520,0,81.272011
2,521,0,79.946585
2,522,0,76.996753
2,523,0,74.532145
2,524,0,76.698089
2,525,0,78.30671
2,526,0,96.261342
2,527,0,81.784388
2,528,0,78.103055
2,529,0,73.13105
2,530,0,78.939002
2,531,0,85.88082
2,532,0,75.631781
2,533,0,81.446661
2,534,0,73.750601
2,535,0,83.413925
2,536,0,80.291667
2,537,0,78.186434
2,538,0,73.813791
2,539,0,79.100278
2,540,0,75.381512
2,541,0,73.137915
2,542,0,74.160098
2,543,0,74.502415
2,544,0,90.616033
2,545,0,84.571737
2,546,0,80.009614
2,547,0,78.847653
2,548,0,78.769062
2,549,0,73.609052
2,550,0,77.532845
2,551,0,74.904197
2,552,0,79.030355
2,553,0,72.234067
2,554,0,74.112935
2,555,0,84.178892
2,556,0,78.92459
2,557,0,94.157361
2,558,0,77.863667
2,559,0,80.600764
2,560,0,75.362711
2,561,0,76.132365
2,562,0,74.981778
2,563,0,76.532441
2,564,0,78.025692
2,565,0,79.278094
2,566,0,84.968571
2,567,0,75.46708
2,568,0,79.720732
2,569,0,83.075437
2,570,0,85.086584
2,571,0,73.984407
2,572,0,83.292105
2,573,0,76.612368
2,574,0,80.043353
2,575,0,74.558263
2,576,0,72.365041
2,577,0,91.451767
2,578,0,82.158484
2,579,0,79.527447
2,580,0,83.271064
2,581,0,73.788992
2,582,0,76.68362
2,583,0,93.830124
2,584,0,78.121137
2,585,0,76.210882
2,586,0,82.480604
2,587,0,80.933338
2,588,0,82.04382
2,589,0,75.315051
2,590,0,78.865838
2,591,0,89.385736
2,592,0,86.793824
2,593,0,76.850894
2,594,0,83.479045
2,595,0,85.519963
2,596,0,74.485952
2,597,0,81.207603
2,598,0,79.06662
2,599,0,76.423455
2,600,0,73.955955
2,601,0,73.716979
2,602,0,80.97214
2,603,0,77.44133
2,604,0,77.446928
2,605,0,81.125153
2,606,0,90.63376
2,607,0,79.140821
2,608,0,75.328241
2,609,0,78.146511
2,610,0,78.700313
2,611,0,84.616
2,612,0,86.861997
2,613,0,75.720199
2,614,0,75.189678
2,615,0,74.842878
2,616,0,89.382945
2,617,0,72.47555
2,618,0,73.805584
2,619,0,78.112153
2,620,0,74.439889
2,621,0,76.868498
2,622,0,78.28105
2,623,0,85.403831
2,624,0,81.095602
2,625,0,75.221442
2,626,0,75.454163
2,627,0,85.382478
2,628,0,84.379381
2,629,0,81.207279
2,630,0,83.217287
2,631,0,76.336544
2,632,0,78.168485
2,633,0,82.070254
2,634,0,79.379166
2,635,0,74.323453
2,636,0,83.725146
2,637,0,82.219861
2,638,0,72.065776
2,639,0,74.662872
2,640,0,78.366004
2,641,0,75.402172
2,642,0,76.946668
2,643,0,75.252162
2,644,0,74.96535
2,645,0,90.129222
2,646,0,79.285421
2,647,0,83.742408
2,648,0,73.444595
2,649,0,74.831919
2,650,0,89.945635
2,651,0,72.195176
2,652,0,86.450764
2,653,0,76.70396
2,654,0,77.893765
2,655,0,84.473997
2,656,0,80.340068
2,657,0,86.312378
2,658,0,71.803306
2,659,0,76.961455
2,660,0,75.623787
2,661,0,78.52041
2,662,0,79.24443
2,663,0,93.716788
2,664,0,75.702312
2,665,0,86.273835
2,666,0,76.79123
2,667,0,84.668422
2,668,0,82.956507
2,669,0,80.112296
2,670,0,76.123861
2,671,0,76.923501
2,672,0,77.336303
2,673,0,96.115609
2,674,0,76.509538
2,675,0,75.865105
2,676,0,73.347354
2,677,0,82.178327
2,678,0,73.504451
2,679,0,79.00202
2,680,0,74.045468
2,681,0,79.224014
2,682,0,86.113898
2,683,0,75.019042
2,684,0,77.39638
2,685,0,84.525918
2,686,0,82.774885
2,687,0,79.030613
2,688,0,80.717607
2,689,0,78.853994
2,690,0,74.330327
2,691,0,87.144113
2,692,0,88.245546
2,693,0,76.71002
2,694,0,73.643872
2,695,0,76.506707
2,696,0,74.019318
2,697,0,73.379733
2,698,0,82.955931
2,699,0,78.92433
2,700,0,84.642118
2,701,0,82.276356
2,702,0,79.174548
2,703,0,76.164128
2,704,0,74.947859
2,705,0,79.167508
2,706,0,74.95424
2,707,0,78.514317
2,708,0,79.225562
2,709,0,74.42749
2,710,0,80.427491
2,711,0,85.543331
2,712,0,82.216964
2,713,0,72.130747
2,714,0,76.198012
2,715,0,83.603144
2,716,0,78.842866
2,717,0,74.007462
2,718,0,81.918134
2,719,0,74.90294
2,720,0,80.632163
2,721,0,84.195184
2,722,0,74.964782
2,723,0,86.18143
2,724,0,81.492106
2,725,0,87.042413
2,726,0,85.652932
2,727,0,71.738294
2,728,0,91.853058
2,729,0,74.023078
2,730,0,74.509015
2,731,0,81.580367
2,732,0,74.547638
2,733,0,80.076376
2,734,0,75.372966
2,735,0,82.338434
2,736,0,74.505401
2,737,0,76.232903
2,738,0,75.767089
2,739,0,81.596941
2,740,0,72.606694
2,741,0,73.505264
2,742,0,74.727323
2,743,0,76.602827
2,744,0,80.805474
2,745,0,87.667431
2,746,0,78.061561
2,747,0,79.192489
2,748,0,84.77452
2,749,0,73.827982
2,750,0,75.274041
2,751,0,73.290271
2,752,0,82.796386
2,753,0,76.188874
2,754,0,91.496412
2,755,0,73.974122
2,756,0,76.627655
2,757,0,80.533761
2,758,0,76.349099
2,759,0,86.096855
2,760,0,93.951172
2,761,0,79.292915
2,762,0,80.490319
2,763,0,82.611997
2,764,0,85.930141
2,765,0,75.273343
2,766,0,78.640563
2,767,0,83.888228
2,768,0,74.80411
2,769,0,78.476313
2,770,0,79.450235
2,771,0,80.234444
2,772,0,76.489918
2,773,0,78.409165
2,774,0,81.132608
2,775,0,80.903567
2,776,0,74.374162
2,777,0,76.012623
2,778,0,72.634143
2,779,0,77.525186
2,780,0,81.940998
2,781,0,74.822066
2,782,0,78.050505
2,783,0,79.020539
2,784,0,79.131447
2,785,0,76.728323
2,786,0,82.533188
2,787,0,77.534495
2,788,0,78.55108
2,789,0,96.543784
2,790,0,98.091811
2,791,0,95.065162
2,792,0,76.448165
2,793,0,86.074721
2,794,0,77.400361
2,795,0,72.309839
2,796,0,73.698249
2,797,0,104.297446
2,798,0,78.708093
2,799,0,72.19374
2,800,0,78.885365
2,801,0,76.127822
2,802,0,97.129121
2,803,0,79.331921
2,804,0,75.87863
2,805,0,79.328222
2,806,0,73.339421
2,807,0,94.563418
2,808,0,79.606345
2,809,0,80.093546
2,810,0,71.254659
2,811,0,72.721944
2,812,0,76.96973
2,813,0,75.876936
2,814,0,74.523621
2,815,0,72.920656
2,816,0,75.690622
2,817,0,79.208907
2,818,0,90.502364
2,819,0,81.066296
2,820,0,79.808691
2,821,0,78.736481
2,822,0,80.019752
2,823,0,73.073506
2,824,0,72.98192
2,825,0,75.316532
2,826,0,73.68197
2,827,0,73.887266
2,828,0,76.493887
2,829,0,77.015297
2,830,0,72.936906
2,831,0,74.450649
2,832,0,90.721182
2,833,0,74.926887
2,834,0,79.460251
2,835,0,88.570259
2,836,0,77.230753
2,837,0,77.930671
2,838,0,74.455754
2,839,0,78.285751
2,840,0,74.911109
2,841,0,79.928847
2,842,0,92.583871
2,843,0,79.504938
2,844,0,80.491105
2,845,0,73.956627
2,846,0,79.434167
2,847,0,85.059835
2,848,0,85.54702
2,849,0,76.839815
2,850,0,77.537719
2,851,0,91.804624
2,852,0,88.881226
2,853,0,81.931139
2,854,0,80.202423
2,855,0,80.636148
2,856,0,74.124039
2,857,0,83.101971
2,858,0,76.908158
2,859,0,85.488194
2,860,0,77.29575
2,861,0,80.922504
2,862,0,72.242981
2,863,0,87.782161
2,864,0,86.649727
2,865,0,88.01731
2,866,0,77.10511
2,867,0,75.606763
2,868,0,73.186139
2,869,0,86.136824
2,870,0,77.721549
2,871,0,77.879927
2,872,0,76.013043
2,873,0,77.133361
2,874,0,77.327492
2,875,0,75.322778
2,876,0,76.494351
2,877,0,83.1568
2,878,0,74.373596
2,879,0,89.74333
2,880,0,77.47057
2,881,0,86.909964
2,882,0,92.400922
2,883,0,89.897705
2,884,0,92.68882
2,885,0,76.588449
2,886,0,82.755469
2,887,0,79.660412
2,888,0,75.436903
2,889,0,79.277631
2,890,0,79.473628
2,891,0,83.505783
2,892,0,80.233508
2,893,0,87.999963
2,894,0,77.720579
2,895,0,86.308324
2,896,0,84.050795
2,897,0,77.606504
2,898,0,72.480243
2,899,0,74.739742
2,900,0,71.715561
2,901,0,79.740531
2,902,0,95.012431
2,903,0,77.176944
2,904,0,78.047642
2,905,0,81.761907
2,906,0,80.247231
2,907,0,80.699349
2,908,0,87.623883
2,909,0,74.639098
2,910,0,103.916648
2,911,0,76.667801
2,912,0,79.694002
2,913,0,76.435143
2,914,0,78.562278
2,915,0,83.766318
2,916,0,74.955824
2,917,0,80.281556
2,918,0,80.910411
2,919,0,88.509769
2,920,0,76.209289
2,921,0,81.490308
2,922,0,76.059797
2,923,0,75.048253
2,924,0,80.193531
2,925,0,79.558196
2,926,0,87.55423
2,927,0,76.952729
2,928,0,80.249617
2,929,0,78.834639
2,930,0,76.556895
2,931,0,77.859382
2,932,0,79.436065
2,933,0,75.144652
2,934,0,73.45726
2,935,0,75.411111
2,936,0,87.099733
2,937,0,79.368
2,938,0,88.514493
2,939,0,74.311017
2,940,0,79.095981
2,941,0,75.399332
2,942,0,78.642498
2,943,0,80.916621
2,944,0,83.063562
2,945,0,83.806107
2,946,0,81.907421
2,947,0,73.017501
2,948,0,78.268264
2,949,0,79.968495
2,950,0,76.190179
2,951,0,73.572743
2,952,0,74.196439
2,953,0,84.558048
2,954,0,84.896201
2,955,0,80.460209
2,956,0,79.499714
2,957,0,75.983978
2,958,0,83.727281
2,959,0,83.813853
2,960,0,78.815545
2,961,0,77.557088
2,962,0,88.278289
2,963,0,77.024009
2,964,0,74.077347
2,965,0,75.985713
2,966,0,88.70255
2,967,0,83.244554
2,968,0,79.562585
2,969,0,78.008088
2,970,0,86.851839
2,971,0,73.823257
2,972,0,78.18204
2,973,0,72.598895
2,974,0,83.392015
2,975,0,75.367725
2,976,0,80.536471
2,977,0,76.998106
2,978,0,72.330806
2,979,0,84.75464
2,980,0,74.440176
2,981,0,84.514555
2,982,0,77.225016
2,983,0,78.817895
2,984,0,75.355508
2,985,0,91.009952
2,986,0,91.449622
2,987,0,85.166558
2,988,0,82.539047
2,989,0,81.779206
2,990,0,75.745776
2,991,0,75.801436
2,992,0,82.693374
2,993,0,83.008645
2,994,0,72.604686
2,995,0,76.587105
2,996,0,73.38647
2,997,0,77.537564
2,998,0,76.457281
2,999,0,81.425509
3,0,0,75.38165
3,1,0,76.112986
3,2,0,73.097913
3,3,0,78.023921
3,4,0,79.941266
3,5,0,76.096785
3,6,0,84.302524
3,7,0,77.962735
3,8,0,77.591884
3,9,0,79.648242
3,10,0,79.253039
3,11,0,96.317519
3,12,0,86.962161
3,13,0,78.975571
3,14,0,77.255001
3,15,0,76.110847
3,16,0,73.481805
3,17,0,74.489586
3,18,0,79.202978
3,19,0,75.730153
3,20,0,84.340096
3,21,0,82.258676
3,22,0,89.977543
3,23,0,75.969343
3,24,0,77.971782
3,25,0,89.986895
3,26,0,81.48016
3,27,0,75.551549
3,28,0,88.083288
3,29,0,77.21888
3,30,0,83.018872
3,31,0,75.503876
3,32,0,75.15218
3,33,0,75.084602
3,34,0,76.448808
3,35,0,86.209009
3,36,0,74.30055
3,37,0,80.758885
3,38,0,77.073015
3,39,0,82.393939
3,40,0,77.793336
3,41,0,80.709306
3,42,0,74.228829
3,43,0,75.686957
3,44,0,84.366351
3,45,0,75.216641
3,46,0,82.173318
3,47,0,76.54589
3,48,0,83.260927
3,49,0,78.338827
3,50,0,77.943527
3,51,0,81.092687
3,52,0,75.978424
3,53,0,84.274799
3,54,0,76.356664
3,55,0,94.267321
3,56,0,86.66241
3,57,0,73.758935
3,58,0,75.503932
3,59,0,75.512656
3,60,0,80.944622
3,61,0,78.829073
3,62,0,84.581972
3,63,0,75.601826
3,64,0,83.344278
3,65,0,75.800392
3,66,0,71.927898
3,67,0,74.872476
3,68,0,73.735667
3,69,0,85.088463
3,70,0,77.6691
3,71,0,72.391941
3,72,0,75.935468
3,73,0,77.334849
3,74,0,80.500958
3,75,0,76.422399
3,76,0,80.761399
3,77,0,75.575304
3,78,0,87.644249
3,79,0,71.533784
3,80,0,73.985675
3,81,0,85.302429
3,82,0,87.323445
3,83,0,78.935484
3,84,0,74.413411
3,85,0,85.58082
3,86,0,75.603237
3,87,0,87.63299
3,88,0,78.570643
3,89,0,88.179892
3,90,0,72.870922
3,91,0,74.080614
3,92,0,72.093421
3,93,0,78.29887
3,94,0,80.700829
3,95,0,74.477083
3,96,0,78.574634
3,97,0,84.096839
3,98,0,80.246854
3,99,0,84.419149
3,100,0,88.426039
3,101,0,74.925977
3,102,0,72.487274
3,103,0,77.467816
3,104,0,86.203415
3,105,0,77.804225
3,106,0,72.503701
3,107,0,85.254045
3,108,0,80.711522
3,109,0,85.114439
3,110,0,76.079092
3,111,0,74.963791
3,112,0,76.78991
3,113,0,71.918879
3,114,0,96.310668
3,115,0,75.565431
3,116,0,78.971593
3,117,0,82.11159
3,118,0,84.908329
3,119,0,78.273689
3,120,0,82.081184
3,121,0,96.16544
3,122,0,94.291549
3,123,0,77.687102
3,124,0,84.519956
3,125,0,83.810962
3,126,0,81.068646
3,127,0,73.303855
3,128,0,75.132595
3,129,0,83.717319
3,130,0,78.567187
3,131,0,82.51318
3,132,0,74.586499
3,133,0,73.77551
3,134,0,77.67125
3,135,0,78.759273
3,136,0,86.29275
3,137,0,78.127825
3,138,0,87.186981
3,139,0,83.504595
3,140,0,78.20119
3,141,0,72.696547
3,142,0,80.448339
3,143,0,75.647185
3,144,0,72.561333
3,145,0,83.891851
3,146,0,81.38732
3,147,0,80.718283
3,148,0,73.662691
3,149,0,84.989373
3,150,0,79.288662
3,151,0,79.400089
3,152,0,75.912201
3,153,0,77.386706
3,154,0,80.297612
3,155,0,76.499452
3,156,0,77.389507
3,157,0,81.50532
3,158,0,79.486265
3,159,0,79.497146
3,160,0,73.981826
3,161,0,73.672705
3,162,0,80.396695
3,163,0,78.652647
3,164,0,88.322015
3,165,0,71.726072
3,166,0,77.623613
3,167,0,77.542001
3,168,0,80.023728
3,169,0,88.212912
3,170,0,83.684669
3,171,0,79.88192
3,172,0,92.298694
3,173,0,80.451494
3,174,0,79.447423
3,175,0,86.678068
3,176,0,83.706639
3,177,0,80.215207
3,178,0,80.50175
3,179,0,76.010324
3,180,0,77.929942
3,181,0,81.280944
3,182,0,78.652816
3,183,0,79.147715
3,184,0,81.254746
3,185,0,75.045924
3,186,0,80.599864
3,187,0,86.046964
3,188,0,78.492314
3,189,0,79.364346
3,190,0,79.149206
3,191,0,78.860376
3,192,0,74.56346
3,193,0,77.074235
3,194,0,76.401187
3,195,0,80.011774
3,196,0,75.045683
3,197,0,75.743092
3,198,0,72.673052
3,199,0,73.494702
3,200,0,77.568594
3,201,0,84.324592
3,202,0,77.265533
3,203,0,76.198088
3,204,0,87.472915
3,205,0,81.828451
3,206,0,84.643334
3,207,0,78.726027
3,208,0,79.052839
3,209,0,75.462386
3,210,0,78.574808
3,211,0,77.183564
3,212,0,80.904881
3,213,0,73.422546
3,214,0,80.155029
3,215,0,76.210004
3,216,0,81.27721
3,217,0,83.561246
3,218,0,76.093995
3,219,0,76.789535
3,220,0,88.50862
3,221,0,75.494929
3,222,0,76.443135
3,223,0,73.639082
3,224,0,81.724949
3,225,0,88.083193
3,226,0,84.47856
3,227,0,77.72349
3,228,0,78.101469
3,229,0,75.015564
3,230,0,82.197073
3,231,0,82.728762
3,232,0,93.012955
3,233,0,71.674994
3,234,0,78.830916
3,235,0,93.79734
3,236,0,73.956503
3,237,0,73.448056
3,238,0,81.093411
3,239,0,77.449751
3,240,0,77.126758
3,241,0,75.665515
3,242,0,77.536419
3,243,0,81.542073
3,244,0,81.494203
3,245,0,74.681689
3,246,0,83.498053
3,247,0,81.836724
3,248,0,89.087338
3,249,0,82.479234
3,250,0,71.622964
3,251,0,82.136297
3,252,0,78.694025
3,253,0,82.399508
3,254,0,78.103671
3,255,0,90.09455
3,256,0,89.858278
3,257,0,73.41856
3,258,0,77.256668
3,259,0,91.432743
3,260,0,75.373079
3,261,0,72.844203
3,262,0,89.267903
3,263,0,74.754003
3,264,0,81.337512
3,265,0,94.571903
3,266,0,71.816189
3,267,0,91.329642
3,268,0,77.387139
3,269,0,76.552168
3,270,0,92.722076
3,271,0,74.492072
3,272,0,74.036485
3,273,0,78.746979
3,274,0,74.746301
3,275,0,75.1801
3,276,0,83.686255
3,277,0,81.385641
3,278,0,77.227677
3,279,0,79.613592
3,280,0,75.650269
3,281,0,106.723821
3,282,0,84.790865
3,283,0,79.334997
3,284,0,73.298371
3,285,0,82.118349
3,286,0,76.746279
3,287,0,81.806301
3,288,0,77.503878
3,289,0,87.038554
3,290,0,73.921863
3,291,0,80.620537
3,292,0,80.81006
3,293,0,75.419818
3,294,0,75.927148
3,295,0,73.328813
3,296,0,72.086315
3,297,0,72.223415
3,298,0,80.382297
3,299,0,74.994226
3,300,0,74.865659
3,301,0,76.343893
3,302,0,86.945734
3,303,0,76.961817
3,304,0,80.182716
3,305,0,87.577416
3,306,0,76.581097
3,307,0,75.54116
3,308,0,80.480488
3,309,0,79.810592
3,310,0,87.908055
3,311,0,78.837618
3,312,0,77.982832
3,313,0,74.160984
3,314,0,77.479709
3,315,0,79.910325
3,316,0,76.311702
3,317,0,72.894477
3,318,0,84.509252
3,319,0,82.276766
3,320,0,74.156612
3,321,0,94.924619
3,322,0,87.826644
3,323,0,74.888677
3,324,0,77.733904
3,325,0,77.150702
3,326,0,74.834908
3,327,0,72.56135
3,328,0,81.786344
3,329,0,79.686821
3,330,0,73.705379
3,331,0,76.346578
3,332,0,72.838216
3,333,0,79.553906
3,334,0,82.654179
3,335,0,74.236719
3,336,0,75.909184
3,337,0,83.190371
3,338,0,72.796909
3,339,0,78.516477
3,340,0,72.794005
3,341,0,86.553173
3,342,0,76.549223
3,343,0,84.086528
3,344,0,79.684573
3,345,0,79.144652
3,346,0,85.07281
3,347,0,78.316888
3,348,0,77.533989
3,349,0,75.447361
3,350,0,79.3834
3,351,0,80.683282
3,352,0,80.356417
3,353,0,80.905037
3,354,0,78.549655
3,355,0,84.781377
3,356,0,80.151868
3,357,0,92.849196
3,358,0,81.833145
3,359,0,75.665588
3,360,0,79.448494
3,361,0,88.647313
3,362,0,78.896189
3,363,0,85.638016
3,364,0,78.944005
3,365,0,77.726021
3,366,0,79.765485
3,367,0,83.281095
3,368,0,77.900309
3,369,0,86.126288
3,370,0,79.274988
3,371,0,81.325353
3,372,0,76.66295
3,373,0,78.2225
3,374,0,75.578642
3,375,0,83.068403
3,376,0,74.276082
3,377,0,85.912783
3,378,0,81.306742
3,379,0,76.405178
3,380,0,90.436079
3,381,0,76.956561
3,382,0,90.243656
3,383,0,82.130014
3,384,0,76.789995
3,385,0,75.620061
3,386,0,84.056498
3,387,0,76.287039
3,388,0,82.639676
3,389,0,92.882113
3,390,0,85.392295
3,391,0,76.818437
3,392,0,79.043664
3,393,0,77.095438
3,394,0,74.261572
3,395,0,78.010049
3,396,0,75.279702
3,397,0,87.076647
3,398,0,76.677677
3,399,0,91.712951
3,400,0,78.025633
3,401,0,74.827084
3,402,0,76.618607
3,403,0,88.548643
3,404,0,83.55321
3,405,0,75.505464
3,406,0,74.980299
3,407,0,72.229873
3,408,0,75.80375
3,409,0,75.485039
3,410,0,77.661954
3,411,0,75.470242
3,412,0,73.183448
3,413,0,80.360652
3,414,0,76.567963
3,415,0,84.984978
3,416,0,77.73684
3,417,0,77.068572
3,418,0,81.853188
3,419,0,77.11829
3,420,0,90.157284
3,421,0,77.950046
3,422,0,83.157551
3,423,0,81.144575
3,424,0,95.178843
3,425,0,81.211455
3,426,0,75.229281
3,427,0,76.55835
3,428,0,77.022916
3,429,0,75.109196
3,430,0,78.761806
3,431,0,90.263666
3,432,0,87.041974
3,433,0,76.774671
3,434,0,74.145963
3,435,0,75.557357
3,436,0,79.125972
3,437,0,84.163793
3,438,0,82.147619
3,439,0,85.869049
3,440,0,77.106093
3,441,0,73.750129
3,442,0,77.805908
3,443,0,75.417251
3,444,0,80.057931
3,445,0,73.59735
3,446,0,74.066308
3,447,0,77.227494
3,448,0,79.250675
3,449,0,77.459208
3,450,0,79.918918
3,451,0,77.292084
3,452,0,77.087433
3,453,0,74.939851
3,454,0,91.849653
3,455,0,75.346982
3,456,0,73.426847
3,457,0,77.493841
3,458,0,75.074969
3,459,0,78.532887
3,460,0,79.448671
3,461,0,77.147493
3,462,0,86.631537
3,463,0,89.031494
3,464,0,80.626865
3,465,0,71.672159
3,466,0,79.942244
3,467,0,72.481309
3,468,0,76.840175
3,469,0,84.978774
3,470,0,78.328093
3,471,0,73.259237
3,472,0,91.820681
3,473,0,76.664613
3,474,0,76.879206
3,475,0,76.347332
3,476,0,79.931592
3,477,0,76.099204
3,478,0,93.38311
3,479,0,75.544156
3,480,0,75.426042
3,481,0,77.38322
3,482,0,76.859508
3,483,0,85.835922
3,484,0,78.745863
3,485,0,75.906666
3,486,0,91.566463
3,487,0,80.638626
3,488,0,75.183445
3,489,0,74.714322
3,490,0,88.983112
3,491,0,78.275687
3,492,0,74.895088
3,493,0,74.831341
3,494,0,76.722353
3,495,0,83.886994
3,496,0,73.282157
3,497,0,72.958338
3,498,0,72.184988
3,499,0,74.634352
3,500,0,83.6466
3,501,0,81.584678
3,502,0,87.255626
3,503,0,73.028874
3,504,0,78.156398
3,505,0,87.840823
3,506,0,75.072546
3,507,0,76.769711
3,508,0,86.030746
3,509,0,78.174428
3,510,0,82.321957
3,511,0,76.725304
3,512,0,84.488222
3,513,0,77.942305
3,514,0,76.647695
3,515,0,74.026742
3,516,0,77.072091
3,517,0,76.201658
3,518,0,75.375837
3,519,0,78.675076
3,520,0,77.25608
3,521,0,84.884957
3,522,0,76.736336
3,523,0,87.100592
3,524,0,77.57645
3,525,0,87.697355
3,526,0,77.564374
3,527,0,76.002008
3,528,0,86.706852
3,529,0,73.166768
3,530,0,76.10543
3,531,0,78.685934
3,532,0,74.49651
3,533,0,72.727293
3,534,0,85.256606
3,535,0,75.130653
3,536,0,75.962385
3,537,0,84.492574
3,538,0,74.92579
3,539,0,80.78874
3,540,0,75.111226
3,541,0,81.545095
3,542,0,74.863137
3,543,0,84.747348
3,544,0,89.572338
3,545,0,72.699739
3,546,0,86.294764
3,547,0,80.329698
3,548,0,78.936959
3,549,0,81.546209
3,550,0,80.624794
3,551,0,75.42842
3,552,0,79.876651
3,553,0,79.901714
3,554,0,76.145025
3,555,0,72.808606
3,556,0,76.337062
3,557,0,90.167865
3,558,0,76.396763
3,559,0,87.669024
3,560,0,82.48256
3,561,0,76.777893
3,562,0,79.326946
3,563,0,95.398257
3,564,0,73.331638
3,565,0,81.111467
3,566,0,76.379902
3,567,0,76.270414
3,568,0,75.846095
3,569,0,76.769251
3,570,0,84.877885
3,571,0,77.02322
3,572,0,75.631572
3,573,0,76.689639
3,574,0,78.36752
3,575,0,80.81114
3,576,0,74.75876
3,577,0,81.94836
3,578,0,85.992507
3,579,0,79.574669
3,580,0,75.649466
3,581,0,71.970296
3,582,0,79.019526
3,583,0,88.380285
3,584,0,108.997201
3,585,0,79.152761
3,586,0,74.566953
3,587,0,72.840395
3,588,0,75.336011
3,589,0,78.669848
3,590,0,75.027364
3,591,0,79.577625
3,592,0,79.776822
3,593,0,77.748535
3,594,0,78.02369
3,595,0,74.698441
3,596,0,79.130067
3,597,0,82.044302
3,598,0,71.792504
3,599,0,80.864164
3,600,0,74.90455
3,601,0,83.231809
3,602,0,81.611792
3,603,0,85.118403
3,604,0,80.761557
3,605,0,76.143989
3,606,0,77.507532
3,607,0,76.028183
3,608,0,77.540414
3,609,0,90.209207
3,610,0,72.371218
3,611,0,105.484275
3,612,0,78.870837
3,613,0,76.537004
3,614,0,87.161685
3,615,0,73.686953
3,616,0,76.19915
3,617,0,75.559452
3,618,0,78.345603
3,619,0,80.7986
3,620,0,78.911473
3,621,0,87.633756
3,622,0,86.499623
3,623,0,79.681646
3,624,0,73.785341
3,625,0,91.05237
3,626,0,74.475797
3,627,0,91.547546
3,628,0,76.908646
3,629,0,77.424862
3,630,0,84.00717
3,631,0,84.46659
3,632,0,75.365129
3,633,0,79.224514
3,634,0,74.002486
3,635,0,86.403932
3,636,0,88.4087
3,637,0,76.08386
3,638,0,77.19602
3,639,0,78.096506
3,640,0,74.021578
3,641,0,76.879049
3,642,0,72.714109
3,643,0,78.384436
3,644,0,74.199587
3,645,0,73.995682
3,646,0,75.15259
3,647,0,77.996764
3,648,0,78.635267
3,649,0,80.179942
3,650,0,95.292522
3,651,0,79.64089
3,652,0,81.640346
3,653,0,78.634223
3,654,0,82.141274
3,655,0,72.240347
3,656,0,73.789573
3,657,0,79.850255
3,658,0,79.264893
3,659,0,84.410849
3,660,0,78.001184
3,661,0,75.479986
3,662,0,73.627995
3,663,0,79.902597
3,664,0,74.979687
3,665,0,75.948186
3,666,0,75.771212
3,667,0,84.055317
3,668,0,83.049745
3,669,0,75.690134
3,670,0,80.511039
3,671,0,71.898727
3,672,0,72.239048
3,673,0,81.086507
3,674,0,74.688276
3,675,0,84.175855
3,676,0,78.575504
3,677,0,72.282624
3,678,0,84.00715
3,679,0,77.922189
3,680,0,76.23327
3,681,0,76.425966
3,682,0,78.875478
3,683,0,73.723249
3,684,0,76.822642
3,685,0,77.818911
3,686,0,73.825197
3,687,0,72.780163
3,688,0,77.248243
3,689,0,73.623977
3,690,0,79.609401
3,691,0,76.461884
3,692,0,82.304483
3,693,0,80.787809
3,694,0,82.316148
3,695,0,76.724324
3,696,0,80.005063
3,697,0,72.733617
3,698,0,86.245673
3,699,0,73.194968
3,700,0,74.042291
3,701,0,76.847848
3,702,0,86.399735
3,703,0,81.174852
3,704,0,94.725735
3,705,0,83.019116
3,706,0,72.925078
3,707,0,82.583411
3,708,0,77.375685
3,709,0,75.606649
3,710,0,79.197606
3,711,0,84.526075
3,712,0,81.168615
3,713,0,83.226596
3,714,0,91.573953
3,715,0,77.810703
3,716,0,79.698719
3,717,0,78.746556
3,718,0,77.105186
3,719,0,80.877936
3,720,0,78.492724
3,721,0,77.082146
3,722,0,73.134344
3,723,0,77.533809
3,724,0,78.364636
3,725,0,89.032617
3,726,0,76.524988
3,727,0,80.163601
3,728,0,78.973242
3,729,0,91.028653
3,730,0,84.159814
3,731,0,75.383385
3,732,0,76.337852
3,733,0,72.939939
3,734,0,77.320399
3,735,0,85.851884
3,736,0,73.672326
3,737,0,74.587666
3,738,0,78.190246
3,739,0,75.112994
3,740,0,83.789443
3,741,0,73.239203
3,742,0,89.934012
3,743,0,75.854995
3,744,0,77.475948
3,745,0,74.12258
3,746,0,77.950529
3,747,0,77.340744
3,748,0,77.445223
3,749,0,78.708818
3,750,0,79.488227
3,751,0,76.108788
3,752,0,72.878085
3,753,0,79.967145
3,754,0,74.713241
3,755,0,85.956309
3,756,0,71.833943
3,757,0,82.802248
3,758,0,87.380728
3,759,0,75.756093
3,760,0,73.550802
3,761,0,86.855074
3,762,0,75.242195
3,763,0,73.545967
3,764,0,80.848331
3,765,0,81.422874
3,766,0,85.256832
3,767,0,77.702615
3,768,0,95.341346
3,769,0,79.700643
3,770,0,79.508426
3,771,0,83.763264
3,772,0,76.149653
3,773,0,82.138005
3,774,0,73.693719
3,775,0,79.625542
3,776,0,76.309196
3,777,0,73.995206
3,778,0,81.926454
3,779,0,80.227307
3,780,0,76.17259
3,781,0,104.239167
3,782,0,72.228024
3,783,0,74.070166
3,784,0,73.408337
3,785,0,84.269069
3,786,0,74.774623
3,787,0,76.635916
3,788,0,78.675999
3,789,0,78.525173
3,790,0,77.405604
3,791,0,75.841671
3,792,0,73.06819
3,793,0,81.514695
3,794,0,82.163175
3,795,0,76.431392
3,796,0,76.446306
3,797,0,73.78337
3,798,0,74.482986
3,799,0,74.136499
3,800,0,81.097363
3,801,0,82.735405
3,802,0,77.396091
3,803,0,76.865533
3,804,0,78.911241
3,805,0,75.945594
3,806,0,87.320766
3,807,0,76.995725
3,808,0,87.692014
3,809,0,72.745508
3,810,0,77.076557
3,811,0,83.326152
3,812,0,79.065443
3,813,0,78.988466
3,814,0,75.305101
3,815,0,80.01365
3,816,0,82.416682
3,817,0,81.635052
3,818,0,81.78849
3,819,0,77.231807
3,820,0,78.419095
3,821,0,74.243459
3,822,0,82.59781
3,823,0,79.280354
3,824,0,73.999669
3,825,0,75.186083
3,826,0,94.555943
3,827,0,94.407766
3,828,0,82.114742
3,829,0,73.838433
3,830,0,74.778418
3,831,0,84.268715
3,832,0,88.818976
3,833,0,80.183115
3,834,0,78.276236
3,835,0,73.072371
3,836,0,76.235984
3,837,0,85.311086
3,838,0,82.208664
3,839,0,89.753737
3,840,0,76.853902
3,841,0,75.01627
3,842,0,74.172018
3,843,0,76.865672
3,844,0,74.450166
3,845,0,91.091834
3,846,0,75.249725
3,847,0,73.718579
3,848,0,86.754844
3,849,0,77.8773
3,850,0,73.090255
3,851,0,72.764638
3,852,0,84.623185
3,853,0,82.395442
3,854,0,85.850779
3,855,0,78.599459
3,856,0,75.313185
3,857,0,75.607357
3,858,0,78.300357
3,859,0,75.373544
3,860,0,83.46992
3,861,0,78.173762
3,862,0,73.911052
3,863,0,77.315791
3,864,0,75.96903
3,865,0,76.834763
3,866,0,75.416009
3,867,0,75.947752
3,868,0,98.503548
3,869,0,86.713834
3,870,0,76.329917
3,871,0,75.314687
3,872,0,79.436816
3,873,0,84.197536
3,874,0,76.379349
3,875,0,78.071132
3,876,0,76.338333
3,877,0,81.87288
3,878,0,74.228019
3,879,0,78.633628
3,880,0,73.956354
3,881,0,77.597236
3,882,0,79.414763
3,883,0,76.67423
3,884,0,78.934177
3,885,0,76.103847
3,886,0,80.742225
3,887,0,82.317739
3,888,0,81.755132
3,889,0,104.476807
3,890,0,79.662442
3,891,0,80.726709
3,892,0,78.656357
3,893,0,75.592812
3,894,0,83.187516
3,895,0,72.278735
3,896,0,73.186435
3,897,0,75.934423
3,898,0,84.35285
3,899,0,80.868618
3,900,0,74.298601
3,901,0,81.309771
3,902,0,91.78612
3,903,0,86.946308
3,904,0,72.686739
3,905,0,75.555955
3,906,0,78.273653
3,907,0,72.444128
3,908,0,75.717219
3,909,0,84.821096
3,910,0,87.190726
3,911,0,78.558684
3,912,0,73.643407
3,913,0,73.252129
3,914,0,75.621456
3,915,0,72.79104
3,916,0,108.582106
3,917,0,74.999081
3,918,0,96.367482
3,919,0,81.566563
3,920,0,76.852587
3,921,0,82.14735
3,922,0,73.201404
3,923,0,76.803814
3,924,0,81.558936
3,925,0,73.703245
3,926,0,78.253065
3,927,0,74.755887
3,928,0,82.770503
3,929,0,73.917949
3,930,0,89.233555
3,931,0,87.469203
3,932,0,72.138035
3,933,0,74.503356
3,934,0,79.217827
3,935,0,77.08478
3,936,0,75.382818
3,937,0,79.024061
3,938,0,84.303698
3,939,0,74.852109
3,940,0,78.679111
3,941,0,76.525725
3,942,0,88.62318
3,943,0,92.313885
3,944,0,75.466068
3,945,0,81.724487
3,946,0,77.36374
3,947,0,77.333877
3,948,0,74.087449
3,949,0,75.807921
3,950,0,76.755195
3,951,0,84.040139
3,952,0,77.794597
3,953,0,84.092737
3,954,0,75.348171
3,955,0,72.626378
3,956,0,81.084784
3,957,0,79.330023
3,958,0,77.145679
3,959,0,82.05576
3,960,0,74.807755
3,961,0,79.20957
3,962,0,84.753
3,963,0,81.397081
3,964,0,71.889574
3,965,0,74.077745
3,966,0,74.749728
3,967,0,85.703538
3,968,0,79.39777
3,969,0,77.850179
3,970,0,74.512478
3,971,0,74.156203
3,972,0,87.068399
3,973,0,76.783924
3,974,0,83.00848
3,975,0,76.808707
3,976,0,83.477483
3,977,0,74.713757
3,978,0,80.10131
3,979,0,75.943422
3,980,0,82.287051
3,981,0,72.543343
3,982,0,75.932367
3,983,0,79.287459
3,984,0,79.297855
3,985,0,77.398128
3,986,0,75.519631
3,987,0,75.552467
3,988,0,86.479444
3,989,0,73.848925
3,990,0,78.47175
3,991,0,73.027406
3,992,0,82.031392
3,993,0,83.009054
3,994,0,74.875775
3,995,0,73.373126
3,996,0,79.132883
3,997,0,77.097198
3,998,0,76.097579
3,999,0,80.532344
4,0,0,73.360472
4,1,0,76.01562
4,2,0,76.687481
4,3,0,75.489426
4,4,0,79.654675
4,5,0,74.821668
4,6,0,73.777098
4,7,0,82.324181
4,8,0,74.656724
4,9,0,92.894867
4,10,0,73.990503
4,11,0,74.309975
4,12,0,91.385053
4,13,0,76.420083
4,14,0,79.03053
4,15,0,85.782481
4,16,0,83.495758
4,17,0,72.910963
4,18,0,83.011044
4,19,0,84.333381
4,20,0,77.285326
4,21,0,73.431561
4,22,0,73.984746
4,23,0,76.20787
4,24,0,81.528862
4,25,0,78.179449
4,26,0,79.292522
4,27,0,74.960089
4,28,0,83.887298
4,29,0,78.348624
4,30,0,75.607769
4,31,0,74.152806
4,32,0,76.945214
4,33,0,76.952282
4,34,0,76.473208
4,35,0,80.62286
4,36,0,80.227583
4,37,0,91.712363
4,38,0,81.071959
4,39,0,77.256557
4,40,0,75.794366
4,41,0,76.083973
4,42,0,85.486665
4,43,0,72.897077
4,44,0,85.237903
4,45,0,77.767317
4,46,0,72.779908
4,47,0,75.844775
4,48,0,89.738523
4,49,0,73.700299
4,50,0,82.25748
4,51,0,85.784802
4,52,0,74.675093
4,53,0,76.346231
4,54,0,76.112308
4,55,0,74.738953
4,56,0,74.59181
4,57,0,80.265485
4,58,0,73.220146
4,59,0,83.536003
4,60,0,81.808224
4,61,0,83.471815
4,62,0,72.411837
4,63,0,82.873444
4,64,0,76.35194
4,65,0,73.618233
4,66,0,72.71053
4,67,0,76.009853
4,68,0,72.109381
4,69,0,84.292609
4,70,0,75.75431
4,71,0,82.398532
4,72,0,73.880666
4,73,0,84.807509
4,74,0,78.46417
4,75,0,100.073817
4,76,0,79.241515
4,77,0,81.536192
4,78,0,73.892587
4,79,0,77.921604
4,80,0,77.348282
4,81,0,77.050889
4,82,0,77.826119
4,83,0,75.497106
4,84,0,81.389635
4,85,0,75.885528
4,86,0,75.553591
4,87,0,85.666551
4,88,0,76.007345
4,89,0,78.608581
4,90,0,74.978132
4,91,0,74.594191
4,92,0,76.933936
4,93,0,78.588112
4,94,0,80.173814
4,95,0,85.635186
4,96,0,81.573029
4,97,0,76.577542
4,98,0,73.387953
4,99,0,83.699235
4,100,0,93.360782
4,101,0,80.749028
4,102,0,79.388496
4,103,0,76.681458
4,104,0,81.292712
4,105,0,74.351341
4,106,0,73.106186
4,107,0,75.053609
4,108,0,73.59992
4,109,0,76.943445
4,110,0,81.021891
4,111,0,86.84911
4,112,0,77.744165
4,113,0,81.67281
4,114,0,77.633459
4,115,0,83.976433
4,116,0,72.426824
4,117,0,79.491295
4,118,0,82.876007
4,119,0,80.78486
4,120,0,76.957602
4,121,0,73.772112
4,122,0,76.043123
4,123,0,91.201077
4,124,0,79.721657
4,125,0,76.004831
4,126,0,84.169218
4,127,0,80.575587
4,128,0,77.941757
4,129,0,77.384748
4,130,0,75.570617
4,131,0,89.438965
4,132,0,74.520082
4,133,0,87.509001
4,134,0,85.960292
4,135,0,74.878595
4,136,0,79.395831
4,137,0,79.509536
4,138,0,76.624197
4,139,0,76.079034
4,140,0,77.444444
4,141,0,77.906546
4,142,0,81.212058
4,143,0,74.051347
4,144,0,71.604542
4,145,0,79.993141
4,146,0,82.25155
4,147,0,81.784513
4,148,0,74.984069
4,149,0,73.539242
4,150,0,72.44942
4,151,0,82.681297
4,152,0,78.268669
4,153,0,80.946639
4,154,0,93.831549
4,155,0,76.446827
4,156,0,76.663476
4,157,0,87.144849
4,158,0,77.934204
4,159,0,73.20731
4,160,0,84.067354
4,161,0,72.301862
4,162,0,83.454927
4,163,0,92.215109
4,164,0,72.116994
4,165,0,72.049425
4,166,0,79.527118
4,167,0,76.441145
4,168,0,72.264937
4,169,0,93.824081
4,170,0,90.080761
4,171,0,74.157505
4,172,0,78.460962
4,173,0,81.471526
4,174,0,88.099421
4,175,0,77.489943
4,176,0,76.369541
4,177,0,77.457486
4,178,0,86.383966
4,179,0,78.606857
4,180,0,78.844385
4,181,0,76.346069
4,182,0,78.764443
4,183,0,78.86034
4,184,0,75.948093
4,185,0,78.387037
4,186,0,87.556444
4,187,0,74.482688
4,188,0,74.036837
4,189,0,86.170051
4,190,0,89.747646
4,191,0,74.784207
4,192,0,99.182748
4,193,0,77.271401
4,194,0,77.140121
4,195,0,83.177962
4,196,0,79.928729
4,197,0,80.448955
4,198,0,75.402874
4,199,0,74.071994
4,200,0,77.347916
4,201,0,84.124061
4,202,0,74.703612
4,203,0,76.475393
4,204,0,78.475844
4,205,0,77.206736
4,206,0,78.626732
4,207,0,76.404966
4,208,0,84.939532
4,209,0,73.644428
4,210,0,82.459721
4,211,0,90.255806
4,212,0,76.9244
4,213,0,75.739079
4,214,0,76.7471
4,215,0,75.672491
4,216,0,87.13826
4,217,0,72.754506
4,218,0,79.563023
4,219,0,79.081781
4,220,0,76.150873
4,221,0,77.741409
4,222,0,75.345475
4,223,0,78.117629
4,224,0,73.63927
4,225,0,77.747319
4,226,0,77.37357
4,227,0,86.134056
4,228,0,83.297564
4,229,0,87.483232
4,230,0,73.792632
4,231,0,72.468599
4,232,0,78.831031
4,233,0,83.104487
4,234,0,81.947453
4,235,0,98.994123
4,236,0,73.344421
4,237,0,81.117565
4,238,0,76.745292
4,239,0,85.211606
4,240,0,72.123878
4,241,0,77.587459
4,242,0,75.548331
4,243,0,75.59589
4,244,0,76.489323
4,245,0,75.392382
4,246,0,79.200217
4,247,0,75.167179
4,248,0,80.529287
4,249,0,75.828661
4,250,0,94.498914
4,251,0,101.531979
4,252,0,72.282274
4,253,0,76.504426
4,254,0,73.373551
4,255,0,75.995841
4,256,0,76.106492
4,257,0,78.697066
4,258,0,75.211365
4,259,0,79.980406
4,260,0,75.882697
4,261,0,76.828583
4,262,0,84.245003
4,263,0,91.965994
4,264,0,73.241879
4,265,0,74.723815
4,266,0,74.726543
4,267,0,73.729296
4,268,0,88.765401
4,269,0,78.390674
4,270,0,77.697889
4,271,0,73.880953
4,272,0,83.476387
4,273,0,81.673267
4,274,0,94.191355
4,275,0,90.019575
4,276,0,84.454019
4,277,0,74.03953
4,278,0,78.339395
4,279,0,77.968411
4,280,0,80.332064
4,281,0,82.439948
4,282,0,82.547638
4,283,0,73.377779
4,284,0,76.511969
4,285,0,82.334044
4,286,0,79.092683
4,287,0,75.619725
4,288,0,73.713888
4,289,0,88.135608
4,290,0,78.921929
4,291,0,79.136335
4,292,0,74.210098
4,293,0,73.620405
4,294,0,85.999626
4,295,0,76.326682
4,296,0,75.831832
4,297,0,77.034362
4,298,0,72.369548
4,299,0,91.067264
4,300,0,81.030123
4,301,0,76.581437
4,302,0,78.486731
4,303,0,78.60071
4,304,0,81.656978
4,305,0,73.17338
4,306,0,79.619328
4,307,0,73.911309
4,308,0,76.252408
4,309,0,74.344722
4,310,0,75.583985
4,311,0,82.813919
4,312,0,91.623814
4,313,0,79.348685
4,314,0,75.352481
4,315,0,75.716333
4,316,0,99.901844
4,317,0,76.208602
4,318,0,77.14252
4,319,0,77.580762
4,320,0,78.406339
4,321,0,76.286102
4,322,0,77.314183
4,323,0,91.805954
4,324,0,79.827099
4,325,0,75.272467
4,326,0,98.51148
4,327,0,72.323638
4,328,0,81.318321
4,329,0,74.201239
4,330,0,75.160674
4,331,0,80.051472
4,332,0,74.600041
4,333,0,72.859052
4,334,0,84.282866
4,335,0,81.207443
4,336,0,85.687869
4,337,0,84.524503
4,338,0,78.935065
4,339,0,73.851733
4,340,0,79.313347
4,341,0,76.959339
4,342,0,82.029491
4,343,0,77.414918
4,344,0,74.69506
4,345,0,78.480006
4,346,0,78.275532
4,347,0,81.053047
4,348,0,74.907035
4,349,0,94.988753
4,350,0,78.312096
4,351,0,90.850761
4,352,0,90.168761
4,353,0,77.53338
4,354,0,77.655933
4,355,0,84.475886
4,356,0,75.336828
4,357,0,83.318374
4,358,0,92.321324
4,359,0,81.096792
4,360,0,73.85772
4,361,0,72.530581
4,362,0,80.687594
4,363,0,91.576912
4,364,0,77.312343
4,365,0,75.493276
4,366,0,76.666344
4,367,0,85.881271
4,368,0,84.823504
4,369,0,81.105382
4,370,0,77.640697
4,371,0,78.350637
4,372,0,76.067321
4,373,0,79.797788
4,374,0,78.807767
4,375,0,80.984191
4,376,0,75.535635
4,377,0,78.025487
4,378,0,75.723731
4,379,0,85.371929
4,380,0,73.255924
4,381,0,97.06002
4,382,0,75.131791
4,383,0,71.976309
4,384,0,85.411383
4,385,0,84.832922
4,386,0,84.29766
4,387,0,78.873147
4,388,0,81.553004
4,389,0,82.521581
4,390,0,76.108818
4,391,0,75.541534
4,392,0,79.946983
4,393,0,83.737682
4,394,0,77.899111
4,395,0,74.644271
4,396,0,77.334046
4,397,0,75.380045
4,398,0,75.899889
4,399,0,83.907807
4,400,0,83.182995
4,401,0,77.179295
4,402,0,95.788656
4,403,0,81.084836
4,404,0,82.662434
4,405,0,80.279717
4,406,0,89.759607
4,407,0,82.544678
4,408,0,89.195768
4,409,0,76.770616
4,410,0,78.207005
4,411,0,79.714354
4,412,0,73.972145
4,413,0,88.410878
4,414,0,74.536112
4,415,0,87.197959
4,416,0,79.451961
4,417,0,82.199648
4,418,0,76.154639
4,419,0,78.355405
4,420,0,79.513941
4,421,0,79.473752
4,422,0,75.058738
4,423,0,72.458757
4,424,0,73.80553
4,425,0,84.485298
4,426,0,78.794542
4,427,0,87.035384
4,428,0,88.281777
4,429,0,81.656336
4,430,0,76.792442
4,431,0,73.292586
4,432,0,72.393187
4,433,0,75.124724
4,434,0,79.025388
4,435,0,74.132151
4,436,0,76.061594
4,437,0,78.813805
4,438,0,79.134708
4,439,0,75.26491
4,440,0,80.546542
4,441,0,80.208641
4,442,0,90.858272
4,443,0,74.194923
4,444,0,80.092569
4,445,0,79.507359
4,446,0,97.018071
4,447,0,78.25377
4,448,0,77.370446
4,449,0,72.980888
4,450,0,71.696288
4,451,0,82.567988
4,452,0,76.057594
4,453,0,74.075902
4,454,0,75.086543
4,455,0,81.010358
4,456,0,78.792675
4,457,0,76.133266
4,458,0,76.760659
4,459,0,77.066046
4,460,0,78.250819
4,461,0,87.017999
4,462,0,73.173927
4,463,0,84.102404
4,464,0,77.683557
4,465,0,79.31649
4,466,0,79.11278
4,467,0,83.169533
4,468,0,74.177366
4,469,0,74.522668
4,470,0,82.166014
4,471,0,79.622984
4,472,0,74.786782
4,473,0,79.091752
4,474,0,95.022788
4,475,0,78.986421
4,476,0,80.01413
4,477,0,76.530677
4,478,0,76.589605
4,479,0,81.251553
4,480,0,77.52271
4,481,0,78.737452
4,482,0,81.003753
4,483,0,76.076298
4,484,0,84.899422
4,485,0,80.596517
4,486,0,75.919104
4,487,0,91.605206
4,488,0,80.297209
4,489,0,77.614122
4,490,0,76.446101
4,491,0,76.985111
4,492,0,77.142235
4,493,0,79.731273
4,494,0,76.214252
4,495,0,74.889158
4,496,0,78.126488
4,497,0,83.869882
4,498,0,86.146077
4,499,0,79.065323
4,500,0,86.753697
4,501,0,85.655244
4,502,0,73.788227
4,503,0,81.474239
4,504,0,76.563685
4,505,0,79.256251
4,506,0,120.096881
4,507,0,75.492276
4,508,0,75.46847
4,509,0,74.422456
4,510,0,75.393415
4,511,0,80.873
4,512,0,72.666357
4,513,0,75.909348
4,514,0,87.191434
4,515,0,76.800183
4,516,0,83.768276
4,517,0,76.44537
4,518,0,77.398962
4,519,0,75.249972
4,520,0,75.549802
4,521,0,74.669978
4,522,0,90.734849
4,523,0,84.455392
4,524,0,73.799661
4,525,0,83.072808
4,526,0,81.446944
4,527,0,79.980539
4,528,0,77.90231
4,529,0,83.0458
4,530,0,73.614997
4,531,0,85.292304
4,532,0,86.984808
4,533,0,79.373603
4,534,0,82.985328
4,535,0,77.199322
4,536,0,73.623421
4,537,0,94.079929
4,538,0,75.147981
4,539,0,76.430163
4,540,0,76.182225
4,541,0,79.210874
4,542,0,76.843106
4,543,0,74.973582
4,544,0,82.797177
4,545,0,81.889886
4,546,0,73.825582
4,547,0,72.922974
4,548,0,75.201744
4,549,0,73.09086
4,550,0,87.425591
4,551,0,79.140979
4,552,0,79.018254
4,553,0,81.243952
4,554,0,76.036678
4,555,0,87.754739
4,556,0,90.784003
4,557,0,75.254614
4,558,0,74.356102
4,559,0,85.814167
4,560,0,75.827351
4,561,0,88.381106
4,562,0,84.125032
4,563,0,82.885931
4,564,0,85.953711
4,565,0,78.490896
4,566,0,89.009637
4,567,0,78.478278
4,568,0,74.494749
4,569,0,91.203315
4,570,0,73.467704
4,571,0,75.541449
4,572,0,77.777835
4,573,0,85.284312
4,574,0,86.870538
4,575,0,76.949668
4,576,0,75.409182
4,577,0,73.878174
4,578,0,77.153923
4,579,0,81.06416
4,580,0,75.500738
4,581,0,72.765444
4,582,0,75.850844
4,583,0,76.342788
4,584,0,74.785926
4,585,0,76.322455
4,586,0,78.964981
4,587,0,89.687282
4,588,0,74.592905
4,589,0,82.893558
4,590,0,76.863326
4,591,0,82.158461
4,592,0,86.164299
4,593,0,75.02564
4,594,0,74.124539
4,595,0,78.960936
4,596,0,83.057386
4,597,0,72.763975
4,598,0,86.617568
4,599,0,76.760505
4,600,0,80.509038
4,601,0,77.094773
4,602,0,77.199861
4,603,0,95.941763
4,604,0,87.191829
4,605,0,72.540055
4,606,0,77.484076
4,607,0,77.886999
4,608,0,75.677964
4,609,0,73.326889
4,610,0,72.350021
4,611,0,74.863272
4,612,0,76.283378
4,613,0,72.786005
4,614,0,79.360957
4,615,0,73.720349
4,616,0,72.489211
4,617,0,80.170544
4,618,0,83.705812
4,619,0,79.8445
4,620,0,76.748028
4,621,0,76.49417
4,622,0,74.389921
4,623,0,75.039282
4,624,0,81.455024
4,625,0,75.216251
4,626,0,74.037975
4,627,0,85.926045
4,628,0,79.721669
4,629,0,82.650024
4,630,0,74.127761
4,631,0,78.488368
4,632,0,74.548692
4,633,0,75.29515
4,634,0,78.883397
4,635,0,82.673287
4,636,0,73.595351
4,637,0,74.695438
4,638,0,73.18665
4,639,0,81.636032
4,640,0,74.915811
4,641,0,78.523715
4,642,0,74.241732
4,643,0,77.399493
4,644,0,75.577727
4,645,0,75.215089
4,646,0,95.246815
4,647,0,86.31704
4,648,0,88.247054
4,649,0,84.762557
4,650,0,78.80665
4,651,0,73.92198
4,652,0,77.839012
4,653,0,76.553052
4,654,0,88.766936
4,655,0,79.323166
4,656,0,72.602083
4,657,0,77.72432
4,658,0,80.217262
4,659,0,84.310384
4,660,0,80.74482
4,661,0,79.547524
4,662,0,72.446049
4,663,0,76.710103
4,664,0,73.212517
4,665,0,81.365123
4,666,0,80.040818
4,667,0,82.249498
4,668,0,74.188805
4,669,0,77.700352
4,670,0,74.702953
4,671,0,83.637539
4,672,0,73.617987
4,673,0,84.410593
4,674,0,79.988531
4,675,0,83.713218
4,676,0,74.458493
4,677,0,75.679541
4,678,0,78.413291
4,679,0,76.019714
4,680,0,81.284951
4,681,0,77.837475
4,682,0,83.712771
4,683,0,77.387753
4,684,0,82.572079
4,685,0,79.896175
4,686,0,79.059109
4,687,0,85.888393
4,688,0,73.702973
4,689,0,96.608357
4,690,0,79.078186
4,691,0,75.228545
4,692,0,86.744973
4,693,0,77.375832
4,694,0,78.537575
4,695,0,78.284819
4,696,0,83.790514
4,697,0,75.084908
4,698,0,77.760231
4,699,0,73.929602
4,700,0,77.662257
4,701,0,77.53197
4,702,0,76.209077
4,703,0,75.884151
4,704,0,71.743291
4,705,0,76.859564
4,706,0,82.217761
4,707,0,82.619855
4,708,0,72.119296
4,709,0,74.101864
4,710,0,72.056736
4,711,0,73.997091
4,712,0,74.972022
4,713,0,76.378961
4,714,0,75.611789
4,715,0,92.399675
4,716,0,76.959125
4,717,0,77.839819
4,718,0,86.566715
4,719,0,79.824567
4,720,0,71.937254
4,721,0,75.475182
4,722,0,79.784093
4,723,0,78.104933
4,724,0,74.411053
4,725,0,73.771566
4,726,0,77.844807
4,727,0,77.539116
4,728,0,75.520135
4,729,0,73.740089
4,730,0,73.275425
4,731,0,83.785386
4,732,0,73.271393
4,733,0,74.764864
4,734,0,73.675493
4,735,0,77.93811
4,736,0,74.75299
4,737,0,73.9452
4,738,0,74.229217
4,739,0,98.008844
4,740,0,75.443146
4,741,0,80.049024
4,742,0,78.549776
4,743,0,76.685572
4,744,0,73.984011
4,745,0,73.607258
4,746,0,73.14936
4,747,0,93.629849
4,748,0,83.86488
4,749,0,76.523342
4,750,0,76.687447
4,751,0,74.26705
4,752,0,78.387736
4,753,0,79.623157
4,754,0,77.030736
4,755,0,72.789235
4,756,0,82.296628
4,757,0,85.281074
4,758,0,90.146123
4,759,0,80.76855
4,760,0,90.21006
4,761,0,75.859019
4,762,0,89.657154
4,763,0,83.089067
4,764,0,92.640556
4,765,0,75.234302
4,766,0,74.572369
4,767,0,81.748324
4,768,0,73.917193
4,769,0,75.681227
4,770,0,73.945361
4,771,0,77.861038
4,772,0,76.351475
4,773,0,80.379313
4,774,0,75.676061
4,775,0,77.176893
4,776,0,79.52821
4,777,0,88.496764
4,778,0,74.29013
4,779,0,79.931704
4,780,0,76.02875
4,781,0,80.155662
4,782,0,83.274626
4,783,0,78.645249
4,784,0,76.675566
4,785,0,81.657364
4,786,0,80.001171
4,787,0,77.323092
4,788,0,75.089268
4,789,0,72.680475
4,790,0,72.648376
4,791,0,79.838913
4,792,0,81.307856
4,793,0,80.264577
4,794,0,80.502556
4,795,0,74.351088
4,796,0,79.229286
4,797,0,74.232264
4,798,0,74.836439
4,799,0,76.062073
4,800,0,75.643575
4,801,0,81.521777
4,802,0,72.867132
4,803,0,75.180448
4,804,0,75.169396
4,805,0,76.090812
4,806,0,78.073243
4,807,0,82.671356
4,808,0,83.413323
4,809,0,87.996552
4,810,0,76.295381
4,811,0,80.015562
4,812,0,88.348068
4,813,0,74.040852
4,814,0,75.508237
4,815,0,74.067149
4,816,0,74.622709
4,817,0,85.900158
4,818,0,75.93032
4,819,0,82.065791
4,820,0,85.147644
4,821,0,74.891931
4,822,0,73.059273
4,823,0,78.292229
4,824,0,76.467208
4,825,0,89.896418
4,826,0,81.673143
4,827,0,77.631377
4,828,0,79.738723
4,829,0,100.688713
4,830,0,91.732456
4,831,0,80.214459
4,832,0,85.713981
4,833,0,85.003756
4,834,0,77.007841
4,835,0,74.754947
4,836,0,87.84322
4,837,0,73.845663
4,838,0,76.085019
4,839,0,74.057182
4,840,0,80.51029
4,841,0,73.636892
4,842,0,80.704671
4,843,0,75.116651
4,844,0,73.456147
4,845,0,81.354686
4,846,0,80.904712
4,847,0,79.805353
4,848,0,82.823574
4,849,0,72.41209
4,850,0,76.28725
4,851,0,87.603531
4,852,0,76.892043
4,853,0,78.426324
4,854,0,78.09565
4,855,0,76.709959
4,856,0,74.607275
4,857,0,79.711534
4,858,0,76.331389
4,859,0,90.172667
4,860,0,74.563432
4,861,0,81.074738
4,862,0,89.488967
4,863,0,80.522015
4,864,0,74.268531
4,865,0,77.246941
4,866,0,73.137956
4,867,0,74.324677
4,868,0,79.256641
4,869,0,79.342867
4,870,0,73.193393
4,871,0,78.043212
4,872,0,73.976382
4,873,0,80.445867
4,874,0,79.033523
4,875,0,78.170017
4,876,0,73.479735
4,877,0,77.68984
4,878,0,75.187103
4,879,0,78.000676
4,880,0,73.660201
4,881,0,75.129109
4,882,0,78.119061
4,883,0,80.075077
4,884,0,74.258277
4,885,0,79.440314
4,886,0,74.150693
4,887,0,85.399297
4,888,0,76.809082
4,889,0,79.606039
4,890,0,79.636149
4,891,0,77.029133
4,892,0,85.873058
4,893,0,76.165282
4,894,0,77.297161
4,895,0,84.2405
4,896,0,79.162457
4,897,0,83.791626
4,898,0,92.792981
4,899,0,76.962849
4,900,0,81.907475
4,901,0,94.83677
4,902,0,76.150016
4,903,0,77.107655
4,904,0,78.039193
4,905,0,75.163625
4,906,0,73.582229
4,907,0,75.885493
4,908,0,82.130422
4,909,0,74.427072
4,910,0,74.265306
4,911,0,81.987622
4,912,0,77.907957
4,913,0,77.576304
4,914,0,76.936941
4,915,0,93.497726
4,916,0,80.394515
4,917,0,77.216861
4,918,0,75.563945
4,919,0,81.923669
4,920,0,75.25128
4,921,0,83.704577
4,922,0,78.708427
4,923,0,79.48108
4,924,0,79.163466
4,925,0,85.642182
4,926,0,74.914743
4,927,0,73.234039
4,928,0,77.516545
4,929,0,76.336758
4,930,0,74.962939
4,931,0,78.40187
4,932,0,82.02068
4,933,0,75.007381
4,934,0,82.842034
4,935,0,79.889332
4,936,0,100.561557
4,937,0,83.285415
4,938,0,76.333574
4,939,0,74.674467
4,940,0,89.731037
4,941,0,77.630938
4,942,0,79.162503
4,943,0,83.46963
4,944,0,75.994761
4,945,0,82.59044
4,946,0,73.657668
4,947,0,74.099913
4,948,0,75.410349
4,949,0,79.449642
4,950,0,76.401458
4,951,0,86.916327
4,952,0,78.462352
4,953,0,89.886997
4,954,0,78.606593
4,955,0,84.094389
4,956,0,81.715171
4,957,0,79.188849
4,958,0,74.539828
4,959,0,81.256533
4,960,0,77.857031
4,961,0,79.288671
4,962,0,77.628664
4,963,0,77.330207
4,964,0,81.389743
4,965,0,72.033368
4,966,0,78.939325
4,967,0,81.426256
4,968,0,87.809217
4,969,0,76.102866
4,970,0,79.781188
4,971,0,77.339681
4,972,0,83.938357
4,973,0,84.901275
4,974,0,81.135955
4,975,0,84.42071
4,976,0,94.538355
4,977,0,82.718617
4,978,0,77.95514
4,979,0,74.731718
4,980,0,75.972498
4,981,0,80.57935
4,982,0,72.868189
4,983,0,75.583694
4,984,0,91.879351
4,985,0,76.738459
4,986,0,78.373964
4,987,0,90.753423
4,988,0,77.2877
4,989,0,80.503589
4,990,0,79.889053
4,991,0,81.906569
4,992,0,82.262478
4,993,0,75.276606
4,994,0,75.426613
4,995,0,104.267843
4,996,0,81.25773
4,997,0,74.889577
4,998,0,76.423663
4,999,0,86.977124
5,0,0,87.25609
5,1,0,71.908818
5,2,0,77.707081
5,3,0,72.884054
5,4,0,78.160869
5,5,0,76.546823
5,6,0,75.048388
5,7,0,85.163237
5,8,0,77.343424
5,9,0,73.215722
5,10,0,82.247002
5,11,0,78.682381
5,12,0,74.160391
5,13,0,74.861018
5,14,0,85.700617
5,15,0,73.148178
5,16,0,85.993431
5,17,0,75.473808
5,18,0,85.709838
5,19,0,76.321265
5,20,0,78.643709
5,21,0,86.525997
5,22,0,74.117258
5,23,0,82.466202
5,24,0,74.239191
5,25,0,73.975623
5,26,0,81.152082
5,27,0,78.478942
5,28,0,87.633537
5,29,0,87.084274
5,30,0,83.279505
5,31,0,77.051378
5,32,0,74.769412
5,33,0,75.502466
5,34,0,87.088923
5,35,0,76.850366
5,36,0,88.758179
5,37,0,79.603869
5,38,0,86.260042
5,39,0,83.101205
5,40,0,80.329504
5,41,0,79.090297
5,42,0,78.51014
5,43,0,79.854685
5,44,0,81.962802
5,45,0,76.298877
5,46,0,78.182121
5,47,0,74.877941
5,48,0,76.959483
5,49,0,72.28629
5,50,0,79.617884
5,51,0,76.787244
5,52,0,74.9807
5,53,0,81.525446
5,54,0,86.881874
5,55,0,75.204596
5,56,0,77.528027
5,57,0,79.966119
5,58,0,75.524185
5,59,0,83.436957
5,60,0,74.894002
5,61,0,84.322086
5,62,0,79.956202
5,63,0,76.364509
5,64,0,77.077362
5,65,0,73.800581
5,66,0,74.954163
5,67,0,86.511754
5,68,0,76.405165
5,69,0,77.417926
5,70,0,78.61422
5,71,0,91.917646
5,72,0,78.918044
5,73,0,71.806192
5,74,0,79.065765
5,75,0,72.816134
5,76,0,74.402537
5,77,0,80.096374
5,78,0,74.892419
5,79,0,78.937213
5,80,0,80.897709
5,81,0,96.766767
5,82,0,80.976772
5,83,0,83.119534
5,84,0,73.321207
5,85,0,72.967414
5,86,0,86.061659
5,87,0,83.253266
5,88,0,74.099818
5,89,0,78.264549
5,90,0,78.507648
5,91,0,83.059982
5,92,0,74.613096
5,93,0,84.791176
5,94,0,78.358774
5,95,0,80.456497
5,96,0,97.806787
5,97,0,85.14047
5,98,0,75.311752
5,99,0,76.696722
5,100,0,72.517679
5,101,0,80.869123
5,102,0,85.635885
5,103,0,81.413888
5,104,0,76.914906
5,105,0,72.265821
5,106,0,77.601171
5,107,0,81.026554
5,108,0,83.712869
5,109,0,80.576518
5,110,0,86.483121
5,111,0,77.061649
5,112,0,72.580684
5,113,0,74.236022
5,114,0,82.970036
5,115,0,83.54186
5,116,0,83.005567
5,117,0,81.718967
5,118,0,77.080474
5,119,0,76.237919
5,120,0,78.065915
5,121,0,73.037027
5,122,0,75.671583
5,123,0,85.86707
5,124,0,77.193539
5,125,0,73.865618
5,126,0,73.434612
5,127,0,80.771417
5,128,0,74.017817
5,129,0,74.490556
5,130,0,81.034542
5,131,0,83.382155
5,132,0,82.232973
5,133,0,83.051866
5,134,0,89.954792
5,135,0,79.286061
5,136,0,72.975867
5,137,0,76.532539
5,138,0,76.698114
5,139,0,74.015566
5,140,0,82.114254
5,141,0,78.918916
5,142,0,78.546717
5,143,0,77.938232
5,144,0,77.373369
5,145,0,78.69648
5,146,0,78.270189
5,147,0,74.857705
5,148,0,74.599413
5,149,0,81.770789
5,150,0,76.003872
5,151,0,76.004977
5,152,0,74.916169
5,153,0,76.663317
5,154,0,79.702315
5,155,0,82.62014
5,156,0,79.396841
5,157,0,74.080477
5,158,0,78.439134
5,159,0,72.953503
5,160,0,77.352123
5,161,0,73.446303
5,162,0,84.07297
5,163,0,89.034998
5,164,0,84.869232
5,165,0,85.907389
5,166,0,73.503359
5,167,0,77.891294
5,168,0,72.602573
5,169,0,80.710807
5,170,0,75.890295
5,171,0,82.273367
5,172,0,81.318239
5,173,0,78.012144
5,174,0,77.72488
5,175,0,79.685572
5,176,0,79.611223
5,177,0,79.993765
5,178,0,81.213084
5,179,0,71.996339
5,180,0,78.093461
5,181,0,74.482191
5,182,0,77.435205
5,183,0,77.785457
5,184,0,76.875561
5,185,0,76.776322
5,186,0,80.208894
5,187,0,76.642811
5,188,0,83.369491
5,189,0,83.668211
5,190,0,98.21612
5,191,0,79.903246
5,192,0,79.21469
5,193,0,77.319037
5,194,0,78.422852
5,195,0,79.832768
5,196,0,86.154613
5,197,0,86.234779
5,198,0,81.71796
5,199,0,72.451879
5,200,0,78.288022
5,201,0,81.960228
5,202,0,74.161177
5,203,0,75.003655
5,204,0,80.994494
5,205,0,82.532324
5,206,0,84.500826
5,207,0,88.11825
5,208,0,73.941825
5,209,0,78.341935
5,210,0,89.2881
5,211,0,74.837147
5,212,0,77.844732
5,213,0,80.999204
5,214,0,80.498607
5,215,0,85.363247
5,216,0,77.468668
5,217,0,79.049379
5,218,0,74.23281
5,219,0,75.228425
5,220,0,73.834792
5,221,0,82.584987
5,222,0,91.905916
5,223,0,74.684761
5,224,0,78.36483
5,225,0,84.771843
5,226,0,84.876352
5,227,0,80.706124
5,228,0,88.018039
5,229,0,84.414983
5,230,0,74.988567
5,231,0,85.435055
5,232,0,81.324996
5,233,0,84.806373
5,234,0,76.501316
5,235,0,78.242088
5,236,0,93.298494
5,237,0,77.867345
5,238,0,78.546683
5,239,0,88.247514
5,240,0,74.868172
5,241,0,75.125051
5,242,0,83.81327
5,243,0,77.25155
5,244,0,79.320536
5,245,0,78.254199
5,246,0,72.326789
5,247,0,71.661662
5,248,0,76.513445
5,249,0,81.024613
5,250,0,74.501993
5,251,0,82.552032
5,252,0,78.517192
5,253,0,89.488639
5,254,0,74.638464
5,255,0,88.443721
5,256,0,89.32667
5,257,0,80.397943
5,258,0,78.820038
5,259,0,73.268936
5,260,0,84.492303
5,261,0,75.778373
5,262,0,79.574222
5,263,0,71.685608
5,264,0,77.056878
5,265,0,71.250274
5,266,0,76.60234
5,267,0,79.913459
5,268,0,74.643976
5,269,0,72.943182
5,270,0,83.483135
5,271,0,80.958308
5,272,0,73.821802
5,273,0,73.384116
5,274,0,81.092934
5,275,0,81.395023
5,276,0,75.121425
5,277,0,81.257838
5,278,0,80.832607
5,279,0,89.318834
5,280,0,74.61912
5,281,0,82.193194
5,282,0,76.56975
5,283,0,79.789981
5,284,0,76.172121
5,285,0,78.469456
5,286,0,74.911028
5,287,0,75.118483
5,288,0,76.640069
5,289,0,71.801008
5,290,0,88.502742
5,291,0,75.817168
5,292,0,73.229665
5,293,0,73.935225
5,294,0,75.442587
5,295,0,77.46518
5,296,0,73.401259
5,297,0,77.173873
5,298,0,81.522646
5,299,0,85.266262
5,300,0,71.928897
5,301,0,75.362428
5,302,0,81.608963
5,303,0,78.02508
5,304,0,79.614704
5,305,0,79.990065
5,306,0,75.826812
5,307,0,74.335991
5,308,0,78.608216
5,309,0,73.435424
5,310,0,82.490995
5,311,0,79.996295
5,312,0,73.562957
5,313,0,79.258766
5,314,0,73.600104
5,315,0,75.943127
5,316,0,75.652171
5,317,0,78.111629
5,318,0,81.185617
5,319,0,79.681223
5,320,0,81.85577
5,321,0,88.948178
5,322,0,80.249713
5,323,0,72.708752
5,324,0,74.790588
5,325,0,73.638947
5,326,0,79.33862
5,327,0,74.424835
5,328,0,87.801539
5,329,0,77.37589
5,330,0,91.29733
5,331,0,79.386922
5,332,0,73.525866
5,333,0,75.289301
5,334,0,78.615288
5,335,0,74.695663
5,336,0,73.453121
5,337,0,74.169802
5,338,0,76.968549
5,339,0,73.841095
5,340,0,72.402675
5,341,0,75.130628
5,342,0,79.795841
5,343,0,72.544033
5,344,0,77.281408
5,345,0,76.406899
5,346,0,81.628057
5,347,0,77.687722
5,348,0,81.679669
5,349,0,85.094685
5,350,0,85.542919
5,351,0,77.677058
5,352,0,73.90832
5,353,0,79.725856
5,354,0,77.162895
5,355,0,75.412071
5,356,0,81.42074
5,357,0,78.233996
5,358,0,76.602897
5,359,0,73.658883
5,360,0,77.30367
5,361,0,80.715268
5,362,0,81.430633
5,363,0,77.808978
5,364,0,81.923156
5,365,0,79.924626
5,366,0,81.672544
5,367,0,79.509637
5,368,0,80.5214
5,369,0,76.732845
5,370,0,84.522919
5,371,0,83.509302
5,372,0,80.355429
5,373,0,80.5113
5,374,0,73.870777
5,375,0,81.906036
5,376,0,77.331487
5,377,0,83.840594
5,378,0,78.987936
5,379,0,85.548658
5,380,0,76.097389
5,381,0,75.629506
5,382,0,98.706392
5,383,0,72.086674
5,384,0,73.746723
5,385,0,107.585525
5,386,0,74.052428
5,387,0,96.253814
5,388,0,76.190073
5,389,0,81.171667
5,390,0,85.270407
5,391,0,80.253398
5,392,0,80.092783
5,393,0,74.807007
5,394,0,84.181623
5,395,0,72.903
5,396,0,73.373615
5,397,0,78.073767
5,398,0,86.349777
5,399,0,86.703661
5,400,0,82.961811
5,401,0,84.745818
5,402,0,79.539871
5,403,0,72.96445
5,404,0,75.834118
5,405,0,76.037045
5,406,0,77.340954
5,407,0,81.861883
5,408,0,78.527701
5,409,0,80.594337
5,410,0,74.145936
5,411,0,76.810031
5,412,0,76.455104
5,413,0,79.089616
5,414,0,73.969283
5,415,0,74.429031
5,416,0,74.849299
5,417,0,77.123218
5,418,0,83.291259
5,419,0,76.039124
5,420,0,74.880348
5,421,0,73.450995
5,422,0,80.467705
5,423,0,74.575118
5,424,0,81.587626
5,425,0,80.186907
5,426,0,80.005416
5,427,0,79.361157
5,428,0,85.179779
5,429,0,76.121214
5,430,0,76.006262
5,431,0,74.666373
5,432,0,81.327098
5,433,0,83.359023
5,434,0,81.50647
5,435,0,83.378369
5,436,0,75.709352
5,437,0,73.732642
5,438,0,77.812691
5,439,0,77.244729
5,440,0,92.09669
5,441,0,86.878367
5,442,0,82.473251
5,443,0,73.975104
5,444,0,74.346904
5,445,0,86.159319
5,446,0,79.874412
5,447,0,99.23299
5,448,0,80.930573
5,449,0,82.26157
5,450,0,74.577937
5,451,0,75.994399
5,452,0,76.545077
5,453,0,80.918137
5,454,0,73.753491
5,455,0,79.382482
5,456,0,75.786352
5,457,0,78.124889
5,458,0,76.367983
5,459,0,89.310981
5,460,0,88.69028
5,461,0,79.287847
5,462,0,75.666488
5,463,0,76.452692
5,464,0,80.852716
5,465,0,82.450946
5,466,0,72.946791
5,467,0,76.209781
5,468,0,73.729288
5,469,0,72.878953
5,470,0,83.908668
5,471,0,84.46263
5,472,0,73.700305
5,473,0,71.471937
5,474,0,78.638414
5,475,0,82.284972
5,476,0,73.399561
5,477,0,79.109778
5,478,0,75.250601
5,479,0,78.083354
5,480,0,75.88793
5,481,0,81.012292
5,482,0,75.270749
5,483,0,75.051345
5,484,0,75.546376
5,485,0,78.821024
5,486,0,77.125985
5,487,0,82.545684
5,488,0,75.266502
5,489,0,83.353362
5,490,0,75.01424
5,491,0,89.580964
5,492,0,87.967476
5,493,0,74.680318
5,494,0,77.001633
5,495,0,79.472635
5,496,0,74.373769
5,497,0,81.646861
5,498,0,79.254815
5,499,0,76.471863
5,500,0,80.114281
5,501,0,82.120467
5,502,0,81.712169
5,503,0,90.358254
5,504,0,79.265902
5,505,0,76.537918
5,506,0,91.03221
5,507,0,89.43069
5,508,0,83.673871
5,509,0,82.701016
5,510,0,80.428526
5,511,0,78.37458
5,512,0,85.956844
5,513,0,81.402101
5,514,0,80.990378
5,515,0,74.327074
5,516,0,90.422672
5,517,0,80.473382
5,518,0,78.220397
5,519,0,84.290282
5,520,0,90.897011
5,521,0,74.463481
5,522,0,83.491149
5,523,0,83.023328
5,524,0,82.92229
5,525,0,77.723754
5,526,0,83.292248
5,527,0,86.156954
5,528,0,72.908167
5,529,0,75.463383
5,530,0,78.787586
5,531,0,80.349346
5,532,0,73.776592
5,533,0,84.146952
5,534,0,76.136279
5,535,0,80.395835
5,536,0,76.543559
5,537,0,78.04423
5,538,0,80.161651
5,539,0,73.508474
5,540,0,77.835907
5,541,0,74.575015
5,542,0,73.301831
5,543,0,77.59759
5,544,0,79.981797
5,545,0,79.664969
5,546,0,81.69662
5,547,0,73.686009
5,548,0,77.895054
5,549,0,76.904709
5,550,0,76.885632
5,551,0,78.598465
5,552,0,79.100154
5,553,0,80.884684
5,554,0,75.726238
5,555,0,73.549474
5,556,0,75.028282
5,557,0,74.79364
5,558,0,76.555783
5,559,0,73.535349
5,560,0,77.706478
5,561,0,76.671203
5,562,0,76.46686
5,563,0,76.212697
5,564,0,71.786914
5,565,0,91.107114
5,566,0,79.566468
5,567,0,72.25406
5,568,0,74.537855
5,569,0,71.99437
5,570,0,73.218893
5,571,0,72.319173
5,572,0,76.5667
5,573,0,75.139338
5,574,0,73.770373
5,575,0,77.09272
5,576,0,78.137904
5,577,0,74.903276
5,578,0,78.826239
5,579,0,79.645634
5,580,0,75.397357
5,581,0,75.986778
5,582,0,72.711892
5,583,0,74.414189
5,584,0,74.672379
5,585,0,81.518417
5,586,0,73.355325
5,587,0,86.998127
5,588,0,82.697293
5,589,0,82.956905
5,590,0,81.525132
5,591,0,79.118412
5,592,0,87.797535
5,593,0,75.766131
5,594,0,75.079466
5,595,0,79.578504
5,596,0,77.303601
5,597,0,76.575667
5,598,0,80.372143
5,599,0,83.074709
5,600,0,88.598389
5,601,0,90.450909
5,602,0,72.700248
5,603,0,77.720349
5,604,0,74.213334
5,605,0,82.928402
5,606,0,75.975215
5,607,0,74.738244
5,608,0,86.670686
5,609,0,81.468491
5,610,0,75.812878
5,611,0,89.254872
5,612,0,78.120565
5,613,0,78.495456
5,614,0,74.730365
5,615,0,83.452958
5,616,0,92.793619
5,617,0,78.220459
5,618,0,77.854545
5,619,0,88.145801
5,620,0,78.682121
5,621,0,78.125193
5,622,0,77.73437
5,623,0,76.016819
5,624,0,76.210272
5,625,0,75.093571
5,626,0,73.145435
5,627,0,77.299412
5,628,0,75.983952
5,629,0,75.449917
5,630,0,76.606864
5,631,0,76.649621
5,632,0,74.502803
5,633,0,76.992523
5,634,0,74.672563
5,635,0,76.530199
5,636,0,90.782025
5,637,0,72.104859
5,638,0,75.327056
5,639,0,88.308191
5,640,0,83.878169
5,641,0,78.128391
5,642,0,76.588781
5,643,0,75.008395
5,644,0,91.038256
5,645,0,82.98299
5,646,0,76.846593
5,647,0,75.079093
5,648,0,74.486258
5,649,0,75.742148
5,650,0,76.802819
5,651,0,83.321797
5,652,0,90.887705
5,653,0,82.054635
5,654,0,77.438469
5,655,0,74.994772
5,656,0,76.181629
5,657,0,77.173436
5,658,0,77.720363
5,659,0,84.582863
5,660,0,76.072582
5,661,0,75.549454
5,662,0,77.30512
5,663,0,73.487995
5,664,0,90.023353
5,665,0,88.044807
5,666,0,76.308032
5,667,0,79.961927
5,668,0,77.170776
5,669,0,75.921588
5,670,0,74.170182
5,671,0,89.160621
5,672,0,78.209277
5,673,0,78.204978
5,674,0,80.158388
5,675,0,80.246781
5,676,0,82.655989
5,677,0,79.545868
5,678,0,84.606697
5,679,0,83.180572
5,680,0,76.541229
5,681,0,79.973398
5,682,0,80.835017
5,683,0,90.737213
5,684,0,83.215989
5,685,0,75.851055
5,686,0,86.908979
5,687,0,78.072832
5,688,0,76.924542
5,689,0,96.221053
5,690,0,78.197263
5,691,0,76.263739
5,692,0,91.783304
5,693,0,74.275522
5,694,0,74.339584
5,695,0,72.073423
5,696,0,94.916357
5,697,0,75.07874
5,698,0,98.893815
5,699,0,76.097659
5,700,0,78.295907
5,701,0,77.325802
5,702,0,74.255655
5,703,0,75.297897
5,704,0,83.136408
5,705,0,86.37186
5,706,0,88.790721
5,707,0,78.49314
5,708,0,75.208479
5,709,0,84.730155
5,710,0,86.824606
5,711,0,75.631937
5,712,0,79.70407
5,713,0,80.100258
5,714,0,74.375879
5,715,0,73.954287
5,716,0,71.736306
5,717,0,86.363966
5,718,0,81.280036
5,719,0,75.645136
5,720,0,98.494182
5,721,0,72.46537
5,722,0,92.832137
5,723,0,75.428935
5,724,0,74.752541
5,725,0,92.579702
5,726,0,73.088626
5,727,0,77.589777
5,728,0,99.220489
5,729,0,81.992723
5,730,0,77.293583
5,731,0,75.044053
5,732,0,91.76602
5,733,0,78.308737
5,734,0,80.908198
5,735,0,82.067378
5,736,0,83.305979
5,737,0,78.39574
5,738,0,74.466025
5,739,0,72.214401
5,740,0,82.285531
5,741,0,77.185244
5,742,0,76.880193
5,743,0,77.18467
5,744,0,81.53812
5,745,0,82.844902
5,746,0,76.665463
5,747,0,77.626253
5,748,0,91.216849
5,749,0,82.816162
5,750,0,76.529706
5,751,0,76.035527
5,752,0,76.838264
5,753,0,85.597061
5,754,0,73.805933
5,755,0,85.846997
5,756,0,73.848539
5,757,0,84.783719
5,758,0,72.887229
5,759,0,79.202018
5,760,0,73.968326
5,761,0,80.494427
5,762,0,88.538817
5,763,0,81.09772
5,764,0,79.873937
5,765,0,83.588478
5,766,0,74.275315
5,767,0,94.555212
5,768,0,76.032531
5,769,0,74.291032
5,770,0,91.920317
5,771,0,77.583209
5,772,0,81.816077
5,773,0,77.458567
5,774,0,75.979147
5,775,0,73.456346
5,776,0,85.69033
5,777,0,77.893663
5,778,0,82.538429
5,779,0,82.514188
5,780,0,74.669201
5,781,0,75.908587
5,782,0,84.07803
5,783,0,81.190847
5,784,0,77.46762
5,785,0,73.999058
5,786,0,75.811876
5,787,0,78.522295
5,788,0,76.835999
5,789,0,85.631688
5,790,0,78.671019
5,791,0,82.929113
5,792,0,74.647074
5,793,0,87.49776
5,794,0,73.00947
5,795,0,82.412977
5,796,0,75.046512
5,797,0,78.793583
5,798,0,72.96097
5,799,0,76.854412
5,800,0,81.982523
5,801,0,82.726404
5,802,0,82.980757
5,803,0,80.448318
5,804,0,74.276173
5,805,0,75.207491
5,806,0,75.051971
5,807,0,82.995238
5,808,0,75.306538
5,809,0,78.764413
5,810,0,74.667427
5,811,0,78.90499
5,812,0,86.407244
5,813,0,75.405436
5,814,0,79.713755
5,815,0,73.766616
5,816,0,78.103387
5,817,0,74.093598
5,818,0,81.509789
5,819,0,79.685087
5,820,0,75.777826
5,821,0,76.528459
5,822,0,90.731855
5,823,0,84.904463
5,824,0,88.5849
5,825,0,88.7533
5,826,0,75.009901
5,827,0,71.937435
5,828,0,73.423113
5,829,0,78.028314
5,830,0,72.073578
5,831,0,74.869838
5,832,0,74.212109
5,833,0,77.879591
5,834,0,89.28434
5,835,0,78.248137
5,836,0,77.039384
5,837,0,75.835857
5,838,0,76.152969
5,839,0,81.056374
5,840,0,78.551084
5,841,0,96.917605
5,842,0,75.869905
5,843,0,82.24297
5,844,0,73.011291
5,845,0,85.571298
5,846,0,77.8964
5,847,0,80.138367
5,848,0,76.214076
5,849,0,72.795661
5,850,0,75.447539
5,851,0,77.526282
5,852,0,73.547877
5,853,0,76.375473
5,854,0,81.274095
5,855,0,72.997493
5,856,0,80.673999
5,857,0,80.828188
5,858,0,72.458772
5,859,0,74.9292
5,860,0,73.251286
5,861,0,76.781525
5,862,0,85.105383
5,863,0,82.823344
5,864,0,77.66098
5,865,0,84.924188
5,866,0,78.177231
5,867,0,84.607805
5,868,0,97.617998
5,869,0,72.017576
5,870,0,78.489078
5,871,0,88.203496
5,872,0,79.774172
5,873,0,77.279286
5,874,0,81.663
5,875,0,81.660602
5,876,0,82.186097
5,877,0,80.122877
5,878,0,75.000951
5,879,0,75.764403
5,880,0,80.727955
5,881,0,73.392283
5,882,0,78.981749
5,883,0,90.949226
5,884,0,85.962055
5,885,0,81.972181
5,886,0,73.873432
5,887,0,77.441323
5,888,0,78.726984
5,889,0,77.016815
5,890,0,75.389403
5,891,0,82.634091
5,892,0,85.603109
5,893,0,84.54552
5,894,0,76.683429
5,895,0,80.881399
5,896,0,78.430061
5,897,0,75.268896
5,898,0,75.921221
5,899,0,76.283099
5,900,0,72.101648
5,901,0,74.825538
5,902,0,72.826231
5,903,0,74.825968
5,904,0,78.331779
5,905,0,87.500895
5,906,0,74.772722
5,907,0,75.492285
5,908,0,76.625126
5,909,0,75.160785
5,910,0,87.623733
5,911,0,83.521216
5,912,0,80.387941
5,913,0,73.592561
5,914,0,78.830973
5,915,0,74.603971
5,916,0,75.686993
5,917,0,77.697002
5,918,0,79.563297
5,919,0,78.601378
5,920,0,78.664819
5,921,0,82.934393
5,922,0,76.243999
5,923,0,79.328114
5,924,0,93.902956
5,925,0,75.883265
5,926,0,88.31825
5,927,0,84.568545
5,928,0,79.53536
5,929,0,75.82441
5,930,0,78.36554
5,931,0,76.627505
5,932,0,75.684008
5,933,0,81.318203
5,934,0,78.704772
5,935,0,76.303733
5,936,0,84.001417
5,937,0,77.547256
5,938,0,79.669011
5,939,0,81.155055
5,940,0,77.236218
5,941,0,75.914722
5,942,0,98.938392
5,943,0,75.686562
5,944,0,73.564997
5,945,0,75.205072
5,946,0,76.545445
5,947,0,82.862264
5,948,0,76.478017
5,949,0,83.904864
5,950,0,89.695836
5,951,0,74.347197
5,952,0,79.254159
5,953,0,75.398098
5,954,0,79.255407
5,955,0,83.547598
5,956,0,84.61462
5,957,0,83.978263
5,958,0,78.44753
5,959,0,78.574865
5,960,0,79.737116
5,961,0,75.342239
5,962,0,75.600364
5,963,0,74.685858
5,964,0,85.46338
5,965,0,73.502828
5,966,0,80.822487
5,967,0,84.753517
5,968,0,87.317299
5,969,0,80.072038
5,970,0,78.158935
5,971,0,79.824575
5,972,0,77.986568
5,973,0,76.62761
5,974,0,76.144719
5,975,0,73.760893
5,976,0,80.742597
5,977,0,74.155085
5,978,0,75.111566
5,979,0,75.536085
5,980,0,76.268568
5,981,0,77.665466
5,982,0,80.344077
5,983,0,74.8702
5,984,0,73.900812
5,985,0,80.582922
5,986,0,85.474092
5,987,0,81.677397
5,988,0,77.558257
5,989,0,73.922279
5,990,0,79.440224
5,991,0,110.766699
5,992,0,82.672077
5,993,0,74.365822
5,994,0,85.053877
5,995,0,86.057249
5,996,0,82.017528
5,997,0,79.142478
5,998,0,112.071423
5,999,0,81.923296
6,0,0,77.810625
6,1,0,83.304714
6,2,0,80.245126
6,3,0,79.124471
6,4,0,73.31944
6,5,0,89.585954
6,6,0,72.865948
6,7,0,89.287759
6,8,0,73.431482
6,9,0,78.502626
6,10,0,77.379048
6,11,0,82.322597
6,12,0,91.123163
6,13,0,75.681476
6,14,0,76.719255
6,15,0,76.592028
6,16,0,84.260456
6,17,0,84.511637
6,18,0,76.157582
6,19,0,75.899225
6,20,0,77.039311
6,21,0,73.518486
6,22,0,78.196311
6,23,0,82.51432
6,24,0,73.745167
6,25,0,77.861309
6,26,0,81.049865
6,27,0,77.467559
6,28,0,75.332946
6,29,0,75.703935
6,30,0,74.368132
6,31,0,71.543576
6,32,0,80.347541
6,33,0,75.44991
6,34,0,72.806259
6,35,0,74.385137
6,36,0,74.9117
6,37,0,77.640997
6,38,0,82.784134
6,39,0,77.862717
6,40,0,73.844171
6,41,0,81.680593
6,42,0,73.595835
6,43,0,80.590634
6,44,0,81.100358
6,45,0,78.006731
6,46,0,90.801648
6,47,0,76.725894
6,48,0,72.834128
6,49,0,75.218177
6,50,0,79.531443
6,51,0,74.870978
6,52,0,82.739651
6,53,0,77.455568
6,54,0,75.100554
6,55,0,72.820392
6,56,0,75.605732
6,57,0,73.220102
6,58,0,73.159722
6,59,0,79.324301
6,60,0,74.230489
6,61,0,83.099458
6,62,0,81.661306
6,63,0,82.253192
6,64,0,75.69723
6,65,0,76.550692
6,66,0,76.835581
6,67,0,74.73764
6,68,0,76.444016
6,69,0,77.637723
6,70,0,80.072577
6,71,0,72.217731
6,72,0,78.377179
6,73,0,74.729371
6,74,0,75.799799
6,75,0,73.744678
6,76,0,80.959779
6,77,0,87.625089
6,78,0,77.716764
6,79,0,78.014388
6,80,0,83.895855
6,81,0,86.015849
6,82,0,76.246596
6,83,0,90.49026
6,84,0,78.899935
6,85,0,86.643896
6,86,0,82.396249
6,87,0,77.230912
6,88,0,76.37249
6,89,0,73.782474
6,90,0,77.874669
6,91,0,77.479631
6,92,0,77.030598
6,93,0,91.025879
6,94,0,72.189076
6,95,0,76.499569
6,96,0,78.063119
6,97,0,89.981547
6,98,0,75.438858
6,99,0,75.733431
6,100,0,76.578312
6,101,0,75.452747
6,102,0,75.873773
6,103,0,90.16798
6,104,0,74.961027
6,105,0,82.31728
6,106,0,78.558645
6,107,0,81.950748
6,108,0,85.318485
6,109,0,72.080065
6,110,0,72.357602
6,111,0,79.299812
6,112,0,78.151699
6,113,0,85.630314
6,114,0,77.317315
6,115,0,78.207651
6,116,0,79.810845
6,117,0,74.391281
6,118,0,88.85192
6,119,0,76.629687
6,120,0,76.03999
6,121,0,93.303079
6,122,0,76.639342
6,123,0,77.283168
6,124,0,73.951488
6,125,0,81.296562
6,126,0,81.714852
6,127,0,81.188522
6,128,0,90.536857
6,129,0,75.591985
6,130,0,80.308599
6,131,0,75.351772
6,132,0,72.319209
6,133,0,80.564814
6,134,0,76.379686
6,135,0,75.485131
6,136,0,82.529147
6,137,0,79.457455
6,138,0,74.615272
6,139,0,74.005794
6,140,0,81.030795
6,141,0,76.825682
6,142,0,72.347628
6,143,0,76.988239
6,144,0,77.793007
6,145,0,79.703498
6,146,0,75.540754
6,147,0,77.050879
6,148,0,73.226685
6,149,0,74.89549
6,150,0,82.236018
6,151,0,73.674607
6,152,0,73.942416
6,153,0,80.16231
6,154,0,74.101546
6,155,0,76.690703
6,156,0,79.465703
6,157,0,79.066859
6,158,0,80.728693
6,159,0,85.736354
6,160,0,85.156282
6,161,0,71.515058
6,162,0,78.842951
6,163,0,75.345512
6,164,0,81.232782
6,165,0,78.421997
6,166,0,81.96266
6,167,0,72.7554
6,168,0,95.044427
6,169,0,77.450136
6,170,0,73.801881
6,171,0,76.713052
6,172,0,89.702165
6,173,0,74.878016
6,174,0,77.114909
6,175,0,75.967365
6,176,0,72.681049
6,177,0,71.965589
6,178,0,75.705783
6,179,0,77.726195
6,180,0,77.083567
6,181,0,89.617284
6,182,0,74.119607
6,183,0,79.554195
6,184,0,75.337501
6,185,0,82.066791
6,186,0,78.735597
6,187,0,75.618116
6,188,0,80.227531
6,189,0,76.261758
6,190,0,74.066028
6,191,0,81.796166
6,192,0,83.170548
6,193,0,73.867389
6,194,0,85.059461
6,195,0,97.396002
6,196,0,77.292294
6,197,0,77.497451
6,198,0,77.150774
6,199,0,88.84223
6,200,0,78.473753
6,201,0,93.428924
6,202,0,89.082996
6,203,0,82.48144
6,204,0,92.898308
6,205,0,78.703292
6,206,0,76.813799
6,207,0,78.256163
6,208,0,77.835292
6,209,0,75.835185
6,210,0,78.703297
6,211,0,80.865825
6,212,0,74.712847
6,213,0,90.33865
6,214,0,75.032217
6,215,0,79.085324
6,216,0,73.807383
6,217,0,73.975752
6,218,0,73.885077
6,219,0,75.875013
6,220,0,83.393142
6,221,0,75.349257
6,222,0,76.482877
6,223,0,74.743643
6,224,0,78.156497
6,225,0,87.109377
6,226,0,78.512003
6,227,0,76.229917
6,228,0,77.264223
6,229,0,75.390795
6,230,0,80.60121
6,231,0,77.72844
6,232,0,82.023418
6,233,0,78.907051
6,234,0,91.983052
6,235,0,76.740757
6,236,0,76.316805
6,237,0,81.248234
6,238,0,94.946949
6,239,0,82.841807
6,240,0,72.690344
6,241,0,80.03469
6,242,0,88.706411
6,243,0,74.743141
6,244,0,74.783687
6,245,0,81.299787
6,246,0,72.154811
6,247,0,79.362817
6,248,0,74.065896
6,249,0,72.276809
6,250,0,75.641622
6,251,0,78.154762
6,252,0,73.431271
6,253,0,76.649956
6,254,0,82.29724
6,255,0,82.759837
6,256,0,75.158849
6,257,0,75.772483
6,258,0,86.820573
6,259,0,74.32453
6,260,0,74.239421
6,261,0,75.775553
6,262,0,80.955692
6,263,0,72.873364
6,264,0,78.111384
6,265,0,77.879272
6,266,0,74.686613
6,267,0,83.463194
6,268,0,83.659239
6,269,0,84.743297
6,270,0,73.804779
6,271,0,80.729178
6,272,0,83.021816
6,273,0,80.776034
6,274,0,76.513196
6,275,0,79.903678
6,276,0,88.463406
6,277,0,80.555096
6,278,0,79.712732
6,279,0,73.904551
6,280,0,82.882532
6,281,0,77.006478
6,282,0,74.079217
6,283,0,75.835335
6,284,0,76.845218
6,285,0,76.980721
6,286,0,76.402328
6,287,0,86.00188
6,288,0,86.155982
6,289,0,75.449045
6,290,0,84.531343
6,291,0,74.454854
6,292,0,96.363219
6,293,0,81.542374
6,294,0,79.125929
6,295,0,75.042465
6,296,0,81.54083
6,297,0,82.937568
6,298,0,77.983194
6,299,0,79.372293
6,300,0,75.340328
6,301,0,77.831172
6,302,0,79.511749
6,303,0,77.942107
6,304,0,81.181342
6,305,0,73.757087
6,306,0,79.89233
6,307,0,72.752717
6,308,0,78.584833
6,309,0,75.345535
6,310,0,76.90106
6,311,0,76.202435
6,312,0,88.804237
6,313,0,75.064602
6,314,0,85.130315
6,315,0,75.43945
6,316,0,86.395624
6,317,0,77.519159
6,318,0,76.351694
6,319,0,76.493258
6,320,0,76.639008
6,321,0,88.554247
6,322,0,85.688296
6,323,0,74.939036
6,324,0,74.35699
6,325,0,87.98213
6,326,0,75.359167
6,327,0,82.366255
6,328,0,83.72439
6,329,0,78.633656
6,330,0,73.196414
6,331,0,74.152886
6,332,0,76.085544
6,333,0,75.808769
6,334,0,78.704214
6,335,0,75.720471
6,336,0,80.479048
6,337,0,74.517779
6,338,0,82.208238
6,339,0,86.349893
6,340,0,87.357267
6,341,0,80.131948
6,342,0,81.023936
6,343,0,73.983232
6,344,0,72.778339
6,345,0,86.350948
6,346,0,89.788897
6,347,0,84.32836
6,348,0,79.317223
6,349,0,97.761239
6,350,0,76.045008
6,351,0,77.02729
6,352,0,87.204828
6,353,0,71.916026
6,354,0,75.524282
6,355,0,81.964891
6,356,0,80.32557
6,357,0,83.061143
6,358,0,74.243078
6,359,0,82.152373
6,360,0,75.979715
6,361,0,76.0686
6,362,0,84.594546
6,363,0,74.190666
6,364,0,74.486173
6,365,0,81.368308
6,366,0,96.40223
6,367,0,72.393416
6,368,0,72.75699
6,369,0,73.454792
6,370,0,82.60068
6,371,0,85.459506
6,372,0,86.192135
6,373,0,79.049397
6,374,0,81.805445
6,375,0,74.047489
6,376,0,75.855747
6,377,0,74.723787
6,378,0,101.284741
6,379,0,79.001244
6,380,0,74.249045
6,381,0,74.165362
6,382,0,79.076689
6,383,0,73.820884
6,384,0,75.901607
6,385,0,83.062503
6,386,0,84.294489
6,387,0,85.188217
6,388,0,74.985371
6,389,0,78.453727
6,390,0,85.580562
6,391,0,74.597897
6,392,0,88.026672
6,393,0,93.656075
6,394,0,76.246989
6,395,0,82.498066
6,396,0,87.524714
6,397,0,79.300986
6,398,0,84.294166
6,399,0,75.165646
6,400,0,80.215181
6,401,0,78.507537
6,402,0,74.493528
6,403,0,76.271765
6,404,0,80.953778
6,405,0,85.40728
6,406,0,88.314451
6,407,0,85.927328
6,408,0,83.670293
6,409,0,82.884065
6,410,0,77.934111
6,411,0,81.94708
6,412,0,73.149878
6,413,0,87.414638
6,414,0,82.350373
6,415,0,72.958923
6,416,0,75.514797
6,417,0,87.415233
6,418,0,83.516113
6,419,0,84.572299
6,420,0,79.898011
6,421,0,76.613645
6,422,0,78.397337
6,423,0,75.686451
6,424,0,83.563855
6,425,0,82.022208
6,426,0,77.904283
6,427,0,78.150699
6,428,0,80.04101
6,429,0,76.681403
6,430,0,84.100221
6,431,0,81.455677
6,432,0,75.518571
6,433,0,75.121514
6,434,0,75.24508
6,435,0,73.402736
6,436,0,77.517821
6,437,0,73.117109
6,438,0,76.129732
6,439,0,97.546523
6,440,0,78.500308
6,441,0,77.89064
6,442,0,77.339839
6,443,0,78.635151
6,444,0,79.005664
6,445,0,82.403956
6,446,0,87.940667
6,447,0,85.193094
6,448,0,79.355967
6,449,0,81.833088
6,450,0,74.337229
6,451,0,76.795427
6,452,0,73.904276
6,453,0,78.28412
6,454,0,77.062222
6,455,0,72.944534
6,456,0,75.143319
6,457,0,77.681892
6,458,0,86.336103
6,459,0,75.659867
6,460,0,82.124833
6,461,0,83.438776
6,462,0,86.968894
6,463,0,74.441581
6,464,0,82.117645
6,465,0,72.937732
6,466,0,82.220842
6,467,0,84.657205
6,468,0,79.945333
6,469,0,78.705852
6,470,0,76.960411
6,471,0,73.338323
6,472,0,73.655114
6,473,0,93.079392
6,474,0,79.393735
6,475,0,77.388965
6,476,0,73.64401
6,477,0,75.921483
6,478,0,73.888477
6,479,0,81.331834
6,480,0,73.698625
6,481,0,73.400323
6,482,0,74.205628
6,483,0,81.183893
6,484,0,79.737542
6,485,0,72.719564
6,486,0,84.525403
6,487,0,75.73504
6,488,0,73.81541
6,489,0,79.117976
6,490,0,82.930784
6,491,0,73.445801
6,492,0,73.500614
6,493,0,73.579951
6,494,0,78.628297
6,495,0,77.505097
6,496,0,77.207107
6,497,0,83.749381
6,498,0,76.90812
6,499,0,72.579888
6,500,0,79.356029
6,501,0,74.158066
6,502,0,77.854565
6,503,0,74.067815
6,504,0,82.576752
6,505,0,78.192448
6,506,0,84.846297
6,507,0,80.763667
6,508,0,83.381783
6,509,0,72.960873
6,510,0,78.570854
6,511,0,74.763198
6,512,0,77.268343
6,513,0,80.601841
6,514,0,76.382255
6,515,0,79.400396
6,516,0,85.524212
6,517,0,78.382935
6,518,0,73.014613
6,519,0,96.013725
6,520,0,84.322779
6,521,0,73.180182
6,522,0,76.016788
6,523,0,78.746004
6,524,0,78.085362
6,525,0,84.060468
6,526,0,80.84118
6,527,0,72.034948
6,528,0,80.697383
6,529,0,75.493963
6,530,0,77.617227
6,531,0,84.663715
6,532,0,71.561137
6,533,0,82.434042
6,534,0,78.125375
6,535,0,83.66466
6,536,0,89.884654
6,537,0,75.040009
6,538,0,77.069189
6,539,0,74.572602
6,540,0,76.700784
6,541,0,78.566827
6,542,0,76.016247
6,543,0,79.456113
6,544,0,76.063872
6,545,0,72.769327
6,546,0,80.433423
6,547,0,84.502261
6,548,0,89.04227
6,549,0,83.932515
6,550,0,91.149498
6,551,0,83.247628
6,552,0,72.995583
6,553,0,82.124164
6,554,0,78.563938
6,555,0,72.057025
6,556,0,83.871066
6,557,0,93.694302
6,558,0,89.568154
6,559,0,77.514401
6,560,0,78.406662
6,561,0,80.897527
6,562,0,73.938199
6,563,0,79.968728
6,564,0,82.649047
6,565,0,80.752167
6,566,0,73.862929
6,567,0,76.544715
6,568,0,93.311748
6,569,0,81.294036
6,570,0,74.028573
6,571,0,75.189994
6,572,0,85.476336
6,573,0,89.50923
6,574,0,89.769515
6,575,0,75.872139
6,576,0,78.588627
6,577,0,76.163468
6,578,0,77.58317
6,579,0,90.001696
6,580,0,79.96161
6,581,0,85.323741
6,582,0,89.08313
6,583,0,75.465623
6,584,0,77.230685
6,585,0,76.165307
6,586,0,71.865691
6,587,0,75.599679
6,588,0,76.561187
6,589,0,92.56817
6,590,0,85.194365
6,591,0,94.972774
6,592,0,88.643119
6,593,0,80.28116
6,594,0,95.958332
6,595,0,80.776153
6,596,0,77.229474
6,597,0,78.950988
6,598,0,82.918356
6,599,0,77.91303
6,600,0,74.969176
6,601,0,74.815319
6,602,0,78.385862
6,603,0,73.536684
6,604,0,88.072182
6,605,0,73.783509
6,606,0,78.113249
6,607,0,80.512241
6,608,0,78.374413
6,609,0,81.741958
6,610,0,87.563021
6,611,0,81.256276
6,612,0,71.63505
6,613,0,77.857237
6,614,0,84.587921
6,615,0,73.328491
6,616,0,79.68985
6,617,0,74.060505
6,618,0,76.649517
6,619,0,81.734756
6,620,0,81.460558
6,621,0,77.013483
6,622,0,75.751469
6,623,0,77.783481
6,624,0,82.504815
6,625,0,78.987583
6,626,0,77.510605
6,627,0,75.288506
6,628,0,77.215642
6,629,0,81.525896
6,630,0,75.285467
6,631,0,75.395929
6,632,0,73.130356
6,633,0,73.420316
6,634,0,78.322913
6,635,0,73.997747
6,636,0,81.647001
6,637,0,82.950376
6,638,0,80.406854
6,639,0,72.899827
6,640,0,73.467518
6,641,0,85.470841
6,642,0,92.180757
6,643,0,78.82276
6,644,0,74.022986
6,645,0,75.297748
6,646,0,78.759132
6,647,0,85.003965
6,648,0,84.567552
6,649,0,75.237886
6,650,0,77.080017
6,651,0,81.070136
6,652,0,78.37145
6,653,0,78.73228
6,654,0,73.378212
6,655,0,78.447211
6,656,0,80.73198
6,657,0,81.757565
6,658,0,74.543539
6,659,0,74.012538
6,660,0,82.52638
6,661,0,72.51769
6,662,0,84.560626
6,663,0,80.352965
6,664,0,74.414573
6,665,0,75.100575
6,666,0,77.681764
6,667,0,76.047147
6,668,0,89.568064
6,669,0,93.424496
6,670,0,79.015118
6,671,0,73.702746
6,672,0,78.078857
6,673,0,95.434258
6,674,0,77.290565
6,675,0,75.387525
6,676,0,82.609226
6,677,0,80.769383
6,678,0,81.712904
6,679,0,78.362598
6,680,0,72.190245
6,681,0,77.752976
6,682,0,74.290915
6,683,0,72.929885
6,684,0,74.562181
6,685,0,76.952726
6,686,0,77.572704
6,687,0,94.711021
6,688,0,76.032746
6,689,0,83.167883
6,690,0,76.278821
6,691,0,77.484659
6,692,0,72.479861
6,693,0,83.359502
6,694,0,75.301486
6,695,0,77.336435
6,696,0,81.968509
6,697,0,76.943301
6,698,0,87.67001
6,699,0,76.850344
6,700,0,75.894865
6,701,0,76.71966
6,702,0,75.908735
6,703,0,77.995423
6,704,0,84.617483
6,705,0,73.644141
6,706,0,76.595372
6,707,0,74.525711
6,708,0,85.533971
6,709,0,77.454283
6,710,0,73.098508
6,711,0,82.242548
6,712,0,76.835814
6,713,0,79.315225
6,714,0,79.716611
6,715,0,74.587867
6,716,0,76.907425
6,717,0,81.239375
6,718,0,78.855083
6,719,0,95.158458
6,720,0,74.549399
6,721,0,74.39745
6,722,0,74.790576
6,723,0,74.498325
6,724,0,76.612253
6,725,0,74.670803
6,726,0,76.240915
6,727,0,82.393099
6,728,0,84.409493
6,729,0,76.000233
6,730,0,74.20093
6,731,0,78.599191
6,732,0,84.261773
6,733,0,81.007152
6,734,0,79.804547
6,735,0,85.679279
6,736,0,78.062872
6,737,0,72.656071
6,738,0,77.677592
6,739,0,75.625465
6,740,0,97.832151
6,741,0,79.124538
6,742,0,79.908034
6,743,0,73.420173
6,744,0,72.445949
6,745,0,77.484681
6,746,0,74.265278
6,747,0,98.259044
6,748,0,73.855642
6,749,0,96.583261
6,750,0,79.429957
6,751,0,85.512016
6,752,0,77.409791
6,753,0,85.148985
6,754,0,79.439193
6,755,0,78.457826
6,756,0,82.265205
6,757,0,77.4764
6,758,0,74.814558
6,759,0,88.552939
6,760,0,80.112708
6,761,0,73.278956
6,762,0,77.343576
6,763,0,76.778717
6,764,0,76.076484
6,765,0,74.872767
6,766,0,85.027199
6,767,0,86.140817
6,768,0,79.310412
6,769,0,74.52104
6,770,0,90.141397
6,771,0,73.751007
6,772,0,83.178911
6,773,0,79.9449
6,774,0,81.797448
6,775,0,75.642495
6,776,0,79.302147
6,777,0,91.860434
6,778,0,77.705369
6,779,0,72.5669
6,780,0,76.916024
6,781,0,75.212392
6,782,0,89.325308
6,783,0,73.046952
6,784,0,76.841547
6,785,0,79.296013
6,786,0,75.522793
6,787,0,80.427259
6,788,0,76.643658
6,789,0,75.471676
6,790,0,75.783246
6,791,0,80.899983
6,792,0,75.418392
6,793,0,79.36795
6,794,0,74.030408
6,795,0,73.550827
6,796,0,75.020416
6,797,0,87.984621
6,798,0,78.599912
6,799,0,78.406544
6,800,0,74.023145
6,801,0,85.599731
6,802,0,82.448797
6,803,0,79.0708
6,804,0,80.650872
6,805,0,75.810285
6,806,0,83.188781
6,807,0,82.261865
6,808,0,72.422718
6,809,0,73.840703
6,810,0,75.102583
6,811,0,78.074436
6,812,0,83.996506
6,813,0,76.522024
6,814,0,73.878411
6,815,0,77.814103
6,816,0,73.632547
6,817,0,77.129983
6,818,0,76.30785
6,819,0,72.948526
6,820,0,81.364596
6,821,0,82.865081
6,822,0,80.777165
6,823,0,80.265782
6,824,0,71.357359
6,825,0,83.456533
6,826,0,75.552612
6,827,0,75.438837
6,828,0,77.946337
6,829,0,73.277793
6,830,0,87.699688
6,831,0,77.871659
6,832,0,80.971154
6,833,0,79.758557
6,834,0,85.633935
6,835,0,87.129947
6,836,0,77.010987
6,837,0,72.59977
6,838,0,77.778243
6,839,0,76.918867
6,840,0,74.706465
6,841,0,94.543083
6,842,0,87.252766
6,843,0,74.277821
6,844,0,75.435871
6,845,0,94.10559
6,846,0,86.732643
6,847,0,72.044957
6,848,0,80.972949
6,849,0,72.091855
6,850,0,82.702977
6,851,0,77.704976
6,852,0,80.571718
6,853,0,77.710634
6,854,0,77.418795
6,855,0,81.843904
6,856,0,94.45251
6,857,0,72.60034
6,858,0,76.602008
6,859,0,79.392367
6,860,0,73.081371
6,861,0,74.317721
6,862,0,82.813673
6,863,0,77.883881
6,864,0,76.294164
6,865,0,79.218308
6,866,0,74.429463
6,867,0,85.683577
6,868,0,97.810915
6,869,0,73.013041
6,870,0,73.924907
6,871,0,79.67949
6,872,0,84.24263
6,873,0,74.360276
6,874,0,94.640059
6,875,0,83.392968
6,876,0,74.895563
6,877,0,80.477147
6,878,0,74.836671
6,879,0,76.000761
6,880,0,79.114823
6,881,0,76.422311
6,882,0,74.926985
6,883,0,71.928594
6,884,0,74.978479
6,885,0,84.11727
6,886,0,75.884084
6,887,0,75.814566
6,888,0,86.704454
6,889,0,78.279142
6,890,0,80.479634
6,891,0,75.798055
6,892,0,74.709202
6,893,0,84.2109
6,894,0,76.27921
6,895,0,82.457224
6,896,0,80.971264
6,897,0,75.839952
6,898,0,74.317865
6,899,0,81.67428
6,900,0,73.018718
6,901,0,78.119183
6,902,0,75.949448
6,903,0,78.167044
6,904,0,78.191853
6,905,0,77.837553
6,906,0,82.690051
6,907,0,80.355687
6,908,0,74.704641
6,909,0,80.447336
6,910,0,85.462082
6,911,0,75.670378
6,912,0,77.995627
6,913,0,81.282443
6,914,0,78.15374
6,915,0,75.481783
6,916,0,74.084104
6,917,0,92.57294
6,918,0,88.26348
6,919,0,77.542026
6,920,0,78.976907
6,921,0,73.711384
6,922,0,75.468886
6,923,0,85.262433
6,924,0,74.465738
6,925,0,75.679195
6,926,0,82.688656
6,927,0,78.744264
6,928,0,75.381191
6,929,0,83.367146
6,930,0,72.500238
6,931,0,85.143053
6,932,0,79.41406
6,933,0,85.314057
6,934,0,79.438984
6,935,0,80.913804
6,936,0,84.065209
6,937,0,74.419018
6,938,0,76.74339
6,939,0,81.297922
6,940,0,74.861099
6,941,0,74.342585
6,942,0,76.615759
6,943,0,86.597464
6,944,0,77.402858
6,945,0,77.132174
6,946,0,74.756279
6,947,0,76.611245
6,948,0,98.862995
6,949,0,76.443751
6,950,0,88.499149
6,951,0,79.006653
6,952,0,74.914411
6,953,0,78.097539
6,954,0,76.121475
6,955,0,78.77925
6,956,0,88.24746
6,957,0,83.009604
6,958,0,74.443257
6,959,0,88.496972
6,960,0,74.920693
6,961,0,73.604447
6,962,0,81.463169
6,963,0,91.801202
6,964,0,79.643277
6,965,0,76.99141
6,966,0,75.031592
6,967,0,76.034491
6,968,0,73.847611
6,969,0,75.376748
6,970,0,74.672436
6,971,0,75.348398
6,972,0,77.780408
6,973,0,74.298228
6,974,0,85.933979
6,975,0,74.494415
6,976,0,84.619112
6,977,0,73.614629
6,978,0,78.485798
6,979,0,72.41281
6,980,0,73.249904
6,981,0,78.284905
6,982,0,96.480347
6,983,0,78.455554
6,984,0,73.888548
6,985,0,73.493062
6,986,0,80.739243
6,987,0,86.629075
6,988,0,73.973016
6,989,0,77.402398
6,990,0,87.761089
6,991,0,79.520601
6,992,0,81.777219
6,993,0,75.206806
6,994,0,75.030668
6,995,0,74.288588
6,996,0,78.955139
6,997,0,83.611833
6,998,0,81.560332
6,999,0,77.973049
7,0,0,79.619645
7,1,0,75.378127
7,2,0,76.465473
7,3,0,80.878373
7,4,0,77.495168
7,5,0,81.266002
7,6,0,74.286917
7,7,0,76.821915
7,8,0,92.746616
7,9,0,86.729021
7,10,0,79.5914
7,11,0,80.680393
7,12,0,73.080617
7,13,0,79.691373
7,14,0,78.357061
7,15,0,77.404815
7,16,0,73.933004
7,17,0,83.515298
7,18,0,76.425912
7,19,0,83.96224
7,20,0,79.560679
7,21,0,78.448838
7,22,0,73.48474
7,23,0,77.391946
7,24,0,86.152305
7,25,0,71.861004
7,26,0,87.344992
7,27,0,77.726284
7,28,0,76.005847
7,29,0,76.896111
7,30,0,81.353133
7,31,0,75.426951
7,32,0,74.815174
7,33,0,81.770259
7,34,0,77.363664
7,35,0,78.430249
7,36,0,78.945515
7,37,0,91.498804
7,38,0,72.972267
7,39,0,72.220713
7,40,0,75.378628
7,41,0,86.312233
7,42,0,77.567445
7,43,0,79.150253
7,44,0,89.299898
7,45,0,76.219873
7,46,0,75.471291
7,47,0,75.108611
7,48,0,79.363945
7,49,0,88.744349
7,50,0,81.002863
7,51,0,74.071123
7,52,0,78.316952
7,53,0,78.450516
7,54,0,72.489606
7,55,0,90.043498
7,56,0,78.121204
7,57,0,76.163046
7,58,0,77.403222
7,59,0,100.205729
7,60,0,73.516562
7,61,0,83.131246
7,62,0,81.633386
7,63,0,77.55797
7,64,0,75.683909
7,65,0,75.238798
7,66,0,85.636024
7,67,0,83.191896
7,68,0,78.595126
7,69,0,75.814354
7,70,0,87.442055
7,71,0,80.770997
7,72,0,74.498044
7,73,0,82.969834
7,74,0,71.430019
7,75,0,76.105729
7,76,0,81.975889
7,77,0,85.819092
7,78,0,76.827208
7,79,0,87.038026
7,80,0,78.796816
7,81,0,77.091764
7,82,0,86.384873
7,83,0,80.265004
7,84,0,80.889093
7,85,0,81.085736
7,86,0,76.424937
7,87,0,86.181711
7,88,0,78.937209
7,89,0,79.400353
7,90,0,76.840946
7,91,0,78.668963
7,92,0,74.562142
7,93,0,74.448463
7,94,0,74.55174
7,95,0,82.035369
7,96,0,88.066213
7,97,0,76.656198
7,98,0,76.149207
7,99,0,77.320055
7,100,0,78.93646
7,101,0,94.828284
7,102,0,76.391314
7,103,0,81.836894
7,104,0,76.502458
7,105,0,78.20967
7,106,0,82.810145
7,107,0,82.598055
7,108,0,92.275896
7,109,0,76.682673
7,110,0,81.957652
7,111,0,77.537547
7,112,0,72.848175
7,113,0,84.33025
7,114,0,106.370481
7,115,0,80.509783
7,116,0,75.815627
7,117,0,72.058461
7,118,0,79.515905
7,119,0,85.592166
7,120,0,72.769933
7,121,0,71.887747
7,122,0,75.425265
7,123,0,75.478192
7,124,0,78.540011
7,125,0,73.077305
7,126,0,80.415754
7,127,0,75.1778
7,128,0,92.432056
7,129,0,71.820236
7,130,0,83.368024
7,131,0,75.467335
7,132,0,83.224218
7,133,0,74.187343
7,134,0,75.678605
7,135,0,76.071977
7,136,0,84.823981
7,137,0,89.180078
7,138,0,74.557622
7,139,0,75.119913
7,140,0,82.212718
7,141,0,72.888277
7,142,0,78.625358
7,143,0,80.22731
7,144,0,78.576741
7,145,0,74.326003
7,146,0,90.239836
7,147,0,77.521691
7,148,0,74.092685
7,149,0,73.0754
7,150,0,79.568318
7,151,0,81.745618
7,152,0,76.34958
7,153,0,79.020109
7,154,0,80.654956
7,155,0,73.471007
7,156,0,75.533281
7,157,0,82.899016
7,158,0,76.869238
7,159,0,75.023223
7,160,0,76.341019
7,161,0,76.190907
7,162,0,78.765765
7,163,0,77.189927
7,164,0,81.365591
7,165,0,76.257478
7,166,0,78.099085
7,167,0,75.151646
7,168,0,75.23849
7,169,0,75.81185
7,170,0,84.102225
7,171,0,79.463901
7,172,0,73.722456
7,173,0,82.14466
7,174,0,75.866992
7,175,0,82.048495
7,176,0,78.491526
7,177,0,73.790752
7,178,0,78.983753
7,179,0,77.958989
7,180,0,77.113552
7,181,0,73.66653
7,182,0,75.888217
7,183,0,76.861513
7,184,0,73.921847
7,185,0,76.363185
7,186,0,90.00299
7,187,0,77.674487
7,188,0,77.620843
7,189,0,73.677081
7,190,0,74.068483
7,191,0,74.344002
7,192,0,95.230652
7,193,0,74.286727
7,194,0,75.343798
7,195,0,77.505211
7,196,0,73.077378
7,197,0,79.109682
7,198,0,75.14341
7,199,0,83.868646
7,200,0,78.037303
7,201,0,73.094336
7,202,0,85.830738
7,203,0,81.598086
7,204,0,79.821421
7,205,0,89.811983
7,206,0,78.421645
7,207,0,79.907777
7,208,0,84.127603
7,209,0,79.445339
7,210,0,86.1781
7,211,0,79.466229
7,212,0,79.833451
7,213,0,76.711004
7,214,0,73.157609
7,215,0,83.302665
7,216,0,74.852892
7,217,0,81.998607
7,218,0,75.642507
7,219,0,79.636978
7,220,0,91.783814
7,221,0,89.781244
7,222,0,78.579868
7,223,0,76.029909
7,224,0,74.59967
7,225,0,76.297619
7,226,0,79.110427
7,227,0,82.242123
7,228,0,83.823696
7,229,0,85.313729
7,230,0,85.879227
7,231,0,91.673354
7,232,0,82.115127
7,233,0,79.274921
7,234,0,83.023944
7,235,0,81.510713
7,236,0,80.200731
7,237,0,78.932105
7,238,0,90.259254
7,239,0,78.288351
7,240,0,81.650259
7,241,0,80.140222
7,242,0,75.253354
7,243,0,74.102137
7,244,0,73.576548
7,245,0,82.881772
7,246,0,75.611444
7,247,0,80.909828
7,248,0,89.752098
7,249,0,85.694984
7,250,0,75.508521
7,251,0,72.566379
7,252,0,73.985768
7,253,0,80.890023
7,254,0,73.272646
7,255,0,78.436576
7,256,0,78.85184
7,257,0,77.376298
7,258,0,76.245357
7,259,0,75.626366
7,260,0,77.092416
7,261,0,83.530327
7,262,0,74.171449
7,263,0,80.58404
7,264,0,73.415976
7,265,0,88.394417
7,266,0,77.130079
7,267,0,79.376762
7,268,0,75.773533
7,269,0,75.18208
7,270,0,73.225367
7,271,0,82.051973
7,272,0,76.729591
7,273,0,73.700303
7,274,0,75.988414
7,275,0,72.316216
7,276,0,80.856843
7,277,0,78.152624
7,278,0,79.831711
7,279,0,87.321403
7,280,0,81.684256
7,281,0,99.714646
7,282,0,74.672787
7,283,0,81.15676
7,284,0,74.822118
7,285,0,73.299237
7,286,0,78.75302
7,287,0,85.197674
7,288,0,79.443673
7,289,0,83.406059
7,290,0,82.865053
7,291,0,73.800132
7,292,0,80.79052
7,293,0,72.541016
7,294,0,75.381118
7,295,0,95.791913
7,296,0,83.266665
7,297,0,80.612248
7,298,0,73.664383
7,299,0,78.662433
7,300,0,76.526343
7,301,0,80.111614
7,302,0,76.2233
7,303,0,80.206178
7,304,0,76.572381
7,305,0,82.569547
7,306,0,84.485215
7,307,0,77.207077
7,308,0,85.366097
7,309,0,84.263259
7,310,0,75.33957
7,311,0,75.614485
7,312,0,79.800512
7,313,0,76.741317
7,314,0,79.060067
7,315,0,72.172546
7,316,0,79.313276
7,317,0,88.38929
7,318,0,75.47975
7,319,0,77.563638
7,320,0,74.827456
7,321,0,85.25705
7,322,0,78.397824
7,323,0,76.132674
7,324,0,79.548821
7,325,0,77.433169
7,326,0,82.22178
7,327,0,76.303631
7,328,0,73.024002
7,329,0,73.842858
7,330,0,97.60356
7,331,0,83.966659
7,332,0,74.158459
7,333,0,76.503326
7,334,0,75.63216
7,335,0,76.755893
7,336,0,76.774893
7,337,0,94.987725
7,338,0,80.989418
7,339,0,85.631379
7,340,0,75.879196
7,341,0,81.433646
7,342,0,80.688629
7,343,0,77.464594
7,344,0,71.688977
7,345,0,83.905386
7,346,0,78.960382
7,347,0,79.219244
7,348,0,73.460704
7,349,0,74.513623
7,350,0,88.490337
7,351,0,81.116213
7,352,0,81.140262
7,353,0,86.047635
7,354,0,73.810038
7,355,0,88.746542
7,356,0,80.349557
7,357,0,87.520741
7,358,0,91.719808
7,359,0,82.856859
7,360,0,80.749926
7,361,0,79.50705
7,362,0,76.157036
7,363,0,83.065137
7,364,0,82.811981
7,365,0,76.427853
7,366,0,76.145143
7,367,0,79.572422
7,368,0,82.457199
7,369,0,75.828322
7,370,0,82.073844
7,371,0,77.689597
7,372,0,73.599611
7,373,0,72.339546
7,374,0,74.457319
7,375,0,77.749956
7,376,0,82.940925
7,377,0,76.020366
7,378,0,80.196602
7,379,0,76.373133
7,380,0,82.13009
7,381,0,77.689728
7,382,0,74.061435
7,383,0,88.162508
7,384,0,81.393104
7,385,0,98.399913
7,386,0,73.509935
7,387,0,75.816413
7,388,0,81.024321
7,389,0,77.946537
7,390,0,87.24694
7,391,0,79.224987
7,392,0,73.714182
7,393,0,82.215552
7,394,0,80.840501
7,395,0,79.509888
7,396,0,75.627098
7,397,0,78.307523
7,398,0,78.664754
7,399,0,84.646999
7,400,0,75.353068
7,401,0,82.305739
7,402,0,74.40163
7,403,0,76.984594
7,404,0,78.486257
7,405,0,87.523995
7,406,0,73.198692
7,407,0,72.307988
7,408,0,80.174547
7,409,0,79.037306
7,410,0,76.526364
7,411,0,77.483362
7,412,0,72.867528
7,413,0,78.090547
7,414,0,72.291635
7,415,0,73.20067
7,416,0,76.127354
7,417,0,75.581087
7,418,0,74.595014
7,419,0,77.822527
7,420,0,99.458279
7,421,0,75.155185
7,422,0,73.301225
7,423,0,80.052987
7,424,0,74.660728
7,425,0,77.106673
7,426,0,77.235655
7,427,0,73.122991
7,428,0,73.217585
7,429,0,83.218361
7,430,0,83.171007
7,431,0,78.00845
7,432,0,78.946262
7,433,0,77.081964
7,434,0,77.259988
7,435,0,77.171511
7,436,0,77.142636
7,437,0,75.544309
7,438,0,76.379202
7,439,0,90.240966
7,440,0,79.355839
7,441,0,71.956029
7,442,0,74.121568
7,443,0,84.307705
7,444,0,73.913696
7,445,0,77.314202
7,446,0,83.912717
7,447,0,74.892071
7,448,0,89.188351
7,449,0,73.145989
7,450,0,81.405773
7,451,0,84.578191
7,452,0,84.311874
7,453,0,73.437817
7,454,0,75.749142
7,455,0,75.467739
7,456,0,72.243618
7,457,0,75.744354
7,458,0,83.355885
7,459,0,80.383146
7,460,0,81.858716
7,461,0,79.655301
7,462,0,94.611039
7,463,0,73.152707
7,464,0,72.202101
7,465,0,73.655997
7,466,0,89.257535
7,467,0,80.052422
7,468,0,72.061283
7,469,0,91.587685
7,470,0,93.35642
7,471,0,80.932768
7,472,0,79.925446
7,473,0,77.231671
7,474,0,98.884393
7,475,0,73.182712
7,476,0,80.101869
7,477,0,80.558614
7,478,0,74.300456
7,479,0,82.43686
7,480,0,87.631481
7,481,0,76.831005
7,482,0,74.249265
7,483,0,81.626852
7,484,0,76.694522
7,485,0,76.505836
7,486,0,72.631423
7,487,0,74.59873
7,488,0,77.631182
7,489,0,80.993093
7,490,0,96.846616
7,491,0,76.071751
7,492,0,85.7946
7,493,0,77.337899
7,494,0,79.239117
7,495,0,81.005381
7,496,0,79.542122
7,497,0,79.301836
7,498,0,76.239535
7,499,0,79.995424
7,500,0,72.499778
7,501,0,81.774553
7,502,0,76.122612
7,503,0,74.848703
7,504,0,81.748673
7,505,0,75.863263
7,506,0,74.293272
7,507,0,75.546475
7,508,0,78.917333
7,509,0,85.514276
7,510,0,84.595101
7,511,0,76.33573
7,512,0,75.960776
7,513,0,74.354487
7,514,0,85.744665
7,515,0,76.510866
7,516,0,75.528945
7,517,0,75.132387
7,518,0,76.716878
7,519,0,79.651453
7,520,0,76.004948
7,521,0,73.160923
7,522,0,88.825158
7,523,0,79.539404
7,524,0,75.306958
7,525,0,76.232375
7,526,0,75.738712
7,527,0,82.155872
7,528,0,81.67877
7,529,0,75.481065
7,530,0,72.681465
7,531,0,82.570801
7,532,0,73.568958
7,533,0,80.619278
7,534,0,84.206316
7,535,0,78.839226
7,536,0,73.279316
7,537,0,81.954328
7,538,0,73.823484
7,539,0,82.69519
7,540,0,79.490159
7,541,0,79.370145
7,542,0,75.440747
7,543,0,74.856628
7,544,0,72.892848
7,545,0,72.434587
7,546,0,78.931706
7,547,0,76.076347
7,548,0,79.869432
7,549,0,77.917355
7,550,0,80.811805
7,551,0,76.320243
7,552,0,72.901472
7,553,0,76.510289
7,554,0,79.574017
7,555,0,76.867423
7,556,0,84.47075
7,557,0,79.519552
7,558,0,75.726902
7,559,0,75.453089
7,560,0,88.514895
7,561,0,80.241345
7,562,0,73.903388
7,563,0,82.974947
7,564,0,77.033234
7,565,0,77.615186
7,566,0,80.921717
7,567,0,75.052895
7,568,0,77.567212
7,569,0,84.030181
7,570,0,80.744597
7,571,0,73.505952
7,572,0,75.088467
7,573,0,78.941642
7,574,0,85.738695
7,575,0,78.278874
7,576,0,75.947892
7,577,0,76.263896
7,578,0,75.584922
7,579,0,74.61674
7,580,0,80.063841
7,581,0,79.708734
7,582,0,80.965805
7,583,0,86.950489
7,584,0,77.349411
7,585,0,74.352412
7,586,0,92.541149
7,587,0,81.696419
7,588,0,81.085022
7,589,0,88.949014
7,590,0,89.268871
7,591,0,75.408373
7,592,0,82.23236
7,593,0,76.88219
7,594,0,81.233177
7,595,0,75.313216
7,596,0,76.837173
7,597,0,79.292042
7,598,0,80.511104
7,599,0,76.179238
7,600,0,79.315461
7,601,0,85.925223
7,602,0,84.730848
7,603,0,85.079343
7,604,0,74.982703
7,605,0,86.7973
7,606,0,82.298321
7,607,0,80.300547
7,608,0,77.809199
7,609,0,74.335726
7,610,0,73.982293
7,611,0,76.973848
7,612,0,79.694357
7,613,0,76.311724
7,614,0,79.815921
7,615,0,99.206526
7,616,0,76.158845
7,617,0,87.722989
7,618,0,77.269905
7,619,0,87.455947
7,620,0,75.336887
7,621,0,76.318254
7,622,0,80.60482
7,623,0,78.340019
7,624,0,75.921051
7,625,0,78.426969
7,626,0,87.93116
7,627,0,76.340576
7,628,0,77.910517
7,629,0,82.027853
7,630,0,82.048354
7,631,0,77.238606
7,632,0,75.456102
7,633,0,78.859108
7,634,0,79.303148
7,635,0,74.716884
7,636,0,74.777563
7,637,0,83.156886
7,638,0,79.317657
7,639,0,74.714173
7,640,0,75.430167
7,641,0,75.894967
7,642,0,80.06032
7,643,0,80.086144
7,644,0,81.172228
7,645,0,73.263265
7,646,0,90.278397
7,647,0,76.131925
7,648,0,71.749827
7,649,0,85.766174
7,650,0,75.739735
7,651,0,75.387319
7,652,0,79.275431
7,653,0,87.590308
7,654,0,85.074272
7,655,0,85.091454
7,656,0,72.770651
7,657,0,76.670668
7,658,0,83.703122
7,659,0,75.126809
7,660,0,93.057096
7,661,0,77.288568
7,662,0,74.827904
7,663,0,73.670904
7,664,0,75.457737
7,665,0,75.308015
7,666,0,80.363211
7,667,0,79.992551
7,668,0,76.303237
7,669,0,77.024419
7,670,0,80.9044
7,671,0,78.835986
7,672,0,86.041768
7,673,0,77.645155
7,674,0,74.425655
7,675,0,74.016876
7,676,0,77.198447
7,677,0,76.349051
7,678,0,79.786554
7,679,0,91.54695
7,680,0,73.004583
7,681,0,77.916893
7,682,0,73.694327
7,683,0,76.033373
7,684,0,82.368513
7,685,0,80.066627
7,686,0,81.847201
7,687,0,77.370877
7,688,0,75.075335
7,689,0,76.237808
7,690,0,75.396054
7,691,0,72.367038
7,692,0,72.344968
7,693,0,76.81337
7,694,0,74.290511
7,695,0,73.842228
7,696,0,86.958689
7,697,0,82.172412
7,698,0,99.863684
7,699,0,82.563458
7,700,0,73.011223
7,701,0,74.694576
7,702,0,76.044727
7,703,0,86.5455
7,704,0,76.72989
7,705,0,80.335512
7,706,0,75.888068
7,707,0,77.821478
7,708,0,76.338498
7,709,0,79.612869
7,710,0,81.39678
7,711,0,75.603173
7,712,0,74.466608
7,713,0,76.737436
7,714,0,76.026027
7,715,0,72.916928
7,716,0,72.57187
7,717,0,86.985688
7,718,0,88.652152
7,719,0,77.221684
7,720,0,88.036459
7,721,0,79.896095
7,722,0,79.52683
7,723,0,78.663577
7,724,0,72.969235
7,725,0,77.002724
7,726,0,91.645557
7,727,0,76.266978
7,728,0,77.476855
7,729,0,74.058445
7,730,0,74.619723
7,731,0,85.380783
7,732,0,77.773958
7,733,0,80.659694
7,734,0,75.373302
7,735,0,72.406211
7,736,0,78.162099
7,737,0,77.9873
7,738,0,89.492717
7,739,0,77.064159
7,740,0,83.57562
7,741,0,79.797717
7,742,0,74.836598
7,743,0,88.499454
7,744,0,77.037911
7,745,0,75.224624
7,746,0,80.454561
7,747,0,83.352747
7,748,0,77.630574
7,749,0,75.099439
7,750,0,80.232813
7,751,0,76.986973
7,752,0,80.065224
7,753,0,80.605455
7,754,0,75.011494
7,755,0,76.79372
7,756,0,79.731487
7,757,0,73.417967
7,758,0,77.791497
7,759,0,89.431782
7,760,0,79.790971
7,761,0,88.241047
7,762,0,73.617834
7,763,0,73.981784
7,764,0,79.578334
7,765,0,77.59711
7,766,0,77.360467
7,767,0,74.04299
7,768,0,82.204596
7,769,0,87.122828
7,770,0,112.984581
7,771,0,77.384897
7,772,0,78.32363
7,773,0,78.745049
7,774,0,86.38131
7,775,0,79.17115
7,776,0,76.240521
7,777,0,80.813594
7,778,0,81.183672
7,779,0,76.787633
7,780,0,75.768031
7,781,0,98.99828
7,782,0,79.060544
7,783,0,78.177289
7,784,0,73.808007
7,785,0,78.528251
7,786,0,77.33837
7,787,0,77.60102
7,788,0,77.510087
7,789,0,75.385224
7,790,0,82.860732
7,791,0,81.594671
7,792,0,78.047302
7,793,0,80.332389
7,794,0,81.592871
7,795,0,84.018425
7,796,0,82.087536
7,797,0,81.225473
7,798,0,73.125941
7,799,0,76.019022
7,800,0,93.884952
7,801,0,72.637768
7,802,0,76.048557
7,803,0,72.978259
7,804,0,80.103202
7,805,0,77.127442
7,806,0,91.402536
7,807,0,100.196325
7,808,0,77.668577
7,809,0,93.147647
7,810,0,75.791358
7,811,0,85.457024
7,812,0,88.418961
7,813,0,75.511179
7,814,0,76.734963
7,815,0,75.927081
7,816,0,79.579227
7,817,0,78.557426
7,818,0,93.340964
7,819,0,76.030226
7,820,0,75.18145
7,821,0,89.177556
7,822,0,76.074881
7,823,0,73.737613
7,824,0,80.259165
7,825,0,76.617149
7,826,0,86.645339
7,827,0,77.736212
7,828,0,81.260078
7,829,0,76.477565
7,830,0,82.414012
7,831,0,77.786608
7,832,0,85.918065
7,833,0,84.49705
7,834,0,74.44155
7,835,0,80.246312
7,836,0,82.542759
7,837,0,75.63675
7,838,0,73.057334
7,839,0,84.673535
7,840,0,79.62275
7,841,0,72.667195
7,842,0,76.12276
7,843,0,100.971652
7,844,0,74.66064
7,845,0,84.449857
7,846,0,81.706854
7,847,0,77.343601
7,848,0,78.909745
7,849,0,75.072585
7,850,0,76.294121
7,851,0,71.662113
7,852,0,75.928724
7,853,0,75.62527
7,854,0,82.619127
7,855,0,80.430864
7,856,0,77.252833
7,857,0,77.987684
7,858,0,83.294189
7,859,0,77.152123
7,860,0,73.563195
7,861,0,90.07499
7,862,0,88.136004
7,863,0,79.439304
7,864,0,72.893604
7,865,0,85.625817
7,866,0,81.687272
7,867,0,82.877211
7,868,0,80.132264
7,869,0,71.774143
7,870,0,74.033496
7,871,0,90.109174
7,872,0,72.533948
7,873,0,77.430765
7,874,0,77.106668
7,875,0,83.237191
7,876,0,83.573856
7,877,0,76.749649
7,878,0,73.994265
7,879,0,73.703226
7,880,0,81.299295
7,881,0,78.459755
7,882,0,73.433556
7,883,0,74.230414
7,884,0,79.559286
7,885,0,75.958945
7,886,0,84.468148
7,887,0,74.724462
7,888,0,75.937821
7,889,0,72.09123
7,890,0,83.298605
7,891,0,86.299927
7,892,0,80.460917
7,893,0,88.546529
7,894,0,75.990308
7,895,0,79.994858
7,896,0,78.504675
7,897,0,74.793621
7,898,0,76.416123
7,899,0,83.151123
7,900,0,82.190748
7,901,0,75.21227
7,902,0,73.236867
7,903,0,77.840644
7,904,0,72.69646
7,905,0,89.064207
7,906,0,75.365612
7,907,0,74.202827
7,908,0,81.462485
7,909,0,84.009123
7,910,0,85.126027
7,911,0,79.702555
7,912,0,72.985612
7,913,0,75.910106
7,914,0,73.879208
7,915,0,79.607299
7,916,0,76.389276
7,917,0,77.204961
7,918,0,76.192337
7,919,0,84.361431
7,920,0,78.737016
7,921,0,75.799469
7,922,0,73.433407
7,923,0,91.276009
7,924,0,74.944829
7,925,0,73.346694
7,926,0,79.250205
7,927,0,87.028448
7,928,0,76.547914
7,929,0,83.18818
7,930,0,76.436152
7,931,0,79.135599
7,932,0,75.185018
7,933,0,89.078774
7,934,0,77.170972
7,935,0,74.300324
7,936,0,80.368467
7,937,0,74.71126
7,938,0,74.920686
7,939,0,74.686867
7,940,0,74.211565
7,941,0,72.390873
7,942,0,76.703233
7,943,0,75.166877
7,944,0,76.594826
7,945,0,87.517173
7,946,0,79.68776
7,947,0,75.492385
7,948,0,85.312207
7,949,0,82.475136
7,950,0,78.906384
7,951,0,80.599363
7,952,0,80.988397
7,953,0,74.529508
7,954,0,81.931342
7,955,0,82.135457
7,956,0,79.100805
7,957,0,77.936623
7,958,0,73.800763
7,959,0,80.775715
7,960,0,82.919278
7,961,0,74.505765
7,962,0,74.637717
7,963,0,82.26709
7,964,0,86.116773
7,965,0,83.657957
7,966,0,76.386782
7,967,0,83.808675
7,968,0,87.563589
7,969,0,75.858703
7,970,0,78.672589
7,971,0,75.733333
7,972,0,76.733905
7,973,0,80.554146
7,974,0,79.402605
7,975,0,87.325337
7,976,0,77.586903
7,977,0,73.292606
7,978,0,80.682896
7,979,0,75.880673
7,980,0,77.752677
7,981,0,78.852442
7,982,0,82.977558
7,983,0,76.961709
7,984,0,81.774906
7,985,0,78.76487
7,986,0,76.354305
7,987,0,79.515795
7,988,0,83.806525
7,989,0,77.102079
7,990,0,75.51967
7,991,0,83.153887
7,992,0,73.938844
7,993,0,74.745803
7,994,0,79.099937
7,995,0,72.173082
7,996,0,75.191524
7,997,0,75.170969
7,998,0,78.195078
7,999,0,81.925824
8,0,0,81.102441
8,1,0,77.363061
8,2,0,81.017866
8,3,0,78.306573
8,4,0,81.137951
8,5,0,79.022888
8,6,0,72.915429
8,7,0,78.638347
8,8,0,78.028061
8,9,0,77.553555
8,10,0,76.584072
8,11,0,72.324312
8,12,0,93.427584
8,13,0,88.166808
8,14,0,90.586674
8,15,0,82.488507
8,16,0,78.084015
8,17,0,75.150126
8,18,0,74.337802
8,19,0,81.735592
8,20,0,81.867008
8,21,0,78.058652
8,22,0,79.934516
8,23,0,78.691774
8,24,0,74.345725
8,25,0,73.622765
8,26,0,81.92018
8,27,0,78.959653
8,28,0,73.355468
8,29,0,80.900883
8,30,0,77.898886
8,31,0,82.979302
8,32,0,72.804628
8,33,0,74.711453
8,34,0,73.924618
8,35,0,75.496673
8,36,0,76.257018
8,37,0,80.547219
8,38,0,81.510527
8,39,0,72.031815
8,40,0,81.324785
8,41,0,83.186095
8,42,0,81.629015
8,43,0,78.717267
8,44,0,74.843782
8,45,0,74.496602
8,46,0,77.094731
8,47,0,74.720889
8,48,0,83.649467
8,49,0,84.69878
8,50,0,75.394784
8,51,0,74.755968
8,52,0,88.06534
8,53,0,78.651721
8,54,0,78.360673
8,55,0,78.892049
8,56,0,78.775789
8,57,0,81.611019
8,58,0,73.476899
8,59,0,75.127758
8,60,0,75.099139
8,61,0,89.686116
8,62,0,84.725256
8,63,0,77.104669
8,64,0,80.699563
8,65,0,77.153851
8,66,0,79.000635
8,67,0,78.287676
8,68,0,76.661023
8,69,0,80.356421
8,70,0,72.816322
8,71,0,78.590849
8,72,0,76.514251
8,73,0,79.325295
8,74,0,81.53746
8,75,0,78.760763
8,76,0,83.797078
8,77,0,77.600873
8,78,0,73.737148
8,79,0,82.879426
8,80,0,80.270567
8,81,0,74.162627
8,82,0,74.209608
8,83,0,75.44637
8,84,0,92.770722
8,85,0,78.862971
8,86,0,74.735714
8,87,0,72.031219
8,88,0,80.62592
8,89,0,80.492252
8,90,0,78.046633
8,91,0,86.367347
8,92,0,82.748587
8,93,0,83.71878
8,94,0,80.633043
8,95,0,77.737633
8,96,0,78.819194
8,97,0,79.700758
8,98,0,76.928431
8,99,0,79.761807
8,100,0,87.055918
8,101,0,79.546767
8,102,0,72.960382
8,103,0,75.18059
8,104,0,80.648009
8,105,0,72.869307
8,106,0,74.201882
8,107,0,78.57541
8,108,0,81.331324
8,109,0,76.47647
8,110,0,78.217662
8,111,0,73.314704
8,112,0,75.134053
8,113,0,74.074155
8,114,0,74.338693
8,115,0,79.554466
8,116,0,85.702678
8,117,0,79.087412
8,118,0,79.692818
8,119,0,85.345162
8,120,0,81.158643
8,121,0,85.341874
8,122,0,85.851223
8,123,0,73.480201
8,124,0,73.639816
8,125,0,86.425158
8,126,0,92.133008
8,127,0,76.024012
8,128,0,78.114964
8,129,0,73.732208
8,130,0,80.41558
8,131,0,74.949337
8,132,0,75.015794
8,133,0,75.807398
8,134,0,87.219866
8,135,0,97.798157
8,136,0,86.564606
8,137,0,88.389364
8,138,0,75.677728
8,139,0,81.577902
8,140,0,76.721645
8,141,0,76.124002
8,142,0,78.956681
8,143,0,75.559604
8,144,0,84.664271
8,145,0,73.401224
8,146,0,76.428301
8,147,0,74.231824
8,148,0,75.166319
8,149,0,73.806378
8,150,0,76.102585
8,151,0,79.776242
8,152,0,74.289491
8,153,0,76.622505
8,154,0,79.693175
8,155,0,86.640024
8,156,0,82.371177
8,157,0,86.683819
8,158,0,74.744693
8,159,0,79.190952
8,160,0,83.537722
8,161,0,77.619134
8,162,0,78.521243
8,163,0,74.618614
8,164,0,81.253912
8,165,0,81.908299
8,166,0,75.063161
8,167,0,75.137574
8,168,0,74.17699
8,169,0,81.728215
8,170,0,81.944185
8,171,0,81.747385
8,172,0,73.45701
8,173,0,77.529534
8,174,0,83.805136
8,175,0,74.149405
8,176,0,77.236568
8,177,0,84.168066
8,178,0,76.559015
8,179,0,76.025152
8,180,0,79.258164
8,181,0,72.293247
8,182,0,74.450343
8,183,0,73.588751
8,184,0,76.033657
8,185,0,75.842379
8,186,0,85.905029
8,187,0,82.654562
8,188,0,75.845154
8,189,0,75.626139
8,190,0,76.606617
8,191,0,87.675704
8,192,0,79.603203
8,193,0,86.125519
8,194,0,80.726037
8,195,0,72.61029
8,196,0,76.876001
8,197,0,85.224856
8,198,0,91.35006
8,199,0,80.083152
8,200,0,76.676258
8,201,0,81.07945
8,202,0,75.083417
8,203,0,75.494219
8,204,0,82.293
8,205,0,78.101994
8,206,0,75.267241
8,207,0,73.250662
8,208,0,80.205322
8,209,0,76.718122
8,210,0,74.387183
8,211,0,73.693344
8,212,0,83.826807
8,213,0,84.811191
8,214,0,94.418566
8,215,0,80.724606
8,216,0,73.037843
8,217,0,132.0332
8,218,0,75.168075
8,219,0,74.010523
8,220,0,79.473302
8,221,0,92.886589
8,222,0,75.74435
8,223,0,73.652429
8,224,0,82.760502
8,225,0,75.426988
8,226,0,76.001606
8,227,0,75.003246
8,228,0,75.05882
8,229,0,77.893992
8,230,0,74.055236
8,231,0,85.007662
8,232,0,75.170148
8,233,0,78.140236
8,234,0,83.716291
8,235,0,80.26012
8,236,0,75.447139
8,237,0,75.041971
8,238,0,90.327162
8,239,0,75.482296
8,240,0,76.137981
8,241,0,78.329978
8,242,0,75.712649
8,243,0,76.579829
8,244,0,89.001725
8,245,0,78.886589
8,246,0,72.152487
8,247,0,78.699224
8,248,0,84.787499
8,249,0,75.488239
8,250,0,89.608327
8,251,0,79.641846
8,252,0,76.163054
8,253,0,73.438342
8,254,0,77.329224
8,255,0,76.751151
8,256,0,74.179271
8,257,0,73.145312
8,258,0,86.481486
8,259,0,79.246967
8,260,0,75.436984
8,261,0,75.219351
8,262,0,78.136781
8,263,0,73.775234
8,264,0,85.281181
8,265,0,83.829167
8,266,0,85.348395
8,267,0,74.440155
8,268,0,82.864948
8,269,0,78.830901
8,270,0,76.620483
8,271,0,79.365294
8,272,0,78.677508
8,273,0,75.724024
8,274,0,85.227928
8,275,0,83.742935
8,276,0,85.628761
8,277,0,80.082135
8,278,0,73.718888
8,279,0,74.042677
8,280,0,81.880177
8,281,0,80.856522
8,282,0,75.367033
8,283,0,88.894193
8,284,0,80.846018
8,285,0,75.494885
8,286,0,88.390803
8,287,0,91.016614
8,288,0,79.22395
8,289,0,82.184436
8,290,0,82.818426
8,291,0,77.949431
8,292,0,80.574528
8,293,0,80.471183
8,294,0,78.846742
8,295,0,74.933451
8,296,0,76.072763
8,297,0,103.134085
8,298,0,77.960848
8,299,0,88.683267
8,300,0,73.39509
8,301,0,83.234706
8,302,0,85.345322
8,303,0,74.043213
8,304,0,83.49326
8,305,0,91.093879
8,306,0,76.109593
8,307,0,72.866828
8,308,0,76.955175
8,309,0,85.3071
8,310,0,85.070237
8,311,0,74.420252
8,312,0,78.042172
8,313,0,78.131187
8,314,0,78.266979
8,315,0,80.227948
8,316,0,72.128186
8,317,0,81.457652
8,318,0,74.731615
8,319,0,79.502393
8,320,0,73.336944
8,321,0,86.517504
8,322,0,79.906586
8,323,0,76.611374
8,324,0,86.286692
8,325,0,76.650918
8,326,0,72.073404
8,327,0,75.334275
8,328,0,86.813455
8,329,0,85.190577
8,330,0,81.732869
8,331,0,79.545327
8,332,0,74.032181
8,333,0,105.931874
8,334,0,73.127008
8,335,0,76.454168
8,336,0,77.196304
8,337,0,98.05507
8,338,0,75.922949
8,339,0,83.365765
8,340,0,77.644902
8,341,0,83.158747
8,342,0,86.448001
8,343,0,82.888066
8,344,0,85.779318
8,345,0,74.901735
8,346,0,75.423416
8,347,0,81.40772
8,348,0,75.282418
8,349,0,79.538952
8,350,0,95.336562
8,351,0,75.372028
8,352,0,85.374217
8,353,0,82.860842
8,354,0,80.964837
8,355,0,74.906537
8,356,0,90.273256
8,357,0,81.372782
8,358,0,82.653065
8,359,0,74.843664
8,360,0,75.424538
8,361,0,76.534231
8,362,0,75.908566
8,363,0,77.723216
8,364,0,75.318608
8,365,0,79.009836
8,366,0,73.663076
8,367,0,82.878414
8,368,0,77.190038
8,369,0,88.705297
8,370,0,73.935627
8,371,0,88.983348
8,372,0,90.001758
8,373,0,78.399449
8,374,0,87.177073
8,375,0,76.448879
8,376,0,87.83994
8,377,0,82.231539
8,378,0,76.796646
8,379,0,73.550899
8,380,0,76.869067
8,381,0,71.692532
8,382,0,72.194184
8,383,0,75.343228
8,384,0,88.043377
8,385,0,78.387969
8,386,0,89.213487
8,387,0,76.76247
8,388,0,78.3618
8,389,0,76.343692
8,390,0,75.661087
8,391,0,78.98699
8,392,0,73.950777
8,393,0,80.969269
8,394,0,84.46169
8,395,0,74.07875
8,396,0,74.002873
8,397,0,79.641963
8,398,0,74.366581
8,399,0,74.53522
8,400,0,76.769167
8,401,0,78.277349
8,402,0,73.985844
8,403,0,83.176251
8,404,0,82.319527
8,405,0,74.84444
8,406,0,76.594938
8,407,0,90.043932
8,408,0,89.667763
8,409,0,86.611319
8,410,0,73.967969
8,411,0,80.492758
8,412,0,78.299047
8,413,0,75.954396
8,414,0,78.084074
8,415,0,82.993361
8,416,0,76.316382
8,417,0,77.1068
8,418,0,77.426923
8,419,0,80.89587
8,420,0,77.731072
8,421,0,84.056402
8,422,0,81.689897
8,423,0,79.257171
8,424,0,75.815401
8,425,0,73.561577
8,426,0,72.639271
8,427,0,76.556043
8,428,0,75.803433
8,429,0,81.927756
8,430,0,73.355118
8,431,0,79.275704
8,432,0,87.112372
8,433,0,80.296211
8,434,0,78.026183
8,435,0,74.338523
8,436,0,81.843104
8,437,0,90.430777
8,438,0,74.12066
8,439,0,75.915553
8,440,0,82.613405
8,441,0,77.334642
8,442,0,78.58935
8,443,0,85.40283
8,444,0,84.145388
8,445,0,91.7654
8,446,0,74.44945
8,447,0,82.149427
8,448,0,72.443057
8,449,0,91.095532
8,450,0,76.646554
8,451,0,79.164701
8,452,0,74.692045
8,453,0,91.798109
8,454,0,73.403462
8,455,0,79.058371
8,456,0,76.19186
8,457,0,89.374604
8,458,0,81.982666
8,459,0,72.278099
8,460,0,76.170592
8,461,0,76.683381
8,462,0,79.011109
8,463,0,78.533736
8,464,0,73.43744
8,465,0,74.471982
8,466,0,74.61131
8,467,0,75.974644
8,468,0,79.395019
8,469,0,82.400646
8,470,0,74.150505
8,471,0,75.058067
8,472,0,77.123083
8,473,0,74.340544
8,474,0,79.639996
8,475,0,78.331533
8,476,0,76.189248
8,477,0,76.445425
8,478,0,77.594515
8,479,0,81.314043
8,480,0,76.362707
8,481,0,78.667062
8,482,0,82.950678
8,483,0,78.481117
8,484,0,87.177335
8,485,0,73.408323
8,486,0,80.055626
8,487,0,78.166835
8,488,0,77.699755
8,489,0,81.744484
8,490,0,81.84769
8,491,0,85.870975
8,492,0,77.22795
8,493,0,73.150829
8,494,0,72.759689
8,495,0,76.641868
8,496,0,116.914436
8,497,0,77.547606
8,498,0,86.446829
8,499,0,71.756348
8,500,0,81.185708
8,501,0,88.146799
8,502,0,77.219699
8,503,0,72.849016
8,504,0,77.940585
8,505,0,77.496051
8,506,0,77.862296
8,507,0,84.171944
8,508,0,85.763453
8,509,0,72.880166
8,510,0,78.056592
8,511,0,73.375045
8,512,0,81.168357
8,513,0,76.027739
8,514,0,80.829838
8,515,0,85.098564
8,516,0,89.837725
8,517,0,82.182622
8,518,0,85.132301
8,519,0,78.258276
8,520,0,81.448431
8,521,0,75.472105
8,522,0,77.664648
8,523,0,88.636286
8,524,0,77.079027
8,525,0,76.885586
8,526,0,83.628372
8,527,0,76.294432
8,528,0,78.650208
8,529,0,76.044508
8,530,0,75.294272
8,531,0,81.758598
8,532,0,77.823279
8,533,0,78.263501
8,534,0,74.783725
8,535,0,89.206734
8,536,0,82.559207
8,537,0,77.618253
8,538,0,73.505145
8,539,0,84.572594
8,540,0,78.858273
8,541,0,74.822951
8,542,0,73.575985
8,543,0,79.346847
8,544,0,74.601568
8,545,0,81.244875
8,546,0,78.677074
8,547,0,73.822649
8,548,0,73.73792
8,549,0,76.299428
8,550,0,77.456725
8,551,0,84.813192
8,552,0,85.84414
8,553,0,79.493266
8,554,0,73.928313
8,555,0,89.458755
8,556,0,76.056634
8,557,0,75.956561
8,558,0,77.036152
8,559,0,88.653352
8,560,0,79.912976
8,561,0,79.428547
8,562,0,74.848754
8,563,0,74.247241
8,564,0,80.562561
8,565,0,79.757893
8,566,0,77.265233
8,567,0,79.1032
8,568,0,73.051663
8,569,0,73.240198
8,570,0,75.178777
8,571,0,78.757942
8,572,0,75.949688
8,573,0,77.640257
8,574,0,80.305615
8,575,0,81.039692
8,576,0,77.795581
8,577,0,77.948786
8,578,0,74.627782
8,579,0,77.86148
8,580,0,75.814227
8,581,0,74.047131
8,582,0,85.115191
8,583,0,81.940685
8,584,0,73.975218
8,585,0,77.612459
8,586,0,73.76432
8,587,0,80.360177
8,588,0,74.697115
8,589,0,86.523782
8,590,0,82.296898
8,591,0,82.949783
8,592,0,76.810352
8,593,0,76.571542
8,594,0,75.362856
8,595,0,80.236239
8,596,0,88.269644
8,597,0,81.114597
8,598,0,78.516523
8,599,0,79.734561
8,600,0,81.540684
8,601,0,89.211291
8,602,0,78.02617
8,603,0,73.467237
8,604,0,78.321783
8,605,0,88.252695
8,606,0,81.978008
8,607,0,84.423991
8,608,0,77.19465
8,609,0,74.961448
8,610,0,75.75596
8,611,0,75.296962
8,612,0,75.331534
8,613,0,79.206562
8,614,0,73.07034
8,615,0,75.272333
8,616,0,75.378893
8,617,0,83.37783
8,618,0,77.330269
8,619,0,73.667093
8,620,0,74.28626
8,621,0,79.887209
8,622,0,79.531555
8,623,0,74.706439
8,624,0,81.551879
8,625,0,78.805582
8,626,0,78.597772
8,627,0,83.976495
8,628,0,82.214517
8,629,0,82.390955
8,630,0,75.000213
8,631,0,77.910328
8,632,0,73.684253
8,633,0,82.045898
8,634,0,84.553199
8,635,0,81.54485
8,636,0,75.131794
8,637,0,79.984518
8,638,0,75.096832
8,639,0,73.016626
8,640,0,87.137576
8,641,0,73.377263
8,642,0,72.565426
8,643,0,76.048317
8,644,0,76.269784
8,645,0,86.066705
8,646,0,82.486098
8,647,0,73.473631
8,648,0,92.6948
8,649,0,75.073235
8,650,0,73.032192
8,651,0,83.932589
8,652,0,74.31403
8,653,0,79.683617
8,654,0,78.014073
8,655,0,80.419517
8,656,0,82.306644
8,657,0,72.727721
8,658,0,81.583923
8,659,0,72.895042
8,660,0,76.183259
8,661,0,73.769035
8,662,0,75.634013
8,663,0,77.522312
8,664,0,75.061728
8,665,0,79.083933
8,666,0,75.597472
8,667,0,81.107412
8,668,0,72.607996
8,669,0,75.737213
8,670,0,74.972475
8,671,0,80.446468
8,672,0,82.239897
8,673,0,82.266663
8,674,0,90.966153
8,675,0,74.419397
8,676,0,76.839429
8,677,0,80.861259
8,678,0,74.370038
8,679,0,99.439528
8,680,0,84.902115
8,681,0,74.192894
8,682,0,91.304514
8,683,0,85.579124
8,684,0,75.060734
8,685,0,82.727131
8,686,0,77.177116
8,687,0,79.060971
8,688,0,80.508269
8,689,0,90.17163
8,690,0,75.755663
8,691,0,81.782086
8,692,0,73.624941
8,693,0,75.795117
8,694,0,91.121834
8,695,0,79.277873
8,696,0,72.547164
8,697,0,72.715889
8,698,0,81.91598
8,699,0,76.028375
8,700,0,82.561768
8,701,0,78.564961
8,702,0,85.20061
8,703,0,84.386514
8,704,0,86.051625
8,705,0,82.204327
8,706,0,80.191015
8,707,0,81.08228
8,708,0,75.353445
8,709,0,82.975045
8,710,0,73.200823
8,711,0,87.177695
8,712,0,79.712456
8,713,0,79.676766
8,714,0,76.356703
8,715,0,85.559065
8,716,0,85.246475
8,717,0,83.885754
8,718,0,78.776086
8,719,0,74.453212
8,720,0,76.465851
8,721,0,88.941514
8,722,0,81.85217
8,723,0,75.725688
8,724,0,82.680979
8,725,0,96.212381
8,726,0,79.332102
8,727,0,74.952533
8,728,0,79.487812
8,729,0,77.512824
8,730,0,75.160487
8,731,0,76.071817
8,732,0,82.990535
8,733,0,83.787383
8,734,0,76.966646
8,735,0,71.705078
8,736,0,84.789879
8,737,0,80.032522
8,738,0,78.059095
8,739,0,77.089799
8,740,0,77.669161
8,741,0,76.807385
8,742,0,78.396185
8,743,0,74.564574
8,744,0,76.129209
8,745,0,79.911901
8,746,0,77.681197
8,747,0,74.763234
8,748,0,72.298881
8,749,0,73.086799
8,750,0,82.291898
8,751,0,75.535752
8,752,0,75.385614
8,753,0,73.191313
8,754,0,76.645092
8,755,0,73.559625
8,756,0,74.318985
8,757,0,79.465346
8,758,0,95.661006
8,759,0,84.082106
8,760,0,74.449289
8,761,0,75.393979
8,762,0,73.859929
8,763,0,79.721198
8,764,0,73.186665
8,765,0,81.411894
8,766,0,82.672304
8,767,0,80.348447
8,768,0,76.619545
8,769,0,87.68319
8,770,0,75.699114
8,771,0,73.698039
8,772,0,88.786625
8,773,0,75.438457
8,774,0,78.831958
8,775,0,73.880948
8,776,0,73.745036
8,777,0,75.102868
8,778,0,79.185952
8,779,0,74.510725
8,780,0,73.756946
8,781,0,88.255775
8,782,0,72.713351
8,783,0,82.162082
8,784,0,74.635105
8,785,0,78.609752
8,786,0,72.588106
8,787,0,74.190086
8,788,0,82.663553
8,789,0,80.216699
8,790,0,83.153429
8,791,0,85.1567
8,792,0,76.511339
8,793,0,75.923531
8,794,0,88.196354
8,795,0,76.348787
8,796,0,89.516109
8,797,0,80.294183
8,798,0,75.358296
8,799,0,82.623772
8,800,0,74.099858
8,801,0,75.528729
8,802,0,74.706321
8,803,0,87.922064
8,804,0,72.99083
8,805,0,90.905416
8,806,0,85.226897
8,807,0,76.140303
8,808,0,81.512003
8,809,0,79.614941
8,810,0,85.426061
8,811,0,76.887019
8,812,0,78.892396
8,813,0,74.427424
8,814,0,75.605247
8,815,0,72.666081
8,816,0,80.430907
8,817,0,81.511418
8,818,0,84.48012
8,819,0,76.068999
8,820,0,74.713374
8,821,0,77.788815
8,822,0,82.701385
8,823,0,79.526434
8,824,0,85.935657
8,825,0,97.896528
8,826,0,75.418443
8,827,0,83.649806
8,828,0,86.369999
8,829,0,79.11924
8,830,0,74.448657
8,831,0,74.037385
8,832,0,85.431704
8,833,0,75.300866
8,834,0,74.758696
8,835,0,83.057641
8,836,0,76.648589
8,837,0,88.884343
8,838,0,89.70165
8,839,0,84.921746
8,840,0,77.083562
8,841,0,91.008115
8,842,0,77.329718
8,843,0,72.378711
8,844,0,77.097249
8,845,0,82.029745
8,846,0,75.219145
8,847,0,74.410072
8,848,0,86.026523
8,849,0,79.599446
8,850,0,84.785478
8,851,0,82.612046
8,852,0,77.50114
8,853,0,73.57072
8,854,0,75.435093
8,855,0,88.509258
8,856,0,84.989344
8,857,0,73.813711
8,858,0,79.820728
8,859,0,80.314552
8,860,0,80.157415
8,861,0,81.007568
8,862,0,80.556516
8,863,0,77.057093
8,864,0,79.809284
8,865,0,73.750032
8,866,0,78.321173
8,867,0,79.795949
8,868,0,73.196953
8,869,0,85.935043
8,870,0,78.130381
8,871,0,79.400671
8,872,0,78.262554
8,873,0,78.050221
8,874,0,84.920844
8,875,0,71.966497
8,876,0,84.612972
8,877,0,82.647823
8,878,0,80.02441
8,879,0,79.479961
8,880,0,74.586325
8,881,0,101.670117
8,882,0,76.549857
8,883,0,91.564047
8,884,0,73.240158
8,885,0,73.621476
8,886,0,80.89524
8,887,0,83.639336
8,888,0,77.228573
8,889,0,77.428243
8,890,0,101.276383
8,891,0,82.307761
8,892,0,76.446623
8,893,0,78.063914
8,894,0,87.307759
8,895,0,82.366047
8,896,0,89.540326
8,897,0,80.41975
8,898,0,81.604573
8,899,0,82.872984
8,900,0,80.764621
8,901,0,80.033705
8,902,0,77.734901
8,903,0,78.014591
8,904,0,76.650713
8,905,0,74.503326
8,906,0,74.350506
8,907,0,77.294608
8,908,0,83.727731
8,909,0,84.090381
8,910,0,89.767492
8,911,0,79.95089
8,912,0,72.392082
8,913,0,79.569237
8,914,0,77.51719
8,915,0,74.386227
8,916,0,79.838375
8,917,0,78.747359
8,918,0,74.286528
8,919,0,86.124222
8,920,0,76.826655
8,921,0,73.473076
8,922,0,77.700717
8,923,0,86.023457
8,924,0,74.291426
8,925,0,72.477324
8,926,0,80.671321
8,927,0,78.994659
8,928,0,80.600522
8,929,0,73.900008
8,930,0,80.350935
8,931,0,87.78563
8,932,0,97.103334
8,933,0,79.253786
8,934,0,90.635486
8,935,0,74.264605
8,936,0,89.122464
8,937,0,74.902076
8,938,0,81.003921
8,939,0,79.389323
8,940,0,75.075162
8,941,0,85.581385
8,942,0,78.538116
8,943,0,80.5364
8,944,0,78.73854
8,945,0,104.494031
8,946,0,77.189612
8,947,0,83.234334
8,948,0,78.59512
8,949,0,85.35404
8,950,0,83.602338
8,951,0,84.811158
8,952,0,80.03685
8,953,0,98.282815
8,954,0,75.950805
8,955,0,77.795002
8,956,0,80.947092
8,957,0,81.49629
8,958,0,85.12941
8,959,0,75.271174
8,960,0,75.967205
8,961,0,76.804268
8,962,0,78.019115
8,963,0,88.467525
8,964,0,75.296098
8,965,0,78.214551
8,966,0,76.092032
8,967,0,83.500462
8,968,0,76.631007
8,969,0,84.95035
8,970,0,77.396684
8,971,0,78.38049
8,972,0,71.748099
8,973,0,87.370433
8,974,0,76.280025
8,975,0,76.880298
8,976,0,79.515281
8,977,0,76.541968
8,978,0,79.570665
8,979,0,81.698653
8,980,0,73.531587
8,981,0,77.096499
8,982,0,78.365727
8,983,0,76.722376
8,984,0,77.022237
8,985,0,90.470114
8,986,0,83.672311
8,987,0,76.237029
8,988,0,81.575372
8,989,0,84.16761
8,990,0,80.761886
8,991,0,84.749303
8,992,0,79.564022
8,993,0,77.221382
8,994,0,75.652194
8,995,0,72.539763
8,996,0,84.674719
8,997,0,78.801016
8,998,0,79.12503
8,999,0,81.904777
9,0,0,80.589467
9,1,0,79.914108
9,2,0,83.482175
9,3,0,81.994205
9,4,0,76.56805
9,5,0,81.108597
9,6,0,77.549928
9,7,0,76.848516
9,8,0,77.58345
9,9,0,76.781694
9,10,0,77.075478
9,11,0,80.787017
9,12,0,81.828071
9,13,0,82.74383
9,14,0,80.849617
9,15,0,75.451394
9,16,0,73.266255
9,17,0,83.015276
9,18,0,73.840367
9,19,0,73.442536
9,20,0,78.741257
9,21,0,73.954716
9,22,0,89.485728
9,23,0,80.340782
9,24,0,78.73314
9,25,0,81.015672
9,26,0,78.164549
9,27,0,84.626274
9,28,0,73.05279
9,29,0,75.244688
9,30,0,75.794289
9,31,0,80.968242
9,32,0,93.753208
9,33,0,81.613295
9,34,0,79.834657
9,35,0,75.232934
9,36,0,74.026629
9,37,0,75.262225
9,38,0,74.596814
9,39,0,79.382589
9,40,0,77.498509
9,41,0,88.321457
9,42,0,83.132863
9,43,0,72.634104
9,44,0,75.287242
9,45,0,75.030451
9,46,0,81.611735
9,47,0,91.645835
9,48,0,73.067344
9,49,0,80.733302
9,50,0,73.776949
9,51,0,71.824926
9,52,0,82.183912
9,53,0,75.547257
9,54,0,77.44066
9,55,0,76.587561
9,56,0,82.077081
9,57,0,78.625813
9,58,0,76.575408
9,59,0,83.025536
9,60,0,84.868126
9,61,0,78.79836
9,62,0,77.213173
9,63,0,74.736144
9,64,0,75.26612
9,65,0,81.602373
9,66,0,90.710256
9,67,0,82.976776
9,68,0,78.141851
9,69,0,76.871644
9,70,0,77.945221
9,71,0,79.033867
9,72,0,78.762757
9,73,0,79.337203
9,74,0,82.695326
9,75,0,79.473789
9,76,0,91.068954
9,77,0,80.507964
9,78,0,78.518643
9,79,0,80.072116
9,80,0,74.892607
9,81,0,77.870982
9,82,0,73.422682
9,83,0,72.47327
9,84,0,73.25778
9,85,0,75.244798
9,86,0,86.344853
9,87,0,76.435475
9,88,0,75.436409
9,89,0,73.854415
9,90,0,79.938178
9,91,0,84.483438
9,92,0,76.912658
9,93,0,89.215845
9,94,0,76.807102
9,95,0,75.038534
9,96,0,81.289773
9,97,0,80.584084
9,98,0,76.861691
9,99,0,86.432817
9,100,0,73.567825
9,101,0,99.118481
9,102,0,84.910132
9,103,0,74.004168
9,104,0,77.562073
9,105,0,79.684112
9,106,0,73.186663
9,107,0,81.14293
9,108,0,72.875332
9,109,0,79.559887
9,110,0,84.799089
9,111,0,74.044883
9,112,0,79.60463
9,113,0,75.979281
9,114,0,82.54884
9,115,0,86.454165
9,116,0,76.112309
9,117,0,87.282511
9,118,0,72.310717
9,119,0,78.088919
9,120,0,83.13172
9,121,0,74.706426
9,122,0,84.444127
9,123,0,73.780511
9,124,0,78.625074
9,125,0,73.613918
9,126,0,79.205602
9,127,0,79.71042
9,128,0,76.290539
9,129,0,84.22398
9,130,0,80.182242
9,131,0,78.886855
9,132,0,83.604486
9,133,0,77.177715
9,134,0,74.060557
9,135,0,73.47016
9,136,0,95.84088
9,137,0,76.705479
9,138,0,74.098458
9,139,0,74.018756
9,140,0,77.81742
9,141,0,75.717372
9,142,0,73.666996
9,143,0,73.531889
9,144,0,77.660549
9,145,0,75.705732
9,146,0,86.126699
9,147,0,76.435699
9,148,0,83.889103
9,149,0,90.469757
9,150,0,83.177448
9,151,0,84.149859
9,152,0,82.815747
9,153,0,73.260752
9,154,0,79.003441
9,155,0,80.950506
9,156,0,82.837886
9,157,0,76.721581
9,158,0,78.571156
9,159,0,77.070775
9,160,0,75.566469
9,161,0,77.193376
9,162,0,75.873917
9,163,0,75.697901
9,164,0,73.456426
9,165,0,76.062434
9,166,0,77.820661
9,167,0,82.793679
9,168,0,74.546698
9,169,0,76.493681
9,170,0,85.056852
9,171,0,88.909161
9,172,0,74.944807
9,173,0,78.353811
9,174,0,79.234949
9,175,0,76.60119
9,176,0,73.433146
9,177,0,72.887588
9,178,0,78.661675
9,179,0,78.284951
9,180,0,81.662396
9,181,0,79.414584
9,182,0,75.389901
9,183,0,78.546871
9,184,0,74.305473
9,185,0,76.071621
9,186,0,84.076829
9,187,0,82.839168
9,188,0,82.075342
9,189,0,83.34117
9,190,0,74.473097
9,191,0,83.832142
9,192,0,74.916366
9,193,0,81.85902
9,194,0,74.487124
9,195,0,80.068167
9,196,0,74.787969
9,197,0,76.506804
9,198,0,84.03915
9,199,0,78.643783
9,200,0,76.160348
9,201,0,82.233395
9,202,0,77.417582
9,203,0,89.006016
9,204,0,79.568324
9,205,0,80.880715
9,206,0,87.496455
9,207,0,76.108752
9,208,0,82.056225
9,209,0,83.113526
9,210,0,79.637378
9,211,0,81.58447
9,212,0,82.605989
9,213,0,80.934224
9,214,0,74.107303
9,215,0,90.182004
9,216,0,72.886605
9,217,0,84.656249
9,218,0,78.633765
9,219,0,76.305147
9,220,0,88.530308
9,221,0,74.950659
9,222,0,79.951437
9,223,0,80.48489
9,224,0,75.160129
9,225,0,89.852404
9,226,0,81.243041
9,227,0,80.278888
9,228,0,81.828239
9,229,0,78.672194
9,230,0,75.5901
9,231,0,72.307976
9,232,0,86.415345
9,233,0,78.289007
9,234,0,83.09276
9,235,0,89.69223
9,236,0,92.194385
9,237,0,74.379164
9,238,0,80.621198
9,239,0,79.286275
9,240,0,77.998827
9,241,0,79.300441
9,242,0,73.588927
9,243,0,81.031824
9,244,0,82.156304
9,245,0,74.300442
9,246,0,74.641755
9,247,0,85.315931
9,248,0,78.554365
9,249,0,76.19717
9,250,0,74.795338
9,251,0,83.453342
9,252,0,75.025701
9,253,0,73.958318
9,254,0,90.552588
9,255,0,79.160668
9,256,0,75.171394
9,257,0,78.300611
9,258,0,76.137773
9,259,0,73.632359
9,260,0,82.486985
9,261,0,74.406924
9,262,0,75.779985
9,263,0,77.649351
9,264,0,77.660968
9,265,0,79.311893
9,266,0,78.411347
9,267,0,76.542271
9,268,0,80.391599
9,269,0,75.863662
9,270,0,73.812515
9,271,0,72.767985
9,272,0,81.753649
9,273,0,74.020752
9,274,0,79.02895
9,275,0,76.237792
9,276,0,84.282014
9,277,0,85.25701
9,278,0,79.715401
9,279,0,75.89698
9,280,0,83.021476
9,281,0,92.197863
9,282,0,76.368978
9,283,0,74.20365
9,284,0,75.691136
9,285,0,75.788972
9,286,0,100.947277
9,287,0,73.526809
9,288,0,80.115738
9,289,0,79.335116
9,290,0,82.649966
9,291,0,84.84927
9,292,0,80.693718
9,293,0,80.113947
9,294,0,78.200852
9,295,0,80.304929
9,296,0,78.673628
9,297,0,76.458745
9,298,0,75.227339
9,299,0,77.968162
9,300,0,81.602757
9,301,0,100.151867
9,302,0,80.195784
9,303,0,74.836142
9,304,0,93.931317
9,305,0,75.981137
9,306,0,85.959077
9,307,0,76.579916
9,308,0,77.964051
9,309,0,78.405161
9,310,0,86.246704
9,311,0,80.628602
9,312,0,76.694399
9,313,0,74.196352
9,314,0,73.75574
9,315,0,73.310729
9,316,0,78.78832
9,317,0,75.955346
9,318,0,80.688862
9,319,0,74.002662
9,320,0,77.503514
9,321,0,77.472238
9,322,0,80.558639
9,323,0,72.868081
9,324,0,84.796599
9,325,0,80.845476
9,326,0,76.153287
9,327,0,86.179581
9,328,0,76.226623
9,329,0,78.231964
9,330,0,74.417042
9,331,0,74.181439
9,332,0,77.820227
9,333,0,77.536704
9,334,0,74.318812
9,335,0,88.117947
9,336,0,76.296319
9,337,0,86.499772
9,338,0,72.279978
9,339,0,82.557184
9,340,0,78.843203
9,341,0,75.003548
9,342,0,80.227076
9,343,0,77.231372
9,344,0,93.066529
9,345,0,78.152468
9,346,0,81.20234
9,347,0,77.264397
9,348,0,74.350521
9,349,0,77.882255
9,350,0,80.657481
9,351,0,73.560051
9,352,0,85.694449
9,353,0,85.004988
9,354,0,74.943665
9,355,0,89.96159
9,356,0,80.205081
9,357,0,73.513853
9,358,0,71.843707
9,359,0,75.533886
9,360,0,76.794079
9,361,0,79.412933
9,362,0,99.495897
9,363,0,82.807348
9,364,0,82.689151
9,365,0,74.994132
9,366,0,83.779828
9,367,0,79.68136
9,368,0,75.945313
9,369,0,82.523043
9,370,0,75.533433
9,371,0,83.078867
9,372,0,87.275721
9,373,0,74.877787
9,374,0,81.048198
9,375,0,74.031723
9,376,0,79.518211
9,377,0,72.984624
9,378,0,73.147902
9,379,0,85.040163
9,380,0,83.572611
9,381,0,74.185021
9,382,0,78.604384
9,383,0,75.791893
9,384,0,74.758289
9,385,0,72.778268
9,386,0,73.978228
9,387,0,79.724486
9,388,0,79.120912
9,389,0,87.177454
9,390,0,73.380972
9,391,0,72.683619
9,392,0,72.513057
9,393,0,76.204638
9,394,0,76.944276
9,395,0,74.612017
9,396,0,77.43379
9,397,0,77.33321
9,398,0,90.156941
9,399,0,83.624731
9,400,0,75.150085
9,401,0,79.508341
9,402,0,75.056261
9,403,0,74.213055
9,404,0,83.176413
9,405,0,75.255129
9,406,0,82.549009
9,407,0,74.129287
9,408,0,78.287654
9,409,0,89.228349
9,410,0,76.982314
9,411,0,86.728839
9,412,0,76.690088
9,413,0,75.184734
9,414,0,76.083148
9,415,0,81.710356
9,416,0,76.826189
9,417,0,74.670159
9,418,0,73.489867
9,419,0,77.047002
9,420,0,79.944066
9,421,0,78.979727
9,422,0,88.542682
9,423,0,85.475374
9,424,0,74.762796
9,425,0,84.883186
9,426,0,73.913446
9,427,0,83.056709
9,428,0,78.519775
9,429,0,74.533375
9,430,0,94.238214
9,431,0,80.494286
9,432,0,73.939471
9,433,0,78.57876
9,434,0,81.730362
9,435,0,87.616018
9,436,0,81.092988
9,437,0,96.586855
9,438,0,86.222168
9,439,0,80.556274
9,440,0,86.409185
9,441,0,74.682626
9,442,0,89.481579
9,443,0,77.434436
9,444,0,83.388916
9,445,0,77.262523
9,446,0,78.55299
9,447,0,80.919283
9,448,0,77.804489
9,449,0,78.693403
9,450,0,75.138379
9,451,0,85.252998
9,452,0,78.281527
9,453,0,80.065018
9,454,0,76.720087
9,455,0,80.664933
9,456,0,91.319367
9,457,0,83.513134
9,458,0,74.369691
9,459,0,81.413284
9,460,0,78.954118
9,461,0,80.060121
9,462,0,78.566096
9,463,0,75.557886
9,464,0,82.090097
9,465,0,75.690912
9,466,0,75.59603
9,467,0,95.916286
9,468,0,83.248115
9,469,0,73.539966
9,470,0,74.977814
9,471,0,76.575602
9,472,0,78.401423
9,473,0,96.708904
9,474,0,80.061241
9,475,0,83.315607
9,476,0,74.107621
9,477,0,73.759291
9,478,0,72.79274
9,479,0,79.819617
9,480,0,77.493907
9,481,0,74.229767
9,482,0,76.366245
9,483,0,81.68079
9,484,0,72.102007
9,485,0,89.329312
9,486,0,75.072817
9,487,0,78.24183
9,488,0,80.985362
9,489,0,72.468632
9,490,0,77.371526
9,491,0,74.937867
9,492,0,77.251927
9,493,0,76.83421
9,494,0,77.816061
9,495,0,74.111452
9,496,0,77.584472
9,497,0,85.677239
9,498,0,74.906743
9,499,0,91.209384
9,500,0,84.834993
9,501,0,80.194248
9,502,0,80.39286
9,503,0,73.717794
9,504,0,82.539832
9,505,0,95.629398
9,506,0,79.518936
9,507,0,78.758251
9,508,0,84.301323
9,509,0,77.807625
9,510,0,75.888011
9,511,0,73.249619
9,512,0,105.74588
9,513,0,80.62007
9,514,0,77.971218
9,515,0,82.140048
9,516,0,75.428226
9,517,0,72.831893
9,518,0,73.881828
9,519,0,81.61068
9,520,0,89.319971
9,521,0,72.649173
9,522,0,74.332999
9,523,0,75.25484
9,524,0,78.709527
9,525,0,80.587832
9,526,0,81.326131
9,527,0,87.219623
9,528,0,83.561441
9,529,0,74.199573
9,530,0,73.676981
9,531,0,77.775531
9,532,0,80.996473
9,533,0,79.772722
9,534,0,76.387055
9,535,0,80.536342
9,536,0,75.063229
9,537,0,84.083325
9,538,0,83.951376
9,539,0,79.961396
9,540,0,83.248905
9,541,0,75.957506
9,542,0,79.236177
9,543,0,79.063035
9,544,0,78.2794
9,545,0,92.479311
9,546,0,75.015239
9,547,0,82.862737
9,548,0,80.550989
9,549,0,73.898377
9,550,0,84.312987
9,551,0,88.345939
9,552,0,74.396743
9,553,0,81.238327
9,554,0,82.461873
9,555,0,87.60991
9,556,0,77.559699
9,557,0,87.155813
9,558,0,80.523395
9,559,0,77.89946
9,560,0,75.857924
9,561,0,74.487849
9,562,0,79.300597
9,563,0,84.574183
9,564,0,77.583194
9,565,0,79.500665
9,566,0,78.935799
9,567,0,74.45518
9,568,0,75.833809
9,569,0,77.767694
9,570,0,73.604056
9,571,0,79.176285
9,572,0,77.027821
9,573,0,98.282756
9,574,0,81.323231
9,575,0,73.417139
9,576,0,81.575662
9,577,0,73.009345
9,578,0,74.669548
9,579,0,76.907088
9,580,0,87.937766
9,581,0,73.25634
9,582,0,82.887285
9,583,0,79.398038
9,584,0,81.508184
9,585,0,92.857107
9,586,0,76.327936
9,587,0,77.665469
9,588,0,82.502398
9,589,0,76.845466
9,590,0,75.582566
9,591,0,76.66835
9,592,0,85.791802
9,593,0,83.114
9,594,0,76.424023
9,595,0,77.371283
9,596,0,77.788577
9,597,0,74.773492
9,598,0,75.828608
9,599,0,74.22118
9,600,0,75.816816
9,601,0,76.965535
9,602,0,84.315173
9,603,0,87.311933
9,604,0,74.838633
9,605,0,74.937916
9,606,0,77.691833
9,607,0,82.972045
9,608,0,85.857014
9,609,0,74.644312
9,610,0,73.811486
9,611,0,90.038668
9,612,0,74.372684
9,613,0,96.958946
9,614,0,74.839375
9,615,0,76.467459
9,616,0,73.592948
9,617,0,81.061383
9,618,0,90.221367
9,619,0,83.871914
9,620,0,78.653009
9,621,0,75.733841
9,622,0,77.775069
9,623,0,75.06239
9,624,0,90.792509
9,625,0,81.177227
9,626,0,79.077084
9,627,0,76.478257
9,628,0,87.661252
9,629,0,79.498336
9,630,0,82.868758
9,631,0,76.579866
9,632,0,79.66526
9,633,0,79.606883
9,634,0,77.168481
9,635,0,80.661096
9,636,0,79.105077
9,637,0,81.70017
9,638,0,86.452201
9,639,0,79.198127
9,640,0,78.805688
9,641,0,94.631463
9,642,0,81.484325
9,643,0,79.481877
9,644,0,80.525719
9,645,0,98.940859
9,646,0,78.906383
9,647,0,82.445796
9,648,0,72.321034
9,649,0,78.072928
9,650,0,83.614836
9,651,0,77.730898
9,652,0,74.928358
9,653,0,82.277285
9,654,0,78.103134
9,655,0,76.133763
9,656,0,80.83516
9,657,0,80.520462
9,658,0,82.052793
9,659,0,79.019092
9,660,0,110.309336
9,661,0,73.807815
9,662,0,85.52628
9,663,0,82.157666
9,664,0,76.153561
9,665,0,77.310974
9,666,0,76.615799
9,667,0,84.449379
9,668,0,77.824887
9,669,0,79.198209
9,670,0,73.596766
9,671,0,79.681421
9,672,0,74.899803
9,673,0,74.9379
9,674,0,76.473922
9,675,0,77.790367
9,676,0,82.756716
9,677,0,75.96584
9,678,0,81.353887
9,679,0,74.644324
9,680,0,76.578108
9,681,0,84.976161
9,682,0,71.89479
9,683,0,73.655702
9,684,0,80.080875
9,685,0,74.827406
9,686,0,74.69501
9,687,0,80.078821
9,688,0,79.37248
9,689,0,80.815827
9,690,0,74.002773
9,691,0,72.445826
9,692,0,78.736451
9,693,0,74.932754
9,694,0,87.318572
9,695,0,76.930975
9,696,0,82.835393
9,697,0,85.951633
9,698,0,75.247848
9,699,0,74.649637
9,700,0,84.253339
9,701,0,82.91429
9,702,0,87.794989
9,703,0,78.064396
9,704,0,87.768971
9,705,0,73.7011
9,706,0,77.552598
9,707,0,73.229857
9,708,0,78.364944
9,709,0,73.225392
9,710,0,75.73553
9,711,0,75.098088
9,712,0,86.140158
9,713,0,80.759957
9,714,0,76.430012
9,715,0,89.02519
9,716,0,74.997906
9,717,0,86.987525
9,718,0,76.628334
9,719,0,78.46235
9,720,0,79.390051
9,721,0,83.440478
9,722,0,77.001443
9,723,0,72.806682
9,724,0,76.690941
9,725,0,73.944718
9,726,0,78.397224
9,727,0,80.471142
9,728,0,79.434548
9,729,0,77.041468
9,730,0,74.888902
9,731,0,85.339862
9,732,0,73.360134
9,733,0,80.965077
9,734,0,85.416387
9,735,0,79.77057
9,736,0,79.812276
9,737,0,83.429497
9,738,0,81.05417
9,739,0,83.33137
9,740,0,84.751343
9,741,0,74.163576
9,742,0,74.203346
9,743,0,75.403175
9,744,0,74.633514
9,745,0,78.183473
9,746,0,79.503058
9,747,0,89.481343
9,748,0,84.469371
9,749,0,94.571529
9,750,0,80.622297
9,751,0,83.800171
9,752,0,79.256707
9,753,0,83.299171
9,754,0,81.0911
9,755,0,91.216813
9,756,0,75.217863
9,757,0,76.276131
9,758,0,74.070557
9,759,0,81.429556
9,760,0,74.959577
9,761,0,76.424941
9,762,0,79.552242
9,763,0,79.81193
9,764,0,82.931452
9,765,0,78.164128
9,766,0,81.923499
9,767,0,90.957756
9,768,0,79.334108
9,769,0,85.694117
9,770,0,77.652589
9,771,0,79.007102
9,772,0,80.998246
9,773,0,83.11116
9,774,0,81.713527
9,775,0,80.404032
9,776,0,78.096395
9,777,0,74.768568
9,778,0,72.9208
9,779,0,89.224785
9,780,0,80.352076
9,781,0,78.886737
9,782,0,74.482292
9,783,0,75.099415
9,784,0,82.773881
9,785,0,78.363142
9,786,0,85.042701
9,787,0,84.464837
9,788,0,82.081293
9,789,0,81.034039
9,790,0,95.830638
9,791,0,81.294058
9,792,0,76.648892
9,793,0,75.289243
9,794,0,80.184162
9,795,0,75.004651
9,796,0,73.515094
9,797,0,80.95101
9,798,0,73.136033
9,799,0,75.156233
9,800,0,83.568484
9,801,0,79.981927
9,802,0,74.493373
9,803,0,81.33016
9,804,0,73.355089
9,805,0,76.388036
9,806,0,77.168835
9,807,0,76.693843
9,808,0,75.622997
9,809,0,86.381406
9,810,0,74.992216
9,811,0,73.27241
9,812,0,80.727319
9,813,0,75.44013
9,814,0,85.452833
9,815,0,79.800167
9,816,0,75.358069
9,817,0,91.383749
9,818,0,77.349894
9,819,0,79.909785
9,820,0,75.97671
9,821,0,76.978789
9,822,0,88.648896
9,823,0,83.575925
9,824,0,74.909821
9,825,0,83.286834
9,826,0,96.001544
9,827,0,86.553379
9,828,0,81.525164
9,829,0,73.4627
9,830,0,73.267025
9,831,0,75.044032
9,832,0,77.435896
9,833,0,77.131751
9,834,0,75.247117
9,835,0,74.284027
9,836,0,77.559525
9,837,0,78.605008
9,838,0,88.680864
9,839,0,84.230084
9,840,0,74.735679
9,841,0,86.147635
9,842,0,81.590343
9,843,0,79.553511
9,844,0,101.722807
9,845,0,82.745309
9,846,0,78.706873
9,847,0,80.117697
9,848,0,82.664337
9,849,0,82.56913
9,850,0,75.406545
9,851,0,73.827162
9,852,0,89.022225
9,853,0,84.582603
9,854,0,76.095499
9,855,0,75.954806
9,856,0,77.990527
9,857,0,75.78088
9,858,0,75.425179
9,859,0,75.323396
9,860,0,96.380781
9,861,0,73.112753
9,862,0,88.973379
9,863,0,84.05404
9,864,0,72.018176
9,865,0,87.4338
9,866,0,75.450735
9,867,0,77.506924
9,868,0,84.400088
9,869,0,74.250447
9,870,0,79.028163
9,871,0,89.591697
9,872,0,80.606151
9,873,0,72.350143
9,874,0,85.51263
9,875,0,80.954761
9,876,0,78.415577
9,877,0,80.432416
9,878,0,82.302108
9,879,0,76.775024
9,880,0,72.35261
9,881,0,72.42456
9,882,0,76.45861
9,883,0,80.184398
9,884,0,80.253265
9,885,0,81.076983
9,886,0,89.039273
9,887,0,86.555348
9,888,0,81.076494
9,889,0,82.759692
9,890,0,87.410814
9,891,0,75.03439
9,892,0,75.607395
9,893,0,73.288809
9,894,0,78.281016
9,895,0,79.117187
9,896,0,84.269352
9,897,0,83.091045
9,898,0,76.363035
9,899,0,79.597094
9,900,0,74.454133
9,901,0,78.635097
9,902,0,76.714191
9,903,0,77.022463
9,904,0,79.313229
9,905,0,93.493899
9,906,0,73.036525
9,907,0,77.669971
9,908,0,73.257739
9,909,0,73.993248
9,910,0,77.46582
9,911,0,87.945136
9,912,0,100.004115
9,913,0,81.243173
9,914,0,73.915914
9,915,0,83.82589
9,916,0,75.956649
9,917,0,79.644907
9,918,0,84.089342
9,919,0,74.50092
9,920,0,75.26991
9,921,0,74.252214
9,922,0,80.918636
9,923,0,82.072241
9,924,0,77.377335
9,925,0,74.287976
9,926,0,83.803483
9,927,0,73.625957
9,928,0,85.615529
9,929,0,77.637734
9,930,0,84.495608
9,931,0,91.213493
9,932,0,78.048473
9,933,0,76.1918
9,934,0,84.053413
9,935,0,78.34139
9,936,0,72.414691
9,937,0,85.836195
9,938,0,85.349487
9,939,0,79.389459
9,940,0,81.865945
9,941,0,72.742794
9,942,0,75.115344
9,943,0,72.880185
9,944,0,79.313795
9,945,0,73.402092
9,946,0,85.458017
9,947,0,93.421173
9,948,0,76.204514
9,949,0,73.017886
9,950,0,73.234487
9,951,0,90.36677
9,952,0,77.800167
9,953,0,83.818659
9,954,0,74.572312
9,955,0,88.46476
9,956,0,72.305415
9,957,0,76.055611
9,958,0,77.835377
9,959,0,75.422378
9,960,0,82.243347
9,961,0,74.862899
9,962,0,77.039966
9,963,0,75.945935
9,964,0,76.085976
9,965,0,97.972665
9,966,0,77.190786
9,967,0,73.678344
9,968,0,81.926655
9,969,0,77.85225
9,970,0,86.82657
9,971,0,73.231164
9,972,0,85.052394
9,973,0,72.765247
9,974,0,78.545465
9,975,0,76.46487
9,976,0,75.428282
9,977,0,75.291261
9,978,0,83.745225
9,979,0,73.91707
9,980,0,78.605594
9,981,0,80.890999
9,982,0,81.779028
9,983,0,86.955906
9,984,0,86.985669
9,985,0,73.674699
9,986,0,79.462778
9,987,0,73.756246
9,988,0,78.476651
9,989,0,79.275557
9,990,0,77.486171
9,991,0,82.673582
9,992,0,86.302563
9,993,0,77.002379
9,994,0,82.907824
9,995,0,76.511496
9,996,0,90.143044
9,997,0,78.350726
9,998,0,73.520497
9,999,0,76.010058
10,0,0,79.186701
10,1,0,74.503416
10,2,0,74.373863
10,3,0,78.129272
10,4,0,78.13832
10,5,0,79.090881
10,6,0,77.6114
10,7,0,88.843657
10,8,0,76.076163
10,9,0,75.521837
10,10,0,74.496831
10,11,0,82.567983
10,12,0,80.384562
10,13,0,77.323591
10,14,0,74.318507
10,15,0,84.805694
10,16,0,75.01204
10,17,0,72.723756
10,18,0,80.70153
10,19,0,75.150502
10,20,0,82.107049
10,21,0,81.307152
10,22,0,87.158577
10,23,0,74.488786
10,24,0,77.563236
10,25,0,85.846241
10,26,0,77.203283
10,27,0,84.17135
10,28,0,72.829361
10,29,0,75.263862
10,30,0,75.165421
10,31,0,82.584954
10,32,0,74.821116
10,33,0,77.716272
10,34,0,78.467579
10,35,0,77.34853
10,36,0,79.161794
10,37,0,99.160783
10,38,0,78.934394
10,39,0,73.105925
10,40,0,80.697905
10,41,0,78.085766
10,42,0,85.160412
10,43,0,76.07058
10,44,0,89.828298
10,45,0,77.717199
10,46,0,72.738008
10,47,0,75.863689
10,48,0,75.722457
10,49,0,73.127137
10,50,0,72.765254
10,51,0,78.538161
10,52,0,80.453489
10,53,0,79.880779
10,54,0,80.960432
10,55,0,79.233146
10,56,0,76.40439
10,57,0,74.975609
10,58,0,77.078408
10,59,0,80.552598
10,60,0,77.08903
10,61,0,79.053479
10,62,0,86.025545
10,63,0,74.027094
10,64,0,87.414664
10,65,0,82.268613
10,66,0,76.216105
10,67,0,82.789854
10,68,0,73.70187
10,69,0,82.759531
10,70,0,98.445643
10,71,0,76.934326
10,72,0,74.219711
10,73,0,94.342225
10,74,0,82.608522
10,75,0,74.358698
10,76,0,84.429186
10,77,0,77.253058
10,78,0,86.380764
10,79,0,74.553044
10,80,0,73.434083
10,81,0,78.377653
10,82,0,76.066846
10,83,0,78.286882
10,84,0,78.265214
10,85,0,74.098337
10,86,0,76.428171
10,87,0,97.041257
10,88,0,75.335487
10,89,0,75.870246
10,90,0,102.12074
10,91,0,79.438654
10,92,0,79.068672
10,93,0,82.321722
10,94,0,78.11015
10,95,0,78.445143
10,96,0,72.815059
10,97,0,73.416908
10,98,0,76.421651
10,99,0,75.082132
10,100,0,76.274926
10,101,0,75.580734
10,102,0,79.453064
10,103,0,83.453568
10,104,0,81.852408
10,105,0,76.157287
10,106,0,77.270663
10,107,0,75.900341
10,108,0,79.783423
10,109,0,74.788399
10,110,0,76.605307
10,111,0,92.296663
10,112,0,74.822426
10,113,0,77.579845
10,114,0,73.27708
10,115,0,75.854751
10,116,0,79.733906
10,117,0,82.645912
10,118,0,79.061173
10,119,0,77.660147
10,120,0,75.801156
10,121,0,74.212054
10,122,0,79.648471
10,123,0,99.187399
10,124,0,75.225362
10,125,0,84.313679
10,126,0,83.455058
10,127,0,74.848883
10,128,0,84.790773
10,129,0,80.008784
10,130,0,77.736672
10,131,0,78.040455
10,132,0,84.625001
10,133,0,81.670757
10,134,0,81.660161
10,135,0,78.358029
10,136,0,77.690127
10,137,0,89.505955
10,138,0,81.832492
10,139,0,92.439062
10,140,0,75.125983
10,141,0,85.433944
10,142,0,81.523303
10,143,0,84.482062
10,144,0,79.559031
10,145,0,71.643713
10,146,0,77.593867
10,147,0,72.264809
10,148,0,80.63999
10,149,0,75.401998
10,150,0,78.681033
10,151,0,75.9474
10,152,0,89.31032
10,153,0,79.004859
10,154,0,80.156746
10,155,0,76.121986
10,156,0,76.162337
10,157,0,83.853813
10,158,0,88.472412
10,159,0,77.975716
10,160,0,72.819825
10,161,0,82.575174
10,162,0,78.295862
10,163,0,93.137352
10,164,0,77.862843
10,165,0,72.436347
10,166,0,76.202827
10,167,0,72.720591
10,168,0,88.334604
10,169,0,78.014409
10,170,0,78.583493
10,171,0,81.499356
10,172,0,77.760387
10,173,0,89.092313
10,174,0,78.179642
10,175,0,76.261766
10,176,0,81.670685
10,177,0,77.692681
10,178,0,83.732079
10,179,0,74.599268
10,180,0,74.275246
10,181,0,75.777997
10,182,0,73.467521
10,183,0,99.298556
10,184,0,82.374961
10,185,0,99.420478
10,186,0,80.136268
10,187,0,79.008178
10,188,0,72.955977
10,189,0,77.944713
10,190,0,81.606241
10,191,0,73.397471
10,192,0,77.425093
10,193,0,87.147591
10,194,0,77.200546
10,195,0,75.355439
10,196,0,80.129226
10,197,0,83.516333
10,198,0,78.394806
10,199,0,76.890883
10,200,0,77.643676
10,201,0,76.302172
10,202,0,78.283919
10,203,0,77.673549
10,204,0,72.058554
10,205,0,85.077522
10,206,0,76.791537
10,207,0,83.384277
10,208,0,90.661492
10,209,0,86.180451
10,210,0,73.769028
10,211,0,78.451406
10,212,0,77.304984
10,213,0,79.382136
10,214,0,76.817915
10,215,0,74.556144
10,216,0,77.277855
10,217,0,86.550339
10,218,0,74.024641
10,219,0,96.274681
10,220,0,88.206615
10,221,0,83.448759
10,222,0,78.330185
10,223,0,74.629797
10,224,0,77.465637
10,225,0,77.04777
10,226,0,84.164503
10,227,0,77.708393
10,228,0,80.104276
10,229,0,76.654678
10,230,0,75.399267
10,231,0,72.013125
10,232,0,73.788479
10,233,0,74.008098
10,234,0,87.013206
10,235,0,76.835124
10,236,0,85.487319
10,237,0,74.400522
10,238,0,73.424368
10,239,0,78.350345
10,240,0,75.903364
10,241,0,79.564314
10,242,0,78.717251
10,243,0,78.436044
10,244,0,72.992306
10,245,0,75.276279
10,246,0,81.909718
10,247,0,75.902046
10,248,0,78.927883
10,249,0,77.448049
10,250,0,74.76376
10,251,0,72.779223
10,252,0,74.50616
10,253,0,77.210195
10,254,0,88.532917
10,255,0,77.278895
10,256,0,77.470015
10,257,0,72.710636
10,258,0,76.391201
10,259,0,87.804862
10,260,0,75.038881
10,261,0,80.129757
10,262,0,81.339922
10,263,0,73.648113
10,264,0,72.197928
10,265,0,79.670834
10,266,0,82.466799
10,267,0,72.948349
10,268,0,80.47277
10,269,0,80.323897
10,270,0,91.959605
10,271,0,83.268676
10,272,0,92.965343
10,273,0,78.6528
10,274,0,85.696468
10,275,0,75.3757
10,276,0,79.369475
10,277,0,75.135618
10,278,0,81.647382
10,279,0,77.117973
10,280,0,74.295936
10,281,0,76.230414
10,282,0,86.49839
10,283,0,115.857022
10,284,0,72.093829
10,285,0,87.955507
10,286,0,83.284731
10,287,0,88.958236
10,288,0,71.475691
10,289,0,85.573479
10,290,0,81.713786
10,291,0,89.340412
10,292,0,91.148847
10,293,0,85.035979
10,294,0,79.28608
10,295,0,82.054236
10,296,0,90.653205
10,297,0,80.113007
10,298,0,74.563938
10,299,0,77.197287
10,300,0,89.343391
10,301,0,85.477391
10,302,0,87.928792
10,303,0,75.943354
10,304,0,72.097543
10,305,0,79.249834
10,306,0,76.738523
10,307,0,76.935841
10,308,0,76.354053
10,309,0,74.640943
10,310,0,84.273774
10,311,0,81.918402
10,312,0,78.487969
10,313,0,75.575335
10,314,0,77.46513
10,315,0,81.251838
10,316,0,72.948623
10,317,0,85.726582
10,318,0,87.242803
10,319,0,74.506872
10,320,0,75.933187
10,321,0,72.045454
10,322,0,97.32935
10,323,0,77.905172
10,324,0,75.712002
10,325,0,80.417275
10,326,0,76.916468
10,327,0,80.098002
10,328,0,90.423585
10,329,0,86.910152
10,330,0,84.961293
10,331,0,72.343092
10,332,0,81.189857
10,333,0,84.278137
10,334,0,79.933535
10,335,0,86.257042
10,336,0,84.593123
10,337,0,74.634422
10,338,0,80.308981
10,339,0,74.900269
10,340,0,74.592439
10,341,0,85.929927
10,342,0,81.127597
10,343,0,81.178778
10,344,0,75.41828
10,345,0,87.9979
10,346,0,77.590797
10,347,0,75.776029
10,348,0,76.130751
10,349,0,88.745094
10,350,0,76.605622
10,351,0,82.357076
10,352,0,75.695881
10,353,0,85.86429
10,354,0,81.726885
10,355,0,84.932438
10,356,0,79.53211
10,357,0,74.229808
10,358,0,73.449781
10,359,0,80.521472
10,360,0,92.898151
10,361,0,76.113011
10,362,0,78.802194
10,363,0,78.170363
10,364,0,73.312191
10,365,0,84.767274
10,366,0,81.747688
10,367,0,78.60337
10,368,0,88.222859
10,369,0,76.685983
10,370,0,74.505273
10,371,0,78.275343
10,372,0,74.327421
10,373,0,79.203145
10,374,0,73.159425
10,375,0,78.335395
10,376,0,75.781707
10,377,0,71.741164
10,378,0,82.103764
10,379,0,77.143347
10,380,0,79.501786
10,381,0,74.340704
10,382,0,77.083228
10,383,0,77.317084
10,384,0,76.247596
10,385,0,82.168387
10,386,0,82.67095
10,387,0,79.016118
10,388,0,77.736206
10,389,0,86.799545
10,390,0,75.53083
10,391,0,85.711843
10,392,0,74.401899
10,393,0,77.001946
10,394,0,82.629531
10,395,0,82.434636
10,396,0,84.816364
10,397,0,86.730257
10,398,0,82.045076
10,399,0,78.265123
10,400,0,85.90722
10,401,0,75.632311
10,402,0,79.971114
10,403,0,77.665083
10,404,0,86.622964
10,405,0,81.435573
10,406,0,82.618017
10,407,0,74.301893
10,408,0,87.043228
10,409,0,76.843769
10,410,0,76.246995
10,411,0,79.780394
10,412,0,80.361799
10,413,0,74.072014
10,414,0,78.301478
10,415,0,78.194566
10,416,0,71.693216
10,417,0,80.243824
10,418,0,77.714106
10,419,0,78.572675
10,420,0,81.514696
10,421,0,82.976195
10,422,0,74.132489
10,423,0,80.65425
10,424,0,74.776052
10,425,0,78.910543
10,426,0,79.92141
10,427,0,76.263155
10,428,0,83.304804
10,429,0,78.818588
10,430,0,83.316236
10,431,0,77.846374
10,432,0,92.749034
10,433,0,79.585984
10,434,0,74.355759
10,435,0,78.169095
10,436,0,81.026505
10,437,0,94.597605
10,438,0,78.454529
10,439,0,78.633583
10,440,0,78.318356
10,441,0,79.735394
10,442,0,74.351632
10,443,0,80.023488
10,444,0,85.528459
10,445,0,96.300697
10,446,0,82.22502
10,447,0,79.670479
10,448,0,86.575163
10,449,0,83.628265
10,450,0,75.944513
10,451,0,74.692033
10,452,0,77.43568
10,453,0,77.257658
10,454,0,76.930185
10,455,0,92.553354
10,456,0,81.685766
10,457,0,82.600789
10,458,0,83.083788
10,459,0,78.424747
10,460,0,78.366605
10,461,0,78.817526
10,462,0,78.510064
10,463,0,76.842781
10,464,0,72.895104
10,465,0,78.946566
10,466,0,74.276737
10,467,0,76.873577
10,468,0,75.361172
10,469,0,75.880065
10,470,0,85.759999
10,471,0,84.561333
10,472,0,87.639324
10,473,0,72.975367
10,474,0,71.878131
10,475,0,83.799816
10,476,0,79.697468
10,477,0,78.769857
10,478,0,77.664183
10,479,0,75.123245
10,480,0,73.173349
10,481,0,80.711412
10,482,0,78.970064
10,483,0,80.843889
10,484,0,90.524413
10,485,0,71.507547
10,486,0,74.242209
10,487,0,72.577475
10,488,0,86.848645
10,489,0,77.189332
10,490,0,75.386946
10,491,0,80.474456
10,492,0,77.150218
10,493,0,76.74019
10,494,0,79.348244
10,495,0,76.693362
10,496,0,78.480396
10,497,0,81.96617
10,498,0,87.237254
10,499,0,84.253274
10,500,0,84.242678
10,501,0,76.431292
10,502,0,79.815178
10,503,0,76.470884
10,504,0,72.920331
10,505,0,76.841806
10,506,0,76.807947
10,507,0,80.416979
10,508,0,78.516331
10,509,0,82.373272
10,510,0,76.084995
10,511,0,79.987594
10,512,0,78.910891
10,513,0,78.091501
10,514,0,80.802122
10,515,0,81.371265
10,516,0,75.511102
10,517,0,73.609477
10,518,0,74.874683
10,519,0,84.029709
10,520,0,77.622408
10,521,0,76.874727
10,522,0,75.741115
10,523,0,76.531967
10,524,0,77.200237
10,525,0,74.468536
10,526,0,87.35475
10,527,0,81.000408
10,528,0,72.520771
10,529,0,78.742763
10,530,0,78.822648
10,531,0,76.24645
10,532,0,78.928028
10,533,0,79.285741
10,534,0,77.51507
10,535,0,76.629078
10,536,0,72.155356
10,537,0,74.133718
10,538,0,85.855349
10,539,0,80.068219
10,540,0,78.054685
10,541,0,93.693349
10,542,0,83.621789
10,543,0,77.672796
10,544,0,74.860293
10,545,0,73.449315
10,546,0,79.929056
10,547,0,72.732072
10,548,0,84.782028
10,549,0,77.317527
10,550,0,78.865771
10,551,0,75.48354
10,552,0,78.265908
10,553,0,79.966492
10,554,0,76.29765
10,555,0,73.262019
10,556,0,75.258231
10,557,0,77.175843
10,558,0,84.786068
10,559,0,76.123239
10,560,0,75.858991
10,561,0,81.407055
10,562,0,73.409518
10,563,0,73.589704
10,564,0,81.525985
10,565,0,83.463931
10,566,0,72.539579
10,567,0,80.402595
10,568,0,75.142705
10,569,0,80.263024
10,570,0,76.345947
10,571,0,77.465935
10,572,0,82.450923
10,573,0,74.297477
10,574,0,80.772044
10,575,0,73.745407
10,576,0,86.808244
10,577,0,74.159066
10,578,0,73.781525
10,579,0,73.987658
10,580,0,80.112218
10,581,0,73.292001
10,582,0,74.717692
10,583,0,73.242892
10,584,0,73.953281
10,585,0,74.326106
10,586,0,89.300669
10,587,0,74.846348
10,588,0,72.340457
10,589,0,80.611296
10,590,0,80.297055
10,591,0,82.288629
10,592,0,81.903539
10,593,0,76.810054
10,594,0,77.111069
10,595,0,86.434476
10,596,0,80.071975
10,597,0,85.175284
10,598,0,83.760515
10,599,0,74.381206
10,600,0,78.473205
10,601,0,75.611759
10,602,0,87.045371
10,603,0,74.563636
10,604,0,73.790362
10,605,0,85.492223
10,606,0,75.479157
10,607,0,79.34086
10,608,0,72.794835
10,609,0,86.143747
10,610,0,75.347682
10,611,0,76.832537
10,612,0,76.706256
10,613,0,77.064669
10,614,0,72.150137
10,615,0,80.92849
10,616,0,79.832704
10,617,0,75.191668
10,618,0,78.314507
10,619,0,82.336426
10,620,0,73.344125
10,621,0,101.858346
10,622,0,82.001237
10,623,0,80.069281
10,624,0,75.419363
10,625,0,72.845762
10,626,0,76.986448
10,627,0,76.450813
10,628,0,73.142581
10,629,0,73.330442
10,630,0,83.645915
10,631,0,75.85115
10,632,0,76.51162
10,633,0,74.125571
10,634,0,73.614039
10,635,0,74.023831
10,636,0,80.004728
10,637,0,79.726577
10,638,0,83.04895
10,639,0,79.916924
10,640,0,91.109924
10,641,0,77.533175
10,642,0,77.382419
10,643,0,85.182152
10,644,0,78.080305
10,645,0,93.480797
10,646,0,78.195279
10,647,0,86.663187
10,648,0,75.793754
10,649,0,75.989028
10,650,0,71.880044
10,651,0,81.464113
10,652,0,76.293413
10,653,0,74.21548
10,654,0,93.424158
10,655,0,87.783386
10,656,0,72.691506
10,657,0,80.820362
10,658,0,83.627155
10,659,0,74.523549
10,660,0,75.536722
10,661,0,78.778057
10,662,0,78.987485
10,663,0,73.497087
10,664,0,81.254875
10,665,0,74.352405
10,666,0,94.814482
10,667,0,74.660601
10,668,0,77.603051
10,669,0,72.358425
10,670,0,77.711621
10,671,0,78.228861
10,672,0,86.872041
10,673,0,79.718218
10,674,0,73.328403
10,675,0,74.353539
10,676,0,74.321545
10,677,0,73.695479
10,678,0,99.523928
10,679,0,82.293815
10,680,0,83.428699
10,681,0,89.533951
10,682,0,81.287295
10,683,0,86.821499
10,684,0,93.8713
10,685,0,79.550603
10,686,0,77.244764
10,687,0,75.86166
10,688,0,81.273552
10,689,0,74.767398
10,690,0,83.517059
10,691,0,81.262979
10,692,0,74.504008
10,693,0,89.420964
10,694,0,73.288336
10,695,0,73.762951
10,696,0,79.735203
10,697,0,79.01204
10,698,0,73.65269
10,699,0,76.372627
10,700,0,77.522261
10,701,0,73.0325
10,702,0,83.653621
10,703,0,82.791123
10,704,0,76.126419
10,705,0,80.071141
10,706,0,89.120438
10,707,0,73.881661
10,708,0,76.051627
10,709,0,81.635612
10,710,0,81.200101
10,711,0,80.730886
10,712,0,73.743969
10,713,0,75.329296
10,714,0,75.761496
10,715,0,81.466528
10,716,0,79.491495
10,717,0,77.600467
10,718,0,74.262046
10,719,0,88.024938
10,720,0,78.397892
10,721,0,93.144935
10,722,0,74.049452
10,723,0,79.445154
10,724,0,75.24277
10,725,0,101.143821
10,726,0,84.629511
10,727,0,73.045806
10,728,0,85.169991
10,729,0,76.113125
10,730,0,79.373016
10,731,0,80.073693
10,732,0,78.539829
10,733,0,81.31991
10,734,0,86.512601
10,735,0,75.79021
10,736,0,77.235494
10,737,0,77.228803
10,738,0,82.557439
10,739,0,79.550898
10,740,0,74.698332
10,741,0,84.563442
10,742,0,71.957904
10,743,0,90.310606
10,744,0,74.337686
10,745,0,85.193758
10,746,0,75.780582
10,747,0,80.21274
10,748,0,79.414303
10,749,0,80.409918
10,750,0,87.133918
10,751,0,76.474721
10,752,0,77.383709
10,753,0,82.49043
10,754,0,73.489687
10,755,0,76.884499
10,756,0,78.782401
10,757,0,73.68819
10,758,0,75.201896
10,759,0,74.972356
10,760,0,76.829106
10,761,0,73.892033
10,762,0,75.03951
10,763,0,80.064135
10,764,0,80.078818
10,765,0,77.297182
10,766,0,81.978595
10,767,0,82.304786
10,768,0,78.642112
10,769,0,74.069054
10,770,0,78.241733
10,771,0,73.058875
10,772,0,74.803002
10,773,0,73.93482
10,774,0,84.923649
10,775,0,77.293398
10,776,0,76.573518
10,777,0,79.917923
10,778,0,84.451476
10,779,0,72.141168
10,780,0,102.029992
10,781,0,76.479998
10,782,0,74.886377
10,783,0,72.930622
10,784,0,76.622604
10,785,0,82.280839
10,786,0,78.449837
10,787,0,81.173527
10,788,0,79.151869
10,789,0,87.569174
10,790,0,91.021734
10,791,0,72.091492
10,792,0,80.352629
10,793,0,87.530503
10,794,0,77.806569
10,795,0,76.832854
10,796,0,74.325827
10,797,0,76.169923
10,798,0,75.265434
10,799,0,82.040597
10,800,0,77.365713
10,801,0,74.674141
10,802,0,90.610058
10,803,0,95.760505
10,804,0,74.089031
10,805,0,77.18917
10,806,0,80.692754
10,807,0,81.832753
10,808,0,74.34206
10,809,0,82.906048
10,810,0,79.633447
10,811,0,74.972891
10,812,0,74.056911
10,813,0,80.452261
10,814,0,93.036166
10,815,0,72.847242
10,816,0,82.019184
10,817,0,77.133098
10,818,0,77.046971
10,819,0,76.198002
10,820,0,76.274632
10,821,0,79.938312
10,822,0,77.328801
10,823,0,83.069282
10,824,0,82.51005
10,825,0,77.159534
10,826,0,87.970774
10,827,0,76.999471
10,828,0,87.164294
10,829,0,88.785328
10,830,0,85.631229
10,831,0,79.842503
10,832,0,78.069547
10,833,0,80.317231
10,834,0,71.855065
10,835,0,74.226678
10,836,0,82.161767
10,837,0,77.898803
10,838,0,80.584744
10,839,0,82.332156
10,840,0,75.902149
10,841,0,74.637669
10,842,0,78.944043
10,843,0,72.255644
10,844,0,76.691185
10,845,0,79.421223
10,846,0,73.109621
10,847,0,81.265738
10,848,0,74.713304
10,849,0,75.281491
10,850,0,79.631357
10,851,0,76.215607
10,852,0,85.369914
10,853,0,74.576951
10,854,0,85.151039
10,855,0,75.608449
10,856,0,73.152677
10,857,0,75.509344
10,858,0,75.283797
10,859,0,80.242577
10,860,0,80.707732
10,861,0,84.990215
10,862,0,76.754694
10,863,0,78.193482
10,864,0,72.025912
10,865,0,83.461022
10,866,0,76.272373
10,867,0,78.674602
10,868,0,78.65057
10,869,0,75.27797
10,870,0,98.969398
10,871,0,78.874953
10,872,0,83.829736
10,873,0,84.010766
10,874,0,78.215129
10,875,0,77.848988
10,876,0,78.439834
10,877,0,74.82341
10,878,0,81.364195
10,879,0,73.360495
10,880,0,74.675627
10,881,0,77.084705
10,882,0,73.496653
10,883,0,74.41153
10,884,0,80.983117
10,885,0,73.999651
10,886,0,76.95879
10,887,0,75.867867
10,888,0,85.264751
10,889,0,86.114527
10,890,0,72.034176
10,891,0,85.271095
10,892,0,87.821954
10,893,0,74.173053
10,894,0,79.360544
10,895,0,77.134115
10,896,0,73.517068
10,897,0,83.176144
10,898,0,74.257755
10,899,0,73.975667
10,900,0,85.104207
10,901,0,75.861612
10,902,0,83.064601
10,903,0,83.261432
10,904,0,75.145261
10,905,0,77.092542
10,906,0,87.680283
10,907,0,80.159578
10,908,0,84.248132
10,909,0,71.773168
10,910,0,79.989789
10,911,0,82.172145
10,912,0,92.625765
10,913,0,74.824562
10,914,0,79.44485
10,915,0,101.372928
10,916,0,75.408917
10,917,0,83.385658
10,918,0,83.562023
10,919,0,87.038087
10,920,0,82.416411
10,921,0,72.73909
10,922,0,92.327146
10,923,0,75.402702
10,924,0,80.808704
10,925,0,74.432785
10,926,0,78.669926
10,927,0,73.14402
10,928,0,76.395295
10,929,0,77.454903
10,930,0,84.571596
10,931,0,76.323961
10,932,0,75.806582
10,933,0,76.101989
10,934,0,75.5018
10,935,0,73.821261
10,936,0,85.120814
10,937,0,75.181481
10,938,0,82.087863
10,939,0,79.656715
10,940,0,84.737806
10,941,0,78.535672
10,942,0,88.413399
10,943,0,85.047621
10,944,0,77.490116
10,945,0,79.162129
10,946,0,84.246315
10,947,0,74.784256
10,948,0,75.007474
10,949,0,97.581153
10,950,0,80.942538
10,951,0,77.012918
10,952,0,84.300415
10,953,0,75.679545
10,954,0,82.911228
10,955,0,77.560795
10,956,0,74.761247
10,957,0,75.805626
10,958,0,79.989129
10,959,0,76.128692
10,960,0,76.932278
10,961,0,73.591574
10,962,0,81.008919
10,963,0,73.239524
10,964,0,90.825941
10,965,0,79.629741
10,966,0,77.839761
10,967,0,75.007107
10,968,0,80.797949
10,969,0,75.814227
10,970,0,87.409236
10,971,0,81.914252
10,972,0,73.450872
10,973,0,72.900539
10,974,0,74.717624
10,975,0,80.983384
10,976,0,77.113067
10,977,0,75.683647
10,978,0,74.741371
10,979,0,84.937081
10,980,0,89.486069
10,981,0,90.328302
10,982,0,78.906021
10,983,0,78.369418
10,984,0,89.824695
10,985,0,87.247666
10,986,0,77.478485
10,987,0,83.392802
10,988,0,72.609074
10,989,0,90.072718
10,990,0,78.535031
10,991,0,72.726166
10,992,0,80.175197
10,993,0,76.761679
10,994,0,77.098511
10,995,0,80.303669
10,996,0,78.632919
10,997,0,77.368841
10,998,0,77.676672
10,999,0,75.66467
