timestamp,variant,batch_id,key_index,public_key_hex,secret_key_hex,thermal_state,keygen_cycles,sign_cycles_array,verify_cycles_array
2026-06-26T15:54:39.546586+00:00,SQISign2D-East,1,0,FFFFFFFFFFFFFFFFFFFFFFFFFFFFFFFFFFFFFFFFFFFFFFFFFFFFFFFFFFFFFFFFFFFFFFFFFFFFFFFFFFFFFFFFFFFFFFFFFFFFFFFFFFFFFFFFFFFFFFFFFFFFFFFF,FFFFFFFFFFFFFFFFFFFFFFFFFFFFFFFFFFFFFFFFFFFFFFFFFFFFFFFFFFFFFFFFFFFFFFFFFFFFFFFFFFFFFFFFFFFFFFFFFFFFFFFFFFFFFFFFFFFFFFFFFFFFFFFF,0,436.27084,"1204.522,1280.380,1255.373,1208.706,1178.175,1330.846,1342.090,1333.045,1218.469,1199.666,1263.095,1228.405,1231.539,1341.403,1231.350,1213.415,1451.710,1295.428,1199.982,1244.266,1351.771,1262.588,1181.852,1235.432,1187.034,1295.829,1218.695,1193.538,1218.205,1270.975,1185.022,1241.135,1304.900,1258.320,1359.798,1262.509,1185.647,1292.442,1378.153,1275.865,1199.142,1243.185,1229.004,1309.805,1542.438,1410.196,1281.289,1167.442,1434.364,1330.167,1249.101,1244.964,1305.579,1212.435,1291.705,1297.096,1346.541,1221.833,1187.000,1174.802,1309.434,1204.561,1204.885,1335.068,1356.146,1334.583,1151.059,1257.597,1348.773,1195.220,1282.928,1235.539,1342.370,1405.341,1243.818,1332.917,1254.278,1277.707,1450.416,1267.329,1274.532,1230.378,1298.692,1358.198,1214.723,1351.482,1300.448,1425.772,1357.227,1379.630,1377.912,1293.188,1226.341,1187.574,1161.894,1352.148,1448.787,1363.589,1207.206,1190.907","264.959,264.613,224.521,218.152,240.006,271.097,224.177,268.464,248.220,241.851,288.520,268.587,242.820,259.994,253.858,254.282,229.802,240.635,249.293,253.391,239.621,241.785,248.383,237.540,238.580,243.980,232.045,228.992,222.336,246.500,225.984,284.623,229.786,234.494,292.284,242.653,217.503,254.984,237.803,252.771,259.288,251.640,251.640,242.135,229.168,258.892,229.071,239.345,264.967,262.012,265.111,262.195,225.419,239.182,262.638,272.725,277.804,262.729,259.435,239.745,242.386,228.762,236.383,256.424,262.086,240.830,217.184,236.662,260.200,265.963,279.560,270.165,239.734,246.779,248.696,242.051,252.954,264.344,301.652,257.653,267.014,282.347,224.018,298.574,233.758,270.446,235.220,269.156,233.009,295.114,269.353,264.935,263.602,253.774,232.436,226.445,236.135,240.111,233.940,232.762"
2026-06-26T15:54:39.546586+00:00,SQISign2D-East,1,1,FFFFFFFFFFFFFFFFFFFFFFFFFFFFFFFFFFFFFFFFFFFFFFFFFFFFFFFFFFFFFFFFFFFFFFFFFFFFFFFFFFFFFFFFFFFFFFFFFFFFFFFFFFFFFFFFFFFFFFFFFFFFFFFF,FFFFFFFFFFFFFFFFFFFFFFFFFFFFFFFFFFFFFFFFFFFFFFFFFFFFFFFFFFFFFFFFFFFFFFFFFFFFFFFFFFFFFFFFFFFFFFFFFFFFFFFFFFFFFFFFFFFFFFFFFFFFFFFF,0,445.044275,"1409.393,1217.838,1245.305,1184.282,1223.662,1222.689,1194.317,1188.349,1331.579,1210.599,1225.279,1314.314,1316.183,1254.280,1344.723,1421.839,1220.440,1264.863,1320.158,1398.718,1333.716,1278.626,1422.913,1388.967,1222.582,1420.439,1304.292,1172.196,1222.452,1221.000,1241.624,1340.009,1268.182,1358.485,1220.993,1274.094,1268.386,1237.239,1458.329,1360.838,1244.148,1286.290,1200.803,1411.955,1315.887,1268.646,1194.803,1229.492,1256.174,1231.601,1221.626,1255.175,1232.814,1342.108,1297.897,1253.510,1291.543,1484.298,1227.249,1288.672,1189.513,1309.577,1473.883,1378.450,1381.860,1429.433,1293.377,1209.927,1245.314,1492.256,1179.024,1214.151,1190.655,1455.914,1183.546,1311.118,1353.504,1167.324,1293.969,1234.492,1425.624,1322.429,1316.163,1235.685,1264.819,1217.872,1279.936,1244.439,1219.545,1261.437,1242.003,1205.168,1203.994,1223.659,1247.229,1381.929,1222.462,1367.246,1228.793,1198.143","275.920,256.488,264.454,229.553,266.476,278.518,248.181,238.407,257.659,239.454,267.109,282.592,237.688,257.135,267.046,271.273,255.738,240.196,259.157,280.576,264.637,263.540,279.599,265.246,214.979,251.888,259.495,238.741,272.730,255.504,231.205,261.381,269.425,243.533,232.983,245.974,252.806,235.785,248.098,248.956,295.598,237.952,258.441,291.138,272.701,253.428,229.593,263.409,272.894,243.303,254.967,245.726,229.003,279.193,266.472,273.542,235.104,297.023,268.343,251.886,228.523,259.175,251.880,246.116,234.997,258.353,237.252,266.519,282.864,249.808,248.479,250.618,245.878,271.626,220.883,269.661,237.235,235.414,233.938,254.461,241.238,236.914,239.604,262.704,240.243,262.420,276.404,241.310,242.106,259.325,249.638,245.685,243.894,259.691,267.134,239.470,246.509,275.462,256.180,234.712"
2026-06-26T15:54:39.546586+00:00,SQISign2D-East,1,2,FFFFFFFFFFFFFFFFFFFFFFFFFFFFFFFFFFFFFFFFFFFFFFFFFFFFFFFFFFFFFFFFFFFFFFFFFFFFFFFFFFFFFFFFFFFFFFFFFFFFFFFFFFFFFFFFFFFFFFFFFFFFFFFF,FFFFFFFFFFFFFFFFFFFFFFFFFFFFFFFFFFFFFFFFFFFFFFFFFFFFFFFFFFFFFFFFFFFFFFFFFFFFFFFFFFFFFFFFFFFFFFFFFFFFFFFFFFFFFFFFFFFFFFFFFFFFFFFF,0,431.730385,"1204.519,1382.390,1257.497,1251.480,1304.384,1276.636,1353.948,1450.851,1346.249,1355.549,1242.907,1321.040,1280.710,1214.096,1404.177,1171.389,1436.334,1279.963,1323.179,1287.274,1200.961,1348.038,1283.703,1235.961,1219.898,1276.415,1331.495,1187.941,1189.422,1246.201,1333.941,1257.549,1291.383,1353.831,1333.230,1215.829,1294.616,1345.601,1280.517,1226.287,1264.790,1424.883,1246.271,1172.867,1350.823,1354.041,1277.197,1187.320,1227.298,1283.425,1216.364,1185.487,1348.734,1269.973,1263.816,1300.581,1280.335,1251.571,1193.414,1369.189,1280.571,1188.114,1211.270,1328.225,1217.794,1260.898,1195.806,1222.031,1324.533,1239.863,1258.581,1415.673,1296.555,1266.978,1249.715,1236.392,1188.254,1211.461,1211.989,1213.989,1333.903,1206.299,1186.013,1335.533,1194.047,1344.709,1259.987,1377.117,1274.698,1266.758,1326.681,1211.787,1199.438,1208.500,1291.103,1265.984,1253.250,1299.959,1180.604,1186.872","256.747,282.616,299.832,245.344,233.267,249.983,224.132,229.394,261.436,261.011,266.865,218.231,254.155,239.120,252.257,220.350,230.810,234.915,254.705,296.489,261.204,255.986,233.103,242.109,234.818,298.555,250.615,224.377,264.196,258.284,295.909,268.954,216.591,238.816,230.085,243.661,279.172,249.840,287.005,270.122,275.172,218.675,234.693,228.227,271.065,276.743,277.010,238.751,236.223,254.294,242.430,247.027,224.872,258.326,215.438,234.927,243.210,270.102,238.790,221.409,238.413,260.007,256.269,245.437,248.262,248.838,254.308,236.392,244.417,232.111,259.432,289.919,239.372,254.135,282.392,255.161,228.761,230.411,269.864,264.363,286.344,242.193,239.073,233.404,226.512,255.379,240.448,263.679,229.776,266.761,246.944,238.203,238.462,232.981,261.659,250.974,279.312,229.807,228.567,253.329"
2026-06-26T15:54:39.546586+00:00,SQISign2D-East,1,3,FFFFFFFFFFFFFFFFFFFFFFFFFFFFFFFFFFFFFFFFFFFFFFFFFFFFFFFFFFFFFFFFFFFFFFFFFFFFFFFFFFFFFFFFFFFFFFFFFFFFFFFFFFFFFFFFFFFFFFFFFFFFFFFF,FFFFFFFFFFFFFFFFFFFFFFFFFFFFFFFFFFFFFFFFFFFFFFFFFFFFFFFFFFFFFFFFFFFFFFFFFFFFFFFFFFFFFFFFFFFFFFFFFFFFFFFFFFFFFFFFFFFFFFFFFFFFFFFF,0,514.494533,"1334.142,1335.856,1312.897,1294.635,1174.204,1523.516,1354.065,1248.269,1190.887,1345.986,1265.746,1346.761,1286.708,1241.010,1264.020,1210.142,1307.010,1169.824,1366.891,1496.546,1278.506,1442.983,1175.170,1227.278,1274.378,1314.892,1254.782,1187.973,1201.932,1399.159,1226.476,1406.161,1362.802,1333.801,1370.437,1207.789,1306.480,1285.518,1273.100,1321.956,1260.372,1277.206,1226.387,1231.391,1303.644,1202.000,1181.530,1324.261,1235.150,1210.610,1361.692,1231.844,1266.080,1336.912,1251.593,1198.837,1251.123,1322.259,1334.728,1420.339,1340.186,1348.876,1286.814,1227.172,1277.206,1208.000,1273.924,1387.828,1356.454,1187.292,1191.061,1493.453,1371.457,1467.401,1296.184,1284.398,1171.488,1371.688,1304.515,1353.521,1357.253,1241.944,1287.202,1252.721,1409.967,1374.770,1231.514,1230.005,1173.216,1196.671,1280.248,1279.261,1342.703,1381.984,1230.205,1233.784,1232.582,1382.934,1244.084,1287.308","259.613,250.823,237.502,249.833,246.856,251.379,257.075,247.288,254.932,250.279,232.360,296.285,284.852,261.049,280.573,250.852,248.652,250.073,270.169,265.063,233.372,279.900,240.142,243.389,260.318,244.453,280.368,235.629,234.835,244.473,263.840,323.775,266.218,307.437,239.390,223.687,244.984,285.524,262.960,256.558,282.107,233.225,237.077,237.902,240.761,231.151,238.721,266.040,240.952,251.215,232.749,266.589,253.240,290.175,232.448,269.583,249.585,243.400,239.749,233.864,316.352,279.028,262.539,301.070,238.967,244.715,240.792,272.394,270.028,257.713,226.675,261.659,269.870,259.695,255.400,232.239,247.906,222.342,251.961,220.758,239.820,268.970,249.530,235.488,261.252,217.215,258.618,253.847,242.122,259.470,229.327,246.348,255.969,252.025,250.948,231.911,261.396,256.457,255.394,269.500"
2026-06-26T15:54:39.546586+00:00,SQISign2D-East,1,4,FFFFFFFFFFFFFFFFFFFFFFFFFFFFFFFFFFFFFFFFFFFFFFFFFFFFFFFFFFFFFFFFFFFFFFFFFFFFFFFFFFFFFFFFFFFFFFFFFFFFFFFFFFFFFFFFFFFFFFFFFFFFFFFF,FFFFFFFFFFFFFFFFFFFFFFFFFFFFFFFFFFFFFFFFFFFFFFFFFFFFFFFFFFFFFFFFFFFFFFFFFFFFFFFFFFFFFFFFFFFFFFFFFFFFFFFFFFFFFFFFFFFFFFFFFFFFFFFF,0,412.513601,"1359.446,1213.085,1254.113,1169.924,1184.736,1297.487,1285.435,1291.157,1288.993,1200.330,1194.566,1460.538,1192.931,1246.103,1246.494,1228.595,1223.793,1262.025,1186.063,1425.995,1206.553,1209.265,1276.304,1237.611,1310.141,1471.536,1213.234,1590.290,1274.016,1355.512,1194.507,1381.296,1217.791,1379.893,1291.528,1350.128,1286.802,1193.130,1244.796,1189.331,1296.451,1213.072,1208.815,1220.205,1305.628,1279.882,1231.661,1223.539,1408.966,1304.238,1214.828,1363.932,1352.337,1241.530,1176.187,1311.419,1243.938,1216.667,1330.949,1235.959,1219.555,1274.203,1276.745,1287.924,1278.617,1300.338,1203.245,1188.153,1269.008,1407.000,1293.774,1344.481,1329.500,1502.576,1188.355,1431.726,1284.351,1428.227,1260.875,1396.182,1267.703,1387.040,1388.890,1199.758,1237.187,1197.022,1230.697,1195.495,1187.368,1168.057,1293.820,1386.894,1240.531,1229.567,1238.785,1343.151,1179.971,1432.932,1217.745,1205.689","293.210,241.814,213.906,211.271,249.231,258.878,271.232,296.539,258.780,242.078,236.071,248.306,245.835,270.418,249.135,253.453,228.321,266.725,234.861,246.091,218.591,223.420,279.563,245.080,318.128,248.557,245.375,241.892,252.926,271.305,228.505,236.334,235.471,222.594,233.544,272.912,241.952,256.706,280.059,222.875,254.014,241.595,231.564,253.600,245.660,241.062,257.635,255.436,265.227,246.370,250.580,239.820,259.438,259.650,264.211,231.263,255.584,243.931,290.586,268.797,267.757,252.487,220.613,220.769,267.657,251.358,226.460,252.684,252.163,265.756,298.555,220.265,244.356,285.978,228.349,289.321,251.421,247.939,259.376,269.307,275.860,259.792,278.255,226.920,255.976,224.615,296.741,234.663,225.088,232.438,261.409,235.675,237.397,249.193,277.162,220.700,225.041,274.994,256.138,242.574"
2026-06-26T15:54:39.546586+00:00,SQISign2D-East,1,5,FFFFFFFFFFFFFFFFFFFFFFFFFFFFFFFFFFFFFFFFFFFFFFFFFFFFFFFFFFFFFFFFFFFFFFFFFFFFFFFFFFFFFFFFFFFFFFFFFFFFFFFFFFFFFFFFFFFFFFFFFFFFFFFF,FFFFFFFFFFFFFFFFFFFFFFFFFFFFFFFFFFFFFFFFFFFFFFFFFFFFFFFFFFFFFFFFFFFFFFFFFFFFFFFFFFFFFFFFFFFFFFFFFFFFFFFFFFFFFFFFFFFFFFFFFFFFFFFF,0,475.308107,"1222.235,1296.183,1345.818,1230.007,1271.652,1207.615,1224.259,1208.175,1330.753,1418.341,1375.182,1176.666,1213.864,1280.442,1249.390,1399.140,1189.235,1277.750,1307.664,1436.448,1262.920,1220.241,1379.029,1252.449,1281.173,1177.703,1325.980,1222.251,1301.305,1200.802,1255.894,1176.829,1253.545,1221.876,1336.933,1314.667,1173.319,1287.348,1245.300,1263.695,1200.546,1176.273,1201.633,1374.992,1306.997,1250.667,1240.100,1182.211,1303.653,1278.077,1233.759,1245.569,1211.985,1283.519,1237.561,1227.841,1158.860,1311.117,1258.809,1453.524,1186.498,1353.863,1261.600,1376.671,1182.100,1179.944,1216.213,1254.685,1416.857,1366.684,1243.709,1372.274,1382.278,1244.693,1323.858,1301.722,1264.672,1169.615,1351.596,1343.404,1268.220,1289.807,1185.337,1231.863,1371.936,1224.068,1254.773,1279.961,1326.100,1307.197,1148.248,1372.002,1204.817,1372.665,1256.279,1276.547,1217.344,1253.260,1253.462,1223.238","272.548,273.198,282.102,264.556,254.215,257.999,262.456,254.894,273.947,262.564,275.383,238.985,241.512,258.763,278.219,276.385,244.752,241.486,241.581,273.792,259.551,275.577,274.144,266.972,282.623,225.743,276.072,271.606,262.711,252.552,274.727,236.823,273.663,258.706,295.208,308.409,253.440,277.084,237.187,239.713,235.666,264.953,228.820,256.966,256.088,249.364,239.402,264.591,243.691,317.350,263.479,305.471,250.374,245.487,240.058,283.523,243.897,256.958,254.104,278.437,265.817,235.957,261.389,258.711,230.423,262.741,216.380,248.599,271.191,293.407,257.833,228.421,269.716,284.764,264.545,266.482,271.590,261.258,249.669,292.365,246.926,258.827,246.906,249.747,237.766,288.211,260.893,221.368,263.916,314.178,229.588,261.941,249.774,264.132,246.666,272.932,239.847,249.624,265.890,285.778"
2026-06-26T15:54:39.546586+00:00,SQISign2D-East,1,6,FFFFFFFFFFFFFFFFFFFFFFFFFFFFFFFFFFFFFFFFFFFFFFFFFFFFFFFFFFFFFFFFFFFFFFFFFFFFFFFFFFFFFFFFFFFFFFFFFFFFFFFFFFFFFFFFFFFFFFFFFFFFFFFF,FFFFFFFFFFFFFFFFFFFFFFFFFFFFFFFFFFFFFFFFFFFFFFFFFFFFFFFFFFFFFFFFFFFFFFFFFFFFFFFFFFFFFFFFFFFFFFFFFFFFFFFFFFFFFFFFFFFFFFFFFFFFFFFF,0,534.824808,"1309.432,1272.978,1320.880,1246.472,1217.959,1318.929,1297.736,1226.623,1200.312,1302.996,1217.360,1399.044,1242.286,1248.800,1285.602,1244.948,1153.129,1254.585,1347.305,1227.233,1262.861,1243.281,1480.733,1250.092,1218.744,1194.647,1436.170,1353.219,1326.724,1358.464,1319.115,1240.557,1262.099,1225.891,1296.124,1192.873,1261.417,1202.814,1181.150,1367.054,1189.207,1347.016,1250.745,1346.406,1327.484,1309.119,1282.830,1241.846,1238.354,1305.474,1322.004,1252.932,1193.828,1264.232,1417.523,1197.860,1246.600,1217.921,1372.221,1296.121,1310.110,1154.272,1297.203,1242.169,1218.687,1285.286,1237.046,1222.450,1252.055,1294.007,1200.723,1212.945,1267.276,1304.722,1335.715,1191.714,1218.237,1250.004,1252.575,1272.757,1220.731,1303.005,1555.973,1193.126,1349.689,1334.368,1242.031,1329.843,1343.341,1294.613,1244.367,1276.274,1180.725,1195.189,1213.333,1339.663,1423.706,1244.658,1297.940,1363.596","247.940,226.292,269.629,239.760,239.030,266.346,219.752,248.385,241.524,270.387,283.883,245.352,244.558,236.623,229.148,265.222,223.356,210.800,237.317,246.246,285.595,221.482,251.411,250.005,238.800,240.741,266.468,259.413,237.977,262.872,224.609,268.051,265.293,217.446,249.467,211.088,232.651,226.697,214.077,257.819,221.803,273.810,221.294,225.538,246.196,243.214,248.435,261.345,238.447,241.052,212.428,219.645,219.382,246.922,259.588,213.240,208.982,281.523,267.906,303.524,248.755,216.891,237.364,224.670,223.404,228.832,255.563,248.001,258.689,249.618,266.046,254.913,250.721,208.047,259.904,232.755,232.898,244.593,248.400,240.670,238.020,250.242,235.243,242.701,251.131,272.203,263.352,242.862,249.271,263.623,261.741,259.412,218.293,231.457,221.547,297.123,296.845,256.069,230.718,218.848"
2026-06-26T15:54:39.546586+00:00,SQISign2D-East,1,7,FFFFFFFFFFFFFFFFFFFFFFFFFFFFFFFFFFFFFFFFFFFFFFFFFFFFFFFFFFFFFFFFFFFFFFFFFFFFFFFFFFFFFFFFFFFFFFFFFFFFFFFFFFFFFFFFFFFFFFFFFFFFFFFF,FFFFFFFFFFFFFFFFFFFFFFFFFFFFFFFFFFFFFFFFFFFFFFFFFFFFFFFFFFFFFFFFFFFFFFFFFFFFFFFFFFFFFFFFFFFFFFFFFFFFFFFFFFFFFFFFFFFFFFFFFFFFFFFF,0,427.878428,"1388.808,1281.147,1153.022,1202.900,1172.365,1264.079,1242.875,1319.459,1170.019,1167.177,1221.487,1496.074,1406.541,1460.752,1289.154,1258.951,1267.538,1211.798,1264.442,1300.955,1307.551,1256.544,1345.344,1259.713,1220.674,1266.652,1355.599,1230.344,1471.634,1283.132,1272.630,1397.582,1389.683,1205.754,1204.291,1342.312,1273.173,1320.395,1247.333,1385.327,1238.175,1174.770,1235.861,1356.123,1239.399,1304.038,1426.444,1269.474,1257.712,1286.527,1264.991,1223.271,1290.968,1485.616,1239.426,1248.167,1250.199,1362.247,1196.655,1241.943,1227.833,1282.202,1210.416,1244.370,1314.487,1216.760,1199.400,1260.545,1265.714,1244.959,1187.147,1243.341,1236.414,1278.111,1180.784,1239.992,1304.748,1307.160,1610.673,1264.469,1283.734,1378.946,1255.707,1197.232,1278.015,1227.355,1307.320,1246.789,1286.238,1391.548,1179.232,1293.260,1173.145,1273.427,1231.429,1206.009,1302.759,1256.357,1192.546,1250.474","309.821,259.675,230.566,233.408,258.682,218.017,238.503,228.272,230.523,225.537,272.797,255.713,269.035,232.250,292.429,234.059,228.867,239.539,235.541,258.208,258.828,238.977,231.652,235.518,257.728,246.141,244.293,246.887,233.509,242.314,249.858,271.588,228.658,232.124,238.705,264.174,266.865,260.428,229.392,244.741,244.512,251.163,252.793,271.587,242.925,235.175,255.763,243.462,251.127,251.096,271.505,270.920,233.495,234.086,216.565,239.879,240.939,249.310,235.178,228.498,230.795,264.493,217.411,256.566,226.804,213.525,240.035,235.109,248.951,266.668,251.034,253.139,240.086,280.744,221.239,224.849,250.694,257.692,235.222,274.564,252.623,260.175,248.314,268.544,251.347,238.425,267.257,264.673,264.160,300.672,224.684,239.300,245.512,234.748,221.867,238.475,232.070,228.082,235.703,281.083"
2026-06-26T15:54:39.546586+00:00,SQISign2D-East,1,8,FFFFFFFFFFFFFFFFFFFFFFFFFFFFFFFFFFFFFFFFFFFFFFFFFFFFFFFFFFFFFFFFFFFFFFFFFFFFFFFFFFFFFFFFFFFFFFFFFFFFFFFFFFFFFFFFFFFFFFFFFFFFFFFF,FFFFFFFFFFFFFFFFFFFFFFFFFFFFFFFFFFFFFFFFFFFFFFFFFFFFFFFFFFFFFFFFFFFFFFFFFFFFFFFFFFFFFFFFFFFFFFFFFFFFFFFFFFFFFFFFFFFFFFFFFFFFFFFF,0,465.819667,"1246.296,1273.585,1299.544,1236.258,1407.709,1295.885,1343.826,1300.163,1403.294,1193.160,1304.787,1144.056,1280.397,1392.235,1246.347,1390.468,1206.366,1273.369,1254.847,1280.370,1236.363,1307.975,1359.657,1244.983,1283.945,1239.606,1234.929,1372.852,1226.878,1236.394,1257.672,1243.885,1281.322,1251.283,1356.711,1211.190,1226.990,1406.318,1211.333,1304.297,1352.191,1236.803,1167.159,1257.909,1224.029,1238.158,1232.493,1250.870,1198.992,1303.275,1198.761,1209.652,1244.047,1271.953,1293.160,1243.272,1315.266,1286.357,1219.549,1189.244,1245.143,1191.303,1280.637,1624.496,1284.115,1378.504,1448.067,1279.839,1225.736,1293.768,1243.218,1302.877,1267.624,1198.954,1247.317,1211.405,1246.895,1221.995,1167.073,1161.840,1255.986,1279.047,1242.738,1192.085,1271.431,1216.783,1281.180,1332.755,1302.131,1182.801,1194.521,1386.542,1224.428,1219.986,1237.905,1251.003,1304.646,1647.463,1271.909,1169.361","285.560,234.302,304.206,262.231,278.478,316.800,249.187,267.119,270.756,264.006,304.857,247.552,265.678,268.975,273.857,281.882,257.372,302.672,273.610,248.634,261.494,276.139,254.957,239.355,271.040,265.581,254.253,275.515,269.513,263.242,257.269,235.915,278.845,274.555,288.363,287.689,247.138,265.261,244.812,261.067,295.536,265.829,244.163,258.078,263.672,270.870,270.396,248.673,262.153,281.007,265.643,302.857,271.013,273.469,262.280,267.825,295.372,279.261,265.219,267.525,282.959,236.246,274.207,335.775,261.499,273.369,273.498,273.571,266.412,269.753,253.177,268.771,261.577,264.501,265.649,244.119,250.642,264.751,242.938,250.849,261.004,268.017,279.380,238.609,279.824,253.445,291.342,246.566,255.801,275.437,265.098,276.780,231.551,244.238,245.796,240.445,277.993,286.964,255.150,249.823"
2026-06-26T15:54:39.546586+00:00,SQISign2D-East,1,9,FFFFFFFFFFFFFFFFFFFFFFFFFFFFFFFFFFFFFFFFFFFFFFFFFFFFFFFFFFFFFFFFFFFFFFFFFFFFFFFFFFFFFFFFFFFFFFFFFFFFFFFFFFFFFFFFFFFFFFFFFFFFFFFF,FFFFFFFFFFFFFFFFFFFFFFFFFFFFFFFFFFFFFFFFFFFFFFFFFFFFFFFFFFFFFFFFFFFFFFFFFFFFFFFFFFFFFFFFFFFFFFFFFFFFFFFFFFFFFFFFFFFFFFFFFFFFFFFF,0,470.56626,"1237.151,1233.766,1248.134,1251.901,1262.043,1216.631,1308.102,1432.156,1184.912,1286.542,1318.647,1301.964,1244.972,1328.648,1220.067,1219.127,1201.994,1232.263,1178.725,1270.226,1189.651,1168.131,1319.152,1243.321,1197.108,1288.389,1272.022,1231.329,1253.263,1173.408,1273.945,1269.866,1269.380,1345.772,1181.800,1313.459,1241.978,1254.821,1203.772,1257.533,1177.450,1260.373,1248.987,1261.560,1371.601,1323.966,1340.148,1276.475,1213.635,1386.097,1320.440,1236.614,1315.054,1223.196,1290.722,1255.220,1300.184,1197.837,1251.116,1454.786,1205.727,1270.237,1339.271,1216.489,1274.961,1212.618,1352.277,1425.651,1305.630,1354.653,1333.523,1440.635,1239.944,1234.764,1309.205,1323.716,1406.974,1238.074,1229.593,1350.660,1490.931,1266.177,1222.616,1173.619,1510.673,1270.349,1177.007,1401.794,1205.660,1278.733,1376.183,1306.049,1237.832,1250.535,1433.563,1558.673,1262.831,1236.035,1432.292,1218.365","316.870,256.422,251.038,257.207,249.265,266.280,306.007,295.663,274.136,253.857,286.753,248.587,276.917,280.367,262.810,245.462,267.214,269.346,247.015,243.739,286.188,243.650,271.494,307.694,265.747,292.718,272.599,256.543,264.795,253.136,249.816,271.302,300.377,281.942,247.472,251.952,258.282,269.982,240.593,280.468,238.663,268.528,262.803,299.017,293.344,288.940,282.129,311.425,258.543,268.129,255.919,268.786,238.512,268.144,267.384,281.514,281.681,250.769,281.220,235.876,259.547,253.437,279.467,262.162,301.445,242.185,264.559,318.763,263.400,292.842,296.177,291.134,273.402,252.396,241.665,254.570,291.872,292.871,252.254,310.939,272.190,265.725,285.017,240.879,299.125,294.041,255.934,254.507,280.394,276.623,271.086,239.659,253.046,290.936,272.144,247.783,273.732,279.520,290.109,248.620"
2026-06-26T16:08:44.562877+00:00,SQISign2D-East,2,0,FFFFFFFFFFFFFFFFFFFFFFFFFFFFFFFFFFFFFFFFFFFFFFFFFFFFFFFFFFFFFFFFFFFFFFFFFFFFFFFFFFFFFFFFFFFFFFFFFFFFFFFFFFFFFFFFFFFFFFFFFFFFFFFF,FFFFFFFFFFFFFFFFFFFFFFFFFFFFFFFFFFFFFFFFFFFFFFFFFFFFFFFFFFFFFFFFFFFFFFFFFFFFFFFFFFFFFFFFFFFFFFFFFFFFFFFFFFFFFFFFFFFFFFFFFFFFFFFF,0,458.744127,"1222.282,1176.558,1227.088,1189.830,1335.237,1284.038,1274.926,1215.810,1218.599,1263.867,1205.993,1217.818,1170.659,1331.289,1296.568,1296.752,1207.716,1311.546,1232.537,1240.851,1263.459,1407.892,1282.548,1235.713,1249.669,1218.986,1205.694,1287.259,1262.290,1235.706,1365.267,1206.234,1338.357,1210.772,1321.183,1290.801,1398.090,1333.260,1227.985,1181.645,1198.791,1204.327,1185.337,1239.674,1246.877,1257.046,1376.494,1206.794,1186.898,1192.744,1193.966,1470.317,1440.421,1166.114,1189.747,1284.345,1203.541,1227.597,1228.500,1423.024,1217.606,1197.186,1186.539,1218.725,1233.147,1172.723,1285.845,1200.589,1300.703,1720.027,1272.745,1177.555,1250.621,1363.498,1255.801,1227.685,1244.842,1287.380,1337.753,1184.473,1239.555,1216.378,1181.375,1355.427,1250.156,1182.881,1320.568,1337.791,1275.333,1271.736,1234.222,1338.654,1204.014,1250.526,1141.570,1250.082,1200.235,1238.282,1248.458,1239.265","245.206,237.377,257.037,231.059,238.107,269.963,255.700,231.340,229.423,216.437,231.565,234.041,220.005,217.790,255.182,293.584,246.047,245.944,235.306,240.100,236.096,261.892,239.891,267.814,229.424,240.319,242.158,278.460,219.166,226.054,244.839,257.074,285.680,273.454,250.151,259.328,259.125,272.315,229.701,242.053,272.555,254.536,231.530,251.022,246.940,250.930,283.458,263.690,249.427,261.948,279.681,255.001,254.758,240.240,228.073,254.320,238.670,256.284,270.739,288.885,259.606,239.651,259.346,266.538,234.451,240.765,267.221,227.903,277.920,292.174,242.332,210.875,247.907,261.129,243.787,244.551,247.982,285.925,257.039,240.611,252.291,231.990,218.568,220.509,232.920,223.363,257.903,217.047,251.494,218.174,217.462,237.520,221.050,268.416,228.453,271.282,230.866,242.338,218.521,281.147"
2026-06-26T16:08:44.562877+00:00,SQISign2D-East,2,1,FFFFFFFFFFFFFFFFFFFFFFFFFFFFFFFFFFFFFFFFFFFFFFFFFFFFFFFFFFFFFFFFFFFFFFFFFFFFFFFFFFFFFFFFFFFFFFFFFFFFFFFFFFFFFFFFFFFFFFFFFFFFFFFF,FFFFFFFFFFFFFFFFFFFFFFFFFFFFFFFFFFFFFFFFFFFFFFFFFFFFFFFFFFFFFFFFFFFFFFFFFFFFFFFFFFFFFFFFFFFFFFFFFFFFFFFFFFFFFFFFFFFFFFFFFFFFFFFF,0,472.919631,"1320.880,1460.393,1221.303,1262.261,1247.092,1230.691,1157.402,1651.993,1144.345,1242.736,1224.119,1234.113,1265.465,1425.184,1167.813,1304.252,1185.055,1251.824,1261.322,1230.345,1187.956,1163.541,1214.862,1361.592,1275.273,1175.757,1230.993,1454.324,1233.786,1410.221,1449.704,1290.250,1252.841,1277.488,1291.063,1216.037,1278.970,1169.877,1354.153,1429.463,1286.097,1314.345,1198.759,1200.437,1259.322,1289.252,1396.151,1233.237,1217.179,1286.718,1152.887,1291.749,1281.507,1252.703,1187.971,1224.527,1169.838,1255.985,1195.222,1362.546,1206.579,1248.047,1210.982,1197.810,1216.663,1229.790,1241.010,1278.140,1257.123,1498.167,1302.847,1221.060,1247.225,1281.209,1263.011,1235.962,1191.187,1222.727,1202.192,1286.838,1204.429,1216.569,1359.911,1278.515,1232.308,1212.663,1261.714,1318.903,1215.881,1307.879,1215.150,1310.726,1153.748,1254.769,1203.962,1250.490,1269.589,1349.286,1209.999,1169.140","240.724,265.098,232.413,281.767,283.413,221.966,226.137,239.173,227.481,238.893,228.631,242.936,286.604,226.631,248.415,291.265,238.472,262.736,267.143,244.736,224.513,210.706,252.298,259.208,273.290,246.830,271.282,232.395,233.029,260.408,244.863,222.791,253.744,264.258,282.291,241.710,212.898,231.732,230.393,222.673,261.967,272.594,245.344,244.303,236.342,258.480,251.888,250.737,239.789,260.714,215.313,251.105,233.894,266.229,225.550,245.442,215.079,218.294,259.434,253.362,254.986,242.420,251.417,246.779,253.252,235.377,263.347,233.463,236.215,238.385,238.726,217.795,219.289,262.729,246.895,221.916,226.739,257.795,252.367,242.089,241.504,265.812,252.402,277.953,248.052,237.003,254.711,239.545,260.225,243.958,281.288,255.917,233.365,232.974,239.763,227.775,289.055,268.334,287.574,239.496"
2026-06-26T16:08:44.562877+00:00,SQISign2D-East,2,2,FFFFFFFFFFFFFFFFFFFFFFFFFFFFFFFFFFFFFFFFFFFFFFFFFFFFFFFFFFFFFFFFFFFFFFFFFFFFFFFFFFFFFFFFFFFFFFFFFFFFFFFFFFFFFFFFFFFFFFFFFFFFFFFF,FFFFFFFFFFFFFFFFFFFFFFFFFFFFFFFFFFFFFFFFFFFFFFFFFFFFFFFFFFFFFFFFFFFFFFFFFFFFFFFFFFFFFFFFFFFFFFFFFFFFFFFFFFFFFFFFFFFFFFFFFFFFFFFF,0,416.242238,"1238.308,1214.295,1338.002,1229.005,1238.911,1167.992,1244.556,1246.481,1231.675,1453.360,1229.959,1136.483,1243.694,1288.407,1175.043,1196.639,1205.713,1199.079,1174.373,1346.348,1266.166,1227.288,1450.998,1188.310,1286.481,1227.159,1263.189,1246.445,1338.761,1284.323,1183.115,1214.004,1270.726,1236.864,1303.057,1241.419,1270.601,1329.687,1257.828,1248.338,1333.270,1316.717,1393.549,1290.026,1251.586,1525.606,1434.159,1338.310,1314.567,1219.403,1155.253,1307.966,1257.950,1235.453,1208.154,1258.351,1225.014,1323.188,1295.555,1267.451,1212.759,1212.147,1246.344,1136.520,1245.184,1181.753,1305.442,1365.268,1220.186,1340.934,1214.263,1200.840,1361.737,1222.205,1222.595,1157.829,1294.368,1323.053,1305.316,1216.772,1188.787,1490.414,1274.560,1182.358,1247.895,1244.885,1389.415,1240.242,1244.573,1253.234,1322.076,1272.034,1272.949,1356.121,1209.451,1282.829,1388.006,1169.921,1290.561,1269.118","214.719,220.395,234.454,221.564,237.239,253.474,232.712,250.432,243.991,245.180,255.077,227.487,217.827,219.758,267.909,219.223,236.560,229.200,218.764,250.219,248.263,239.639,241.715,224.891,246.383,260.910,266.349,244.518,220.426,239.635,225.584,267.015,252.314,231.133,239.718,282.587,266.064,257.871,243.553,228.525,245.577,231.081,259.361,222.553,237.691,215.813,226.333,213.447,281.579,253.264,229.573,243.258,245.730,245.929,218.248,243.112,245.495,256.261,237.636,263.302,255.581,243.377,251.368,231.025,250.542,221.054,267.766,249.117,231.891,231.011,233.058,218.108,234.951,227.424,290.114,217.648,229.744,248.990,236.312,218.496,250.825,251.475,259.362,216.667,239.595,256.127,278.922,240.448,251.195,253.795,238.137,281.475,231.592,312.990,236.961,256.278,265.556,227.067,269.429,247.365"
2026-06-26T16:08:44.562877+00:00,SQISign2D-East,2,3,FFFFFFFFFFFFFFFFFFFFFFFFFFFFFFFFFFFFFFFFFFFFFFFFFFFFFFFFFFFFFFFFFFFFFFFFFFFFFFFFFFFFFFFFFFFFFFFFFFFFFFFFFFFFFFFFFFFFFFFFFFFFFFFF,FFFFFFFFFFFFFFFFFFFFFFFFFFFFFFFFFFFFFFFFFFFFFFFFFFFFFFFFFFFFFFFFFFFFFFFFFFFFFFFFFFFFFFFFFFFFFFFFFFFFFFFFFFFFFFFFFFFFFFFFFFFFFFFF,0,427.918411,"1305.487,1344.662,1250.829,1251.660,1136.901,1331.975,1360.573,1185.498,1188.875,1125.868,1279.250,1139.655,1354.445,1174.005,1307.785,1261.776,1235.469,1227.983,1271.952,1275.398,1373.415,1235.651,1301.857,1463.373,1243.411,1233.832,1435.693,1246.199,1231.380,1181.738,1286.880,1197.890,1332.768,1289.799,1193.736,1326.782,1343.827,1158.193,1368.658,1240.196,1433.833,1324.734,1183.305,1217.562,1191.138,1285.443,1742.874,1205.528,1266.350,1389.835,1248.407,1304.533,1215.677,1163.204,1240.695,1235.046,1191.689,1226.133,1256.712,1280.673,1197.617,1317.699,1218.646,1311.168,1179.199,1245.457,1268.023,1411.995,1259.511,1175.817,1203.742,1395.472,1212.062,1286.163,1247.689,1352.407,1222.071,1358.693,1288.095,1178.852,1281.896,1303.647,1251.459,1503.789,1290.470,1257.598,1143.786,1239.656,1187.537,1203.471,1178.365,1239.467,1224.777,1303.135,1368.450,1281.630,1271.084,1226.751,1211.787,1265.066","238.332,252.717,236.710,263.017,222.563,246.710,278.471,243.781,235.517,211.623,241.115,220.741,278.464,237.012,248.186,269.983,283.399,303.148,259.515,260.296,319.905,254.146,258.102,232.547,240.698,252.845,264.425,238.920,252.943,217.819,254.019,251.246,263.477,257.681,261.029,275.893,275.367,228.377,246.276,274.632,242.296,241.715,252.741,234.844,230.960,278.187,241.579,255.667,266.461,275.594,232.377,252.687,261.164,249.333,226.653,256.020,245.071,269.098,257.369,240.192,233.847,249.716,267.088,248.868,226.554,237.309,229.624,253.216,269.972,232.301,239.181,278.226,263.975,240.436,229.195,293.164,253.073,244.268,248.378,265.060,291.604,234.779,249.106,271.684,255.849,245.405,237.731,231.644,232.092,229.983,223.113,257.310,236.059,256.899,229.774,251.431,238.051,251.966,238.285,245.245"
2026-06-26T16:08:44.562877+00:00,SQISign2D-East,2,4,FFFFFFFFFFFFFFFFFFFFFFFFFFFFFFFFFFFFFFFFFFFFFFFFFFFFFFFFFFFFFFFFFFFFFFFFFFFFFFFFFFFFFFFFFFFFFFFFFFFFFFFFFFFFFFFFFFFFFFFFFFFFFFFF,FFFFFFFFFFFFFFFFFFFFFFFFFFFFFFFFFFFFFFFFFFFFFFFFFFFFFFFFFFFFFFFFFFFFFFFFFFFFFFFFFFFFFFFFFFFFFFFFFFFFFFFFFFFFFFFFFFFFFFFFFFFFFFFF,0,415.476751,"1327.869,1227.616,1193.093,1276.968,1238.319,1274.611,1287.228,1195.451,1173.575,1371.800,1277.379,1210.390,1364.003,1156.057,1154.268,1237.342,1177.037,1227.540,1265.527,1186.271,1237.007,1305.382,1148.446,1249.415,1180.264,1204.335,1266.890,1415.535,1377.277,1227.134,1266.345,1376.102,1287.309,1239.948,1245.910,1235.779,1225.611,1166.523,1326.836,1237.723,1319.276,1238.582,1250.769,1159.193,1326.648,1232.584,1197.447,1367.118,1284.975,1297.405,1315.177,1252.029,1290.097,1384.819,1241.539,1286.269,1207.165,1241.620,1280.965,1232.593,1218.829,1150.425,1285.714,1202.912,1320.171,1267.308,1226.746,1224.718,1247.069,1231.135,1184.411,1190.275,1217.984,1337.217,1290.809,1170.095,1265.870,1234.859,1200.853,1263.158,1162.481,1220.589,1431.967,1238.812,1150.654,1287.772,1234.794,1415.203,1218.114,1224.834,1170.562,1248.782,1250.586,1244.759,1185.712,1281.707,1229.760,1226.646,1198.184,1334.702","264.723,224.393,242.145,237.084,251.736,261.329,216.261,216.733,257.903,246.189,209.392,218.873,237.590,234.514,228.429,225.263,236.351,243.754,244.838,235.066,238.532,282.695,241.987,262.771,229.200,254.432,250.402,223.947,222.745,250.138,236.470,248.761,258.717,286.707,263.393,204.481,290.226,233.557,263.467,255.550,251.056,270.273,237.162,223.186,260.818,257.976,256.969,260.424,254.420,296.925,255.170,258.297,249.842,231.557,252.186,268.616,259.262,256.368,262.675,215.733,259.714,222.042,238.597,219.802,243.591,261.041,246.312,227.405,271.581,272.066,224.724,225.099,240.178,227.759,232.882,214.819,258.715,254.858,250.454,255.466,229.816,252.104,264.364,217.540,217.879,262.429,243.246,233.031,242.828,239.241,214.335,224.461,245.647,236.963,245.719,246.603,210.420,234.346,227.276,281.007"
2026-06-26T16:08:44.562877+00:00,SQISign2D-East,2,5,FFFFFFFFFFFFFFFFFFFFFFFFFFFFFFFFFFFFFFFFFFFFFFFFFFFFFFFFFFFFFFFFFFFFFFFFFFFFFFFFFFFFFFFFFFFFFFFFFFFFFFFFFFFFFFFFFFFFFFFFFFFFFFFF,FFFFFFFFFFFFFFFFFFFFFFFFFFFFFFFFFFFFFFFFFFFFFFFFFFFFFFFFFFFFFFFFFFFFFFFFFFFFFFFFFFFFFFFFFFFFFFFFFFFFFFFFFFFFFFFFFFFFFFFFFFFFFFFF,0,396.550398,"1299.487,1250.077,1213.534,1228.337,1169.597,1246.594,1263.161,1216.036,1276.883,1190.294,1359.350,1212.677,1182.583,1286.067,1387.196,1158.212,1316.937,1182.581,1308.467,1265.620,1406.711,1239.705,1271.853,1500.156,1250.832,1388.304,1204.889,1274.939,1265.631,1446.461,1162.303,1363.104,1176.110,1391.905,1240.506,1250.817,1209.985,1177.593,1299.900,1259.166,1231.921,1205.235,1205.766,1279.619,1237.245,1207.113,1201.529,1249.727,1206.930,1232.611,1286.656,1333.145,1276.492,1314.912,1184.521,1256.194,1195.526,1173.626,1285.787,1154.412,1286.171,1209.790,1346.864,1350.762,1237.408,1204.934,1285.653,1257.127,1225.089,1171.374,1248.543,1214.131,1274.821,1331.695,1397.456,1288.208,1342.098,1254.294,1226.747,1246.022,1256.559,1190.466,1471.899,1292.560,1228.666,1243.739,1232.548,1286.500,1253.596,1224.212,1311.132,1328.688,1243.975,1381.967,1160.415,1238.505,1248.912,1246.621,1284.585,1163.347","238.857,225.136,243.037,228.533,232.838,235.281,286.039,265.006,243.643,252.710,226.906,271.386,229.512,242.115,214.736,217.068,250.366,237.131,240.174,248.131,246.333,235.265,220.141,224.207,250.705,238.651,255.769,233.962,291.473,241.134,228.089,250.995,219.632,231.082,264.167,237.618,220.633,203.626,218.165,237.562,260.122,205.260,211.247,248.248,214.083,224.794,231.274,248.209,232.448,254.254,260.923,226.099,213.932,230.379,233.825,278.318,232.488,229.418,239.825,244.238,226.742,283.968,261.895,207.877,284.886,244.753,265.560,299.990,217.524,238.704,225.806,209.970,219.070,271.343,233.975,259.821,266.404,275.516,252.812,240.001,271.054,236.027,258.673,223.093,260.406,275.441,243.793,259.777,269.191,239.107,252.291,237.821,246.005,258.831,211.573,237.052,263.136,232.663,211.400,255.004"
2026-06-26T16:08:44.562877+00:00,SQISign2D-East,2,6,FFFFFFFFFFFFFFFFFFFFFFFFFFFFFFFFFFFFFFFFFFFFFFFFFFFFFFFFFFFFFFFFFFFFFFFFFFFFFFFFFFFFFFFFFFFFFFFFFFFFFFFFFFFFFFFFFFFFFFFFFFFFFFFF,FFFFFFFFFFFFFFFFFFFFFFFFFFFFFFFFFFFFFFFFFFFFFFFFFFFFFFFFFFFFFFFFFFFFFFFFFFFFFFFFFFFFFFFFFFFFFFFFFFFFFFFFFFFFFFFFFFFFFFFFFFFFFFFF,0,428.216962,"1268.427,1194.038,1297.760,1394.344,1202.799,1270.758,1146.818,1201.243,1189.802,1207.716,1254.154,1200.331,1177.044,1162.071,1394.925,1309.402,1219.396,1559.436,1316.011,1384.360,1121.705,1391.114,1196.831,1264.407,1213.256,1142.616,1407.577,1205.174,1316.532,1302.653,1182.551,1228.018,1316.769,1264.723,1216.895,1311.282,1279.589,1269.614,1257.253,1363.601,1359.496,1285.994,1378.665,1232.315,1226.017,1286.831,1142.450,1282.268,1219.307,1182.742,1224.323,1178.847,1466.862,1247.730,1302.622,1237.946,1264.868,1275.499,1355.347,1298.220,1237.851,1255.396,1268.289,1249.416,1262.518,1140.324,1198.676,1313.368,1280.706,1275.320,1261.899,1236.647,1555.134,1298.905,1226.734,1267.928,1264.692,1342.939,1264.286,1186.733,1258.544,1178.234,1263.337,1382.128,1198.939,1241.424,1206.831,1167.843,1260.712,1288.227,1237.813,1228.101,1239.138,1216.804,1284.782,1296.118,1165.654,1350.999,1188.763,1174.223","235.146,248.977,280.073,221.059,212.950,236.197,234.281,234.936,244.505,229.206,220.458,222.411,244.128,222.550,276.725,281.959,248.399,286.564,272.503,239.945,208.670,220.253,281.291,243.707,215.222,220.475,236.980,222.829,234.233,241.130,206.603,230.143,239.339,244.522,248.016,263.947,234.222,261.925,252.650,252.545,227.591,232.302,239.369,250.918,238.411,271.548,218.414,225.408,226.605,248.634,247.550,239.275,248.300,218.308,273.689,261.152,307.904,254.525,240.660,245.761,256.046,224.315,257.856,247.393,240.631,208.941,250.529,222.657,240.395,219.717,249.139,243.325,238.248,210.210,217.400,254.661,246.896,209.202,227.430,254.306,210.746,216.407,218.252,216.503,240.212,266.853,235.816,228.448,265.001,227.125,227.003,245.703,253.376,251.881,221.193,258.918,226.933,231.082,213.209,220.025"
2026-06-26T16:08:44.562877+00:00,SQISign2D-East,2,7,FFFFFFFFFFFFFFFFFFFFFFFFFFFFFFFFFFFFFFFFFFFFFFFFFFFFFFFFFFFFFFFFFFFFFFFFFFFFFFFFFFFFFFFFFFFFFFFFFFFFFFFFFFFFFFFFFFFFFFFFFFFFFFFF,FFFFFFFFFFFFFFFFFFFFFFFFFFFFFFFFFFFFFFFFFFFFFFFFFFFFFFFFFFFFFFFFFFFFFFFFFFFFFFFFFFFFFFFFFFFFFFFFFFFFFFFFFFFFFFFFFFFFFFFFFFFFFFFF,0,432.68583,"1297.530,1221.969,1225.113,1307.590,1290.834,1225.118,1265.853,1265.469,1144.344,1262.783,1203.118,1262.035,1248.936,1386.484,1227.823,1229.008,1295.338,1289.908,1304.752,1306.534,1250.234,1283.168,1209.103,1169.006,1275.954,1450.154,1226.398,1459.767,1330.429,1206.574,1342.915,1177.868,1154.062,1176.133,1304.654,1372.377,1195.877,1251.021,1235.197,1227.105,1265.437,1395.382,1245.319,1452.808,1150.255,1352.163,1241.617,1313.470,1240.918,1291.677,1333.720,1239.454,1307.362,1217.425,1191.798,1226.832,1265.422,1313.430,1282.074,1231.589,1144.986,1286.469,1183.398,1303.462,1307.502,1197.387,1243.724,1238.102,1293.867,1238.471,1376.099,1292.723,1265.374,1321.043,1262.246,1222.371,1460.610,1221.549,1338.410,1374.142,1253.152,1179.138,1379.549,1228.430,1285.531,1258.800,1307.923,1199.287,1272.100,1536.963,1360.718,1244.028,1227.377,1255.895,1238.433,1383.908,1292.746,1340.294,1382.960,1274.526","220.850,232.819,255.440,237.191,244.628,231.561,238.741,262.106,230.419,236.062,225.632,263.309,271.988,273.501,210.344,225.043,273.868,254.934,222.143,230.797,267.071,237.584,214.865,258.855,246.083,224.264,243.411,273.312,248.603,229.913,237.854,242.164,220.911,243.526,278.833,214.847,250.995,269.042,268.370,225.743,266.298,224.447,246.700,265.645,220.584,242.224,255.881,216.757,238.550,277.399,254.680,251.460,249.864,225.145,252.114,220.567,266.476,266.248,228.426,259.297,225.887,214.606,223.952,203.347,215.037,221.097,279.245,288.176,244.571,232.171,301.026,264.400,250.199,241.961,227.826,254.633,266.469,232.857,247.526,235.741,212.021,215.706,254.483,243.250,267.412,249.911,222.257,274.761,228.650,248.281,251.405,241.390,264.292,251.534,238.371,247.097,238.794,244.924,253.409,230.429"
2026-06-26T16:08:44.562877+00:00,SQISign2D-East,2,8,FFFFFFFFFFFFFFFFFFFFFFFFFFFFFFFFFFFFFFFFFFFFFFFFFFFFFFFFFFFFFFFFFFFFFFFFFFFFFFFFFFFFFFFFFFFFFFFFFFFFFFFFFFFFFFFFFFFFFFFFFFFFFFFF,FFFFFFFFFFFFFFFFFFFFFFFFFFFFFFFFFFFFFFFFFFFFFFFFFFFFFFFFFFFFFFFFFFFFFFFFFFFFFFFFFFFFFFFFFFFFFFFFFFFFFFFFFFFFFFFFFFFFFFFFFFFFFFFF,0,460.523683,"1252.867,1252.590,1333.425,1287.861,1227.232,1218.331,1250.689,1437.180,1209.924,1262.208,1710.337,1188.032,1212.110,1333.739,1270.053,1276.699,1327.642,1230.962,1226.128,1346.006,1284.437,1313.341,1153.212,1287.534,1153.161,1214.599,1286.548,1236.721,1272.904,1339.019,1286.802,1186.206,1210.006,1250.692,1296.356,1256.781,1234.906,1268.237,1214.334,1415.681,1176.518,1221.446,1198.313,1276.274,1252.601,1225.319,1357.221,1297.403,1273.193,1194.245,1333.926,1268.475,1230.518,1191.304,1217.134,1267.133,1259.702,1248.353,1251.409,1215.908,1386.170,1251.737,1278.718,1165.056,1282.950,1374.309,1307.912,1436.930,1219.597,1289.735,1310.501,1256.168,1211.126,1307.759,1307.983,1288.320,1307.300,1184.087,1313.577,1408.675,1229.767,1204.661,1225.439,1316.760,1287.869,1254.344,1177.646,1213.151,1277.817,1294.201,1377.976,1315.243,1366.698,1309.596,1285.206,1385.747,1269.169,1318.941,1238.161,1266.184","228.732,251.600,278.168,223.337,286.730,231.559,241.817,241.485,256.407,222.191,235.260,218.765,253.955,270.199,257.329,263.773,281.730,263.802,243.872,250.110,245.183,253.712,239.823,287.315,209.606,237.282,228.708,255.879,240.793,258.847,262.108,259.480,224.731,272.281,267.124,239.679,263.712,255.098,235.424,269.129,220.084,266.067,229.775,232.857,260.168,218.249,228.252,245.720,255.477,287.441,262.622,237.732,229.232,252.954,239.278,239.793,230.763,245.785,249.535,222.442,350.487,226.493,245.972,234.399,244.382,253.912,238.268,241.864,228.348,273.475,248.991,228.110,229.257,262.110,255.130,261.327,230.878,245.225,246.981,286.014,247.325,246.897,262.045,252.859,256.670,223.324,239.245,241.586,223.891,264.336,248.386,228.523,245.445,238.427,272.893,265.830,260.023,237.984,258.212,252.655"
2026-06-26T16:08:44.562877+00:00,SQISign2D-East,2,9,FFFFFFFFFFFFFFFFFFFFFFFFFFFFFFFFFFFFFFFFFFFFFFFFFFFFFFFFFFFFFFFFFFFFFFFFFFFFFFFFFFFFFFFFFFFFFFFFFFFFFFFFFFFFFFFFFFFFFFFFFFFFFFFF,FFFFFFFFFFFFFFFFFFFFFFFFFFFFFFFFFFFFFFFFFFFFFFFFFFFFFFFFFFFFFFFFFFFFFFFFFFFFFFFFFFFFFFFFFFFFFFFFFFFFFFFFFFFFFFFFFFFFFFFFFFFFFFFF,0,417.16709,"1324.960,1248.414,1171.305,1520.859,1474.788,1354.923,1361.128,1414.994,1283.666,1357.994,1364.583,1257.639,1257.280,1252.195,1211.680,1302.341,1537.772,1299.272,1271.276,1243.500,1315.951,1231.992,1190.244,1291.200,1220.796,1282.006,1244.928,1283.010,1485.717,1216.570,1183.262,1178.336,1311.818,1243.788,1227.966,1333.776,1355.736,1212.029,1242.778,1200.502,1466.403,1407.563,1207.142,1204.227,1192.347,1246.872,1188.638,1320.705,1210.964,1266.384,1279.755,1284.787,1320.590,1304.810,1194.168,1286.540,1184.603,1191.715,1201.458,1304.991,1164.268,1240.024,1271.036,1257.127,1169.066,1276.484,1173.052,1159.431,1161.795,1239.967,1166.842,1245.893,1257.395,1292.621,1170.923,1205.476,1305.349,1245.025,1239.218,1260.415,1263.500,1187.505,1209.956,1395.423,1283.558,1473.888,1365.006,1265.963,1244.186,1269.029,1226.437,1176.252,1255.970,1409.291,1209.756,1267.004,1355.190,1191.673,1322.793,1329.196","237.014,248.340,230.786,268.406,223.147,232.321,268.806,266.771,240.644,270.276,246.075,248.742,246.557,228.807,238.422,256.452,214.825,277.876,245.476,267.668,260.600,261.241,230.342,226.070,230.603,256.271,270.368,231.713,259.102,238.534,229.274,234.100,249.877,261.399,238.349,276.009,217.114,238.554,242.471,211.422,244.053,209.041,265.585,250.391,215.294,225.403,240.286,219.760,266.479,243.913,220.339,267.911,237.575,252.036,252.828,243.185,234.260,239.587,285.799,221.685,212.353,207.161,242.331,246.263,222.329,239.850,227.956,218.316,230.150,247.026,234.167,245.199,243.202,252.440,214.689,217.992,258.877,275.886,247.720,237.153,243.954,220.030,227.690,217.458,252.776,250.933,219.678,227.197,246.619,225.080,233.662,216.760,265.497,217.053,238.209,239.156,237.010,242.249,255.658,254.644"
2026-06-26T16:22:47.038146+00:00,SQISign2D-East,3,0,FFFFFFFFFFFFFFFFFFFFFFFFFFFFFFFFFFFFFFFFFFFFFFFFFFFFFFFFFFFFFFFFFFFFFFFFFFFFFFFFFFFFFFFFFFFFFFFFFFFFFFFFFFFFFFFFFFFFFFFFFFFFFFFF,FFFFFFFFFFFFFFFFFFFFFFFFFFFFFFFFFFFFFFFFFFFFFFFFFFFFFFFFFFFFFFFFFFFFFFFFFFFFFFFFFFFFFFFFFFFFFFFFFFFFFFFFFFFFFFFFFFFFFFFFFFFFFFFF,0,473.959898,"1359.873,1344.191,1198.760,1202.050,1142.288,1272.189,1222.913,1156.652,1227.532,1326.467,1125.997,1362.284,1206.835,1262.638,1169.532,1306.593,1199.376,1160.605,1193.168,1215.070,1130.557,1243.242,1239.210,1345.589,1232.255,1145.876,1171.768,1276.923,1239.203,1184.322,1172.664,1275.320,1171.719,1282.309,1259.710,1193.754,1236.482,1136.108,1233.541,1109.730,1223.675,1229.159,1253.143,1290.816,1163.132,1194.046,1426.785,1196.638,1238.086,1219.373,1179.145,1131.097,1153.269,1173.171,1267.448,1251.658,1196.120,1262.878,1322.562,1235.383,1198.824,1246.815,1226.642,1218.863,1209.795,1221.127,1207.338,1236.254,1243.602,1306.963,1149.422,1150.849,1270.518,1223.288,1176.772,1263.947,1207.126,1209.572,1190.291,1180.622,1220.382,1133.627,1270.618,1162.643,1355.232,1194.482,1201.192,1300.924,1136.820,1258.098,1326.031,1153.863,1235.050,1203.720,1257.504,1294.156,1151.945,1184.890,1270.421,1211.610","296.808,299.671,237.237,253.057,236.343,279.755,210.237,246.116,241.351,253.383,242.030,302.448,229.078,229.147,238.563,225.720,218.146,217.350,221.210,225.220,203.536,236.708,212.081,264.071,234.980,210.898,233.298,238.077,198.232,228.230,251.626,248.724,217.188,244.491,280.775,224.982,235.044,214.576,249.716,203.511,243.709,331.393,244.377,241.826,229.554,244.629,254.480,214.774,222.305,245.206,230.011,236.358,202.764,247.967,209.014,220.428,249.643,242.024,276.027,243.109,236.353,280.382,215.939,236.783,249.405,243.186,248.372,280.556,218.303,285.317,213.114,207.169,243.379,252.728,227.553,227.161,242.472,241.304,255.035,235.778,233.819,208.197,215.771,228.779,259.195,251.124,280.380,250.959,247.233,266.075,260.145,233.110,230.510,243.879,266.374,233.961,243.463,238.089,257.245,224.016"
2026-06-26T16:22:47.038146+00:00,SQISign2D-East,3,1,FFFFFFFFFFFFFFFFFFFFFFFFFFFFFFFFFFFFFFFFFFFFFFFFFFFFFFFFFFFFFFFFFFFFFFFFFFFFFFFFFFFFFFFFFFFFFFFFFFFFFFFFFFFFFFFFFFFFFFFFFFFFFFFF,FFFFFFFFFFFFFFFFFFFFFFFFFFFFFFFFFFFFFFFFFFFFFFFFFFFFFFFFFFFFFFFFFFFFFFFFFFFFFFFFFFFFFFFFFFFFFFFFFFFFFFFFFFFFFFFFFFFFFFFFFFFFFFFF,0,434.961049,"1166.761,1271.357,1121.431,1213.333,1216.314,1232.458,1324.550,1196.892,1264.452,1137.053,1214.648,1292.404,1304.872,1221.194,1322.402,1289.805,1322.297,1146.852,1236.586,1393.608,1240.466,1237.400,1249.038,1153.159,1237.428,1289.071,1280.127,1442.941,1476.109,1178.822,1246.713,1141.935,1197.885,1239.549,1158.936,1162.707,1199.613,1172.986,1186.710,1316.358,1163.529,1207.023,1291.536,1264.016,1215.217,1143.202,1163.912,1203.024,1193.047,1328.994,1235.930,1209.736,1252.400,1162.094,1258.436,1285.137,1165.763,1213.981,1315.156,1210.932,1314.064,1247.397,1202.727,1113.789,1507.111,1292.933,1255.752,1186.915,1169.082,1167.567,1204.965,1322.606,1195.639,1211.256,1196.097,1258.304,1242.576,1283.359,1488.634,1180.936,1157.710,1262.837,1281.189,1230.962,1144.144,1276.265,1234.344,1245.086,1198.719,1228.938,1223.003,1257.888,1163.355,1269.403,1295.587,1186.274,1384.795,1256.443,1154.271,1301.690","240.278,244.899,233.845,219.802,216.629,254.704,239.186,255.077,222.861,206.751,230.360,269.892,279.280,219.780,231.584,206.342,281.639,204.063,287.541,274.171,222.982,234.542,261.051,235.229,231.226,270.378,238.632,228.222,250.650,229.847,247.972,228.578,252.881,261.663,238.841,244.441,228.094,238.212,243.152,275.947,221.114,250.679,234.378,250.386,270.140,214.920,227.721,278.187,240.543,224.381,209.539,274.702,265.139,255.116,241.320,240.068,222.567,266.634,221.970,214.368,273.876,263.076,254.829,201.283,268.662,237.391,277.937,242.787,228.099,257.693,234.584,240.520,257.644,265.619,250.013,237.827,216.356,237.387,225.303,213.549,243.009,241.822,243.715,209.898,237.712,269.340,253.660,222.937,258.212,247.412,228.639,275.089,211.045,251.118,254.044,228.678,242.146,226.090,241.313,288.682"
2026-06-26T16:22:47.038146+00:00,SQISign2D-East,3,2,FFFFFFFFFFFFFFFFFFFFFFFFFFFFFFFFFFFFFFFFFFFFFFFFFFFFFFFFFFFFFFFFFFFFFFFFFFFFFFFFFFFFFFFFFFFFFFFFFFFFFFFFFFFFFFFFFFFFFFFFFFFFFFFF,FFFFFFFFFFFFFFFFFFFFFFFFFFFFFFFFFFFFFFFFFFFFFFFFFFFFFFFFFFFFFFFFFFFFFFFFFFFFFFFFFFFFFFFFFFFFFFFFFFFFFFFFFFFFFFFFFFFFFFFFFFFFFFFF,0,408.820687,"1202.080,1239.749,1442.955,1247.057,1140.514,1242.189,1260.133,1266.495,1268.002,1164.791,1142.121,1304.224,1297.779,1152.700,1295.769,1156.957,1402.732,1223.553,1181.213,1239.177,1353.928,1250.838,1261.527,1285.271,1248.554,1191.917,1346.763,1257.589,1138.120,1197.216,1224.446,1158.288,1194.883,1130.570,1274.138,1173.128,1218.989,1349.646,1212.052,1185.974,1373.822,1162.075,1215.750,1157.106,1212.295,1249.586,1227.391,1110.071,1196.734,1196.971,1260.000,1195.507,1212.787,1192.113,1204.178,1223.996,1134.712,1351.399,1202.003,1236.027,1234.096,1185.739,1239.246,1176.869,1231.251,1223.711,1151.164,1468.446,1243.489,1278.839,1217.886,1287.808,1186.063,1164.466,1286.383,1249.640,1211.420,1384.556,1242.954,1225.646,1250.064,1194.398,1278.687,1133.230,1236.792,1298.343,1266.879,1190.269,1396.032,1209.036,1155.867,1201.887,1467.011,1164.556,1221.280,1207.887,1369.717,1206.950,1321.027,1140.300","217.368,246.218,246.181,245.136,239.374,243.089,210.484,260.164,239.403,231.515,235.220,206.289,239.467,244.039,246.921,215.669,220.489,280.505,216.695,255.531,251.190,292.750,255.723,246.093,240.861,240.104,250.663,252.204,233.471,271.132,237.375,226.742,237.968,220.197,211.022,227.321,245.335,219.068,243.478,260.863,234.202,227.557,232.577,265.625,212.536,220.593,266.509,200.314,236.446,241.750,228.054,222.275,280.445,233.192,238.016,259.563,230.867,227.893,270.712,234.054,260.769,212.457,202.028,233.001,221.774,220.243,237.772,258.224,233.239,269.775,289.485,226.552,233.703,224.360,210.536,215.480,224.628,234.404,259.477,232.960,274.327,243.238,268.922,194.299,236.695,290.482,248.665,227.843,243.054,260.327,222.723,240.743,247.378,219.125,231.063,225.876,220.122,231.130,239.748,194.872"
2026-06-26T16:22:47.038146+00:00,SQISign2D-East,3,3,FFFFFFFFFFFFFFFFFFFFFFFFFFFFFFFFFFFFFFFFFFFFFFFFFFFFFFFFFFFFFFFFFFFFFFFFFFFFFFFFFFFFFFFFFFFFFFFFFFFFFFFFFFFFFFFFFFFFFFFFFFFFFFFF,FFFFFFFFFFFFFFFFFFFFFFFFFFFFFFFFFFFFFFFFFFFFFFFFFFFFFFFFFFFFFFFFFFFFFFFFFFFFFFFFFFFFFFFFFFFFFFFFFFFFFFFFFFFFFFFFFFFFFFFFFFFFFFFF,0,420.329787,"1239.718,1384.714,1298.418,1196.970,1302.465,1143.462,1199.657,1218.928,1331.153,1211.647,1190.111,1296.175,1185.954,1243.388,1272.128,1151.472,1283.489,1288.392,1186.179,1231.703,1275.328,1250.765,1305.910,1317.472,1202.007,1287.963,1192.011,1193.833,1168.896,1130.408,1234.787,1137.085,1151.191,1197.758,1213.292,1230.737,1164.308,1228.908,1198.270,1238.346,1275.965,1311.343,1165.553,1250.312,1317.553,1207.524,1223.818,1119.618,1190.380,1339.009,1158.456,1147.815,1226.707,1265.652,1225.167,1369.876,1189.932,1215.434,1220.314,1241.498,1272.329,1267.520,1436.761,1156.481,1234.277,1192.153,1235.567,1322.588,1209.903,1201.048,1179.307,1339.343,1240.727,1184.600,1132.721,1282.695,1253.396,1254.618,1148.787,1247.510,1249.050,1180.819,1161.633,1168.209,1247.123,1243.684,1328.724,1168.713,1232.820,1194.566,1294.284,1176.911,1116.224,1203.476,1215.098,1231.882,1327.785,1259.140,1192.738,1161.850","243.003,255.368,241.543,207.642,248.100,229.003,249.862,222.230,254.159,227.344,230.283,227.086,243.070,277.854,231.785,222.475,250.348,272.298,206.755,216.313,233.841,306.738,233.093,260.760,229.147,270.978,233.542,226.286,235.520,226.214,201.645,211.874,245.718,248.654,252.813,223.880,224.386,248.014,220.129,242.651,297.846,223.277,218.855,227.188,231.169,247.400,222.342,211.423,231.906,215.165,223.737,215.056,211.420,257.219,216.880,213.151,255.012,222.815,198.292,232.999,242.337,229.574,208.144,228.565,212.082,213.823,255.502,287.778,232.870,219.911,242.632,286.356,249.858,239.507,210.464,242.443,242.149,233.234,224.527,223.942,211.450,236.944,249.392,246.778,272.032,253.309,253.868,209.469,224.521,247.458,239.121,249.729,210.852,220.318,219.669,215.184,230.276,238.910,222.378,224.988"
2026-06-26T16:22:47.038146+00:00,SQISign2D-East,3,4,FFFFFFFFFFFFFFFFFFFFFFFFFFFFFFFFFFFFFFFFFFFFFFFFFFFFFFFFFFFFFFFFFFFFFFFFFFFFFFFFFFFFFFFFFFFFFFFFFFFFFFFFFFFFFFFFFFFFFFFFFFFFFFFF,FFFFFFFFFFFFFFFFFFFFFFFFFFFFFFFFFFFFFFFFFFFFFFFFFFFFFFFFFFFFFFFFFFFFFFFFFFFFFFFFFFFFFFFFFFFFFFFFFFFFFFFFFFFFFFFFFFFFFFFFFFFFFFFF,0,427.411335,"1153.314,1256.177,1124.427,1249.808,1228.558,1244.153,1189.388,1220.099,1252.383,1192.011,1224.149,1277.967,1226.660,1246.192,1178.603,1238.609,1277.240,1183.171,1259.809,1268.774,1191.151,1304.486,1291.689,1212.981,1168.001,1258.953,1188.423,1160.971,1194.935,1317.980,1178.818,1250.738,1138.122,1356.014,1269.406,1340.889,1146.157,1303.781,1303.534,1368.096,1276.093,1174.512,1199.727,1144.937,1183.143,1177.400,1344.913,1210.076,1232.479,1397.506,1187.847,1144.430,1174.214,1256.832,1235.002,1182.542,1330.409,1247.074,1295.566,1248.312,1206.957,1188.966,1114.878,1424.947,1224.668,1241.044,1540.084,1134.172,1210.386,1155.139,1244.335,1244.398,1209.858,1166.062,1203.645,1161.223,1201.800,1322.036,1362.631,1324.277,1444.940,1195.409,1185.315,1228.122,1155.544,1224.535,1204.179,1554.118,1357.430,1334.914,1141.168,1305.091,1209.748,1280.612,1281.419,1220.194,1257.114,1319.749,1197.431,1247.704","252.185,272.786,231.757,288.933,245.669,244.079,234.255,213.533,254.992,232.386,246.055,235.766,247.916,262.042,280.930,293.348,272.578,232.777,242.421,276.717,251.899,274.334,236.232,234.880,236.661,255.199,266.163,215.621,239.365,248.348,221.601,257.757,213.966,257.583,273.014,257.456,243.465,275.048,238.969,218.562,229.363,239.310,228.295,236.491,221.745,252.155,235.767,232.135,247.370,217.149,244.647,224.579,215.693,268.585,243.992,239.902,276.137,223.098,248.992,266.736,257.805,263.324,226.555,253.928,226.831,276.312,248.104,214.106,284.956,217.096,246.888,248.438,237.643,215.961,255.248,233.068,258.358,234.362,282.275,263.609,230.438,222.518,250.303,237.146,240.654,280.872,246.147,245.592,230.677,245.690,251.268,233.188,269.192,219.755,276.921,251.178,273.232,248.328,239.778,227.218"
2026-06-26T16:22:47.038146+00:00,SQISign2D-East,3,5,FFFFFFFFFFFFFFFFFFFFFFFFFFFFFFFFFFFFFFFFFFFFFFFFFFFFFFFFFFFFFFFFFFFFFFFFFFFFFFFFFFFFFFFFFFFFFFFFFFFFFFFFFFFFFFFFFFFFFFFFFFFFFFFF,FFFFFFFFFFFFFFFFFFFFFFFFFFFFFFFFFFFFFFFFFFFFFFFFFFFFFFFFFFFFFFFFFFFFFFFFFFFFFFFFFFFFFFFFFFFFFFFFFFFFFFFFFFFFFFFFFFFFFFFFFFFFFFFF,0,404.804506,"1213.050,1200.690,1316.589,1224.647,1238.153,1253.117,1220.819,1200.713,1366.382,1205.871,1238.965,1231.482,1226.100,1312.608,1178.980,1188.077,1153.254,1184.422,1184.556,1232.545,1257.178,1201.838,1194.279,1240.790,1226.963,1173.459,1155.219,1184.289,1149.717,1151.406,1242.790,1228.269,1256.209,1148.030,1193.550,1209.077,1338.303,1175.422,1233.007,1277.203,1258.251,1183.679,1148.730,1169.856,1288.467,1244.131,1338.585,1383.349,1159.460,1224.481,1234.072,1291.350,1337.332,1199.342,1174.378,1167.788,1222.116,1140.051,1325.802,1136.363,1227.465,1292.119,1161.264,1187.654,1324.978,1153.402,1191.086,1124.005,1220.340,1272.229,1152.398,1265.961,1160.861,1172.008,1167.561,1178.391,1346.664,1232.431,1171.099,1635.856,1321.953,1198.586,1266.296,1314.310,1310.184,1260.318,1170.668,1379.536,1186.098,1163.464,1222.949,1426.395,1617.080,1188.004,1420.368,1139.487,1159.475,1206.771,1224.920,1217.332","229.262,262.100,243.626,222.555,262.469,244.006,263.398,221.717,260.063,238.070,251.351,284.689,238.173,270.331,272.581,271.518,230.103,218.503,230.064,259.471,271.370,221.747,256.183,211.952,235.713,220.411,259.503,241.103,239.153,227.514,252.608,239.661,292.173,246.271,231.351,233.262,249.975,230.722,226.537,249.614,275.567,257.527,231.362,227.197,229.161,213.167,247.549,284.113,263.509,230.168,242.809,234.309,249.011,238.272,247.184,240.868,246.321,231.868,276.676,236.906,277.559,258.778,249.515,218.891,234.309,251.205,262.625,224.357,251.733,257.757,224.279,237.962,247.349,244.230,246.139,254.156,282.579,243.475,226.606,222.779,246.116,229.099,280.584,261.508,256.686,244.667,245.561,252.612,253.196,210.614,261.463,284.278,262.743,249.746,267.411,236.580,247.305,260.734,235.559,237.083"
2026-06-26T16:22:47.038146+00:00,SQISign2D-East,3,6,FFFFFFFFFFFFFFFFFFFFFFFFFFFFFFFFFFFFFFFFFFFFFFFFFFFFFFFFFFFFFFFFFFFFFFFFFFFFFFFFFFFFFFFFFFFFFFFFFFFFFFFFFFFFFFFFFFFFFFFFFFFFFFFF,FFFFFFFFFFFFFFFFFFFFFFFFFFFFFFFFFFFFFFFFFFFFFFFFFFFFFFFFFFFFFFFFFFFFFFFFFFFFFFFFFFFFFFFFFFFFFFFFFFFFFFFFFFFFFFFFFFFFFFFFFFFFFFFF,0,417.251722,"1293.140,1258.853,1314.134,1170.917,1284.287,1195.120,1316.968,1200.093,1182.324,1225.090,1392.992,1279.723,1291.540,1256.286,1232.219,1263.744,1209.060,1203.904,1328.707,1203.242,1193.937,1443.649,1221.022,1213.911,1242.326,1291.890,1243.423,1186.031,1449.640,1280.886,1200.799,1209.313,1273.186,1183.542,1278.815,1252.778,1303.120,1143.948,1125.011,1199.169,1333.310,1181.618,1176.878,1303.898,1144.639,1153.000,1118.412,1274.454,1344.550,1243.533,1203.393,1275.770,1200.446,1165.680,1250.446,1248.013,1181.618,1191.401,1212.199,1219.801,1166.581,1191.818,1342.586,1220.821,1167.453,1175.809,1196.046,1228.081,1207.318,1185.841,1291.160,1216.044,1372.814,1171.981,1346.276,1253.863,1265.285,1207.736,1207.011,1233.578,1188.303,1195.630,1223.870,1150.139,1183.907,1199.320,1173.982,1137.708,1273.010,1190.529,1299.476,1220.110,1220.677,1283.181,1202.628,1255.008,1191.451,1243.478,1238.524,1359.226","265.741,233.578,262.246,224.400,252.565,247.325,238.964,221.737,258.095,223.649,284.811,225.772,279.191,271.364,240.420,259.711,232.992,245.574,283.880,237.622,263.790,239.832,235.398,282.384,237.617,257.816,276.993,237.333,229.622,273.455,227.077,235.543,238.485,252.167,234.685,299.971,249.580,239.544,226.059,251.139,274.669,247.080,253.060,234.578,253.387,259.625,214.445,251.676,253.917,281.328,305.986,280.258,246.801,238.926,250.931,246.982,220.870,264.721,230.524,232.558,269.803,257.634,283.112,269.869,227.711,231.032,240.779,286.331,251.335,249.232,256.581,280.508,259.326,265.746,247.482,253.591,267.225,230.775,222.608,285.290,259.374,235.459,244.242,262.383,284.847,229.527,226.981,229.193,256.476,216.836,222.783,234.569,229.676,264.320,255.503,226.348,259.988,304.603,254.522,249.559"
2026-06-26T16:22:47.038146+00:00,SQISign2D-East,3,7,FFFFFFFFFFFFFFFFFFFFFFFFFFFFFFFFFFFFFFFFFFFFFFFFFFFFFFFFFFFFFFFFFFFFFFFFFFFFFFFFFFFFFFFFFFFFFFFFFFFFFFFFFFFFFFFFFFFFFFFFFFFFFFFF,FFFFFFFFFFFFFFFFFFFFFFFFFFFFFFFFFFFFFFFFFFFFFFFFFFFFFFFFFFFFFFFFFFFFFFFFFFFFFFFFFFFFFFFFFFFFFFFFFFFFFFFFFFFFFFFFFFFFFFFFFFFFFFFF,0,411.966054,"1240.023,1159.311,1224.138,1290.924,1135.352,1207.825,1109.313,1222.345,1182.667,1174.821,1200.483,1240.408,1242.767,1180.464,1371.589,1164.507,1236.131,1225.769,1156.530,1311.481,1147.920,1186.874,1210.158,1287.703,1234.530,1304.188,1219.269,1267.548,1392.832,1300.127,1231.227,1210.810,1238.470,1185.554,1227.463,1253.594,1254.446,1140.974,1176.660,1320.894,1198.837,1348.438,1223.512,1190.055,1160.108,1255.342,1153.822,1178.420,1283.773,1190.480,1181.349,1291.857,1268.102,1157.849,1219.136,1347.687,1175.865,1246.186,1147.259,1289.686,1444.808,1272.833,1274.256,1194.250,1274.175,1339.706,1196.366,1201.461,1156.160,1328.818,1231.897,1167.941,1233.337,1176.209,1151.908,1262.591,1153.236,1243.380,1347.833,1174.520,1187.498,1328.547,1337.683,1193.055,1138.471,1246.514,1197.449,1228.129,1269.609,1280.217,1152.255,1122.526,1284.453,1214.296,1197.067,1197.606,1315.727,1361.409,1155.460,1184.908","242.857,260.431,241.264,243.225,235.877,245.837,218.458,243.479,220.635,219.143,236.202,260.519,217.067,245.077,271.819,228.759,221.024,255.412,211.024,208.052,231.305,245.415,220.322,260.555,268.182,245.053,245.635,227.686,257.174,227.780,220.602,245.006,209.856,239.101,264.747,232.965,222.912,246.779,218.214,249.919,244.270,242.632,240.758,234.494,232.005,210.126,246.952,219.783,251.887,229.218,207.748,284.080,225.089,235.670,270.639,269.556,227.170,241.810,236.031,256.112,215.243,257.281,250.588,239.144,262.692,251.215,232.641,261.937,245.345,218.506,239.936,248.132,241.782,230.345,209.656,273.683,235.627,244.169,258.870,229.783,216.436,293.454,273.437,231.204,250.539,253.110,240.056,219.612,213.185,242.125,213.380,217.009,264.053,220.833,239.502,238.950,245.128,227.632,241.006,242.050"
2026-06-26T16:22:47.038146+00:00,SQISign2D-East,3,8,FFFFFFFFFFFFFFFFFFFFFFFFFFFFFFFFFFFFFFFFFFFFFFFFFFFFFFFFFFFFFFFFFFFFFFFFFFFFFFFFFFFFFFFFFFFFFFFFFFFFFFFFFFFFFFFFFFFFFFFFFFFFFFFF,FFFFFFFFFFFFFFFFFFFFFFFFFFFFFFFFFFFFFFFFFFFFFFFFFFFFFFFFFFFFFFFFFFFFFFFFFFFFFFFFFFFFFFFFFFFFFFFFFFFFFFFFFFFFFFFFFFFFFFFFFFFFFFFF,0,496.68494,"1516.713,1299.046,1185.861,1267.842,1133.714,1175.185,1141.547,1175.294,1153.560,1195.276,1188.566,1210.514,1227.884,1369.942,1357.028,1228.175,1263.238,1158.946,1238.329,1274.272,1286.642,1220.609,1247.851,1155.599,1209.742,1249.019,1300.038,1331.893,1286.692,1227.922,1203.689,1187.890,1269.323,1195.050,1199.394,1205.271,1410.990,1315.018,1238.370,1249.480,1170.953,1280.864,1194.422,1152.701,1291.209,1188.171,1273.746,1236.861,1552.027,1193.448,1237.421,1270.873,1188.057,1227.408,1442.843,1225.310,1186.511,1488.797,1197.901,1267.482,1379.837,1282.540,1140.932,1232.635,1196.064,1215.774,1211.508,1192.458,1315.421,1178.582,1257.102,1318.417,1291.883,1159.627,1204.638,1255.998,1236.648,1205.953,1295.241,1198.542,1206.999,1150.774,1305.090,1242.408,1316.699,1384.108,1185.934,1172.372,1245.348,1221.284,1172.551,1341.202,1298.762,1455.927,1237.337,1163.938,1215.422,1154.999,1168.715,1163.671","269.710,279.135,243.116,255.206,207.089,220.641,249.906,251.570,248.998,224.750,235.277,217.218,238.685,222.700,230.505,285.538,244.654,233.344,263.477,244.798,267.958,230.030,265.685,259.167,262.697,259.744,256.614,267.873,241.474,282.434,244.116,218.623,286.292,239.427,230.881,256.246,281.612,226.604,253.093,242.824,246.235,312.163,265.420,276.656,268.859,235.091,248.913,240.251,239.889,237.524,231.357,250.333,271.489,296.362,264.999,256.043,236.019,271.351,235.748,251.910,237.240,254.169,217.199,236.790,221.256,278.570,249.189,257.345,244.671,232.431,256.226,227.805,234.245,249.459,245.747,268.072,254.856,266.005,254.573,269.379,299.095,223.572,213.239,218.276,246.733,274.237,245.366,247.309,265.213,251.146,250.134,266.729,224.467,230.968,243.273,226.012,261.361,237.298,238.033,236.443"
2026-06-26T16:22:47.038146+00:00,SQISign2D-East,3,9,FFFFFFFFFFFFFFFFFFFFFFFFFFFFFFFFFFFFFFFFFFFFFFFFFFFFFFFFFFFFFFFFFFFFFFFFFFFFFFFFFFFFFFFFFFFFFFFFFFFFFFFFFFFFFFFFFFFFFFFFFFFFFFFF,FFFFFFFFFFFFFFFFFFFFFFFFFFFFFFFFFFFFFFFFFFFFFFFFFFFFFFFFFFFFFFFFFFFFFFFFFFFFFFFFFFFFFFFFFFFFFFFFFFFFFFFFFFFFFFFFFFFFFFFFFFFFFFFF,0,429.374027,"1252.357,1226.731,1280.051,1179.420,1199.715,1230.561,1226.145,1154.163,1168.653,1184.222,1178.141,1269.299,1253.810,1322.843,1177.426,1198.331,1177.515,1217.816,1248.553,1216.573,1169.124,1224.565,1169.196,1176.820,1228.030,1162.275,1595.324,1160.678,1174.760,1280.299,1219.265,1170.373,1303.773,1241.299,1398.106,1294.007,1252.536,1277.319,1173.103,1179.163,1256.502,1274.694,1138.858,1304.981,1214.760,1242.503,1224.306,1207.527,1213.210,1245.665,1187.347,1276.965,1162.921,1247.785,1317.574,1348.173,1183.131,1189.187,1199.787,1225.567,1204.575,1175.805,1296.857,1223.907,1346.715,1180.921,1244.469,1320.676,1171.783,1251.027,1219.290,1188.404,1214.317,1222.295,1220.672,1266.496,1216.807,1171.391,1300.187,1210.099,1274.738,1135.535,1167.240,1225.624,1443.093,1216.850,1291.021,1242.889,1279.105,1380.611,1156.059,1389.910,1323.704,1220.401,1219.010,1335.276,1169.576,1228.205,1194.050,1289.474","221.472,252.514,229.834,251.043,237.133,260.447,255.305,237.139,208.388,262.847,215.820,235.927,235.447,234.296,212.628,255.822,218.485,259.632,259.960,235.408,261.543,248.190,246.599,245.955,240.879,225.706,230.353,230.080,230.141,236.053,280.842,212.446,226.851,226.077,243.859,275.484,249.875,236.001,242.635,233.319,269.303,266.855,235.370,249.145,229.098,219.796,248.448,220.165,222.555,273.610,265.838,276.812,223.721,247.541,258.645,245.425,214.080,237.412,256.631,246.857,215.446,233.654,247.076,263.836,237.893,236.090,211.753,221.067,221.125,209.386,247.012,245.704,216.152,250.829,225.413,235.610,241.177,254.160,244.603,284.869,269.367,219.759,234.938,278.838,245.661,256.706,220.379,262.942,273.855,269.791,237.186,232.021,240.878,220.968,228.100,242.430,265.421,247.350,244.268,253.606"
2026-06-26T16:36:34.936071+00:00,SQISign2D-East,4,0,FFFFFFFFFFFFFFFFFFFFFFFFFFFFFFFFFFFFFFFFFFFFFFFFFFFFFFFFFFFFFFFFFFFFFFFFFFFFFFFFFFFFFFFFFFFFFFFFFFFFFFFFFFFFFFFFFFFFFFFFFFFFFFFF,FFFFFFFFFFFFFFFFFFFFFFFFFFFFFFFFFFFFFFFFFFFFFFFFFFFFFFFFFFFFFFFFFFFFFFFFFFFFFFFFFFFFFFFFFFFFFFFFFFFFFFFFFFFFFFFFFFFFFFFFFFFFFFFF,0,419.326222,"1356.143,1162.232,1421.415,1217.759,1115.468,1173.204,1197.473,1188.487,1284.289,1300.348,1190.856,1173.996,1210.303,1183.133,1278.344,1276.095,1179.719,1310.287,1229.665,1183.255,1171.120,1267.084,1449.561,1214.939,1277.547,1267.539,1187.904,1141.063,1261.257,1192.387,1137.162,1224.577,1167.428,1214.909,1214.397,1270.320,1191.679,1275.099,1141.574,1276.548,1240.945,1219.385,1227.180,1172.439,1261.544,1288.892,1240.540,1217.023,1431.613,1167.691,1154.248,1186.084,1260.676,1191.745,1322.989,1301.396,1195.643,1230.433,1288.040,1219.414,1213.296,1148.449,1269.751,1232.739,1148.027,1217.965,1284.959,1181.394,1207.296,1263.832,1326.620,1280.407,1302.089,1197.776,1264.685,1226.321,1243.237,1349.340,1338.817,1281.755,1301.952,1558.540,1232.019,1115.489,1190.596,1196.904,1150.076,1226.997,1272.353,1237.755,1255.291,1216.448,1172.573,1200.925,1254.896,1196.937,1164.175,1368.170,1137.501,1278.971","265.189,259.362,276.388,248.336,222.071,221.324,282.261,216.683,271.542,247.775,217.977,246.446,239.545,227.918,232.284,235.050,224.463,239.957,245.988,221.393,263.619,231.310,260.960,214.561,226.858,268.993,225.237,225.215,230.594,245.637,220.115,231.996,226.488,279.480,236.735,272.330,248.438,282.073,241.241,219.570,242.603,258.787,222.923,249.644,265.492,243.793,263.434,266.135,235.866,228.325,233.165,245.214,241.564,213.127,264.199,232.058,248.470,244.858,226.167,267.156,256.333,242.025,268.957,257.437,247.930,233.226,223.909,247.028,261.712,263.425,256.667,263.006,247.371,280.255,253.146,261.461,226.734,260.896,243.858,304.746,271.059,224.327,257.956,217.796,227.336,233.822,241.437,242.964,250.510,308.097,257.454,240.149,229.664,264.732,273.072,248.782,243.425,229.912,225.762,231.818"
2026-06-26T16:36:34.936071+00:00,SQISign2D-East,4,1,FFFFFFFFFFFFFFFFFFFFFFFFFFFFFFFFFFFFFFFFFFFFFFFFFFFFFFFFFFFFFFFFFFFFFFFFFFFFFFFFFFFFFFFFFFFFFFFFFFFFFFFFFFFFFFFFFFFFFFFFFFFFFFFF,FFFFFFFFFFFFFFFFFFFFFFFFFFFFFFFFFFFFFFFFFFFFFFFFFFFFFFFFFFFFFFFFFFFFFFFFFFFFFFFFFFFFFFFFFFFFFFFFFFFFFFFFFFFFFFFFFFFFFFFFFFFFFFFF,0,426.875901,"1185.326,1205.513,1311.888,1202.901,1228.460,1237.549,1202.761,1227.851,1346.673,1227.166,1183.115,1261.267,1262.169,1168.414,1300.329,1269.531,1322.415,1263.539,1165.276,1183.894,1273.439,1263.989,1239.079,1166.083,1206.792,1150.365,1470.262,1181.404,1175.921,1323.013,1202.967,1182.866,1202.493,1250.152,1177.872,1232.054,1116.391,1179.212,1256.966,1202.317,1212.794,1258.005,1252.166,1196.385,1173.583,1177.926,1160.709,1178.850,1284.957,1229.783,1174.497,1296.918,1242.144,1248.708,1196.678,1242.514,1178.100,1224.486,1274.521,1259.207,1249.567,1213.169,1237.319,1184.033,1430.186,1135.442,1143.939,1135.814,1177.856,1158.489,1199.598,1270.313,1180.241,1277.889,1223.798,1131.475,1209.298,1180.264,1196.603,1183.482,1235.953,1221.792,1180.552,1143.979,1163.621,1148.040,1239.958,1206.062,1217.755,1205.705,1138.837,1201.127,1197.698,1286.359,1209.245,1229.866,1200.691,1918.946,1230.335,1334.134","236.068,253.272,272.836,247.272,249.598,241.130,249.637,224.106,280.683,253.829,232.896,239.953,265.711,231.091,245.533,238.041,234.735,233.641,257.925,260.069,213.975,248.017,260.491,252.153,285.857,227.071,268.791,214.777,269.082,244.814,224.481,244.186,269.758,207.633,273.189,238.819,209.749,233.034,277.202,266.206,255.488,227.415,262.847,239.201,220.332,260.928,241.156,258.907,242.445,247.010,235.254,252.668,240.824,227.191,251.790,250.143,234.434,267.826,245.682,279.265,232.258,253.484,224.228,233.886,257.405,217.981,225.197,227.617,250.634,236.971,229.985,220.465,232.261,219.352,226.183,214.347,222.660,205.935,240.708,215.434,256.674,274.864,269.070,245.755,219.518,229.811,270.478,218.694,274.974,268.682,226.185,213.534,233.150,265.890,261.364,239.119,245.397,262.771,272.388,239.069"
2026-06-26T16:36:34.936071+00:00,SQISign2D-East,4,2,FFFFFFFFFFFFFFFFFFFFFFFFFFFFFFFFFFFFFFFFFFFFFFFFFFFFFFFFFFFFFFFFFFFFFFFFFFFFFFFFFFFFFFFFFFFFFFFFFFFFFFFFFFFFFFFFFFFFFFFFFFFFFFFF,FFFFFFFFFFFFFFFFFFFFFFFFFFFFFFFFFFFFFFFFFFFFFFFFFFFFFFFFFFFFFFFFFFFFFFFFFFFFFFFFFFFFFFFFFFFFFFFFFFFFFFFFFFFFFFFFFFFFFFFFFFFFFFFF,0,465.524505,"1224.476,1231.370,1217.629,1243.441,1270.390,1276.624,1239.226,1537.283,1194.880,1259.281,1254.235,1390.780,1321.628,1185.414,1158.006,1248.339,1151.975,1285.366,1180.386,1288.920,1222.522,1165.193,1264.534,1209.173,1357.483,1273.171,1223.852,1410.187,1160.355,1367.305,1199.020,1196.504,1228.285,1316.830,1205.358,1203.717,1318.085,1187.727,1183.301,1235.358,1190.359,1273.137,1232.074,1193.495,1265.088,1164.227,1151.696,1142.537,1201.787,1245.312,1180.984,1206.856,1255.586,1292.418,1262.272,1219.189,1167.383,1205.383,1248.013,1278.484,1142.269,1144.325,1265.306,1260.353,1154.339,1253.256,1220.425,1124.507,1294.797,1330.931,1150.976,1305.999,1231.193,1249.065,1170.175,1164.071,1306.740,1162.775,1173.939,1214.103,1272.755,1248.947,1240.569,1243.126,1369.887,1206.689,1195.849,1307.351,1403.436,1138.456,1246.243,1298.570,1146.236,1224.506,1200.600,1196.192,1473.439,1122.304,1222.339,1236.751","231.273,253.996,242.016,235.084,279.944,303.955,278.138,226.290,235.166,263.914,258.703,270.762,293.980,235.655,264.928,283.930,247.268,270.587,266.133,250.674,262.844,238.721,250.434,277.726,272.487,274.837,227.120,253.843,257.231,258.347,250.448,247.641,249.322,225.897,240.185,263.689,249.070,250.059,237.636,270.390,229.192,248.801,256.270,231.076,242.178,232.093,258.126,250.121,251.550,247.391,242.097,243.107,226.846,260.227,230.962,261.695,240.210,259.956,235.486,252.030,230.436,270.435,235.947,246.726,264.835,248.246,267.814,245.611,232.376,266.686,237.638,280.818,263.019,272.490,271.376,237.924,248.701,257.000,280.256,230.630,255.826,307.903,230.375,263.814,263.413,270.957,247.821,266.587,283.439,242.596,276.687,283.039,248.358,217.632,235.494,243.129,255.142,245.336,248.416,291.146"
2026-06-26T16:36:34.936071+00:00,SQISign2D-East,4,3,FFFFFFFFFFFFFFFFFFFFFFFFFFFFFFFFFFFFFFFFFFFFFFFFFFFFFFFFFFFFFFFFFFFFFFFFFFFFFFFFFFFFFFFFFFFFFFFFFFFFFFFFFFFFFFFFFFFFFFFFFFFFFFFF,FFFFFFFFFFFFFFFFFFFFFFFFFFFFFFFFFFFFFFFFFFFFFFFFFFFFFFFFFFFFFFFFFFFFFFFFFFFFFFFFFFFFFFFFFFFFFFFFFFFFFFFFFFFFFFFFFFFFFFFFFFFFFFFF,0,504.408183,"1270.318,1254.083,1265.657,1400.595,1163.215,1283.726,1174.727,1289.832,1243.208,1203.037,1327.156,1115.993,1144.475,1284.610,1357.204,1180.299,1267.384,1263.941,1197.435,1273.800,1316.707,1346.047,1194.061,1198.115,1171.926,1149.557,1209.015,1234.753,1256.794,1193.469,1266.735,1210.729,1212.117,1273.420,1145.848,1257.199,1205.353,1138.103,1197.007,1237.156,1170.481,1188.395,1204.912,1187.671,1219.971,1165.548,1182.200,1236.314,1256.774,1257.815,1255.204,1250.640,1229.348,1268.403,1233.204,1227.135,1524.641,1162.012,1232.551,1263.987,1234.952,1142.011,1225.972,1357.837,1269.395,1300.003,1226.354,1119.267,1233.686,1197.200,1396.512,1151.374,1213.182,1211.002,1177.704,1271.898,1241.405,1278.507,1181.646,1206.914,1234.317,1191.459,1176.953,1211.990,1165.550,1236.638,1291.383,1499.686,1234.104,1248.967,1240.322,1133.638,1171.930,1137.690,1318.000,1275.684,1233.116,1171.310,1457.137,1209.957","237.547,261.210,237.414,284.102,246.559,242.771,251.384,311.222,228.713,254.010,235.848,221.528,258.987,289.977,270.247,252.174,237.041,231.835,267.185,256.043,289.709,242.370,263.060,243.878,261.667,223.891,287.267,244.515,233.657,260.486,234.681,248.575,249.484,305.476,245.317,278.090,248.284,239.485,258.395,281.755,235.928,223.311,231.610,249.747,245.867,249.444,238.706,267.229,266.954,223.864,249.841,263.761,221.658,250.508,214.193,243.053,263.919,236.970,217.973,259.948,220.640,242.782,236.261,278.601,235.185,252.708,238.335,237.694,220.861,248.192,258.810,245.580,221.127,249.426,240.288,281.104,254.022,253.793,243.342,241.929,301.668,252.101,228.272,222.578,262.581,273.000,235.329,256.097,264.690,251.666,262.266,230.520,241.046,219.278,235.732,279.126,272.182,226.124,273.411,242.501"
2026-06-26T16:36:34.936071+00:00,SQISign2D-East,4,4,FFFFFFFFFFFFFFFFFFFFFFFFFFFFFFFFFFFFFFFFFFFFFFFFFFFFFFFFFFFFFFFFFFFFFFFFFFFFFFFFFFFFFFFFFFFFFFFFFFFFFFFFFFFFFFFFFFFFFFFFFFFFFFFF,FFFFFFFFFFFFFFFFFFFFFFFFFFFFFFFFFFFFFFFFFFFFFFFFFFFFFFFFFFFFFFFFFFFFFFFFFFFFFFFFFFFFFFFFFFFFFFFFFFFFFFFFFFFFFFFFFFFFFFFFFFFFFFFF,0,417.750967,"1211.016,1153.151,1305.284,1229.513,1269.327,1236.605,1474.035,1321.336,1164.347,1246.678,1171.930,1176.270,1223.239,1160.590,1210.470,1271.519,1277.369,1335.519,1300.839,1219.521,1234.198,1202.707,1204.084,1237.320,1239.952,1220.148,1329.787,1174.060,1287.777,1211.540,1202.624,1191.983,1326.230,1189.275,1261.328,1191.269,1228.016,1223.097,1288.716,1219.812,1132.204,1362.998,1193.121,1315.227,1267.118,1205.553,1292.835,1212.076,1332.180,1125.211,1333.736,1234.140,1169.813,1167.420,1138.047,1228.058,1228.435,1316.471,1258.235,1197.593,1255.283,1208.170,1233.954,1232.789,1141.663,1200.812,1139.833,1155.725,1196.974,1135.626,1176.487,1160.317,1234.359,1217.352,1155.477,1204.100,1230.573,1185.048,1185.684,1187.752,1237.215,1167.573,1169.060,1241.065,1209.111,1222.545,1185.803,1194.647,1182.729,1160.751,1174.272,1461.337,1188.881,1184.312,1161.038,1197.664,1528.681,1209.562,1175.373,1213.064","278.017,245.510,245.236,263.099,254.090,253.046,315.137,290.324,262.885,275.025,256.603,247.016,290.422,239.214,260.044,280.323,313.490,257.696,274.346,276.598,265.973,288.721,287.058,260.540,241.838,276.059,251.111,281.594,277.308,247.935,237.798,256.513,287.358,259.964,237.289,262.374,278.988,252.712,283.490,253.767,245.166,248.923,273.830,318.438,227.907,266.426,306.113,232.548,238.758,231.643,247.245,288.356,272.426,233.277,254.780,267.816,251.930,278.593,263.381,269.916,266.364,247.203,287.285,247.953,254.523,263.268,230.355,253.898,252.207,262.978,255.792,240.656,277.592,245.595,231.113,251.975,240.264,255.218,231.893,260.486,271.208,245.025,258.055,249.427,235.159,270.195,273.645,267.175,239.497,259.565,256.441,251.873,279.545,253.515,254.237,290.633,228.800,277.998,262.266,240.913"
2026-06-26T16:36:34.936071+00:00,SQISign2D-East,4,5,FFFFFFFFFFFFFFFFFFFFFFFFFFFFFFFFFFFFFFFFFFFFFFFFFFFFFFFFFFFFFFFFFFFFFFFFFFFFFFFFFFFFFFFFFFFFFFFFFFFFFFFFFFFFFFFFFFFFFFFFFFFFFFFF,FFFFFFFFFFFFFFFFFFFFFFFFFFFFFFFFFFFFFFFFFFFFFFFFFFFFFFFFFFFFFFFFFFFFFFFFFFFFFFFFFFFFFFFFFFFFFFFFFFFFFFFFFFFFFFFFFFFFFFFFFFFFFFFF,0,412.542168,"1170.737,1337.505,1225.176,1236.318,1275.414,1120.618,1146.509,1249.847,1151.248,1281.891,1301.146,1164.213,1258.125,1217.329,1201.490,1257.173,1295.841,1238.878,1282.245,1245.259,1189.329,1305.663,1168.202,1157.751,1196.084,1210.089,1211.959,1242.989,1238.128,1147.368,1218.355,1130.894,1231.111,1270.662,1216.779,1162.278,1244.343,1177.417,1325.353,1212.013,1271.085,1256.597,1196.190,1199.130,1147.648,1200.965,1194.949,1284.674,1242.672,1241.239,1175.764,1456.861,1349.773,1205.686,1190.540,1139.367,1171.333,1127.783,1218.854,1269.559,1175.476,1234.654,1182.521,1166.819,1226.336,1178.810,1181.607,1430.296,1359.097,1147.738,1385.287,1242.792,1382.012,1169.589,1183.473,1155.903,1308.255,1287.098,1193.444,1236.953,1251.890,1170.852,1194.283,1225.472,1172.082,1352.880,1203.925,1170.350,1170.130,1237.444,1476.898,1169.861,1142.836,1214.179,1236.207,1288.798,1204.700,1228.428,1157.667,1235.125","233.753,226.192,242.980,228.626,218.754,221.782,227.141,236.702,232.945,229.888,250.539,226.383,250.138,248.334,240.108,221.238,223.870,254.782,222.360,242.660,233.304,263.382,230.200,236.501,252.962,235.570,263.278,210.446,228.271,253.881,231.482,225.311,249.844,223.987,276.724,245.966,211.952,276.904,260.207,241.433,253.748,254.423,217.487,255.548,226.804,232.070,212.888,216.313,274.400,220.884,232.859,288.281,255.952,220.374,219.528,239.186,234.161,218.088,240.517,220.638,249.331,203.815,219.766,226.923,214.843,263.944,208.519,275.718,229.427,241.403,224.788,232.514,261.036,243.940,226.636,219.309,217.134,224.584,248.971,214.454,277.263,219.732,236.792,242.967,242.466,306.295,232.413,224.558,240.011,223.306,277.091,217.504,237.995,246.237,229.249,212.356,248.561,243.007,222.001,262.869"
2026-06-26T16:36:34.936071+00:00,SQISign2D-East,4,6,FFFFFFFFFFFFFFFFFFFFFFFFFFFFFFFFFFFFFFFFFFFFFFFFFFFFFFFFFFFFFFFFFFFFFFFFFFFFFFFFFFFFFFFFFFFFFFFFFFFFFFFFFFFFFFFFFFFFFFFFFFFFFFFF,FFFFFFFFFFFFFFFFFFFFFFFFFFFFFFFFFFFFFFFFFFFFFFFFFFFFFFFFFFFFFFFFFFFFFFFFFFFFFFFFFFFFFFFFFFFFFFFFFFFFFFFFFFFFFFFFFFFFFFFFFFFFFFFF,0,437.486559,"1214.613,1146.181,1176.934,1121.811,1313.535,1148.818,1190.784,1235.850,1193.545,1231.254,1281.713,1178.661,1256.446,1154.155,1158.887,1381.123,1296.897,1405.393,1219.962,1229.775,1273.612,1168.806,1191.033,1188.865,1202.955,1197.564,1178.294,1205.333,1183.878,1203.691,1240.421,1191.118,1253.472,1369.606,1246.076,1365.632,1201.296,1208.057,1337.074,1225.025,1195.052,1172.396,1243.281,1182.775,1272.864,1309.528,1122.956,1162.027,1235.077,1179.254,1194.680,1233.485,1155.900,1292.248,1267.649,1186.486,1300.683,1223.762,1322.092,1240.175,1220.238,1255.955,1217.087,1175.374,1281.618,1228.021,1245.595,1347.109,1317.825,1193.166,1200.553,1281.782,1202.002,1243.029,1282.665,1207.341,1129.346,1189.626,1292.289,1207.978,1157.839,1207.701,1247.243,1285.411,1247.078,1284.524,1205.747,1196.189,1299.057,1262.560,1249.158,1214.078,1209.716,1264.057,1254.178,1270.145,1286.377,1165.278,1230.394,1163.776","247.656,225.257,264.533,233.682,257.560,241.318,265.150,296.162,275.496,261.367,231.905,240.043,241.854,255.575,238.649,298.577,291.080,251.828,247.317,243.681,289.176,254.937,266.962,239.514,254.869,235.104,250.127,267.614,266.538,237.806,259.213,259.514,241.296,218.371,262.698,243.801,252.567,231.991,241.756,241.225,235.987,246.468,269.712,267.702,284.999,266.741,226.678,253.643,234.739,245.863,256.160,272.994,236.822,226.641,230.308,236.078,253.272,222.758,262.139,229.456,284.963,251.042,243.331,234.989,215.879,235.235,249.397,276.301,247.159,252.193,245.107,262.030,240.237,264.422,264.688,252.892,228.584,262.891,230.562,245.630,239.283,221.023,236.173,239.190,247.060,248.397,245.299,241.491,292.522,272.890,260.283,240.917,243.193,261.094,293.292,252.021,248.801,255.718,233.051,237.122"
2026-06-26T16:36:34.936071+00:00,SQISign2D-East,4,7,FFFFFFFFFFFFFFFFFFFFFFFFFFFFFFFFFFFFFFFFFFFFFFFFFFFFFFFFFFFFFFFFFFFFFFFFFFFFFFFFFFFFFFFFFFFFFFFFFFFFFFFFFFFFFFFFFFFFFFFFFFFFFFFF,FFFFFFFFFFFFFFFFFFFFFFFFFFFFFFFFFFFFFFFFFFFFFFFFFFFFFFFFFFFFFFFFFFFFFFFFFFFFFFFFFFFFFFFFFFFFFFFFFFFFFFFFFFFFFFFFFFFFFFFFFFFFFFFF,0,425.26962,"1175.097,1180.363,1251.341,1206.929,1209.321,1384.244,1302.453,1160.002,1271.374,1158.629,1189.664,1168.588,1375.429,1269.822,1252.086,1152.689,1242.464,1232.424,1190.648,1163.143,1350.409,1235.810,1196.692,1351.513,1275.916,1177.836,1205.068,1257.271,1169.924,1232.998,1216.664,1306.496,1309.232,1177.038,1138.412,1281.184,1167.833,1233.217,1392.294,1179.857,1157.856,1172.191,1283.934,1225.371,1230.073,1176.798,1167.974,1212.662,1218.009,1140.952,1160.467,1141.327,1316.317,1167.570,1154.520,1162.677,1211.693,1175.060,1177.087,1217.073,1436.610,1140.643,1188.664,1200.143,1158.353,1148.416,1278.508,1158.566,1227.125,1205.620,1157.882,1225.806,1230.476,1226.774,1314.956,1216.554,1254.108,1213.688,1282.680,1289.979,1183.283,1302.181,1412.681,1246.268,1145.816,1181.660,1248.743,1324.976,1281.937,1212.130,1281.008,1233.861,1216.219,1238.049,1150.716,1244.839,1162.181,1265.677,1227.146,1351.925","218.228,232.834,231.527,234.737,264.639,225.885,223.701,223.047,234.732,239.364,229.963,240.455,293.501,221.308,235.664,232.453,231.916,244.727,227.872,233.011,247.136,231.631,239.723,209.303,232.731,222.480,225.331,240.424,233.615,236.288,239.197,235.465,224.809,215.259,234.475,288.428,249.722,307.922,286.835,233.152,217.165,231.917,225.397,226.109,227.827,261.910,225.794,214.916,268.827,222.327,219.921,248.003,266.221,211.808,247.727,236.006,255.777,245.191,224.873,222.065,245.152,242.800,269.602,237.500,228.049,230.003,253.428,260.648,242.876,221.574,204.620,264.603,283.299,229.207,244.972,252.292,224.251,254.776,249.205,224.405,234.962,295.187,240.435,236.856,232.855,241.029,217.612,284.813,261.493,250.498,257.947,213.335,227.821,247.825,221.409,249.799,240.898,250.908,230.648,266.068"
2026-06-26T16:36:34.936071+00:00,SQISign2D-East,4,8,FFFFFFFFFFFFFFFFFFFFFFFFFFFFFFFFFFFFFFFFFFFFFFFFFFFFFFFFFFFFFFFFFFFFFFFFFFFFFFFFFFFFFFFFFFFFFFFFFFFFFFFFFFFFFFFFFFFFFFFFFFFFFFFF,FFFFFFFFFFFFFFFFFFFFFFFFFFFFFFFFFFFFFFFFFFFFFFFFFFFFFFFFFFFFFFFFFFFFFFFFFFFFFFFFFFFFFFFFFFFFFFFFFFFFFFFFFFFFFFFFFFFFFFFFFFFFFFFF,0,420.37674,"1198.925,1245.371,1216.118,1168.890,1218.707,1188.759,1213.607,1273.920,1261.443,1479.822,1209.204,1331.345,1222.325,1202.525,1366.378,1445.974,1223.749,1247.671,1206.762,1180.704,1211.495,1219.508,1162.868,1260.600,1242.967,1268.394,1128.896,1247.090,1176.614,1208.096,1324.231,1134.300,1156.969,1341.493,1267.254,1266.766,1223.314,1256.823,1163.944,1245.198,1185.820,1227.778,1210.528,1227.142,1252.508,1222.198,1132.555,1284.149,1143.836,1171.188,1194.027,1347.653,1234.484,1245.746,1501.104,1287.844,1280.329,1211.246,1263.913,1262.711,1152.618,1452.332,1259.679,1192.811,1164.887,1153.470,1187.706,1306.776,1144.161,1295.603,1245.065,1148.414,1298.983,1276.829,1283.339,1169.679,1210.291,1179.880,1505.091,1243.765,1303.293,1191.074,1177.983,1190.172,1193.605,1236.842,1168.657,1241.135,1427.911,1209.270,1261.285,1202.057,1270.126,1157.827,1227.398,1193.299,1144.943,1190.510,1241.125,1121.828","240.289,257.124,207.380,219.571,252.173,227.661,223.523,262.376,271.139,227.219,235.210,244.650,281.910,231.007,244.663,254.571,263.713,213.135,242.200,209.915,237.670,259.798,242.044,217.617,231.074,276.365,229.496,245.402,236.346,229.238,246.894,229.620,237.940,258.849,241.457,254.633,241.366,254.007,222.341,249.428,240.846,220.624,234.610,236.680,230.199,251.759,227.409,242.039,222.683,214.908,222.252,236.833,215.008,230.791,269.212,267.529,281.279,232.739,249.320,260.339,241.717,232.335,268.591,212.496,234.322,220.101,227.632,217.086,238.547,242.992,255.654,224.119,222.770,276.625,243.045,213.509,233.911,237.010,243.362,268.540,266.322,207.095,255.106,242.348,230.027,240.569,226.629,230.774,250.995,223.732,256.062,244.399,207.825,230.590,236.788,253.416,213.978,227.230,239.562,217.562"
2026-06-26T16:36:34.936071+00:00,SQISign2D-East,4,9,FFFFFFFFFFFFFFFFFFFFFFFFFFFFFFFFFFFFFFFFFFFFFFFFFFFFFFFFFFFFFFFFFFFFFFFFFFFFFFFFFFFFFFFFFFFFFFFFFFFFFFFFFFFFFFFFFFFFFFFFFFFFFFFF,FFFFFFFFFFFFFFFFFFFFFFFFFFFFFFFFFFFFFFFFFFFFFFFFFFFFFFFFFFFFFFFFFFFFFFFFFFFFFFFFFFFFFFFFFFFFFFFFFFFFFFFFFFFFFFFFFFFFFFFFFFFFFFFF,0,480.181747,"1226.534,1186.324,1300.447,1171.846,1401.930,1199.665,1222.693,1315.906,1251.419,1218.911,1215.562,1200.811,1285.649,1331.247,1279.922,1129.080,1329.993,1169.478,1240.889,1269.105,1275.581,1191.539,1183.502,1219.408,1157.997,1340.234,1131.801,1236.343,1176.874,1295.950,1139.095,1205.365,1247.978,1241.806,1177.436,1227.386,1367.974,1317.899,1152.945,1204.548,1302.284,1186.625,1240.008,1203.614,1285.729,1163.765,1166.172,1319.420,1184.551,1165.767,1239.712,1227.977,1283.635,1311.708,1239.584,1172.987,1242.327,1240.258,1186.097,1309.896,1209.760,1200.247,1371.555,1396.847,1172.159,1194.903,1159.097,1233.532,1218.294,1273.132,1248.406,1163.299,1137.271,1195.956,1325.356,1195.483,1178.346,1281.025,1210.364,1235.280,1232.542,1272.652,1258.488,1155.698,1197.808,1178.654,1214.697,1409.079,1156.140,1147.209,1224.221,1248.450,1193.372,1234.240,1212.940,1197.565,1208.777,1166.011,1149.781,1271.512","231.790,219.730,246.274,240.274,232.555,237.038,269.490,245.633,279.377,218.638,212.220,225.396,247.063,255.229,292.148,217.436,271.186,222.960,243.410,252.597,238.791,248.851,242.218,222.607,219.064,250.334,220.712,248.150,231.216,264.693,229.225,242.352,238.851,244.818,219.640,241.218,261.413,240.266,210.954,222.907,263.885,265.135,240.206,241.651,255.547,224.751,226.043,234.991,247.865,218.943,266.135,239.668,268.171,247.280,227.837,226.727,226.581,250.851,234.621,247.481,260.235,221.886,208.576,232.180,228.586,265.985,233.713,226.751,261.850,233.187,246.394,234.368,219.849,233.075,209.088,243.321,239.066,262.949,223.339,231.632,212.599,246.413,222.402,204.520,246.155,280.828,251.022,261.448,241.857,245.089,271.833,227.379,206.365,262.088,232.224,225.009,246.015,236.963,252.491,267.841"
2026-06-26T16:50:24.043103+00:00,SQISign2D-East,5,0,FFFFFFFFFFFFFFFFFFFFFFFFFFFFFFFFFFFFFFFFFFFFFFFFFFFFFFFFFFFFFFFFFFFFFFFFFFFFFFFFFFFFFFFFFFFFFFFFFFFFFFFFFFFFFFFFFFFFFFFFFFFFFFFF,FFFFFFFFFFFFFFFFFFFFFFFFFFFFFFFFFFFFFFFFFFFFFFFFFFFFFFFFFFFFFFFFFFFFFFFFFFFFFFFFFFFFFFFFFFFFFFFFFFFFFFFFFFFFFFFFFFFFFFFFFFFFFFFF,0,413.913359,"1172.762,1178.358,1209.982,1227.082,1291.032,1242.398,1152.612,1188.678,1212.283,1237.078,1276.440,1314.185,1200.257,1321.506,1156.059,1353.592,1177.586,1256.563,1216.238,1341.319,1324.282,1315.416,1161.635,1186.958,1194.334,1521.884,1360.770,1285.511,1443.844,1152.587,1162.248,1479.975,1243.642,1166.332,1171.992,1160.525,1208.562,1207.313,1256.200,1302.793,1229.964,1156.069,1224.768,1159.333,1153.216,1396.972,1394.114,1231.792,1230.580,1210.003,1222.089,1300.691,1242.509,1214.524,1256.058,1181.646,1281.286,1294.959,1219.911,1215.351,1226.712,1156.161,1166.199,1168.470,1429.678,1176.947,1143.377,1234.947,1321.996,1262.132,1200.544,1285.448,1254.067,1327.664,1226.481,1216.621,1179.012,1161.878,1204.197,1203.052,1353.190,1266.376,1344.398,1195.991,1175.451,1224.790,1276.952,1205.961,1166.972,1242.025,1250.601,1173.766,1253.226,1288.012,1296.785,1222.319,1171.142,1258.263,1364.999,1369.588","254.580,228.584,262.886,228.240,244.316,247.997,250.200,255.766,274.872,267.660,253.841,285.104,222.461,239.746,236.471,257.056,267.536,258.708,264.925,241.933,275.563,230.536,251.617,277.445,240.198,262.642,278.308,280.517,280.849,219.923,279.152,268.088,233.971,246.140,245.415,245.178,240.420,224.522,254.875,250.996,246.373,242.782,239.483,227.986,246.707,268.014,261.659,290.051,243.694,251.814,228.610,229.892,244.976,254.658,287.817,256.726,248.745,252.147,262.792,243.146,249.919,248.531,264.132,259.622,271.595,254.420,229.236,261.971,270.874,282.549,238.992,249.739,271.403,246.828,264.510,257.535,241.723,259.081,273.336,213.053,266.446,266.547,246.495,283.090,231.749,261.083,280.476,241.898,264.508,231.006,278.253,226.883,236.568,307.046,267.706,229.122,223.903,211.394,270.998,240.676"
2026-06-26T16:50:24.043103+00:00,SQISign2D-East,5,1,FFFFFFFFFFFFFFFFFFFFFFFFFFFFFFFFFFFFFFFFFFFFFFFFFFFFFFFFFFFFFFFFFFFFFFFFFFFFFFFFFFFFFFFFFFFFFFFFFFFFFFFFFFFFFFFFFFFFFFFFFFFFFFFF,FFFFFFFFFFFFFFFFFFFFFFFFFFFFFFFFFFFFFFFFFFFFFFFFFFFFFFFFFFFFFFFFFFFFFFFFFFFFFFFFFFFFFFFFFFFFFFFFFFFFFFFFFFFFFFFFFFFFFFFFFFFFFFFF,0,474.855172,"1332.944,1163.231,1296.523,1238.276,1289.706,1317.028,1166.829,1205.189,1190.742,1169.923,1205.447,1286.278,1202.899,1188.446,1370.471,1210.643,1367.629,1323.958,1213.875,1205.181,1210.185,1166.988,1282.738,1229.514,1165.682,1360.943,1208.830,1276.631,1173.937,1212.262,1324.055,1278.935,1223.987,1245.602,1235.245,1278.668,1328.405,1284.883,1192.418,1188.084,1256.675,1278.341,1158.278,1208.691,1186.352,1206.661,1209.868,1215.351,1198.592,1183.273,1519.309,1227.777,1221.491,1203.657,1256.765,1275.888,1285.314,1291.823,1205.690,1277.582,1265.016,1203.152,1281.437,1194.408,1458.822,1185.956,1380.812,1209.225,1213.575,1249.397,1114.709,1212.187,1375.913,1349.448,1169.912,1242.493,1304.993,1116.580,1403.751,1213.615,1243.644,1175.559,1186.981,1354.798,1286.872,1177.338,1203.872,1164.689,1169.796,1197.729,1274.907,1214.046,1290.621,1266.045,1159.216,1160.556,1247.374,1212.496,1322.534,1129.121","225.213,207.672,231.947,251.358,220.265,265.492,231.471,232.764,229.587,250.393,256.057,241.143,232.080,217.126,276.333,229.146,245.811,226.709,215.888,213.223,238.547,229.859,224.483,246.035,221.072,216.705,223.707,220.525,220.557,222.086,253.651,261.155,251.041,234.421,271.669,242.819,273.848,266.180,242.975,219.118,227.185,271.421,240.889,233.745,218.599,231.081,248.245,264.668,252.429,244.175,220.980,227.249,250.975,246.048,243.676,270.347,241.772,234.008,234.253,257.851,232.291,232.705,266.828,242.000,232.631,251.896,246.385,242.224,230.472,232.188,205.352,224.484,256.586,231.235,217.414,286.793,212.469,215.912,206.918,241.108,255.553,243.502,219.147,238.943,247.894,250.708,245.963,241.602,234.191,230.675,254.992,250.154,276.046,233.110,208.277,224.710,282.367,253.357,233.971,227.173"
2026-06-26T16:50:24.043103+00:00,SQISign2D-East,5,2,FFFFFFFFFFFFFFFFFFFFFFFFFFFFFFFFFFFFFFFFFFFFFFFFFFFFFFFFFFFFFFFFFFFFFFFFFFFFFFFFFFFFFFFFFFFFFFFFFFFFFFFFFFFFFFFFFFFFFFFFFFFFFFFF,FFFFFFFFFFFFFFFFFFFFFFFFFFFFFFFFFFFFFFFFFFFFFFFFFFFFFFFFFFFFFFFFFFFFFFFFFFFFFFFFFFFFFFFFFFFFFFFFFFFFFFFFFFFFFFFFFFFFFFFFFFFFFFFF,0,434.401176,"1227.095,1196.534,1309.968,1289.031,1210.146,1175.397,1209.570,1236.701,1302.735,1283.966,1288.383,1185.569,1164.347,1211.915,1188.824,1279.949,1257.367,1151.938,1247.599,1228.452,1179.311,1307.574,1314.118,1181.843,1198.350,1281.622,1287.966,1210.659,1224.096,1281.035,1200.720,1215.339,1200.362,1342.978,1258.511,1148.671,1202.430,1234.004,1305.008,1224.642,1167.827,1331.897,1206.856,1174.582,1330.897,1204.414,1225.161,1205.727,1206.548,1233.927,1296.225,1293.127,1366.550,1234.505,1207.270,1300.126,1235.419,1219.862,1254.841,1174.820,1319.246,1187.327,1364.652,1280.843,1223.149,1187.748,1211.221,1372.477,1501.301,1261.026,1484.068,1227.038,1226.466,1203.363,1232.183,1319.249,1159.241,1227.024,1185.959,1239.956,1209.940,1200.163,1142.264,1231.243,1327.517,1208.726,1270.985,1206.961,1201.071,1271.605,1249.040,1213.713,1323.638,1235.659,1170.965,1658.983,1254.848,1210.398,1208.319,1213.101","226.239,232.819,240.470,217.460,219.782,212.119,246.129,245.152,234.573,212.258,218.976,257.009,232.641,258.372,237.736,271.909,229.826,223.293,260.685,258.571,211.242,246.690,242.059,256.613,259.852,263.028,246.690,223.017,222.840,242.474,253.160,241.114,239.312,223.492,263.041,223.486,262.746,222.036,252.351,230.853,244.056,237.223,261.458,226.296,218.571,239.484,234.667,226.119,214.862,255.900,225.985,239.911,260.478,236.381,229.769,215.609,223.220,259.471,236.853,220.998,241.733,234.649,256.859,225.448,238.479,237.451,221.181,262.801,215.996,259.014,220.713,254.323,257.845,234.158,215.396,228.391,236.670,251.031,247.932,232.756,215.226,231.999,219.992,224.943,264.262,237.793,209.948,209.624,224.784,249.798,228.580,245.668,281.817,257.916,228.896,235.883,243.044,229.973,239.259,256.575"
2026-06-26T16:50:24.043103+00:00,SQISign2D-East,5,3,FFFFFFFFFFFFFFFFFFFFFFFFFFFFFFFFFFFFFFFFFFFFFFFFFFFFFFFFFFFFFFFFFFFFFFFFFFFFFFFFFFFFFFFFFFFFFFFFFFFFFFFFFFFFFFFFFFFFFFFFFFFFFFFF,FFFFFFFFFFFFFFFFFFFFFFFFFFFFFFFFFFFFFFFFFFFFFFFFFFFFFFFFFFFFFFFFFFFFFFFFFFFFFFFFFFFFFFFFFFFFFFFFFFFFFFFFFFFFFFFFFFFFFFFFFFFFFFFF,0,459.589385,"1391.290,1240.677,1296.974,1213.078,1213.712,1199.279,1145.702,1224.082,1158.967,1248.750,1160.088,1152.173,1214.382,1152.078,1267.534,1342.127,1262.404,1272.637,1186.563,1296.720,1214.391,1540.027,1357.815,1201.600,1205.234,1186.881,1231.515,1144.745,1263.917,1345.933,1223.644,1399.915,1345.062,1271.081,1192.425,1266.563,1247.002,1197.978,1250.112,1188.435,1276.273,1192.228,1197.054,1208.512,1299.165,1243.780,1168.500,1182.555,1239.742,1230.281,1140.712,1216.931,1208.466,1125.734,1219.589,1323.070,1194.352,1323.069,1220.570,1261.289,1271.838,1190.966,1266.450,1225.235,1357.862,1185.148,1289.143,1323.066,1365.665,1255.830,1421.282,1160.664,1246.372,1188.948,1131.207,1268.427,1272.733,1189.614,1130.308,1172.975,1214.703,1219.180,1208.932,1311.083,1153.551,1255.570,1198.131,1235.635,1407.621,1213.216,1201.338,1206.439,1158.560,1218.310,1165.497,1175.529,1252.126,1287.744,1216.890,1317.042","259.256,249.251,281.639,257.227,265.010,240.153,251.067,261.189,244.027,260.020,261.969,249.978,240.997,265.555,265.557,238.526,258.753,252.080,279.300,252.043,243.075,269.579,266.805,261.113,275.226,237.840,263.029,246.658,268.313,274.441,244.281,273.616,238.571,300.895,238.875,264.771,296.996,260.966,305.361,249.514,240.274,255.701,254.580,249.545,232.636,305.013,239.428,262.258,250.781,226.119,241.700,266.557,265.373,239.442,265.379,283.065,253.057,305.607,257.135,282.449,254.331,268.754,257.213,257.644,238.628,259.441,240.619,249.881,264.680,258.272,241.638,269.717,275.182,261.531,231.587,250.351,267.832,229.340,230.744,252.701,275.181,254.594,248.000,277.457,242.194,283.903,250.827,286.562,292.862,240.378,258.295,245.303,225.456,242.661,244.945,228.145,285.073,292.651,253.778,234.028"
2026-06-26T16:50:24.043103+00:00,SQISign2D-East,5,4,FFFFFFFFFFFFFFFFFFFFFFFFFFFFFFFFFFFFFFFFFFFFFFFFFFFFFFFFFFFFFFFFFFFFFFFFFFFFFFFFFFFFFFFFFFFFFFFFFFFFFFFFFFFFFFFFFFFFFFFFFFFFFFFF,FFFFFFFFFFFFFFFFFFFFFFFFFFFFFFFFFFFFFFFFFFFFFFFFFFFFFFFFFFFFFFFFFFFFFFFFFFFFFFFFFFFFFFFFFFFFFFFFFFFFFFFFFFFFFFFFFFFFFFFFFFFFFFFF,0,416.078434,"1250.757,1194.292,1167.799,1139.744,1316.594,1295.025,1206.167,1191.567,1281.416,1338.511,1211.038,1158.355,1262.393,1301.381,1218.660,1283.459,1275.068,1299.690,1135.982,1219.110,1404.316,1446.597,1152.893,1167.621,1163.070,1184.498,1231.797,1205.854,1246.295,1277.662,1283.044,1171.496,1278.740,1311.007,1178.037,1167.752,1325.131,1194.162,1163.267,1174.160,1238.985,1200.368,1242.334,1242.725,1193.456,1239.721,1257.126,1263.105,1218.990,1192.820,1330.019,1272.568,1396.324,1202.131,1254.365,1399.280,1200.040,1284.146,1159.279,1192.869,1208.622,1238.312,1214.511,1184.291,1210.600,1297.582,1177.382,1140.736,1254.140,1200.439,1257.014,1283.300,1278.901,1250.488,1201.587,1325.305,1275.237,1147.364,1206.364,1297.287,1327.453,1279.883,1167.385,1221.999,1240.975,1253.776,1202.100,1200.430,1264.239,1308.180,1318.071,1249.441,1333.671,1218.358,1216.970,1277.028,1159.918,1279.894,1255.530,1381.967","253.790,267.723,227.149,227.168,223.120,281.609,248.956,253.995,261.062,238.597,270.985,247.530,264.475,277.092,263.031,225.657,280.607,294.223,227.517,277.368,225.708,253.553,218.629,243.536,238.931,234.081,223.689,264.950,250.226,242.140,255.334,228.517,225.285,288.857,234.531,262.467,242.325,233.999,244.340,222.213,262.537,249.332,277.639,262.356,248.516,253.814,258.338,266.338,220.742,229.020,276.525,226.365,271.034,282.945,252.080,230.797,268.575,304.235,258.490,255.690,233.604,300.740,246.690,228.491,236.865,235.823,242.607,217.092,255.228,236.651,284.881,266.738,252.801,239.805,249.540,246.048,221.903,231.257,244.554,258.232,289.329,294.713,255.605,266.137,241.766,263.619,228.648,250.018,288.074,255.502,253.906,291.099,241.459,240.868,229.275,208.665,227.895,289.718,233.147,260.469"
2026-06-26T16:50:24.043103+00:00,SQISign2D-East,5,5,FFFFFFFFFFFFFFFFFFFFFFFFFFFFFFFFFFFFFFFFFFFFFFFFFFFFFFFFFFFFFFFFFFFFFFFFFFFFFFFFFFFFFFFFFFFFFFFFFFFFFFFFFFFFFFFFFFFFFFFFFFFFFFFF,FFFFFFFFFFFFFFFFFFFFFFFFFFFFFFFFFFFFFFFFFFFFFFFFFFFFFFFFFFFFFFFFFFFFFFFFFFFFFFFFFFFFFFFFFFFFFFFFFFFFFFFFFFFFFFFFFFFFFFFFFFFFFFFF,0,477.428676,"1179.519,1201.120,1275.535,1359.358,1163.119,1197.863,1238.699,1230.093,1325.922,1224.907,1293.188,1241.130,1322.598,1301.515,1318.531,1171.313,1281.715,1244.367,1420.449,1201.866,1403.347,1245.636,1177.256,1312.143,1305.864,1259.786,1203.892,1181.049,1187.350,1287.084,1325.107,1170.157,1263.757,1134.007,1208.312,1275.696,1293.404,1151.044,1190.091,1289.219,1160.608,1318.670,1190.882,1184.049,1250.635,1234.527,1253.197,1186.451,1189.258,1331.928,1228.836,1251.854,1205.253,1355.493,1296.354,1160.722,1296.498,1188.788,1256.342,1302.994,1310.349,1266.783,1223.159,1194.448,1261.163,1249.299,1225.767,1294.660,1271.287,1238.456,1249.743,1177.344,1299.894,1265.643,1288.500,1221.025,1223.559,1182.885,1140.711,1223.062,1212.512,1238.197,1240.829,1165.952,1236.862,1208.575,1236.517,1199.763,1202.531,1166.814,1217.150,1345.342,1237.336,1221.497,1198.390,1133.798,1204.458,1230.491,1299.161,1228.627","256.789,258.769,280.492,302.850,247.057,280.531,228.126,256.380,283.663,287.108,264.924,254.246,273.875,276.596,259.281,221.469,247.833,245.521,283.736,252.909,263.674,278.526,229.088,254.355,294.191,311.411,251.967,263.204,221.376,247.303,247.498,280.742,272.057,238.974,263.312,270.988,253.022,236.388,238.104,245.135,265.163,279.792,285.939,255.768,285.766,288.159,249.682,258.859,253.706,222.019,231.919,281.651,259.813,306.759,289.712,268.336,253.128,238.354,260.684,271.123,276.208,285.272,256.573,256.660,257.321,247.822,243.186,263.495,249.677,309.124,268.775,238.814,256.055,242.890,263.470,252.311,272.796,229.009,248.451,293.797,260.169,233.639,262.300,255.725,298.237,240.390,248.780,230.968,254.724,218.853,285.500,224.918,290.670,311.172,298.936,241.763,248.309,240.038,255.238,260.647"
2026-06-26T16:50:24.043103+00:00,SQISign2D-East,5,6,FFFFFFFFFFFFFFFFFFFFFFFFFFFFFFFFFFFFFFFFFFFFFFFFFFFFFFFFFFFFFFFFFFFFFFFFFFFFFFFFFFFFFFFFFFFFFFFFFFFFFFFFFFFFFFFFFFFFFFFFFFFFFFFF,FFFFFFFFFFFFFFFFFFFFFFFFFFFFFFFFFFFFFFFFFFFFFFFFFFFFFFFFFFFFFFFFFFFFFFFFFFFFFFFFFFFFFFFFFFFFFFFFFFFFFFFFFFFFFFFFFFFFFFFFFFFFFFFF,0,446.910985,"1154.073,1160.711,1234.112,1229.445,1429.151,1252.706,1193.708,1327.041,1143.901,1232.668,1214.514,1228.773,1350.065,1281.232,1345.980,1170.738,1295.469,1308.926,1245.567,1226.603,1165.921,1197.651,1258.609,1203.352,1208.655,1376.073,1160.555,1253.519,1141.262,1268.663,1337.834,1147.816,1245.648,1278.127,1244.784,1237.398,1343.196,1253.667,1127.409,1243.036,1356.381,1257.185,1242.287,1155.739,1225.564,1230.680,1248.473,1327.092,1220.584,1247.801,1258.778,1360.021,1298.036,1233.386,1285.853,1291.686,1242.332,1226.231,1235.214,1153.774,1196.616,1232.078,1235.966,1138.075,1226.992,1285.393,1181.508,1154.468,1265.984,1192.460,1284.310,1172.449,1183.185,1176.345,1199.607,1330.714,1174.827,1352.533,1198.862,1203.774,1159.396,1241.847,1188.461,1519.837,1307.454,1226.608,1189.292,1216.476,1210.200,1458.625,1226.159,1249.953,1287.429,1284.746,1250.320,1197.970,1309.642,1267.253,1240.276,1211.222","221.996,243.888,256.437,239.943,268.890,239.230,240.810,261.952,234.167,289.525,239.878,237.227,227.611,235.948,255.220,217.735,228.662,267.529,245.218,236.839,240.571,217.729,221.119,226.101,217.307,243.760,215.231,232.790,213.522,240.324,254.424,239.576,252.052,264.298,221.203,209.635,233.773,255.047,214.515,244.912,219.175,235.653,241.599,227.784,234.615,238.399,229.107,231.719,243.498,256.864,217.826,232.060,250.818,257.479,242.092,248.292,261.174,269.550,216.339,223.956,227.135,260.281,221.042,227.524,223.968,232.562,233.827,230.456,259.565,258.439,273.010,252.614,216.453,216.459,225.840,233.210,235.568,241.120,227.128,237.024,251.283,237.940,220.832,227.996,277.224,294.640,231.789,243.126,226.419,259.440,261.497,225.644,232.322,223.162,258.400,229.609,231.317,235.176,242.258,220.441"
2026-06-26T16:50:24.043103+00:00,SQISign2D-East,5,7,FFFFFFFFFFFFFFFFFFFFFFFFFFFFFFFFFFFFFFFFFFFFFFFFFFFFFFFFFFFFFFFFFFFFFFFFFFFFFFFFFFFFFFFFFFFFFFFFFFFFFFFFFFFFFFFFFFFFFFFFFFFFFFFF,FFFFFFFFFFFFFFFFFFFFFFFFFFFFFFFFFFFFFFFFFFFFFFFFFFFFFFFFFFFFFFFFFFFFFFFFFFFFFFFFFFFFFFFFFFFFFFFFFFFFFFFFFFFFFFFFFFFFFFFFFFFFFFFF,0,505.788878,"1167.532,1439.304,1242.539,1328.111,1246.774,1215.151,1229.755,1258.794,1333.806,1237.598,1197.909,1241.528,1213.223,1221.970,1239.008,1195.669,1235.017,1317.237,1170.977,1207.541,1219.144,1209.877,1143.353,1210.374,1175.758,1197.941,1224.831,1211.900,1146.237,1214.941,1391.574,1465.376,1192.291,1180.683,1218.842,1302.310,1234.487,1195.034,1227.630,1295.286,1211.409,1380.503,1284.219,1353.450,1223.723,1197.422,1356.590,1367.248,1190.782,1225.665,1234.254,1302.572,1177.218,1239.394,1245.112,1270.414,1282.756,1282.213,1202.323,1478.917,1137.395,1214.092,1209.796,1203.238,1320.814,1185.682,1250.208,1235.317,1207.983,1196.117,1251.974,1137.152,1250.266,1294.123,1388.642,1238.498,1483.888,1218.666,1166.395,1229.869,1225.335,1213.315,1579.239,1198.845,1149.666,1164.350,1259.138,1290.326,1186.125,1212.178,1355.116,1234.378,1299.033,1203.013,1300.125,1301.303,1202.783,1321.478,1244.163,1173.588","227.331,246.670,211.355,251.141,248.700,204.309,214.745,222.781,244.866,228.425,264.467,244.052,222.309,237.779,248.607,229.245,249.917,228.213,254.198,231.115,232.197,216.433,219.920,279.613,218.239,247.392,237.622,243.924,213.333,239.508,207.986,281.465,275.737,209.069,234.944,256.016,209.485,222.498,252.626,256.320,222.614,258.344,244.838,227.392,224.331,264.817,259.563,271.191,241.773,262.333,215.923,246.140,215.425,271.964,208.014,226.308,235.641,225.673,242.812,236.044,214.136,254.943,250.512,252.316,232.888,242.860,222.033,238.621,235.725,200.780,226.853,212.588,259.612,221.219,251.043,240.440,278.485,265.902,207.078,228.013,253.383,222.191,296.454,225.035,210.082,218.721,227.224,271.045,266.459,225.323,243.753,255.951,268.251,223.676,243.757,225.746,243.224,248.453,221.595,237.863"
2026-06-26T16:50:24.043103+00:00,SQISign2D-East,5,8,FFFFFFFFFFFFFFFFFFFFFFFFFFFFFFFFFFFFFFFFFFFFFFFFFFFFFFFFFFFFFFFFFFFFFFFFFFFFFFFFFFFFFFFFFFFFFFFFFFFFFFFFFFFFFFFFFFFFFFFFFFFFFFFF,FFFFFFFFFFFFFFFFFFFFFFFFFFFFFFFFFFFFFFFFFFFFFFFFFFFFFFFFFFFFFFFFFFFFFFFFFFFFFFFFFFFFFFFFFFFFFFFFFFFFFFFFFFFFFFFFFFFFFFFFFFFFFFFF,0,422.157419,"1280.099,1231.395,1257.649,1380.702,1344.684,1326.574,1192.674,1192.156,1142.805,1208.024,1260.917,1513.121,1164.430,1203.921,1182.420,1412.639,1196.947,1217.279,1316.853,1336.132,1287.592,1334.633,1222.216,1297.171,1283.695,1186.080,1339.070,1186.376,1325.529,1415.956,1250.628,1217.486,1158.625,1263.079,1227.518,1205.257,1264.900,1214.266,1267.916,1164.499,1259.897,1392.194,1235.675,1231.945,1388.096,1238.191,1303.466,1209.056,1207.720,1305.095,1384.691,1228.262,1256.765,1237.046,1230.026,1295.690,1170.732,1228.176,1195.114,1183.705,1220.262,1150.339,1189.494,1262.285,1153.352,1259.630,1243.660,1245.729,1205.957,1192.397,1288.155,1230.199,1256.223,1143.341,1269.080,1189.362,1356.763,1258.313,1175.834,1371.735,1343.292,1344.138,1254.416,1233.456,1161.669,1265.105,1372.335,1217.819,1242.469,1275.969,1199.547,1216.273,1309.636,1242.026,1281.815,1227.129,1287.388,1155.154,1217.124,1273.072","262.073,253.164,233.642,251.385,249.665,230.535,234.478,269.285,240.483,234.116,229.771,280.041,209.371,241.755,228.068,247.393,254.643,226.962,271.194,245.757,230.233,280.657,252.935,219.463,263.539,240.578,223.474,237.087,261.388,239.845,245.038,231.768,242.434,219.191,250.922,268.770,228.275,266.149,273.251,237.601,235.415,233.292,252.550,262.304,252.715,256.085,265.843,239.486,241.964,271.664,253.327,233.576,257.252,228.303,241.557,283.930,243.561,232.318,251.218,236.700,247.944,228.060,232.850,235.796,242.621,282.148,266.080,270.227,239.278,214.034,272.942,213.066,276.296,222.045,245.510,226.375,220.018,245.954,263.825,247.625,237.934,293.941,251.526,272.618,231.029,242.945,255.626,284.044,276.355,235.822,265.136,282.765,275.577,243.944,240.594,232.932,247.450,249.101,268.122,257.862"
2026-06-26T16:50:24.043103+00:00,SQISign2D-East,5,9,FFFFFFFFFFFFFFFFFFFFFFFFFFFFFFFFFFFFFFFFFFFFFFFFFFFFFFFFFFFFFFFFFFFFFFFFFFFFFFFFFFFFFFFFFFFFFFFFFFFFFFFFFFFFFFFFFFFFFFFFFFFFFFFF,FFFFFFFFFFFFFFFFFFFFFFFFFFFFFFFFFFFFFFFFFFFFFFFFFFFFFFFFFFFFFFFFFFFFFFFFFFFFFFFFFFFFFFFFFFFFFFFFFFFFFFFFFFFFFFFFFFFFFFFFFFFFFFFF,0,424.981221,"1184.892,1409.915,1212.418,1220.951,1180.995,1278.516,1237.483,1184.893,1223.670,1126.781,1293.940,1248.074,1188.074,1379.104,1167.260,1153.071,1287.560,1268.839,1178.022,1220.421,1173.642,1261.909,1211.495,1280.660,1248.178,1340.762,1210.590,1308.738,1353.152,1164.538,1271.772,1264.675,1243.210,1228.305,1295.948,1249.230,1169.004,1269.899,1266.127,1231.757,1244.672,1119.662,1244.801,1271.834,1221.404,1223.627,1208.641,1237.365,1194.588,1186.511,1192.155,1215.610,1188.505,1271.583,1251.977,1176.913,1187.124,1203.275,1215.884,1268.848,1225.552,1257.604,1228.739,1310.264,1163.563,1274.852,1248.901,1200.589,1321.012,1300.355,1252.225,1240.629,1256.774,1279.986,1165.473,1312.497,1244.672,1240.763,1203.771,1217.905,1234.887,1175.914,1249.716,1221.896,1174.126,1287.783,1264.329,1274.187,1151.899,1219.481,1232.804,1212.896,1193.631,1233.942,1219.959,1302.407,1215.023,1171.847,1232.887,1247.837","257.663,266.995,237.307,239.619,235.706,252.028,241.129,222.676,249.497,221.806,269.991,266.378,240.690,254.704,261.777,232.214,283.697,253.200,223.478,298.218,232.779,251.502,251.091,286.905,301.341,244.271,255.853,247.373,247.133,260.837,228.427,257.109,275.758,288.435,277.525,228.352,228.887,248.111,312.909,277.324,234.390,222.205,257.917,295.898,272.450,257.177,257.619,272.992,233.983,253.341,217.907,245.952,246.288,292.134,227.827,237.751,261.877,250.719,244.712,238.386,222.449,272.626,232.220,256.319,228.647,246.006,246.415,222.463,295.620,226.499,269.606,233.299,239.672,251.992,238.330,258.622,281.150,248.496,255.005,230.578,237.675,240.119,246.796,249.830,223.453,264.460,296.580,276.924,233.956,233.769,232.347,244.753,282.549,277.389,228.667,228.456,230.926,265.893,233.799,246.544"
2026-06-26T17:04:15.654549+00:00,SQISign2D-East,6,0,FFFFFFFFFFFFFFFFFFFFFFFFFFFFFFFFFFFFFFFFFFFFFFFFFFFFFFFFFFFFFFFFFFFFFFFFFFFFFFFFFFFFFFFFFFFFFFFFFFFFFFFFFFFFFFFFFFFFFFFFFFFFFFFF,FFFFFFFFFFFFFFFFFFFFFFFFFFFFFFFFFFFFFFFFFFFFFFFFFFFFFFFFFFFFFFFFFFFFFFFFFFFFFFFFFFFFFFFFFFFFFFFFFFFFFFFFFFFFFFFFFFFFFFFFFFFFFFFF,0,414.977579,"1232.399,1181.987,1208.676,1157.610,1219.127,1298.310,1175.096,1187.741,1139.276,1357.490,1227.780,1210.666,1225.459,1237.698,1165.493,1216.011,1172.298,1215.181,1156.401,1189.628,1255.542,1288.556,1200.592,1255.697,1182.605,1275.566,1211.388,1147.495,1303.653,1626.790,1193.391,1146.954,1180.371,1173.989,1201.434,1229.642,1279.396,1246.632,1236.875,1206.080,1223.443,1141.530,1260.929,1139.264,1411.201,1227.226,1332.272,1241.728,1240.977,1283.011,1261.985,1191.787,1111.903,1230.298,1163.988,1245.798,1147.053,1171.174,1220.993,1310.404,1211.181,1226.451,1273.984,1164.282,1135.311,1252.535,1188.202,1226.415,1197.613,1233.408,1220.526,1293.631,1212.616,1324.861,1215.978,1242.350,1208.476,1351.829,1140.491,1181.920,1231.194,1232.557,1141.506,1189.936,1336.113,1315.148,1267.907,1292.386,1275.202,1351.227,1251.514,1135.228,1230.487,1508.336,1176.293,1199.768,1473.977,1245.773,1148.669,1180.515","255.110,235.110,242.617,245.011,248.189,208.505,203.852,246.209,236.724,209.757,255.540,220.834,278.500,213.171,225.710,254.344,237.914,247.564,223.212,257.135,260.364,261.675,230.433,235.808,266.202,254.374,265.196,264.378,241.665,242.235,258.190,214.724,215.979,246.925,283.551,242.019,280.295,246.732,246.374,226.299,286.628,227.380,212.809,244.799,232.980,262.940,218.866,254.311,279.010,229.833,226.490,213.972,227.103,242.099,237.021,242.080,241.393,257.651,242.461,241.738,221.556,257.050,272.621,258.249,255.653,216.728,209.239,217.395,253.588,291.750,282.013,264.887,286.151,275.403,233.391,210.759,272.100,234.255,234.147,219.322,236.491,233.178,220.966,265.526,293.323,247.708,241.721,272.780,245.401,272.880,295.367,233.791,276.599,230.987,240.964,219.601,281.082,276.997,241.137,240.368"
2026-06-26T17:04:15.654549+00:00,SQISign2D-East,6,1,FFFFFFFFFFFFFFFFFFFFFFFFFFFFFFFFFFFFFFFFFFFFFFFFFFFFFFFFFFFFFFFFFFFFFFFFFFFFFFFFFFFFFFFFFFFFFFFFFFFFFFFFFFFFFFFFFFFFFFFFFFFFFFFF,FFFFFFFFFFFFFFFFFFFFFFFFFFFFFFFFFFFFFFFFFFFFFFFFFFFFFFFFFFFFFFFFFFFFFFFFFFFFFFFFFFFFFFFFFFFFFFFFFFFFFFFFFFFFFFFFFFFFFFFFFFFFFFFF,0,501.70526,"1152.819,1164.736,1211.933,1249.562,1249.708,1313.080,1296.924,1327.502,1196.786,1203.176,1196.103,1288.801,1226.560,1363.369,1238.719,1215.554,1243.434,1168.139,1230.867,1162.605,1258.043,1190.668,1193.862,1164.365,1224.457,1214.336,1226.907,1317.898,1194.065,1112.415,1222.360,1264.776,1233.238,1239.764,1268.823,1166.022,1220.350,1332.696,1239.495,1194.004,1192.327,1163.793,1322.140,1253.316,1303.722,1142.951,1260.597,1370.247,1228.500,1207.317,1258.900,1197.374,1175.483,1262.081,1223.098,1201.010,1378.045,1427.396,1151.962,1151.852,1260.155,1143.132,1174.964,1479.341,1177.840,1206.627,1198.188,1200.856,1300.626,1131.636,1277.623,1148.451,1270.978,1265.655,1207.315,1192.487,1199.290,1270.108,1160.481,1279.469,1263.296,1176.802,1188.343,1196.843,1265.963,1179.861,1258.026,1253.793,1241.890,1239.617,1316.007,1321.141,1271.455,1147.778,1274.264,1174.414,1229.764,1251.512,1283.648,1232.186","248.338,209.361,233.663,221.805,253.615,242.614,299.123,243.908,225.635,235.068,250.917,239.121,216.851,215.642,245.780,217.530,245.072,235.205,241.599,208.106,301.769,281.758,208.208,214.436,246.350,275.986,250.437,257.662,255.745,228.814,226.214,217.769,253.822,228.678,246.110,235.184,221.338,220.018,271.484,232.947,244.095,225.624,245.207,253.690,303.761,234.347,228.856,254.416,249.813,235.463,262.077,252.123,251.938,244.991,244.584,263.099,223.515,218.447,224.885,226.616,239.402,229.292,242.407,269.037,227.012,252.394,227.266,229.118,247.412,231.864,253.947,240.407,231.758,238.096,268.538,246.899,218.260,231.247,212.934,223.554,241.493,241.801,271.065,208.074,224.561,237.890,253.928,230.416,232.438,223.825,271.224,225.006,231.323,217.596,212.659,227.967,266.265,237.011,259.410,240.738"
2026-06-26T17:04:15.654549+00:00,SQISign2D-East,6,2,FFFFFFFFFFFFFFFFFFFFFFFFFFFFFFFFFFFFFFFFFFFFFFFFFFFFFFFFFFFFFFFFFFFFFFFFFFFFFFFFFFFFFFFFFFFFFFFFFFFFFFFFFFFFFFFFFFFFFFFFFFFFFFFF,FFFFFFFFFFFFFFFFFFFFFFFFFFFFFFFFFFFFFFFFFFFFFFFFFFFFFFFFFFFFFFFFFFFFFFFFFFFFFFFFFFFFFFFFFFFFFFFFFFFFFFFFFFFFFFFFFFFFFFFFFFFFFFFF,0,408.399505,"1209.809,1178.681,1221.505,1227.075,1124.435,1207.279,1242.406,1241.468,1189.090,1129.612,1181.388,1336.754,1203.622,1175.755,1170.803,1298.248,1200.205,1203.957,1281.011,1193.698,1225.509,1189.309,1218.951,1225.207,1137.666,1188.077,1221.548,1220.498,1179.445,1220.049,1267.840,1333.774,1248.390,1237.202,1178.115,1430.119,1204.078,1202.623,1326.548,1189.507,1369.177,1223.667,1239.334,1271.790,1153.712,1212.890,1335.354,1218.798,1199.458,1198.943,1206.978,1173.576,1225.191,1304.203,1248.802,1229.174,1232.343,1117.779,1327.675,1179.094,1312.272,1262.948,1240.294,1259.040,1161.490,1192.446,1219.227,1223.699,1195.154,1390.753,1260.946,1146.583,1236.772,1212.311,1158.133,1247.301,1194.065,1353.835,1260.570,1276.901,1239.644,1202.454,1150.598,1228.481,1266.471,1208.664,1217.139,1160.553,1188.937,1158.447,1175.790,1275.613,1260.817,1204.020,1140.373,1205.596,1299.781,1243.987,1245.331,1247.971","265.010,215.695,241.395,225.024,232.290,250.829,230.399,272.669,233.235,222.074,241.923,231.189,218.683,237.283,232.451,243.595,221.685,247.898,225.359,255.643,222.767,235.622,215.404,249.611,215.819,235.896,257.303,248.933,238.534,248.584,235.082,214.996,244.024,251.186,274.718,235.079,236.004,258.946,250.460,219.564,252.565,282.544,241.769,225.897,248.431,218.539,264.903,232.458,264.962,224.926,229.982,258.026,260.535,262.820,248.559,264.168,245.135,240.705,292.910,249.641,266.802,236.491,212.669,280.334,268.473,244.792,237.777,234.628,257.129,253.227,262.980,222.408,267.163,277.280,244.282,241.560,260.503,261.300,248.100,247.069,270.121,277.306,239.957,243.612,254.858,245.032,261.931,262.457,242.641,248.844,256.396,226.358,230.797,228.324,252.187,241.633,251.957,232.630,236.135,253.801"
2026-06-26T17:04:15.654549+00:00,SQISign2D-East,6,3,FFFFFFFFFFFFFFFFFFFFFFFFFFFFFFFFFFFFFFFFFFFFFFFFFFFFFFFFFFFFFFFFFFFFFFFFFFFFFFFFFFFFFFFFFFFFFFFFFFFFFFFFFFFFFFFFFFFFFFFFFFFFFFFF,FFFFFFFFFFFFFFFFFFFFFFFFFFFFFFFFFFFFFFFFFFFFFFFFFFFFFFFFFFFFFFFFFFFFFFFFFFFFFFFFFFFFFFFFFFFFFFFFFFFFFFFFFFFFFFFFFFFFFFFFFFFFFFFF,0,433.934607,"1155.966,1229.953,1209.275,1201.334,1283.228,1177.606,1186.481,1249.678,1183.259,1215.146,1181.484,1279.343,1365.698,1181.277,1327.406,1159.737,1247.001,1154.801,1219.912,1294.040,1406.627,1350.859,1154.579,1232.927,1230.024,1135.114,1173.608,1315.640,1224.801,1152.973,1275.622,1359.092,1313.931,1242.709,1210.711,1429.743,1265.486,1164.453,1230.435,1182.647,1252.985,1195.073,1224.799,1122.860,1191.618,1262.084,1215.852,1161.758,1222.351,1216.804,1143.716,1228.216,1218.525,1212.203,1169.306,1238.484,1181.676,1431.329,1142.913,1314.319,1244.612,1170.187,1229.033,1163.698,1153.792,1263.018,1139.110,1184.074,1221.534,1290.363,1207.125,1457.618,1156.062,1334.613,1182.392,1181.935,1186.157,1250.940,1299.318,1146.757,1155.598,1233.878,1304.186,1147.260,1190.840,1260.941,1296.087,1173.102,1235.920,1321.367,1141.913,1390.245,1173.713,1277.817,1183.718,1164.530,1124.087,1209.136,1230.906,1256.765","241.090,259.979,226.917,237.856,256.704,236.906,245.053,256.123,227.713,285.190,257.021,228.698,237.596,239.903,237.624,226.746,269.196,233.315,228.528,231.253,288.815,291.152,217.730,236.330,246.328,220.372,221.261,236.217,245.577,217.887,266.998,302.307,211.588,279.994,248.172,235.134,231.178,220.930,206.694,220.167,242.533,235.333,235.743,236.282,222.479,236.718,246.438,208.661,234.083,238.411,214.209,215.972,230.673,258.514,219.684,211.446,213.267,238.960,226.330,231.251,220.115,244.598,249.829,220.963,215.621,232.314,243.498,250.733,271.460,251.036,245.622,230.740,231.602,232.785,212.585,233.944,244.729,254.861,240.991,214.043,210.501,253.343,230.627,220.596,252.481,230.380,265.956,230.491,245.240,304.357,218.787,224.566,236.228,240.550,228.974,246.677,215.037,209.876,260.056,236.121"
2026-06-26T17:04:15.654549+00:00,SQISign2D-East,6,4,FFFFFFFFFFFFFFFFFFFFFFFFFFFFFFFFFFFFFFFFFFFFFFFFFFFFFFFFFFFFFFFFFFFFFFFFFFFFFFFFFFFFFFFFFFFFFFFFFFFFFFFFFFFFFFFFFFFFFFFFFFFFFFFF,FFFFFFFFFFFFFFFFFFFFFFFFFFFFFFFFFFFFFFFFFFFFFFFFFFFFFFFFFFFFFFFFFFFFFFFFFFFFFFFFFFFFFFFFFFFFFFFFFFFFFFFFFFFFFFFFFFFFFFFFFFFFFFFF,0,410.387953,"1186.119,1240.328,1237.180,1267.259,1248.319,1127.922,1220.630,1244.299,1415.098,1199.959,1161.140,1117.397,1261.233,1240.239,1207.560,1239.771,1196.887,1177.231,1201.930,1267.833,1198.935,1247.623,1215.952,1236.760,1217.371,1260.969,1146.119,1155.105,1186.941,1176.092,1312.948,1347.360,1284.219,1178.951,1187.748,1132.178,1222.900,1349.003,1117.912,1181.147,1298.158,1296.453,1196.690,1215.479,1229.906,1185.191,1192.865,1261.701,1186.125,1205.549,1163.087,1144.107,1256.025,1139.427,1098.968,1210.780,1144.704,1156.028,1232.558,1218.858,1231.864,1171.882,1242.260,1143.699,1177.854,1156.644,1283.685,1182.611,1173.827,1381.435,1121.776,1186.948,1278.190,1188.547,1197.910,1246.793,1189.713,1161.811,1168.847,1201.798,1159.242,1237.589,1283.652,1177.872,1139.761,1215.933,1214.655,1197.696,1197.886,1251.805,1192.529,1197.841,1312.697,1152.003,1143.545,1135.945,1114.672,1257.867,1245.065,1133.754","255.045,233.608,239.321,270.889,224.206,232.022,240.050,235.748,252.039,242.348,212.759,213.084,225.940,258.713,227.003,227.652,216.047,237.579,256.772,252.526,258.453,267.425,212.705,246.796,251.831,247.948,228.121,227.965,246.265,231.622,208.550,232.141,253.178,244.324,232.207,250.745,221.050,271.567,217.015,218.216,220.485,245.968,261.193,248.648,262.073,206.285,218.630,274.092,209.235,203.863,215.720,228.668,236.786,223.450,205.446,220.075,242.770,226.212,262.869,258.480,218.901,212.919,225.654,215.544,209.356,232.163,229.177,245.528,243.581,228.156,206.877,232.084,226.796,240.290,213.527,253.611,228.810,254.771,238.813,240.232,228.055,231.660,280.811,249.757,206.185,248.121,231.802,229.384,224.928,240.057,261.606,237.116,271.042,211.704,216.026,240.224,223.824,222.599,219.120,240.928"
2026-06-26T17:04:15.654549+00:00,SQISign2D-East,6,5,FFFFFFFFFFFFFFFFFFFFFFFFFFFFFFFFFFFFFFFFFFFFFFFFFFFFFFFFFFFFFFFFFFFFFFFFFFFFFFFFFFFFFFFFFFFFFFFFFFFFFFFFFFFFFFFFFFFFFFFFFFFFFFFF,FFFFFFFFFFFFFFFFFFFFFFFFFFFFFFFFFFFFFFFFFFFFFFFFFFFFFFFFFFFFFFFFFFFFFFFFFFFFFFFFFFFFFFFFFFFFFFFFFFFFFFFFFFFFFFFFFFFFFFFFFFFFFFFF,0,508.105705,"1263.000,1203.340,1139.747,1184.826,1187.252,1278.747,1223.173,1281.537,1173.124,1228.972,1191.850,1233.118,1273.134,1369.651,1178.146,1149.727,1187.479,1317.048,1259.099,1199.655,1252.178,1218.642,1181.344,1294.982,1120.026,1189.096,1208.316,1181.727,1234.053,1256.129,1186.497,1323.407,1305.864,1209.022,1244.203,1220.490,1281.041,1186.671,1108.906,1125.933,1181.792,1273.525,1177.948,1193.743,1217.520,1219.047,1229.225,1231.132,1198.040,1139.259,1272.920,1203.446,1231.042,1247.454,1128.567,1186.485,1327.208,1270.935,1244.445,1277.565,1586.858,1184.253,1136.688,1177.333,1193.156,1151.613,1184.091,1123.287,1196.491,1253.256,1125.414,1190.319,1203.515,1228.590,1137.795,1224.360,1232.455,1137.527,1166.579,1267.594,1178.812,1111.604,1185.212,1342.614,1220.203,1310.925,1143.439,1379.243,1190.334,1286.831,1311.153,1273.041,1184.950,1250.378,1165.523,1223.974,1283.703,1221.140,1424.927,1238.226","228.000,221.732,243.109,226.512,236.058,220.769,220.373,258.203,227.000,242.314,259.570,216.019,287.050,270.933,254.159,241.537,219.068,235.405,248.094,233.936,235.399,244.920,235.568,223.385,209.711,283.153,228.151,220.746,275.071,247.379,221.870,224.306,280.337,232.612,206.616,226.945,280.383,221.223,217.560,204.184,209.073,226.608,211.839,217.942,245.020,235.915,219.579,264.958,228.070,226.661,220.810,253.207,236.544,224.563,231.903,201.098,240.231,255.579,215.768,263.786,252.177,221.724,245.547,206.482,222.991,210.652,256.456,211.168,253.190,209.079,233.097,209.383,249.690,254.042,203.900,223.414,231.786,210.754,247.577,229.966,239.829,216.966,245.351,216.519,221.625,212.702,235.767,219.340,225.637,234.392,241.742,246.898,255.701,236.398,224.014,224.114,225.585,234.826,232.529,250.591"
2026-06-26T17:04:15.654549+00:00,SQISign2D-East,6,6,FFFFFFFFFFFFFFFFFFFFFFFFFFFFFFFFFFFFFFFFFFFFFFFFFFFFFFFFFFFFFFFFFFFFFFFFFFFFFFFFFFFFFFFFFFFFFFFFFFFFFFFFFFFFFFFFFFFFFFFFFFFFFFFF,FFFFFFFFFFFFFFFFFFFFFFFFFFFFFFFFFFFFFFFFFFFFFFFFFFFFFFFFFFFFFFFFFFFFFFFFFFFFFFFFFFFFFFFFFFFFFFFFFFFFFFFFFFFFFFFFFFFFFFFFFFFFFFFF,0,477.18641,"1144.118,1235.481,1295.357,1139.419,1412.736,1179.741,1265.041,1217.586,1196.301,1164.718,1244.861,1310.289,1187.729,1336.022,1206.662,1136.270,1250.212,1273.969,1138.427,1190.036,1197.540,1186.575,1282.747,1288.659,1439.812,1235.472,1249.534,1217.653,1166.583,1165.902,1196.655,1112.280,1230.250,1233.174,1199.172,1216.758,1335.918,1148.360,1363.443,1231.991,1245.421,1447.914,1237.424,1544.994,1242.174,1263.229,1139.001,1275.191,1160.974,1220.133,1169.973,1229.727,1407.183,1155.501,1299.880,1248.499,1147.738,1280.663,1312.217,1241.471,1329.855,1169.496,1144.698,1328.681,1219.757,1234.186,1326.953,1355.462,1268.621,1151.155,1197.399,1266.590,1280.508,1173.242,1248.144,1171.574,1227.220,1198.524,1316.239,1169.477,1194.283,1236.440,1318.302,1099.718,1112.591,1285.798,1155.483,1335.922,1170.533,1176.809,1196.968,1231.970,1139.008,1218.284,1166.605,1167.845,1221.045,1206.332,1348.258,1321.389","250.390,255.971,304.444,233.011,250.737,242.947,288.554,267.858,285.446,241.921,236.162,283.616,274.970,302.335,256.178,257.180,270.841,266.686,244.073,254.015,228.901,235.428,264.739,265.071,293.767,249.969,264.099,298.547,257.700,261.271,283.540,229.724,282.935,262.372,277.411,279.413,263.331,259.386,243.617,279.422,268.643,300.750,253.126,241.817,245.887,249.665,240.373,262.003,259.514,257.866,276.199,303.530,253.386,285.303,298.570,237.963,248.718,258.978,249.816,253.154,242.677,244.628,255.169,236.449,264.505,263.170,253.480,260.512,267.406,251.810,264.471,244.674,244.172,238.686,277.932,249.601,241.593,249.274,233.494,237.069,254.651,236.702,300.965,237.915,247.021,240.961,238.332,277.193,277.134,271.346,245.324,278.685,245.622,247.966,239.536,232.607,252.253,244.511,247.658,255.263"
2026-06-26T17:04:15.654549+00:00,SQISign2D-East,6,7,FFFFFFFFFFFFFFFFFFFFFFFFFFFFFFFFFFFFFFFFFFFFFFFFFFFFFFFFFFFFFFFFFFFFFFFFFFFFFFFFFFFFFFFFFFFFFFFFFFFFFFFFFFFFFFFFFFFFFFFFFFFFFFFF,FFFFFFFFFFFFFFFFFFFFFFFFFFFFFFFFFFFFFFFFFFFFFFFFFFFFFFFFFFFFFFFFFFFFFFFFFFFFFFFFFFFFFFFFFFFFFFFFFFFFFFFFFFFFFFFFFFFFFFFFFFFFFFFF,0,415.62206,"1236.207,1219.953,1163.729,1197.285,1170.564,1227.299,1186.880,1230.549,1181.720,1215.745,1337.049,1166.979,1231.802,1333.349,1213.586,1194.810,1204.212,1272.890,1201.172,1138.285,1251.683,1281.444,1203.576,1253.960,1207.711,1218.531,1281.105,1212.933,1123.466,1322.662,1263.573,1198.549,1284.937,1228.643,1208.268,1171.327,1175.762,1128.177,1246.378,1246.625,1186.689,1221.640,1264.657,1379.928,1191.160,1255.885,1263.312,1307.709,1316.010,1198.097,1166.361,1155.345,1186.765,1186.199,1241.541,1160.983,1175.918,1204.320,1175.390,1175.671,1177.268,1211.322,1200.317,1194.550,1201.811,1160.059,1300.062,1267.928,1127.704,1249.166,1243.125,1205.298,1146.351,1312.244,1249.086,1291.033,1164.453,1189.855,1178.202,1122.374,1291.572,1159.393,1306.781,1208.609,1198.208,1263.431,1249.324,1257.025,1236.288,1165.524,1175.773,1186.158,1197.652,1203.539,1222.943,1186.631,1121.222,1196.655,1216.278,1249.316","226.612,219.326,206.661,222.377,221.175,259.235,224.010,285.554,205.729,258.393,230.772,216.776,269.135,240.717,234.453,257.278,232.073,223.859,217.891,241.940,212.665,264.803,239.639,255.728,228.538,252.269,209.999,243.455,231.827,236.051,221.146,227.885,239.043,227.841,212.946,238.287,218.133,222.304,233.516,213.554,236.763,222.552,298.384,245.789,206.746,226.951,284.046,242.903,243.097,208.823,244.531,228.210,211.834,225.344,291.536,211.367,232.164,224.118,221.777,227.391,239.225,244.534,249.772,244.632,224.048,235.095,264.121,252.819,209.712,255.172,222.380,218.198,227.318,214.233,234.474,247.008,235.766,213.869,248.170,210.340,240.667,228.724,221.941,211.613,235.447,240.794,206.084,251.009,255.399,222.874,268.431,233.844,245.732,227.617,273.193,261.300,232.781,238.413,263.618,233.420"
2026-06-26T17:04:15.654549+00:00,SQISign2D-East,6,8,FFFFFFFFFFFFFFFFFFFFFFFFFFFFFFFFFFFFFFFFFFFFFFFFFFFFFFFFFFFFFFFFFFFFFFFFFFFFFFFFFFFFFFFFFFFFFFFFFFFFFFFFFFFFFFFFFFFFFFFFFFFFFFFF,FFFFFFFFFFFFFFFFFFFFFFFFFFFFFFFFFFFFFFFFFFFFFFFFFFFFFFFFFFFFFFFFFFFFFFFFFFFFFFFFFFFFFFFFFFFFFFFFFFFFFFFFFFFFFFFFFFFFFFFFFFFFFFFF,0,417.017613,"1131.019,1261.355,1275.377,1204.898,1197.694,1281.069,1353.463,1241.448,1242.342,1266.136,1425.591,1271.436,1173.556,1146.077,1139.332,1169.195,1204.068,1419.853,1340.217,1182.421,1202.770,1165.959,1380.135,1130.174,1195.682,1280.509,1149.883,1268.763,1137.940,1125.427,1408.538,1261.218,1123.478,1217.660,1411.864,1209.068,1158.858,1567.370,1222.538,1137.755,1127.162,1450.105,1205.655,1168.652,1203.462,1183.270,1116.638,1141.504,1164.874,1213.793,1162.573,1205.017,1197.899,1243.044,1182.857,1251.220,1196.162,1166.769,1229.913,1201.626,1160.434,1182.741,1165.962,1248.197,1146.480,1239.699,1244.718,1189.364,1236.739,1533.589,1493.099,1222.197,1219.827,1260.162,1169.758,1435.192,1194.615,1251.022,1264.739,1318.662,1349.759,1177.286,1229.789,1200.352,1197.329,1183.013,1141.970,1267.139,1232.315,1194.909,1209.109,1153.867,1234.837,1238.820,1218.525,1197.823,1215.279,1180.506,1263.047,1178.104","215.455,223.020,234.425,247.089,224.398,252.284,217.949,236.027,262.374,244.339,245.740,240.871,265.859,245.730,240.684,235.111,276.729,245.080,259.123,219.021,238.127,221.672,237.285,216.468,233.882,234.468,223.909,244.932,227.355,225.963,227.663,229.088,225.007,250.213,238.895,236.303,231.771,319.016,261.408,219.720,223.535,235.985,229.315,222.087,249.363,247.001,214.351,243.591,223.816,221.832,238.629,259.957,240.336,217.070,240.118,224.447,236.433,244.573,231.586,259.699,211.890,213.081,244.866,284.645,207.204,227.313,291.174,235.743,263.684,281.431,232.485,230.335,231.250,220.285,241.215,266.615,265.224,209.129,211.262,279.767,243.372,222.972,271.914,215.735,231.255,236.451,222.080,231.124,228.829,231.873,247.376,211.275,218.237,215.642,232.280,216.008,228.689,225.109,230.591,236.374"
2026-06-26T17:04:15.654549+00:00,SQISign2D-East,6,9,FFFFFFFFFFFFFFFFFFFFFFFFFFFFFFFFFFFFFFFFFFFFFFFFFFFFFFFFFFFFFFFFFFFFFFFFFFFFFFFFFFFFFFFFFFFFFFFFFFFFFFFFFFFFFFFFFFFFFFFFFFFFFFFF,FFFFFFFFFFFFFFFFFFFFFFFFFFFFFFFFFFFFFFFFFFFFFFFFFFFFFFFFFFFFFFFFFFFFFFFFFFFFFFFFFFFFFFFFFFFFFFFFFFFFFFFFFFFFFFFFFFFFFFFFFFFFFFFF,0,438.802548,"1253.939,1325.036,1216.796,1279.664,1412.911,1388.605,1212.156,1179.832,1207.213,1286.868,1386.446,1178.731,1214.881,1190.560,1258.006,1188.856,1266.752,1404.627,1144.219,1171.656,1298.606,1092.317,1128.549,1245.182,1156.625,1172.812,1268.091,1248.046,1169.664,1195.331,1256.448,1169.366,1377.004,1109.008,1285.441,1187.801,1179.908,1268.984,1122.992,1183.977,1346.479,1198.282,1279.275,1232.468,1185.739,1226.748,1233.045,1229.371,1196.437,1241.220,1209.429,1243.101,1180.420,1221.466,1232.766,1317.946,1233.321,1381.049,1286.684,1339.549,1246.437,1229.502,1217.730,1253.406,1213.351,1167.305,1194.186,1164.295,1276.087,1116.658,1169.679,1187.316,1161.025,1206.804,1232.072,1210.781,1281.914,1169.203,1162.120,1205.617,1186.710,1339.263,1181.208,1287.046,1213.738,1275.751,1195.839,1198.685,1147.202,1257.741,1214.180,1208.049,1157.190,1169.577,1358.045,1157.657,1155.152,1378.123,1159.108,1202.352","259.175,230.882,229.863,246.371,237.073,258.181,220.419,233.352,219.599,235.296,234.829,228.206,226.308,230.411,230.253,222.219,235.228,245.429,227.279,206.926,237.253,202.584,226.573,220.038,238.490,227.719,254.612,235.940,230.718,210.296,214.253,198.767,271.620,211.542,227.672,236.824,241.626,222.791,221.855,244.216,319.491,238.205,244.406,225.596,228.660,241.600,229.029,212.649,219.232,250.215,265.177,259.301,228.159,205.888,253.571,280.151,269.549,234.325,220.027,225.190,245.910,243.927,220.272,242.117,224.198,232.060,201.919,223.158,265.355,210.268,220.152,216.878,202.644,234.846,289.819,261.496,242.476,228.959,230.701,289.965,219.610,262.148,223.441,228.875,211.983,231.190,256.829,222.215,218.713,221.321,232.826,253.647,241.445,245.536,225.871,195.340,239.535,234.095,213.822,208.022"
2026-06-26T17:17:59.812235+00:00,SQISign2D-East,7,0,FFFFFFFFFFFFFFFFFFFFFFFFFFFFFFFFFFFFFFFFFFFFFFFFFFFFFFFFFFFFFFFFFFFFFFFFFFFFFFFFFFFFFFFFFFFFFFFFFFFFFFFFFFFFFFFFFFFFFFFFFFFFFFFF,FFFFFFFFFFFFFFFFFFFFFFFFFFFFFFFFFFFFFFFFFFFFFFFFFFFFFFFFFFFFFFFFFFFFFFFFFFFFFFFFFFFFFFFFFFFFFFFFFFFFFFFFFFFFFFFFFFFFFFFFFFFFFFFF,0,432.982131,"1225.815,1250.337,1296.901,1283.068,1273.267,1137.115,1324.216,1221.740,1299.334,1221.997,1309.609,1197.725,1289.234,1215.933,1274.421,1217.323,1279.801,1522.621,1248.416,1185.868,1169.530,1312.973,1227.012,1193.951,1276.972,1283.968,1200.406,1232.403,1198.483,1232.863,1420.924,1221.972,1190.092,1262.122,1305.139,1237.669,1349.985,1237.140,1199.199,1214.305,1229.625,1367.384,1175.851,1211.841,1275.461,1315.883,1177.824,1180.272,1237.889,1296.252,1297.058,1204.060,1281.677,1211.787,1457.908,1203.100,1248.047,1187.140,1415.439,1195.991,1411.382,1353.807,1359.331,1254.672,1339.406,1269.772,1195.459,1204.893,1380.599,1216.256,1279.171,1238.297,1298.144,1229.068,1304.280,1208.125,1340.993,1248.453,1149.513,1179.114,1203.613,1292.639,1210.296,1180.108,1167.897,1197.900,1215.399,1194.682,1265.578,1247.946,1331.609,1294.696,1247.540,1221.584,1255.650,1337.523,1208.841,1222.911,1210.826,1195.924","244.975,247.308,229.329,239.416,240.593,231.060,219.067,213.095,248.517,236.661,256.312,204.476,257.323,248.543,223.797,223.408,267.310,251.617,292.800,220.337,204.011,271.604,214.093,210.090,269.075,241.030,224.485,233.096,250.359,296.903,255.542,213.145,250.052,250.988,202.199,267.527,248.530,240.808,217.780,233.747,226.680,240.410,217.932,205.246,241.579,251.515,215.147,230.010,287.801,224.002,227.538,264.741,245.695,264.890,273.605,258.360,249.488,219.267,254.051,221.362,262.100,263.525,211.915,246.596,248.426,263.424,266.245,215.952,286.238,220.952,260.701,238.531,224.373,293.661,209.320,227.375,232.639,231.897,204.970,217.108,260.696,251.943,215.756,222.450,226.238,205.947,227.323,269.045,241.448,252.982,234.082,257.570,267.733,210.245,309.205,220.528,248.762,230.501,215.895,239.837"
2026-06-26T17:17:59.812235+00:00,SQISign2D-East,7,1,FFFFFFFFFFFFFFFFFFFFFFFFFFFFFFFFFFFFFFFFFFFFFFFFFFFFFFFFFFFFFFFFFFFFFFFFFFFFFFFFFFFFFFFFFFFFFFFFFFFFFFFFFFFFFFFFFFFFFFFFFFFFFFFF,FFFFFFFFFFFFFFFFFFFFFFFFFFFFFFFFFFFFFFFFFFFFFFFFFFFFFFFFFFFFFFFFFFFFFFFFFFFFFFFFFFFFFFFFFFFFFFFFFFFFFFFFFFFFFFFFFFFFFFFFFFFFFFFF,0,481.861577,"1563.494,1194.219,1287.545,1207.798,1239.303,1322.344,1313.871,1178.721,1235.648,1204.559,1231.997,1225.558,1209.984,1290.654,1278.199,1404.005,1132.033,1296.960,1194.197,1193.660,1222.920,1221.045,1184.558,1177.281,1228.115,1328.332,1265.652,1193.533,1246.980,1193.485,1324.026,1126.585,1198.652,1206.641,1202.890,1255.377,1204.853,1287.476,1313.617,1397.843,1251.557,1224.619,1217.228,1266.971,1293.613,1253.717,1246.892,1226.707,1200.091,1238.322,1268.779,1273.880,1196.283,1262.719,1294.314,1240.961,1170.023,1136.488,1236.151,1246.425,1225.022,1203.572,1220.245,1310.537,1227.023,1182.382,1213.451,1239.558,1250.425,1208.806,1163.242,1293.530,1172.262,1174.776,1183.102,1216.544,1220.965,1194.533,1221.388,1157.327,1280.862,1236.920,1151.570,1176.556,1190.057,1252.503,1326.740,1462.098,1306.811,1167.302,1223.320,1236.405,1293.894,1206.259,1241.079,1228.888,1284.522,1261.232,1359.838,1273.483","271.447,234.826,322.727,257.723,239.533,241.803,268.496,238.134,282.410,260.438,274.236,253.431,241.813,261.234,246.369,229.348,228.014,249.901,271.551,250.838,258.540,254.487,258.213,254.803,262.428,267.924,234.000,239.675,268.088,256.944,271.848,240.221,273.742,271.205,256.141,270.319,243.030,243.407,294.169,263.847,275.043,260.678,300.604,264.138,256.184,270.747,232.768,228.821,275.567,228.396,272.085,279.598,253.977,254.719,259.467,257.066,253.234,241.859,284.473,252.896,247.942,251.285,252.961,239.748,307.493,252.396,257.527,263.590,268.822,246.762,242.054,239.404,262.030,256.445,238.723,240.288,248.844,258.639,265.840,242.842,281.067,247.487,253.295,228.987,246.188,252.130,286.770,252.984,252.274,230.233,258.041,237.851,277.583,264.733,233.865,303.282,288.533,265.466,288.509,271.987"
2026-06-26T17:17:59.812235+00:00,SQISign2D-East,7,2,FFFFFFFFFFFFFFFFFFFFFFFFFFFFFFFFFFFFFFFFFFFFFFFFFFFFFFFFFFFFFFFFFFFFFFFFFFFFFFFFFFFFFFFFFFFFFFFFFFFFFFFFFFFFFFFFFFFFFFFFFFFFFFFF,FFFFFFFFFFFFFFFFFFFFFFFFFFFFFFFFFFFFFFFFFFFFFFFFFFFFFFFFFFFFFFFFFFFFFFFFFFFFFFFFFFFFFFFFFFFFFFFFFFFFFFFFFFFFFFFFFFFFFFFFFFFFFFFF,0,428.007344,"1251.286,1226.659,1167.187,1264.004,1477.949,1360.136,1237.648,1219.872,1265.812,1157.736,1160.964,1200.230,1212.981,1155.328,1252.369,1242.648,1236.913,1344.204,1329.349,1165.182,1153.861,1185.455,1251.847,1178.732,1296.704,1229.026,1286.187,1214.054,1201.888,1190.380,1167.058,1378.564,1170.551,1218.228,1228.090,1315.579,1254.156,1261.697,1166.234,1351.049,1263.645,1187.506,1324.848,1234.551,1288.262,1237.541,1267.620,1231.572,1191.118,1325.572,1287.715,1293.663,1168.278,1178.341,1268.779,1179.603,1332.392,1360.252,1253.767,1221.489,1201.828,1205.455,1248.839,1164.878,1254.022,1181.611,1218.827,1242.280,1184.962,1256.674,1205.004,1276.297,1228.481,1242.609,1185.984,1142.815,1168.052,1282.005,1394.946,1341.527,1176.921,1205.311,1237.646,1165.215,1184.191,1197.089,1298.854,1212.560,1155.617,1291.125,1199.704,1262.479,1282.396,1266.849,1196.598,1332.917,1313.478,1283.737,1156.294,1194.399","269.005,248.956,225.066,220.162,247.430,237.210,210.704,254.519,264.590,232.277,246.543,222.782,241.372,217.383,231.982,215.529,250.381,235.921,222.897,241.546,238.971,232.531,246.116,250.259,213.953,243.543,225.159,256.822,253.223,231.372,225.596,254.717,248.175,266.870,281.765,235.280,228.934,278.167,238.920,222.303,238.287,242.106,226.230,250.674,248.376,235.573,251.894,236.548,228.239,256.339,283.415,236.154,231.728,227.786,255.112,247.555,254.044,276.846,251.934,213.557,242.628,216.573,239.768,235.662,278.253,237.019,241.776,254.565,234.687,263.834,264.205,240.435,232.140,236.021,230.937,230.964,241.394,262.251,248.915,274.803,210.287,227.059,219.118,224.528,249.982,256.024,246.633,270.942,206.987,252.027,240.615,293.776,300.796,268.939,242.960,248.838,272.874,253.096,242.509,234.967"
2026-06-26T17:17:59.812235+00:00,SQISign2D-East,7,3,FFFFFFFFFFFFFFFFFFFFFFFFFFFFFFFFFFFFFFFFFFFFFFFFFFFFFFFFFFFFFFFFFFFFFFFFFFFFFFFFFFFFFFFFFFFFFFFFFFFFFFFFFFFFFFFFFFFFFFFFFFFFFFFF,FFFFFFFFFFFFFFFFFFFFFFFFFFFFFFFFFFFFFFFFFFFFFFFFFFFFFFFFFFFFFFFFFFFFFFFFFFFFFFFFFFFFFFFFFFFFFFFFFFFFFFFFFFFFFFFFFFFFFFFFFFFFFFFF,0,489.021779,"1128.313,1304.822,1212.733,1196.299,1300.121,1170.007,1330.267,1207.198,1227.302,1287.103,1248.413,1280.281,1279.413,1250.222,1318.532,1270.026,1395.071,1216.103,1266.363,1402.770,1506.274,1207.098,1128.530,1300.434,1171.611,1219.661,1200.649,1315.724,1173.254,1226.980,1250.655,1500.767,1347.433,1255.615,1179.666,1404.719,1227.736,1206.585,1256.695,1411.512,1259.081,1263.101,1279.358,1171.857,1234.114,1331.842,1251.254,1276.598,1208.961,1236.526,1266.766,1169.826,1262.125,1201.629,1205.310,1220.936,1210.310,1189.386,1295.189,1587.237,1332.165,1140.365,1220.952,1286.806,1289.530,1166.353,1333.342,1356.163,1255.884,1203.923,1238.324,1208.501,1144.573,1212.962,1174.235,1309.603,1248.362,1350.793,1177.534,1169.491,1280.971,1177.502,1300.110,1380.835,1332.813,1233.053,1321.825,1207.978,1174.263,1278.649,1187.828,1237.681,1256.007,1273.916,1186.806,1172.426,1153.095,1264.219,1192.342,1267.440","242.165,286.440,252.564,248.940,266.262,253.326,299.123,250.350,256.840,301.481,242.711,299.483,278.291,261.876,268.589,239.823,247.243,271.944,284.871,264.475,244.142,244.429,230.211,255.829,238.623,261.766,256.880,262.868,241.289,301.810,244.389,265.449,236.721,313.809,257.512,249.466,277.300,254.072,258.805,293.385,257.540,274.691,287.155,242.789,244.169,317.773,250.920,256.442,246.721,266.543,232.967,238.082,274.843,227.371,314.014,252.036,257.458,231.960,257.359,278.528,284.232,241.920,270.544,275.098,258.114,251.092,291.470,271.635,281.470,228.027,291.759,227.540,248.133,312.586,260.485,235.700,260.317,278.034,256.583,235.103,288.246,233.484,284.888,297.207,268.809,256.038,305.511,249.806,239.864,297.691,291.443,261.469,260.491,263.221,227.642,281.837,254.082,249.884,234.218,265.090"
2026-06-26T17:17:59.812235+00:00,SQISign2D-East,7,4,FFFFFFFFFFFFFFFFFFFFFFFFFFFFFFFFFFFFFFFFFFFFFFFFFFFFFFFFFFFFFFFFFFFFFFFFFFFFFFFFFFFFFFFFFFFFFFFFFFFFFFFFFFFFFFFFFFFFFFFFFFFFFFFF,FFFFFFFFFFFFFFFFFFFFFFFFFFFFFFFFFFFFFFFFFFFFFFFFFFFFFFFFFFFFFFFFFFFFFFFFFFFFFFFFFFFFFFFFFFFFFFFFFFFFFFFFFFFFFFFFFFFFFFFFFFFFFFFF,0,451.92636,"1183.277,1210.988,1191.475,1163.351,1280.377,1222.337,1165.503,1190.838,1197.068,1206.364,1254.921,1236.232,1318.753,1135.720,1193.938,1245.409,1333.843,1257.159,1306.649,1255.602,1478.414,1280.915,1282.170,1135.488,1196.871,1287.174,1310.920,1314.056,1227.445,1260.896,1311.464,1217.946,1160.436,1346.726,1178.555,1343.727,1253.476,1212.849,1383.021,1218.767,1282.947,1276.880,1247.339,1226.551,1241.184,1186.606,1355.217,1240.478,1191.026,1402.883,1263.573,1178.803,1195.791,1166.432,1329.008,1169.192,1380.628,1198.834,1254.204,1285.733,1175.416,1285.100,1163.081,1163.631,1293.012,1460.017,1227.317,1287.177,1167.660,1266.212,1229.154,1168.534,1193.137,1224.818,1313.489,1132.958,1272.607,1281.258,1238.384,1256.472,1181.117,1173.320,1244.604,1339.975,1239.563,1244.598,1309.959,1193.274,1204.223,1282.951,1306.100,1327.415,1233.352,1436.568,1310.118,1181.070,1212.034,1239.419,1241.602,1292.505","244.174,232.164,249.144,234.120,225.177,235.361,238.606,227.305,259.241,241.876,256.101,235.171,253.702,215.373,241.568,254.997,246.576,242.108,282.147,213.925,235.505,219.475,228.562,213.787,259.260,246.000,249.726,225.108,244.070,226.957,269.398,275.298,214.851,240.040,229.179,230.561,250.273,249.086,255.118,217.154,229.894,242.615,261.967,239.144,247.611,215.278,251.589,225.335,248.299,228.773,236.098,258.430,226.881,229.600,221.737,247.431,273.250,243.886,240.756,207.853,227.727,246.879,240.411,227.055,234.060,265.593,229.059,241.986,256.250,267.220,237.898,239.944,204.912,245.366,228.396,223.982,241.614,249.374,273.472,247.036,242.039,257.311,291.115,247.826,232.200,233.996,219.527,247.852,224.143,217.910,210.803,290.135,250.833,222.536,256.176,214.565,226.976,217.756,218.667,250.843"
2026-06-26T17:17:59.812235+00:00,SQISign2D-East,7,5,FFFFFFFFFFFFFFFFFFFFFFFFFFFFFFFFFFFFFFFFFFFFFFFFFFFFFFFFFFFFFFFFFFFFFFFFFFFFFFFFFFFFFFFFFFFFFFFFFFFFFFFFFFFFFFFFFFFFFFFFFFFFFFFF,FFFFFFFFFFFFFFFFFFFFFFFFFFFFFFFFFFFFFFFFFFFFFFFFFFFFFFFFFFFFFFFFFFFFFFFFFFFFFFFFFFFFFFFFFFFFFFFFFFFFFFFFFFFFFFFFFFFFFFFFFFFFFFFF,0,436.919685,"1290.530,1413.324,1227.578,1381.344,1259.835,1404.415,1287.340,1221.842,1204.274,1239.794,1213.185,1236.103,1206.986,1171.641,1213.094,1216.137,1158.467,1168.627,1172.696,1257.773,1175.750,1316.430,1239.422,1222.662,1482.592,1207.655,1298.608,1516.887,1406.932,1244.544,1283.234,1300.876,1198.959,1288.571,1180.491,1277.323,1498.273,1281.400,1269.523,1292.786,1193.331,1153.106,1407.298,1272.659,1228.765,1341.413,1218.172,1276.240,1275.540,1206.190,1171.134,1235.759,1172.276,1213.534,1209.557,1212.716,1249.944,1195.325,1182.466,1171.748,1308.011,1254.136,1317.274,1206.676,1221.900,1390.431,1394.054,1274.090,1219.300,1180.614,1231.142,1202.173,1277.737,1201.923,1235.869,1353.589,1236.607,1396.752,1262.100,1157.809,1226.691,1181.340,1230.387,1249.830,1388.642,1307.506,1396.891,1237.137,1280.971,1198.114,1351.657,1248.389,1261.042,1216.415,1177.951,1311.551,1265.586,1190.024,1274.202,1378.950","260.939,233.289,252.526,226.335,236.984,249.310,252.794,286.625,246.714,255.568,254.197,276.181,248.513,232.520,260.062,278.258,234.262,221.992,234.896,245.318,258.647,289.531,285.413,247.024,238.752,248.027,263.118,285.557,257.385,247.095,220.273,305.672,248.707,241.772,265.995,253.614,298.047,243.328,242.683,271.778,270.929,240.447,250.883,254.898,226.739,232.990,253.499,255.910,252.271,270.226,224.579,283.158,252.641,264.708,284.561,215.694,262.406,292.188,266.109,248.334,255.680,285.285,283.704,248.937,243.099,272.445,332.218,252.280,261.496,234.974,253.696,231.311,294.892,253.039,257.000,299.125,263.346,262.685,249.145,240.628,233.701,235.526,249.578,271.965,251.697,243.051,259.678,266.917,237.079,246.508,251.005,250.020,308.983,254.902,250.777,269.365,251.416,237.352,291.014,231.970"
2026-06-26T17:17:59.812235+00:00,SQISign2D-East,7,6,FFFFFFFFFFFFFFFFFFFFFFFFFFFFFFFFFFFFFFFFFFFFFFFFFFFFFFFFFFFFFFFFFFFFFFFFFFFFFFFFFFFFFFFFFFFFFFFFFFFFFFFFFFFFFFFFFFFFFFFFFFFFFFFF,FFFFFFFFFFFFFFFFFFFFFFFFFFFFFFFFFFFFFFFFFFFFFFFFFFFFFFFFFFFFFFFFFFFFFFFFFFFFFFFFFFFFFFFFFFFFFFFFFFFFFFFFFFFFFFFFFFFFFFFFFFFFFFFF,0,416.482536,"1189.008,1273.867,1202.702,1283.091,1272.434,1188.164,1158.279,1177.055,1148.838,1189.357,1263.530,1263.735,1161.154,1156.381,1330.289,1154.778,1179.493,1368.567,1254.063,1334.487,1209.845,1275.445,1209.059,1188.056,1221.950,1210.147,1193.589,1241.104,1209.604,1154.433,1183.239,1243.163,1259.130,1435.819,1279.573,1285.682,1167.202,1225.801,1184.568,1338.080,1275.095,1413.559,1226.331,1298.781,1277.980,1303.236,1159.257,1213.616,1199.109,1215.804,1272.337,1277.821,1222.188,1196.558,1264.565,1234.694,1232.620,1267.228,1256.020,1280.347,1205.516,1204.587,1265.426,1222.996,1207.240,1202.240,1249.559,1217.432,1272.047,1207.980,1160.997,1210.738,1168.483,1169.227,1195.581,1157.651,1311.577,1322.676,1231.737,1211.295,1269.368,1204.017,1277.074,1168.370,1338.025,1269.383,1181.907,1230.798,1208.755,1235.642,1216.336,1149.391,1205.863,1266.411,1222.575,1200.516,1188.395,1146.876,1231.587,1192.962","247.210,303.737,253.180,246.588,250.220,237.186,249.293,230.749,230.569,238.093,250.271,239.993,238.848,209.464,221.332,212.889,268.990,247.121,225.577,257.169,270.202,209.576,237.425,239.905,248.612,262.289,234.121,233.077,236.207,214.717,247.063,209.128,250.213,240.911,262.011,249.117,229.310,233.110,232.214,220.755,243.194,240.249,241.693,250.350,233.334,255.156,215.490,228.621,254.800,243.078,262.824,244.364,233.524,227.714,249.756,221.453,248.244,234.133,248.998,230.688,227.870,285.842,206.424,225.470,260.948,245.488,265.916,221.293,252.847,253.476,200.087,209.905,216.522,233.911,245.030,226.199,242.478,232.303,264.421,234.825,233.351,220.519,302.251,221.029,307.319,256.864,247.708,225.345,245.890,249.285,240.821,216.676,235.180,243.612,218.205,248.231,249.693,205.928,257.497,267.836"
2026-06-26T17:17:59.812235+00:00,SQISign2D-East,7,7,FFFFFFFFFFFFFFFFFFFFFFFFFFFFFFFFFFFFFFFFFFFFFFFFFFFFFFFFFFFFFFFFFFFFFFFFFFFFFFFFFFFFFFFFFFFFFFFFFFFFFFFFFFFFFFFFFFFFFFFFFFFFFFFF,FFFFFFFFFFFFFFFFFFFFFFFFFFFFFFFFFFFFFFFFFFFFFFFFFFFFFFFFFFFFFFFFFFFFFFFFFFFFFFFFFFFFFFFFFFFFFFFFFFFFFFFFFFFFFFFFFFFFFFFFFFFFFFFF,0,417.709005,"1319.998,1261.553,1270.032,1399.377,1304.443,1315.386,1284.283,1161.245,1252.403,1167.107,1282.432,1210.879,1215.695,1178.985,1148.992,1169.936,1272.529,1259.869,1175.321,1295.094,1239.851,1191.403,1183.944,1446.644,1241.929,1209.089,1265.555,1261.137,1270.027,1277.836,1224.733,1282.501,1349.344,1223.400,1325.594,1176.860,1288.779,1363.667,1207.261,1303.298,1231.149,1308.380,1235.132,1186.677,1177.680,1212.828,1194.296,1251.663,1193.373,1269.204,1190.848,1263.776,1322.136,1233.578,1312.059,1307.424,1240.063,1334.474,1247.879,1238.915,1179.789,1202.070,1253.359,1400.765,1261.704,1237.808,1157.305,1284.337,1208.908,1331.917,1272.974,1342.344,1224.598,1149.963,1269.291,1171.765,1323.478,1210.184,1271.391,1154.727,1206.773,1188.738,1308.501,1183.921,1273.510,1316.367,1206.520,1273.943,1293.163,1187.605,1393.167,1202.352,1244.810,1256.150,1203.078,1171.776,1358.786,1260.914,1157.020,1547.252","258.494,248.425,253.915,260.616,246.416,267.374,292.998,240.392,267.462,266.852,242.280,265.580,265.709,265.541,231.610,267.767,237.240,274.482,243.083,240.643,268.414,256.708,254.010,246.041,234.128,260.426,231.224,251.139,245.577,296.330,257.249,269.124,238.862,256.192,311.860,238.791,254.506,305.848,284.259,267.544,271.082,254.910,245.620,263.173,235.231,264.015,244.890,230.232,231.655,257.345,252.025,238.194,254.806,246.313,277.023,242.005,255.927,236.885,301.774,224.510,257.973,263.262,260.947,251.806,281.991,229.846,234.312,257.830,265.368,249.697,290.983,259.942,237.012,231.066,238.173,252.584,237.322,263.152,270.693,228.927,252.332,238.732,231.767,245.742,253.635,223.520,236.715,291.476,265.425,238.207,236.319,241.186,248.460,296.697,237.184,272.912,232.505,305.758,242.527,256.804"
2026-06-26T17:17:59.812235+00:00,SQISign2D-East,7,8,FFFFFFFFFFFFFFFFFFFFFFFFFFFFFFFFFFFFFFFFFFFFFFFFFFFFFFFFFFFFFFFFFFFFFFFFFFFFFFFFFFFFFFFFFFFFFFFFFFFFFFFFFFFFFFFFFFFFFFFFFFFFFFFF,FFFFFFFFFFFFFFFFFFFFFFFFFFFFFFFFFFFFFFFFFFFFFFFFFFFFFFFFFFFFFFFFFFFFFFFFFFFFFFFFFFFFFFFFFFFFFFFFFFFFFFFFFFFFFFFFFFFFFFFFFFFFFFFF,0,492.735644,"1291.234,1250.220,1306.989,1255.804,1180.541,1279.720,1347.910,1241.846,1248.105,1215.133,1250.525,1203.786,1187.548,1254.137,1430.697,1363.866,1297.165,1253.993,1262.117,1271.544,1223.124,1196.045,1249.081,1195.372,1266.014,1281.948,1215.651,1227.874,1293.372,1154.290,1362.397,1350.282,1141.387,1200.196,1222.811,1223.671,1228.703,1213.025,1143.973,1193.712,1339.060,1183.010,1250.139,1356.793,1218.757,1162.805,1244.847,1165.561,1629.094,1285.883,1189.530,1326.872,1268.233,1177.309,1427.821,1237.244,1300.921,1307.483,1284.031,1154.936,1177.767,1233.284,1237.316,1156.190,1263.581,1190.609,1288.781,1218.779,1201.308,1223.942,1361.863,1451.976,1256.818,1264.717,1332.108,1261.580,1196.592,1206.925,1276.219,1313.147,1181.349,1203.395,1324.545,1365.116,1242.666,1206.698,1342.061,1226.481,1276.100,1435.720,1199.489,1280.550,1197.136,1367.410,1215.725,1201.113,1170.141,1196.148,1235.780,1178.982","247.745,286.475,267.709,248.827,217.528,226.172,253.805,248.627,241.067,227.682,283.358,226.460,228.472,235.900,259.534,302.393,240.407,228.611,264.359,213.704,255.922,224.638,245.644,225.228,242.835,242.680,228.318,244.458,287.018,235.582,260.275,223.230,231.939,223.309,224.224,222.166,244.976,248.615,227.370,240.701,241.132,226.345,221.456,248.593,234.786,221.657,230.603,241.384,276.331,239.728,258.910,227.742,232.283,238.875,249.544,252.637,287.081,280.649,253.723,246.212,230.775,211.943,241.668,234.991,249.404,229.282,265.906,270.547,252.356,303.323,244.586,237.229,245.376,276.238,214.333,240.295,235.240,220.100,254.173,248.764,265.797,273.246,229.176,225.486,222.378,284.053,258.773,232.540,247.420,259.676,241.301,265.546,235.495,210.332,230.612,248.189,239.702,219.796,278.020,242.940"
2026-06-26T17:17:59.812235+00:00,SQISign2D-East,7,9,FFFFFFFFFFFFFFFFFFFFFFFFFFFFFFFFFFFFFFFFFFFFFFFFFFFFFFFFFFFFFFFFFFFFFFFFFFFFFFFFFFFFFFFFFFFFFFFFFFFFFFFFFFFFFFFFFFFFFFFFFFFFFFFF,FFFFFFFFFFFFFFFFFFFFFFFFFFFFFFFFFFFFFFFFFFFFFFFFFFFFFFFFFFFFFFFFFFFFFFFFFFFFFFFFFFFFFFFFFFFFFFFFFFFFFFFFFFFFFFFFFFFFFFFFFFFFFFFF,0,489.765855,"1267.036,1261.514,1215.523,1288.672,1186.742,1150.646,1326.222,1310.513,1285.455,1162.591,1270.564,1250.283,1192.003,1252.802,1218.549,1258.590,1262.610,1310.199,1220.844,1223.343,1280.033,1150.791,1464.886,1188.832,1336.740,1265.426,1286.351,1304.505,1201.528,1215.195,1261.241,1284.349,1221.407,1381.431,1238.803,1151.278,1290.377,1281.172,1193.214,1239.667,1227.741,1188.488,1233.193,1213.333,1256.373,1198.714,1203.928,1278.309,1155.691,1238.854,1210.954,1407.024,1175.696,1247.569,1321.378,1290.914,1249.851,1186.256,1203.640,1186.546,1199.052,1244.989,1272.741,1278.234,1235.370,1280.506,1322.087,1196.475,1207.192,1226.328,1256.614,1195.620,1213.536,1198.699,1264.821,1440.120,1341.227,1260.608,1210.114,1341.533,1299.932,1263.823,1243.378,1193.581,1188.295,1378.536,1222.314,1229.472,1203.834,1269.097,1199.529,1210.346,1326.579,1258.559,1221.838,1233.539,1351.422,1190.265,1265.714,1276.580","243.329,246.413,258.589,232.470,232.262,214.312,269.202,221.482,266.057,240.361,227.287,212.647,256.152,251.227,235.943,217.209,265.211,212.074,242.749,217.268,255.635,221.806,259.075,233.821,279.012,239.450,255.842,269.876,234.602,250.256,230.821,227.897,234.695,250.659,224.502,212.561,255.609,255.355,255.775,229.318,244.674,240.293,228.626,247.665,227.333,226.730,248.201,243.578,228.364,239.944,236.904,220.499,208.566,241.068,280.280,228.111,223.093,239.114,249.600,235.050,235.443,235.403,235.872,219.968,233.561,299.319,238.245,237.200,236.750,247.478,283.095,235.650,221.475,212.498,222.191,261.544,240.658,210.458,228.839,211.130,246.838,264.781,253.418,244.499,261.008,208.339,219.747,213.525,255.960,245.086,245.550,223.385,254.840,236.304,251.231,245.337,277.828,248.589,233.335,257.338"
2026-06-26T17:31:56.014111+00:00,SQISign2D-East,8,0,FFFFFFFFFFFFFFFFFFFFFFFFFFFFFFFFFFFFFFFFFFFFFFFFFFFFFFFFFFFFFFFFFFFFFFFFFFFFFFFFFFFFFFFFFFFFFFFFFFFFFFFFFFFFFFFFFFFFFFFFFFFFFFFF,FFFFFFFFFFFFFFFFFFFFFFFFFFFFFFFFFFFFFFFFFFFFFFFFFFFFFFFFFFFFFFFFFFFFFFFFFFFFFFFFFFFFFFFFFFFFFFFFFFFFFFFFFFFFFFFFFFFFFFFFFFFFFFFF,0,500.946693,"1241.651,1211.134,1374.355,1325.456,1255.102,1294.014,1163.688,1417.994,1211.436,1221.306,1140.100,1188.997,1135.257,1288.469,1236.029,1186.792,1210.696,1125.639,1181.374,1234.821,1140.668,1180.451,1154.820,1109.706,1268.389,1244.368,1197.150,1425.599,1155.824,1141.993,1192.583,1189.112,1163.886,1421.492,1316.923,1315.097,1152.300,1348.471,1138.675,1108.862,1195.055,1234.172,1165.816,1322.613,1261.234,1190.085,1310.672,1200.793,1358.587,1200.827,1136.656,1237.351,1192.152,1185.062,1242.700,1206.468,1230.973,1228.043,1239.615,1194.675,1312.401,1237.438,1190.996,1101.107,1197.546,1181.941,1254.068,1252.592,1265.364,1108.891,1203.294,1226.127,1173.432,1228.686,1119.379,1200.733,1218.099,1377.184,1234.147,1164.651,1321.416,1288.567,1201.318,1365.715,1238.683,1221.301,1179.823,1153.960,1416.108,1151.536,1184.754,1201.083,1337.967,1254.713,1240.422,1158.620,1315.469,1168.130,1278.763,1260.007","239.615,253.203,222.193,266.593,249.323,250.370,222.247,221.483,238.746,295.429,222.041,239.503,222.179,213.651,273.848,254.156,259.388,232.619,218.152,236.704,236.699,221.656,228.499,223.065,256.755,237.106,223.760,289.227,237.025,245.702,236.763,233.199,221.677,231.354,267.014,259.360,218.793,237.202,243.143,218.927,246.989,241.001,229.850,240.244,232.331,226.406,254.979,219.438,247.893,241.965,223.390,249.454,244.725,228.259,252.984,221.344,279.234,230.772,221.705,262.544,238.112,253.156,227.262,215.432,224.484,219.094,221.440,246.296,226.268,214.636,225.220,249.942,239.129,261.748,220.575,258.630,247.303,216.130,223.576,254.146,276.523,216.440,221.986,220.245,254.414,223.558,223.796,232.660,234.639,247.101,251.035,219.171,224.996,209.728,247.479,262.907,257.843,226.722,253.908,250.852"
2026-06-26T17:31:56.014111+00:00,SQISign2D-East,8,1,FFFFFFFFFFFFFFFFFFFFFFFFFFFFFFFFFFFFFFFFFFFFFFFFFFFFFFFFFFFFFFFFFFFFFFFFFFFFFFFFFFFFFFFFFFFFFFFFFFFFFFFFFFFFFFFFFFFFFFFFFFFFFFFF,FFFFFFFFFFFFFFFFFFFFFFFFFFFFFFFFFFFFFFFFFFFFFFFFFFFFFFFFFFFFFFFFFFFFFFFFFFFFFFFFFFFFFFFFFFFFFFFFFFFFFFFFFFFFFFFFFFFFFFFFFFFFFFFF,0,447.741139,"1211.896,1255.669,1170.786,1324.703,1148.093,1135.920,1289.793,1200.307,1313.256,1192.045,1286.007,1217.250,1188.000,1218.641,1213.297,1238.106,1298.838,1169.402,1193.205,1169.495,1186.388,1302.523,1186.921,1246.115,1175.950,1356.709,1318.484,1662.418,1196.733,1255.011,1201.660,1252.716,1201.200,1201.891,1257.412,1337.168,1248.896,1347.339,1169.017,1276.980,1151.347,1219.676,1213.663,1160.494,1270.603,1236.790,1222.998,1221.763,1158.848,1183.664,1149.248,1253.399,1201.726,1240.752,1232.830,1298.658,1258.379,1273.629,1209.464,1150.549,1177.881,1283.271,1291.703,1253.570,1179.090,1205.512,1264.803,1179.574,1232.068,1112.712,1213.963,1272.558,1293.867,1208.995,1246.761,1278.383,1184.042,1202.961,1300.631,1174.334,1242.735,1174.678,1224.630,1182.866,1269.108,1209.789,1361.143,1219.848,1310.153,1192.772,1299.335,1226.734,1167.734,1180.747,1278.988,1253.070,1201.592,1209.459,1304.967,1334.528","262.049,269.139,291.377,258.244,245.749,240.996,258.820,237.769,247.130,249.804,247.975,236.367,264.741,238.593,236.607,230.419,256.014,242.040,251.080,236.179,264.923,271.861,253.282,267.860,234.031,247.002,274.407,239.101,223.303,251.704,255.497,238.640,217.404,272.546,244.404,216.345,245.463,266.402,232.677,279.448,237.454,233.243,249.329,229.627,225.153,245.522,236.572,235.467,258.762,240.630,239.850,254.853,272.732,242.938,232.664,270.406,261.869,250.212,253.251,244.006,238.078,224.932,244.691,249.856,230.807,231.570,234.308,214.237,272.786,211.833,236.006,258.342,251.016,233.589,246.230,258.955,237.070,229.306,243.697,229.629,223.365,257.673,229.182,238.094,288.418,227.927,256.169,283.866,241.461,242.212,271.220,215.481,240.979,239.132,313.231,255.902,229.684,229.381,243.467,244.252"
2026-06-26T17:31:56.014111+00:00,SQISign2D-East,8,2,FFFFFFFFFFFFFFFFFFFFFFFFFFFFFFFFFFFFFFFFFFFFFFFFFFFFFFFFFFFFFFFFFFFFFFFFFFFFFFFFFFFFFFFFFFFFFFFFFFFFFFFFFFFFFFFFFFFFFFFFFFFFFFFF,FFFFFFFFFFFFFFFFFFFFFFFFFFFFFFFFFFFFFFFFFFFFFFFFFFFFFFFFFFFFFFFFFFFFFFFFFFFFFFFFFFFFFFFFFFFFFFFFFFFFFFFFFFFFFFFFFFFFFFFFFFFFFFFF,0,459.0819,"1208.885,1124.615,1220.901,1287.435,1219.334,1161.478,1156.982,1179.025,1530.999,1431.764,1354.533,1190.665,1233.093,1139.054,1146.438,1254.570,1279.804,1248.818,1224.651,1263.349,1194.114,1225.021,1288.766,1231.832,1238.936,1254.103,1194.964,1169.246,1203.044,1198.028,1148.608,1203.504,1202.235,1231.432,1316.249,1245.091,1350.691,1201.246,1126.557,1333.174,1175.607,1215.971,1193.791,1147.969,1278.860,1256.035,1204.686,1264.930,1187.791,1202.727,1146.959,1223.229,1277.128,1169.784,1254.842,1351.656,1247.177,1249.741,1237.028,1183.998,1185.437,1239.815,1251.138,1261.644,1327.591,1180.206,1158.394,1163.779,1298.455,1264.344,1156.961,1156.355,1287.255,1280.358,1181.215,1224.747,1211.261,1389.305,1195.602,1250.852,1214.108,1195.955,1158.083,1239.364,1200.932,1209.346,1223.989,1141.528,1249.424,1278.186,1350.002,1182.439,1159.178,1291.649,1162.643,1196.623,1186.123,1317.731,1251.833,1274.712","251.220,231.243,273.761,250.112,236.850,230.671,236.745,243.375,231.288,236.431,251.690,232.236,245.144,232.514,219.790,252.149,231.210,237.198,246.250,239.433,232.694,262.712,225.632,266.365,267.835,255.352,212.771,246.046,249.628,247.407,226.689,228.846,243.435,254.857,242.922,238.145,249.271,235.643,213.203,246.259,230.044,230.416,237.165,229.473,220.465,274.248,245.280,240.735,284.608,246.562,217.042,256.916,272.784,249.106,263.586,241.176,255.591,231.922,211.884,231.451,256.888,214.250,206.732,234.821,255.731,219.924,231.310,228.041,241.213,239.279,234.835,217.797,272.318,239.434,244.619,234.316,256.887,250.089,232.111,238.011,262.583,266.787,238.643,215.652,222.899,227.878,251.701,235.342,228.868,256.746,271.415,264.197,240.492,211.280,261.224,251.547,232.531,220.744,226.298,236.185"
2026-06-26T17:31:56.014111+00:00,SQISign2D-East,8,3,FFFFFFFFFFFFFFFFFFFFFFFFFFFFFFFFFFFFFFFFFFFFFFFFFFFFFFFFFFFFFFFFFFFFFFFFFFFFFFFFFFFFFFFFFFFFFFFFFFFFFFFFFFFFFFFFFFFFFFFFFFFFFFFF,FFFFFFFFFFFFFFFFFFFFFFFFFFFFFFFFFFFFFFFFFFFFFFFFFFFFFFFFFFFFFFFFFFFFFFFFFFFFFFFFFFFFFFFFFFFFFFFFFFFFFFFFFFFFFFFFFFFFFFFFFFFFFFFF,0,462.858704,"1225.449,1327.529,1197.442,1155.355,1130.669,1187.947,1199.360,1204.360,1247.338,1194.827,1250.781,1315.390,1308.227,1120.632,1190.781,1192.085,1296.098,1208.157,1215.804,1298.164,1193.996,1140.978,1195.967,1229.412,1266.120,1192.839,1162.244,1276.189,1254.283,1159.761,1160.571,1251.688,1218.683,1243.073,1304.319,1243.124,1132.870,1141.650,1304.341,1397.941,1168.980,1226.235,1159.396,1279.531,1220.648,1220.417,1192.943,1150.745,1268.892,1223.344,1228.184,1232.186,1149.292,1415.378,1178.761,1194.334,1278.048,1248.484,1243.378,1371.395,1193.295,1628.845,1188.075,1267.297,1177.052,1365.419,1210.611,1166.478,1185.516,1213.751,1222.559,1252.429,1282.220,1148.689,1443.929,1187.427,1182.158,1273.614,1198.993,1261.086,1202.831,1240.378,1202.818,1271.832,1224.723,1195.287,1219.951,1248.565,1217.164,1249.809,1132.980,1260.188,1176.716,1320.787,1239.037,1204.898,1185.587,1199.376,1175.550,1190.206","219.401,250.987,219.941,235.467,211.524,243.418,290.566,248.837,251.940,245.888,221.990,239.347,230.044,218.857,252.393,220.892,280.889,212.468,222.718,240.538,231.633,253.054,225.551,260.921,258.311,252.077,256.491,254.131,254.763,226.044,223.670,254.108,268.012,238.026,252.626,249.541,215.247,229.482,263.515,240.394,229.070,271.694,266.539,222.037,245.765,234.246,248.609,242.746,251.542,210.953,258.119,256.301,228.173,244.991,222.863,223.464,215.964,268.540,232.146,233.020,217.016,233.054,245.291,246.253,234.919,238.629,248.840,244.917,257.816,224.685,246.892,276.198,293.062,245.546,217.856,236.454,243.674,255.010,219.543,215.855,252.546,241.656,250.149,226.993,288.766,248.631,263.897,243.287,275.010,262.174,216.176,265.903,246.310,240.167,272.138,254.391,245.328,236.713,232.014,225.488"
2026-06-26T17:31:56.014111+00:00,SQISign2D-East,8,4,FFFFFFFFFFFFFFFFFFFFFFFFFFFFFFFFFFFFFFFFFFFFFFFFFFFFFFFFFFFFFFFFFFFFFFFFFFFFFFFFFFFFFFFFFFFFFFFFFFFFFFFFFFFFFFFFFFFFFFFFFFFFFFFF,FFFFFFFFFFFFFFFFFFFFFFFFFFFFFFFFFFFFFFFFFFFFFFFFFFFFFFFFFFFFFFFFFFFFFFFFFFFFFFFFFFFFFFFFFFFFFFFFFFFFFFFFFFFFFFFFFFFFFFFFFFFFFFFF,0,474.59268,"1274.699,1192.044,1238.316,1141.392,1240.922,1150.940,1206.310,1289.476,1122.908,1223.287,1227.909,1177.598,1286.050,1244.852,1146.711,1280.159,1176.414,1198.150,1170.297,1412.535,1338.813,1258.162,1212.887,1280.713,1198.124,1187.476,1207.294,1151.502,1154.918,1257.225,1164.932,1342.696,1276.276,1159.416,1247.260,1187.640,1251.410,1204.590,1173.184,1251.618,1175.197,1244.667,1219.197,1222.901,1222.437,1298.780,1192.196,1202.649,1363.371,1258.939,1180.138,1208.993,1163.950,1150.032,1201.306,1190.841,1181.477,1250.419,1269.036,1223.030,1257.591,1170.989,1485.252,1174.613,1340.630,1173.822,1221.482,1274.824,1144.525,1228.059,1224.381,1299.000,1183.572,1212.709,1230.261,1230.653,1226.964,1385.205,1272.723,1280.921,1268.180,1202.737,1286.658,1356.003,1207.871,1200.560,1201.513,1210.264,1166.282,1215.872,1182.957,1182.639,1261.703,1218.663,1270.772,1211.469,1256.989,1280.051,1183.084,1266.381","229.311,221.137,243.247,240.679,278.991,211.183,260.984,224.590,223.607,219.269,224.161,217.683,243.178,255.233,238.063,248.939,249.095,217.046,233.351,244.256,310.735,215.171,215.775,295.633,224.778,232.889,241.417,207.611,226.641,235.839,238.013,249.351,217.120,213.473,240.744,228.483,222.793,240.639,222.420,243.259,244.869,247.914,254.121,293.676,239.583,249.132,230.650,227.369,241.347,259.342,230.141,240.603,219.795,203.150,230.478,235.035,255.381,233.806,225.171,229.044,228.287,218.509,257.828,220.538,233.345,233.985,255.234,210.787,228.123,217.370,233.828,241.903,220.760,259.363,218.467,246.220,249.016,238.727,293.871,245.000,242.567,236.678,250.013,265.880,234.172,223.239,216.701,229.344,249.341,255.998,235.975,218.509,254.517,218.234,244.624,237.289,257.505,237.222,220.029,269.465"
2026-06-26T17:31:56.014111+00:00,SQISign2D-East,8,5,FFFFFFFFFFFFFFFFFFFFFFFFFFFFFFFFFFFFFFFFFFFFFFFFFFFFFFFFFFFFFFFFFFFFFFFFFFFFFFFFFFFFFFFFFFFFFFFFFFFFFFFFFFFFFFFFFFFFFFFFFFFFFFFF,FFFFFFFFFFFFFFFFFFFFFFFFFFFFFFFFFFFFFFFFFFFFFFFFFFFFFFFFFFFFFFFFFFFFFFFFFFFFFFFFFFFFFFFFFFFFFFFFFFFFFFFFFFFFFFFFFFFFFFFFFFFFFFFF,0,497.218196,"1246.482,1218.660,1150.463,1181.353,1236.517,1214.574,1204.841,1188.148,1249.828,1139.043,1222.980,1113.929,1212.383,1160.739,1160.815,1190.039,1204.102,1238.756,1213.106,1236.162,1446.340,1247.762,1211.206,1133.056,1233.887,1140.551,1122.623,1257.693,1210.888,1230.588,1306.993,1173.836,1242.711,1149.547,1147.275,1144.453,1266.633,1275.532,1129.198,1368.536,1289.685,1359.014,1173.460,1178.302,1265.459,1239.706,1227.350,1328.641,1179.130,1183.783,1173.126,1194.442,1182.925,1194.776,1172.862,1154.352,1184.481,1184.367,1321.797,1280.811,1213.168,1216.402,1199.411,1234.313,1375.304,1163.519,1196.019,1238.698,1170.817,1234.466,1305.938,1147.884,1169.917,1222.250,1146.905,1460.817,1183.907,1172.140,1219.068,1343.014,1281.304,1454.609,1204.795,1154.868,1402.446,1389.167,1217.934,1348.654,1255.034,1180.877,1172.663,1307.214,1273.163,1178.737,1208.616,1146.206,1265.357,1160.539,1202.547,1257.268","230.026,284.821,219.117,241.587,253.815,232.769,228.499,220.616,235.513,224.027,230.117,218.944,252.397,215.290,231.627,256.618,255.097,219.921,245.554,241.629,235.976,236.982,240.468,237.709,233.941,205.409,207.716,247.062,239.314,208.938,279.179,247.297,231.063,229.134,218.627,212.678,230.864,249.946,221.502,224.958,228.455,230.699,228.771,219.132,265.775,258.024,254.625,241.267,231.026,227.966,227.630,239.398,231.056,236.568,233.295,222.144,224.799,225.214,272.053,302.407,234.994,215.192,233.860,219.315,226.829,201.893,253.432,270.396,257.968,258.327,224.806,232.437,231.444,255.056,243.893,225.096,226.562,237.264,229.748,270.277,228.605,260.771,239.301,235.403,259.013,256.934,253.525,223.211,245.602,241.782,228.534,267.863,284.461,247.454,224.648,225.459,221.990,238.745,205.614,249.949"
2026-06-26T17:31:56.014111+00:00,SQISign2D-East,8,6,FFFFFFFFFFFFFFFFFFFFFFFFFFFFFFFFFFFFFFFFFFFFFFFFFFFFFFFFFFFFFFFFFFFFFFFFFFFFFFFFFFFFFFFFFFFFFFFFFFFFFFFFFFFFFFFFFFFFFFFFFFFFFFFF,FFFFFFFFFFFFFFFFFFFFFFFFFFFFFFFFFFFFFFFFFFFFFFFFFFFFFFFFFFFFFFFFFFFFFFFFFFFFFFFFFFFFFFFFFFFFFFFFFFFFFFFFFFFFFFFFFFFFFFFFFFFFFFFF,0,484.692429,"1308.322,1199.913,1204.558,1288.936,1240.979,1222.957,1365.806,1221.038,1141.405,1185.789,1153.589,1212.530,1279.145,1322.115,1199.913,1201.317,1176.215,1215.878,1206.743,1270.263,1172.417,1253.673,1278.603,1386.730,1168.746,1191.974,1140.680,1346.221,1355.682,1228.423,1192.363,1196.038,1213.190,1299.490,1168.149,1171.468,1293.760,1207.710,1356.471,1201.730,1244.625,1275.810,1266.091,1243.337,1153.430,1209.584,1399.510,1289.203,1234.568,1204.134,1203.409,1170.779,1197.184,1293.844,1288.606,1304.840,1258.816,1180.140,1239.898,1230.652,1242.576,1209.037,1212.262,1229.835,1137.983,1274.066,1326.100,1239.350,1182.236,1235.290,1259.008,1337.426,1311.915,1274.667,1264.830,1308.759,1247.206,1218.201,1189.423,1194.910,1239.873,1327.170,1172.650,1165.617,1383.184,1248.079,1214.655,1246.358,1226.805,1221.146,1170.483,1178.519,1202.441,1268.272,1147.365,1187.258,1219.245,1156.072,1218.652,1167.446","232.215,226.130,225.949,212.780,230.683,222.400,225.982,257.412,221.439,234.101,232.905,256.761,259.445,252.238,235.080,233.125,268.060,229.589,232.707,262.834,218.312,277.322,281.501,246.041,230.995,247.949,210.094,229.025,229.153,202.291,256.802,231.500,252.051,257.397,227.902,211.621,254.348,235.200,258.907,250.109,224.511,224.844,233.933,252.535,212.688,222.757,231.902,220.520,252.374,237.995,253.386,201.076,212.637,262.026,213.269,232.663,223.715,225.383,231.557,252.483,237.978,244.672,225.703,250.691,242.807,277.852,272.403,226.608,239.574,234.656,247.261,282.645,212.711,233.532,229.400,271.027,291.803,216.838,233.937,253.026,230.563,232.563,241.128,249.343,284.876,219.372,229.154,278.954,278.432,236.771,226.133,206.637,234.135,253.429,230.692,245.243,216.433,232.257,259.598,256.246"
2026-06-26T17:31:56.014111+00:00,SQISign2D-East,8,7,FFFFFFFFFFFFFFFFFFFFFFFFFFFFFFFFFFFFFFFFFFFFFFFFFFFFFFFFFFFFFFFFFFFFFFFFFFFFFFFFFFFFFFFFFFFFFFFFFFFFFFFFFFFFFFFFFFFFFFFFFFFFFFFF,FFFFFFFFFFFFFFFFFFFFFFFFFFFFFFFFFFFFFFFFFFFFFFFFFFFFFFFFFFFFFFFFFFFFFFFFFFFFFFFFFFFFFFFFFFFFFFFFFFFFFFFFFFFFFFFFFFFFFFFFFFFFFFFF,0,474.235662,"1280.114,1154.375,1196.868,1212.550,1186.590,1304.960,1223.222,1128.524,1279.841,1247.391,1239.709,1163.917,1173.433,1198.858,1213.609,1205.926,1188.539,1251.690,1267.316,1167.996,1185.713,1349.121,1265.717,1225.764,1318.251,1234.528,1195.572,1218.876,1161.035,1272.247,1164.698,1250.747,1199.373,1204.026,1299.108,1284.047,1135.692,1151.175,1259.869,1265.026,1296.410,1159.745,1237.943,1331.772,1228.521,1315.054,1198.589,1252.219,1173.133,1172.244,1195.004,1213.053,1215.676,1241.737,1206.686,1149.271,1190.771,1197.936,1154.841,1218.936,1123.869,1208.889,1187.397,1170.980,1295.893,1167.336,1190.318,1184.265,1202.755,1174.454,1162.372,1303.467,1185.620,1300.031,1288.787,1209.736,1287.015,1289.773,1344.598,1241.784,1282.810,1256.628,1199.323,1174.355,1271.778,1267.608,1296.028,1348.865,1272.500,1276.517,1163.486,1341.098,1144.752,1261.316,1278.383,1198.312,1238.444,1186.901,1400.109,1250.796","266.614,228.108,230.304,233.504,267.292,271.579,250.911,235.266,247.492,272.213,284.137,246.650,262.510,258.550,285.030,228.459,255.091,250.108,237.474,228.003,269.634,259.386,230.349,245.941,244.804,231.254,287.891,259.001,218.045,275.432,237.913,260.809,277.761,274.311,251.690,290.176,227.717,241.043,262.979,252.263,224.850,259.195,258.955,238.067,236.960,293.177,243.605,231.045,255.117,250.736,231.613,296.754,288.583,223.052,242.884,238.131,261.479,237.531,231.296,244.921,226.996,251.370,222.586,282.192,235.879,227.153,247.150,257.841,236.790,239.917,281.321,251.232,266.859,244.363,248.563,258.008,264.941,260.653,258.785,235.740,251.738,248.814,242.117,250.808,262.195,286.439,256.579,242.611,266.902,241.152,263.155,276.506,263.792,274.274,251.006,234.722,248.805,239.882,307.919,253.279"
2026-06-26T17:31:56.014111+00:00,SQISign2D-East,8,8,FFFFFFFFFFFFFFFFFFFFFFFFFFFFFFFFFFFFFFFFFFFFFFFFFFFFFFFFFFFFFFFFFFFFFFFFFFFFFFFFFFFFFFFFFFFFFFFFFFFFFFFFFFFFFFFFFFFFFFFFFFFFFFFF,FFFFFFFFFFFFFFFFFFFFFFFFFFFFFFFFFFFFFFFFFFFFFFFFFFFFFFFFFFFFFFFFFFFFFFFFFFFFFFFFFFFFFFFFFFFFFFFFFFFFFFFFFFFFFFFFFFFFFFFFFFFFFFFF,0,485.34654,"1230.649,1223.846,1166.703,1218.618,1351.867,1248.518,1221.232,1208.455,1168.819,1264.880,1200.440,1206.063,1307.063,1191.805,1316.701,1190.273,1277.591,1279.212,1141.258,1260.486,1255.656,1272.414,1188.041,1249.116,1270.134,1441.738,1163.225,1288.952,1114.808,1201.996,1319.725,1189.069,1154.278,1241.373,1136.525,1132.554,1162.057,1225.652,1230.139,1149.064,1318.459,1138.049,1235.022,1182.283,1198.505,1179.197,1171.506,1384.348,1200.701,1198.356,1377.837,1322.802,1256.719,1242.077,1235.864,1316.956,1340.592,1336.580,1396.349,1203.187,1178.051,1166.424,1244.632,1268.955,1261.495,1232.938,1161.463,1205.308,1323.097,1317.559,1166.596,1445.262,1157.587,1170.718,1298.257,1157.413,1201.441,1199.847,1211.841,1236.072,1312.163,1260.866,1203.485,1252.541,1205.416,1320.794,1283.087,1211.285,1197.914,1210.381,1294.200,1181.295,1221.679,1180.358,1279.161,1295.728,1176.104,1332.445,1194.183,1187.166","261.545,251.756,239.957,248.522,245.959,234.501,227.725,246.093,247.866,237.230,252.067,261.073,280.715,237.812,250.910,228.647,247.293,268.136,216.764,260.555,247.570,220.269,234.008,249.679,234.527,291.844,221.425,235.828,224.961,238.477,255.903,221.307,239.600,240.273,232.938,226.430,263.471,222.639,235.834,265.349,274.064,241.423,248.794,241.007,256.873,245.517,243.388,309.387,225.118,254.026,281.216,249.277,280.942,260.377,274.572,223.110,301.293,247.980,235.258,248.494,248.635,256.403,252.085,246.551,234.914,278.515,251.389,257.889,273.547,221.870,242.441,251.772,235.247,263.449,260.488,261.651,246.858,280.236,293.912,247.811,258.590,252.679,292.610,261.807,244.048,269.263,284.865,238.421,247.047,233.679,255.821,270.209,264.965,239.667,291.649,257.306,256.024,259.058,236.909,254.547"
2026-06-26T17:31:56.014111+00:00,SQISign2D-East,8,9,FFFFFFFFFFFFFFFFFFFFFFFFFFFFFFFFFFFFFFFFFFFFFFFFFFFFFFFFFFFFFFFFFFFFFFFFFFFFFFFFFFFFFFFFFFFFFFFFFFFFFFFFFFFFFFFFFFFFFFFFFFFFFFFF,FFFFFFFFFFFFFFFFFFFFFFFFFFFFFFFFFFFFFFFFFFFFFFFFFFFFFFFFFFFFFFFFFFFFFFFFFFFFFFFFFFFFFFFFFFFFFFFFFFFFFFFFFFFFFFFFFFFFFFFFFFFFFFFF,0,421.654143,"1253.947,1182.012,1254.777,1202.753,1187.134,1437.538,1196.805,1313.873,1192.230,1275.406,1224.024,1232.121,1266.649,1182.130,1286.477,1251.735,1163.597,1197.052,1297.837,1349.849,1197.505,1161.454,1173.768,1287.939,1182.342,1174.067,1165.965,1240.834,1192.328,1261.460,1260.823,1326.017,1184.426,1285.067,1112.436,1220.112,1265.357,1254.575,1178.935,1175.745,1302.627,1201.922,1150.108,1238.400,1271.264,1540.102,1194.988,1203.304,1461.197,1285.188,1254.934,1216.940,1265.637,1219.257,1183.947,1310.449,1342.594,1194.137,1285.711,1270.052,1242.426,1173.977,1212.564,1210.717,1325.566,1396.095,1213.438,1202.336,1451.569,1305.629,1267.175,1185.326,1150.201,1214.621,1135.822,1182.695,1142.455,1213.519,1296.766,1237.210,1195.191,1339.194,1239.338,1262.547,1218.877,1364.147,1134.369,1147.692,1201.316,1440.584,1301.137,1295.002,1185.780,1229.339,1214.296,1246.794,1305.021,1141.170,1235.928,1214.672","242.532,239.463,226.635,238.886,229.601,220.346,247.362,271.665,249.479,242.885,224.099,236.847,245.332,242.934,255.756,269.889,265.757,237.246,214.530,253.430,227.179,218.035,220.968,265.770,245.231,236.778,231.082,232.051,207.062,272.623,285.006,257.554,219.179,266.586,209.603,221.694,241.107,240.934,249.679,204.346,249.238,236.185,237.366,234.446,236.638,270.010,246.059,252.800,222.746,277.307,204.443,220.321,227.667,238.664,214.173,250.340,243.501,221.663,244.181,268.504,249.685,218.747,232.855,268.021,219.667,236.224,238.363,260.241,208.021,231.454,233.928,237.565,205.542,216.948,230.480,264.977,231.647,272.917,235.241,209.143,227.366,220.993,237.591,240.369,233.217,248.087,230.671,242.722,236.450,237.391,246.375,250.947,230.913,237.496,242.941,244.345,253.954,214.770,216.957,227.650"
2026-06-26T17:45:43.411970+00:00,SQISign2D-East,9,0,FFFFFFFFFFFFFFFFFFFFFFFFFFFFFFFFFFFFFFFFFFFFFFFFFFFFFFFFFFFFFFFFFFFFFFFFFFFFFFFFFFFFFFFFFFFFFFFFFFFFFFFFFFFFFFFFFFFFFFFFFFFFFFFF,FFFFFFFFFFFFFFFFFFFFFFFFFFFFFFFFFFFFFFFFFFFFFFFFFFFFFFFFFFFFFFFFFFFFFFFFFFFFFFFFFFFFFFFFFFFFFFFFFFFFFFFFFFFFFFFFFFFFFFFFFFFFFFFF,0,433.051519,"1213.228,1268.766,1351.724,1220.388,1223.559,1315.753,1366.845,1263.779,1270.248,1297.384,1196.855,1393.583,1267.877,1293.915,1244.022,1257.760,1267.098,1296.509,1255.461,1200.651,1210.781,1267.433,1325.668,1289.600,1218.034,1333.355,1330.507,1319.747,1329.013,1284.989,1328.164,1273.198,1350.543,1358.468,1297.828,1221.155,1331.114,1291.532,1232.289,1315.372,1228.660,1272.755,1295.322,1209.448,1337.366,1250.634,1239.973,1359.181,1698.415,1176.531,1337.554,1223.555,1202.103,1246.355,1295.642,1445.385,1196.179,1248.630,1362.083,1291.274,1309.081,1238.251,1210.070,1241.155,1294.536,1175.008,1225.625,1344.863,1285.661,1322.806,1180.664,1327.303,1192.819,1292.259,1257.234,1380.818,1318.531,1283.671,1279.358,1325.871,1276.051,1152.291,1360.969,1158.626,1276.044,1222.908,1570.367,1191.102,1332.075,1344.285,1264.813,1249.973,1256.310,1215.712,1192.939,1244.416,1333.573,1250.580,1249.571,1298.061","213.634,244.048,239.245,249.308,217.111,267.711,243.503,277.343,228.423,245.054,244.815,241.425,219.523,230.183,228.835,225.924,257.127,255.581,212.943,232.508,235.508,267.874,313.544,228.639,240.967,271.075,240.642,323.862,223.271,254.264,308.009,257.624,279.021,252.666,212.980,271.882,238.886,230.437,237.251,244.191,257.874,262.085,237.063,215.805,252.158,222.865,261.754,237.228,237.034,238.820,233.397,214.867,236.486,243.553,260.100,259.313,249.316,216.048,287.201,257.136,241.218,264.170,237.927,255.396,236.679,223.390,225.819,268.360,249.848,255.034,258.507,251.099,223.778,230.656,224.411,242.245,258.974,241.507,282.162,249.196,259.683,214.515,282.482,226.887,255.224,261.895,273.530,227.605,277.676,247.915,271.652,266.105,250.439,237.059,236.860,259.674,226.004,256.414,273.967,219.904"
2026-06-26T17:45:43.411970+00:00,SQISign2D-East,9,1,FFFFFFFFFFFFFFFFFFFFFFFFFFFFFFFFFFFFFFFFFFFFFFFFFFFFFFFFFFFFFFFFFFFFFFFFFFFFFFFFFFFFFFFFFFFFFFFFFFFFFFFFFFFFFFFFFFFFFFFFFFFFFFFF,FFFFFFFFFFFFFFFFFFFFFFFFFFFFFFFFFFFFFFFFFFFFFFFFFFFFFFFFFFFFFFFFFFFFFFFFFFFFFFFFFFFFFFFFFFFFFFFFFFFFFFFFFFFFFFFFFFFFFFFFFFFFFFFF,0,408.085108,"1310.429,1526.800,1203.795,1363.235,1212.952,1309.315,1361.030,1175.795,1456.731,1309.491,1184.636,1237.386,1270.611,1204.912,1303.551,1311.113,1254.314,1248.318,1250.728,1339.461,1207.750,1184.098,1284.633,1262.547,1196.258,1231.073,1248.631,1186.229,1199.965,1202.114,1334.326,1372.012,1191.201,1206.765,1309.767,1369.012,1272.214,1387.301,1210.987,1224.280,1265.722,1275.575,1263.361,1276.719,1240.350,1197.022,1302.822,1238.798,1294.959,1235.511,1359.254,1176.019,1240.002,1239.386,1237.309,1258.308,1218.719,1246.163,1336.778,1303.472,1350.474,1188.656,1302.539,1362.916,1231.702,1419.125,1281.213,1344.510,1189.636,1409.857,1168.489,1462.029,1307.737,1174.638,1444.687,1203.018,1242.225,1258.581,1194.880,1400.823,1252.186,1206.184,1261.871,1259.721,1227.389,1269.117,1255.923,1273.025,1206.429,1277.350,1470.944,1150.692,1289.861,1307.492,1323.780,1205.589,1259.895,1242.650,1213.610,1324.397","261.878,250.744,239.181,243.883,257.765,244.201,246.042,234.868,256.715,250.264,239.194,247.759,224.334,227.050,237.692,283.675,218.927,241.528,271.109,244.930,238.189,234.617,245.544,261.550,228.623,260.014,213.182,249.677,262.723,263.449,242.862,242.497,216.119,225.525,240.121,318.758,224.877,240.085,232.518,218.002,249.331,238.027,235.260,246.414,264.220,247.138,253.679,226.883,231.735,226.902,217.412,235.536,251.827,247.173,247.439,252.990,226.735,231.543,246.203,261.740,232.767,234.870,264.188,248.832,235.806,216.767,264.010,232.970,251.858,233.308,246.945,262.568,287.624,228.829,262.662,235.116,228.728,278.507,248.385,259.925,250.124,214.416,221.810,250.618,256.153,233.167,229.646,250.262,275.810,231.417,249.082,204.311,239.713,229.331,290.606,223.039,241.819,229.645,251.304,232.777"
2026-06-26T17:45:43.411970+00:00,SQISign2D-East,9,2,FFFFFFFFFFFFFFFFFFFFFFFFFFFFFFFFFFFFFFFFFFFFFFFFFFFFFFFFFFFFFFFFFFFFFFFFFFFFFFFFFFFFFFFFFFFFFFFFFFFFFFFFFFFFFFFFFFFFFFFFFFFFFFFF,FFFFFFFFFFFFFFFFFFFFFFFFFFFFFFFFFFFFFFFFFFFFFFFFFFFFFFFFFFFFFFFFFFFFFFFFFFFFFFFFFFFFFFFFFFFFFFFFFFFFFFFFFFFFFFFFFFFFFFFFFFFFFFFF,0,422.606644,"1435.683,1183.055,1262.445,1237.899,1167.748,1201.735,1374.176,1362.731,1409.987,1212.080,1348.246,1295.419,1243.507,1264.957,1222.969,1243.889,1305.055,1381.939,1420.269,1220.960,1271.078,1225.834,1241.226,1353.638,1211.518,1365.245,1260.282,1288.514,1536.284,1306.400,1198.473,1400.944,1360.684,1243.300,1343.726,1270.688,1306.711,1373.637,1316.391,1216.668,1200.624,1327.764,1193.719,1206.109,1350.829,1220.567,1350.197,1195.914,1349.237,1194.626,1291.991,1214.645,1296.236,1292.498,1200.937,1347.765,1207.959,1236.723,1276.883,1262.338,1173.472,1305.957,1227.774,1279.285,1244.579,1245.358,1253.092,1537.761,1284.517,1215.237,1280.963,1182.378,1259.421,1302.068,1207.767,1305.282,1309.344,1444.217,1331.712,1299.738,1275.677,1329.665,1245.794,1212.864,1211.701,1258.283,1297.945,1259.529,1231.275,1275.499,1423.549,1319.420,1337.635,1400.739,1200.738,1200.974,1258.401,1277.766,1228.498,1344.914","245.244,227.446,254.782,256.037,232.074,243.132,259.912,213.866,291.365,218.883,270.843,231.868,248.444,226.089,276.215,251.400,256.318,260.890,303.703,256.108,250.842,235.242,261.195,245.133,248.308,284.863,255.453,216.042,265.079,282.282,274.012,246.449,294.409,243.990,235.162,264.730,246.103,302.103,244.452,258.871,233.191,301.575,233.466,222.507,254.674,223.909,278.824,220.140,257.311,250.064,247.270,237.247,228.621,268.512,235.371,267.321,221.388,235.463,299.649,250.256,230.444,224.453,264.776,230.772,248.119,250.290,257.231,249.230,251.078,248.953,251.558,231.879,265.107,308.656,237.657,232.638,281.244,231.342,249.233,271.958,267.475,265.683,275.487,235.550,238.141,232.272,233.069,273.078,270.888,249.732,252.579,232.536,305.811,287.679,251.889,240.284,282.872,229.306,223.176,268.148"
2026-06-26T17:45:43.411970+00:00,SQISign2D-East,9,3,FFFFFFFFFFFFFFFFFFFFFFFFFFFFFFFFFFFFFFFFFFFFFFFFFFFFFFFFFFFFFFFFFFFFFFFFFFFFFFFFFFFFFFFFFFFFFFFFFFFFFFFFFFFFFFFFFFFFFFFFFFFFFFFF,FFFFFFFFFFFFFFFFFFFFFFFFFFFFFFFFFFFFFFFFFFFFFFFFFFFFFFFFFFFFFFFFFFFFFFFFFFFFFFFFFFFFFFFFFFFFFFFFFFFFFFFFFFFFFFFFFFFFFFFFFFFFFFFF,0,478.643777,"1232.975,1281.523,1245.999,1283.355,1179.168,1281.086,1301.023,1304.565,1390.420,1255.877,1273.347,1276.625,1476.512,1186.414,1234.151,1247.406,1212.951,1525.743,1294.171,1313.021,1241.903,1249.155,1382.204,1311.686,1280.764,1232.061,1256.021,1213.036,1289.573,1297.586,1284.232,1237.341,1290.319,1181.373,1221.844,1241.866,1285.686,1329.811,1423.708,1257.871,1180.723,1435.869,1174.063,1295.949,1226.162,1321.681,1205.569,1290.599,1345.874,1310.581,1347.761,1253.874,1343.203,1266.133,1275.805,1316.950,1254.135,1195.268,1264.599,1482.899,1299.546,1251.358,1235.721,1314.697,1338.777,1208.379,1362.533,1246.202,1313.388,1275.156,1236.028,1415.972,1196.194,1354.059,1453.665,1286.778,1275.448,1208.189,1218.369,1218.254,1263.294,1238.361,1360.808,1265.522,1196.554,1411.890,1402.430,1237.594,1304.594,1566.469,1243.879,1289.518,1245.256,1323.005,1227.437,1194.637,1206.827,1258.824,1309.216,1286.083","236.905,233.518,251.748,261.219,258.145,251.004,234.416,264.627,231.972,285.903,291.444,266.471,249.200,244.585,262.102,261.846,237.736,248.706,249.288,237.844,245.815,280.302,227.268,278.449,255.475,268.853,259.773,237.928,270.238,267.677,240.974,239.374,270.812,255.925,248.358,256.370,295.277,301.924,279.798,237.465,255.278,286.189,247.371,244.106,271.235,261.246,281.387,259.981,273.280,263.350,293.579,254.905,265.498,253.777,263.412,261.245,271.242,238.598,272.049,272.282,308.986,264.032,282.815,266.626,295.887,230.166,278.560,259.307,255.461,286.864,281.729,260.520,278.853,249.430,261.862,245.223,292.564,269.777,265.923,287.825,260.849,292.142,238.237,230.726,254.505,249.647,269.591,255.096,263.019,309.239,266.070,265.954,288.430,259.592,261.058,244.861,234.769,289.856,262.082,279.774"
2026-06-26T17:45:43.411970+00:00,SQISign2D-East,9,4,FFFFFFFFFFFFFFFFFFFFFFFFFFFFFFFFFFFFFFFFFFFFFFFFFFFFFFFFFFFFFFFFFFFFFFFFFFFFFFFFFFFFFFFFFFFFFFFFFFFFFFFFFFFFFFFFFFFFFFFFFFFFFFFF,FFFFFFFFFFFFFFFFFFFFFFFFFFFFFFFFFFFFFFFFFFFFFFFFFFFFFFFFFFFFFFFFFFFFFFFFFFFFFFFFFFFFFFFFFFFFFFFFFFFFFFFFFFFFFFFFFFFFFFFFFFFFFFFF,0,491.868495,"1538.146,1247.885,1228.042,1313.181,1343.810,1390.555,1305.811,1285.148,1340.369,1308.216,1175.697,1279.776,1247.457,1401.086,1176.370,1320.416,1256.999,1382.853,1394.203,1258.281,1287.421,1210.704,1287.190,1204.096,1207.180,1292.491,1229.357,1264.039,1286.074,1396.926,1379.093,1190.800,1286.157,1246.638,1230.127,1275.790,1275.489,1254.631,1211.793,1414.070,1277.284,1272.332,1345.200,1252.158,1279.616,1255.926,1241.117,1254.727,1311.667,1349.741,1252.189,1287.196,1233.052,1271.194,1189.498,1340.478,1422.413,1290.921,1285.973,1208.247,1324.406,1198.822,1358.546,1313.964,1255.276,1254.346,1320.283,1268.522,1207.344,1230.555,1734.856,1315.812,1306.525,1157.360,1184.717,1290.684,1197.321,1195.725,1407.627,1221.759,1226.110,1237.770,1354.777,1200.866,1173.609,1245.795,1253.074,1270.489,1237.180,1303.337,1229.375,1216.003,1326.201,1310.784,1261.270,1335.387,1588.151,1269.818,1246.925,1227.480","253.762,257.032,266.123,266.852,241.172,264.270,254.655,256.913,269.561,267.889,223.552,240.789,236.493,258.551,237.674,245.510,262.965,275.050,298.458,255.242,222.401,247.903,271.069,270.327,232.537,269.130,239.283,229.404,276.855,302.602,248.479,257.850,291.540,230.784,227.955,259.967,238.581,239.373,246.166,253.720,230.626,252.611,258.216,263.248,241.532,222.813,241.947,258.887,219.004,270.867,246.155,284.350,252.953,280.415,258.496,246.693,261.079,256.271,286.490,255.784,259.719,240.297,257.787,275.874,250.628,226.052,232.927,258.806,254.801,253.103,267.835,243.652,241.617,238.400,231.008,265.704,226.175,230.238,237.003,255.028,243.164,236.782,261.894,234.783,234.222,245.838,251.464,240.906,248.714,238.111,255.096,237.802,256.113,239.948,248.293,268.292,233.466,247.162,236.089,254.876"
2026-06-26T17:45:43.411970+00:00,SQISign2D-East,9,5,FFFFFFFFFFFFFFFFFFFFFFFFFFFFFFFFFFFFFFFFFFFFFFFFFFFFFFFFFFFFFFFFFFFFFFFFFFFFFFFFFFFFFFFFFFFFFFFFFFFFFFFFFFFFFFFFFFFFFFFFFFFFFFFF,FFFFFFFFFFFFFFFFFFFFFFFFFFFFFFFFFFFFFFFFFFFFFFFFFFFFFFFFFFFFFFFFFFFFFFFFFFFFFFFFFFFFFFFFFFFFFFFFFFFFFFFFFFFFFFFFFFFFFFFFFFFFFFFF,0,404.899971,"1245.766,1259.552,1524.602,1286.322,1293.880,1262.081,1246.513,1214.634,1366.261,1236.331,1454.278,1244.878,1278.748,1301.897,1284.082,1217.654,1205.274,1326.772,1297.328,1230.442,1244.403,1270.361,1317.932,1358.975,1246.341,1223.719,1334.017,1500.143,1287.390,1363.602,1258.425,1405.698,1247.870,1211.381,1364.819,1268.350,1287.705,1329.220,1193.596,1181.478,1223.967,1223.516,1357.056,1255.240,1262.297,1556.548,1301.153,1378.441,1238.957,1277.286,1272.363,1201.361,1274.557,1327.589,1268.362,1227.717,1474.186,1251.369,1232.135,1181.573,1369.623,1289.735,1205.979,1260.440,1290.946,1244.326,1223.392,1320.362,1224.994,1270.427,1266.504,1291.328,1200.900,1221.829,1280.457,1349.436,1245.148,1214.444,1324.847,1361.613,1275.667,1285.332,1513.160,1377.672,1296.107,1369.948,1390.142,1254.579,1581.604,1287.224,1269.513,1299.970,1205.742,1257.853,1187.373,1339.876,1365.878,1318.516,1242.231,1346.333","281.922,264.322,278.791,240.300,222.550,273.498,260.886,227.113,253.716,277.793,240.501,260.068,240.092,251.983,248.930,234.261,254.478,233.494,246.913,253.270,252.289,252.430,279.397,244.764,266.370,242.089,287.083,282.817,241.019,279.225,228.074,298.024,233.508,228.025,233.740,272.319,246.315,248.517,259.075,257.664,271.994,241.506,248.913,253.297,260.417,261.665,222.761,237.576,279.580,254.475,228.321,236.636,222.237,295.631,256.098,252.746,265.947,260.314,283.035,240.053,288.668,261.437,237.378,239.288,278.720,239.958,247.662,247.346,253.071,249.394,289.820,234.831,240.164,237.856,246.434,256.689,243.165,231.690,252.068,280.210,281.363,270.506,247.932,276.398,240.525,287.511,261.411,294.617,271.162,242.449,254.961,262.422,262.469,283.588,217.982,254.361,280.023,252.846,242.743,244.192"
2026-06-26T17:45:43.411970+00:00,SQISign2D-East,9,6,FFFFFFFFFFFFFFFFFFFFFFFFFFFFFFFFFFFFFFFFFFFFFFFFFFFFFFFFFFFFFFFFFFFFFFFFFFFFFFFFFFFFFFFFFFFFFFFFFFFFFFFFFFFFFFFFFFFFFFFFFFFFFFFF,FFFFFFFFFFFFFFFFFFFFFFFFFFFFFFFFFFFFFFFFFFFFFFFFFFFFFFFFFFFFFFFFFFFFFFFFFFFFFFFFFFFFFFFFFFFFFFFFFFFFFFFFFFFFFFFFFFFFFFFFFFFFFFFF,0,437.243826,"1257.487,1337.029,1242.886,1366.425,1358.334,1260.090,1360.778,1309.810,1339.664,1212.232,1239.901,1442.912,1296.390,1290.286,1255.696,1282.757,1355.917,1471.109,1341.545,1269.527,1188.869,1264.575,1214.077,1277.330,1331.235,1347.755,1278.358,1227.086,1295.512,1348.650,1280.086,1277.742,1486.600,1210.656,1178.587,1307.905,1243.117,1238.117,1197.142,1285.826,1520.837,1288.292,1174.859,1377.954,1209.469,1213.304,1249.393,1378.007,1294.515,1274.230,1192.045,1275.618,1259.933,1281.105,1389.947,1303.639,1215.119,1207.558,1257.939,1319.738,1262.904,1299.598,1341.582,1277.654,1247.727,1261.628,1220.341,1344.877,1246.817,1249.170,1339.440,1260.785,1364.193,1217.815,1305.065,1312.098,1206.290,1355.567,1281.421,1236.383,1281.526,1372.012,1239.975,1216.354,1228.293,1279.558,1258.309,1282.742,1294.422,1275.633,1240.283,1353.550,1207.041,1254.855,1251.329,1208.015,1297.154,1370.221,1271.359,1433.387","233.591,238.262,213.639,232.536,273.134,216.115,260.820,277.990,292.491,246.571,233.146,244.886,254.653,298.266,268.229,259.801,245.252,265.884,220.969,225.038,229.138,260.446,244.755,231.640,271.568,262.400,231.323,228.230,235.648,284.198,245.610,265.082,273.037,222.568,230.373,228.490,243.063,230.388,255.024,225.707,225.404,266.892,237.322,225.697,225.586,252.205,253.673,239.311,279.549,285.873,230.896,253.461,239.189,231.954,237.464,235.846,225.241,243.174,240.368,238.911,229.927,242.705,280.845,214.983,258.214,318.691,230.238,280.967,238.864,287.361,275.328,246.484,292.120,257.263,251.480,246.790,271.852,254.812,240.682,229.097,213.570,230.714,228.097,235.876,230.494,251.869,250.315,215.252,249.823,272.031,254.876,260.271,224.662,249.364,227.288,232.663,265.267,252.699,256.401,245.788"
2026-06-26T17:45:43.411970+00:00,SQISign2D-East,9,7,FFFFFFFFFFFFFFFFFFFFFFFFFFFFFFFFFFFFFFFFFFFFFFFFFFFFFFFFFFFFFFFFFFFFFFFFFFFFFFFFFFFFFFFFFFFFFFFFFFFFFFFFFFFFFFFFFFFFFFFFFFFFFFFF,FFFFFFFFFFFFFFFFFFFFFFFFFFFFFFFFFFFFFFFFFFFFFFFFFFFFFFFFFFFFFFFFFFFFFFFFFFFFFFFFFFFFFFFFFFFFFFFFFFFFFFFFFFFFFFFFFFFFFFFFFFFFFFFF,0,452.218694,"1298.743,1298.302,1305.933,1247.946,1420.667,1443.974,1356.369,1313.185,1274.294,1293.467,1276.869,1237.510,1230.897,1270.475,1244.081,1291.323,1237.833,1330.064,1261.795,1432.421,1224.614,1253.077,1231.928,1224.492,1236.338,1328.224,1295.882,1313.982,1298.860,1295.354,1225.513,1208.190,1301.353,1229.226,1229.526,1313.287,1260.550,1348.806,1214.190,1278.179,1286.183,1215.830,1301.913,1212.670,1265.602,1210.865,1336.409,1300.604,1262.642,1269.498,1286.765,1282.767,1318.189,1251.874,1201.481,1243.348,1240.651,1254.262,1298.960,1428.984,1333.289,1295.290,1299.905,1182.621,1418.229,1291.175,1414.895,1285.853,1302.360,1273.913,1396.154,1280.769,1485.697,1297.193,1208.621,1284.978,1290.236,1263.666,1256.245,1264.542,1274.029,1184.520,1206.526,1272.611,1336.254,1237.703,1244.195,1350.078,1250.725,1446.908,1371.226,1205.066,1262.685,1231.899,1342.758,1179.901,1239.961,1249.678,1447.037,1250.567","273.344,244.701,293.176,256.491,246.619,268.121,281.381,342.047,278.740,292.504,321.566,266.111,272.273,266.157,264.522,295.037,310.827,266.722,267.419,271.876,248.791,288.390,254.320,250.750,275.139,267.334,263.722,278.061,273.833,275.494,260.855,254.255,242.073,243.060,278.854,267.731,269.519,273.984,258.983,282.447,252.227,268.001,287.395,277.031,259.861,261.608,280.680,244.338,256.808,254.902,288.494,258.438,288.832,265.856,283.148,274.455,276.726,280.248,286.532,300.392,252.142,292.636,261.592,242.408,289.168,275.974,250.699,251.017,282.312,289.826,298.243,266.020,271.037,286.880,240.542,280.389,294.065,268.070,277.700,252.746,291.312,239.861,256.489,262.289,293.476,248.769,265.809,287.825,261.546,276.687,261.580,284.345,263.296,267.010,238.163,245.118,312.007,293.449,294.292,304.230"
2026-06-26T17:45:43.411970+00:00,SQISign2D-East,9,8,FFFFFFFFFFFFFFFFFFFFFFFFFFFFFFFFFFFFFFFFFFFFFFFFFFFFFFFFFFFFFFFFFFFFFFFFFFFFFFFFFFFFFFFFFFFFFFFFFFFFFFFFFFFFFFFFFFFFFFFFFFFFFFFF,FFFFFFFFFFFFFFFFFFFFFFFFFFFFFFFFFFFFFFFFFFFFFFFFFFFFFFFFFFFFFFFFFFFFFFFFFFFFFFFFFFFFFFFFFFFFFFFFFFFFFFFFFFFFFFFFFFFFFFFFFFFFFFFF,0,418.877052,"1375.510,1243.969,1360.273,1274.600,1235.891,1323.005,1258.246,1216.575,1309.499,1359.360,1388.818,1260.799,1244.624,1212.140,1243.034,1313.101,1271.623,1208.547,1326.524,1212.231,1491.134,1275.160,1300.748,1268.945,1233.058,1247.633,1183.660,1290.628,1327.232,1222.389,1209.355,1267.751,1299.982,1420.685,1311.324,1392.222,1221.259,1204.005,1186.357,1300.789,1332.295,1189.127,1291.842,1154.477,1260.107,1209.098,1171.610,1266.452,1290.514,1367.581,1301.318,1238.644,1411.622,1224.978,1373.000,1296.252,1257.132,1277.996,1294.779,1330.669,1333.128,1427.761,1306.813,1287.381,1416.663,1243.950,1275.463,1226.141,1241.653,1237.273,1311.487,1494.313,1200.654,1261.963,1297.934,1210.916,1321.758,1285.620,1230.106,1279.004,1275.194,1211.161,1355.297,1205.664,1224.731,1318.870,1391.256,1419.388,1250.967,1220.087,1337.812,1330.644,1292.970,1259.468,1219.995,1385.053,1276.878,1246.113,1274.607,1207.942","263.622,263.208,271.473,271.455,243.787,260.868,251.729,248.154,261.506,245.424,292.604,263.850,269.757,264.671,256.547,265.657,262.754,261.130,265.195,242.811,236.991,263.810,293.100,257.620,246.177,234.460,271.364,248.343,302.365,284.600,267.572,308.283,246.712,249.561,281.188,234.462,241.523,246.022,247.892,268.099,247.644,247.436,258.947,224.216,260.119,251.544,230.924,241.581,253.571,254.800,257.341,240.887,250.543,238.255,275.684,260.677,270.620,242.432,296.916,259.878,244.779,255.046,231.210,299.553,257.229,252.764,279.525,245.784,250.507,234.885,247.613,248.268,258.357,250.021,264.204,269.552,280.382,283.231,236.383,258.778,239.109,240.902,275.589,245.106,239.965,250.368,263.771,277.266,277.761,282.161,250.659,264.749,263.855,280.016,258.410,279.759,251.717,269.640,263.197,229.954"
2026-06-26T17:45:43.411970+00:00,SQISign2D-East,9,9,FFFFFFFFFFFFFFFFFFFFFFFFFFFFFFFFFFFFFFFFFFFFFFFFFFFFFFFFFFFFFFFFFFFFFFFFFFFFFFFFFFFFFFFFFFFFFFFFFFFFFFFFFFFFFFFFFFFFFFFFFFFFFFFF,FFFFFFFFFFFFFFFFFFFFFFFFFFFFFFFFFFFFFFFFFFFFFFFFFFFFFFFFFFFFFFFFFFFFFFFFFFFFFFFFFFFFFFFFFFFFFFFFFFFFFFFFFFFFFFFFFFFFFFFFFFFFFFFF,0,402.746179,"1343.598,1329.175,1312.719,1277.883,1260.966,1229.899,1226.831,1240.455,1304.704,1286.250,1217.069,1223.293,1312.880,1275.598,1242.605,1357.624,1205.991,1187.714,1244.818,1244.002,1286.245,1331.976,1326.696,1224.509,1347.079,1315.114,1188.233,1268.682,1324.270,1291.842,1200.012,1316.713,1610.968,1241.576,1213.158,1266.605,1328.034,1342.090,1340.670,1293.272,1383.701,1271.856,1224.812,1239.951,1178.231,1225.297,1251.596,1293.823,1244.287,1414.208,1231.134,1458.550,1314.874,1297.652,1191.636,1276.019,1229.782,1193.494,1284.246,1306.630,1205.884,1299.948,1356.327,1313.489,1244.975,1182.651,1258.477,1455.245,1227.296,1525.375,1237.172,1293.817,1235.433,1266.100,1219.199,1363.080,1376.600,1438.119,1213.602,1433.170,1401.531,1222.396,1240.453,1187.453,1221.242,1262.285,1274.924,1381.897,1301.150,1443.820,1214.967,1264.374,1279.237,1240.406,1244.828,1215.796,1252.045,1246.935,1228.418,1434.480","255.505,283.845,310.236,276.070,250.758,253.628,266.518,261.556,279.777,276.730,279.010,251.419,301.362,252.859,302.106,270.432,265.730,264.876,270.124,300.907,281.012,260.087,256.850,273.788,270.299,256.434,269.237,236.885,276.498,289.373,241.721,272.056,367.464,241.094,276.940,321.041,288.209,278.983,255.927,271.231,299.162,267.993,265.638,276.061,262.474,261.718,287.528,313.001,296.060,274.742,284.078,337.007,281.455,300.299,244.250,260.775,300.890,259.298,280.057,270.029,286.262,265.853,299.035,318.236,272.897,242.654,288.405,259.377,285.200,259.315,256.502,261.555,272.170,259.491,268.206,298.008,251.554,328.112,269.580,283.448,268.696,245.085,281.647,234.727,280.759,286.375,260.787,245.364,298.716,240.964,250.392,287.969,288.533,292.283,250.617,260.250,264.371,262.885,281.569,295.141"
2026-06-26T17:59:54.173011+00:00,SQISign2D-East,10,0,FFFFFFFFFFFFFFFFFFFFFFFFFFFFFFFFFFFFFFFFFFFFFFFFFFFFFFFFFFFFFFFFFFFFFFFFFFFFFFFFFFFFFFFFFFFFFFFFFFFFFFFFFFFFFFFFFFFFFFFFFFFFFFFF,FFFFFFFFFFFFFFFFFFFFFFFFFFFFFFFFFFFFFFFFFFFFFFFFFFFFFFFFFFFFFFFFFFFFFFFFFFFFFFFFFFFFFFFFFFFFFFFFFFFFFFFFFFFFFFFFFFFFFFFFFFFFFFFF,0,454.258712,"1152.203,1188.807,1284.403,1154.795,1153.151,1203.697,1183.244,1344.917,1219.327,1185.506,1176.986,1229.348,1201.841,1242.752,1175.187,1181.405,1345.180,1182.942,1277.187,1158.484,1458.411,1261.345,1250.680,1262.487,1231.102,1163.692,1177.957,1234.494,1295.791,1212.785,1192.115,1292.613,1226.707,1207.008,1241.777,1209.916,1169.003,1338.460,1361.543,1194.351,1408.839,1303.221,1150.892,1345.726,1215.104,1182.606,1184.182,1239.647,1175.159,1248.521,1289.333,1184.659,1334.131,1213.383,1309.952,1231.398,1327.253,1183.489,1179.272,1304.485,1299.400,1198.690,1260.427,1206.182,1279.459,1259.807,1221.211,1376.136,1241.231,1152.025,1252.601,1378.635,1231.247,1195.345,1212.302,1223.484,1301.261,1183.549,1195.118,1233.981,1198.095,1217.350,1134.463,1242.651,1439.372,1163.826,1196.848,1212.984,1361.207,1355.991,1236.324,1137.589,1191.904,1225.206,1398.009,1200.478,1288.819,1188.703,1270.825,1218.631","238.738,255.614,261.358,252.220,214.410,235.219,221.794,262.350,251.035,260.595,239.664,240.423,266.403,245.219,213.197,236.250,236.999,244.146,251.416,250.165,269.482,255.952,237.663,245.500,245.370,228.713,247.498,256.080,271.830,236.079,235.343,258.121,212.957,238.077,257.342,250.889,220.363,255.983,265.919,229.304,284.512,273.416,228.246,303.091,250.780,248.760,246.273,241.667,251.692,293.751,265.889,239.439,223.591,244.623,260.434,237.012,247.103,233.002,249.985,278.465,254.581,239.184,268.140,248.782,247.009,289.347,266.601,225.406,264.734,227.581,215.037,255.717,254.142,241.130,254.128,240.875,213.990,279.289,277.295,249.517,271.842,262.502,219.607,235.931,280.701,234.086,285.940,233.606,240.711,247.662,291.697,223.096,267.336,238.563,256.841,244.519,238.892,253.879,242.717,226.411"
2026-06-26T17:59:54.173011+00:00,SQISign2D-East,10,1,FFFFFFFFFFFFFFFFFFFFFFFFFFFFFFFFFFFFFFFFFFFFFFFFFFFFFFFFFFFFFFFFFFFFFFFFFFFFFFFFFFFFFFFFFFFFFFFFFFFFFFFFFFFFFFFFFFFFFFFFFFFFFFFF,FFFFFFFFFFFFFFFFFFFFFFFFFFFFFFFFFFFFFFFFFFFFFFFFFFFFFFFFFFFFFFFFFFFFFFFFFFFFFFFFFFFFFFFFFFFFFFFFFFFFFFFFFFFFFFFFFFFFFFFFFFFFFFFF,0,470.036834,"1249.802,1200.138,1255.843,1170.032,1288.338,1289.768,1293.958,1238.743,1355.300,1406.536,1323.495,1226.678,1299.679,1183.918,1200.806,1239.495,1345.469,1373.819,1270.233,1269.613,1189.001,1195.399,1325.240,1240.563,1199.497,1257.245,1315.509,1183.771,1277.510,1212.238,1167.670,1226.424,1150.429,1277.951,1246.594,1203.500,1175.378,1313.834,1180.761,1388.321,1197.259,1496.909,1313.500,1216.451,1280.365,1229.265,1214.087,1228.133,1140.285,1308.371,1160.083,1230.069,1224.354,1341.117,1231.828,1273.070,1238.431,1200.449,1231.286,1184.150,1208.627,1214.270,1230.782,1329.418,1162.989,1358.665,1237.494,1243.702,1199.078,1272.943,1324.285,1211.063,1369.565,1207.701,1263.438,1222.440,1304.995,1413.435,1172.942,1198.390,1329.122,1263.250,1216.420,1241.315,1278.666,1249.269,1258.140,1186.938,1208.893,1260.246,1326.114,1184.286,1269.209,1504.523,1513.200,1221.223,1144.731,1212.332,1168.955,1179.835","249.041,239.101,239.040,237.490,238.263,252.552,236.047,260.788,255.366,223.656,251.479,256.418,233.752,244.687,254.041,225.471,298.535,253.652,256.021,256.306,266.867,259.914,265.052,231.144,243.953,237.685,248.971,237.844,278.702,278.835,254.539,247.143,242.743,230.771,246.594,280.345,237.697,245.623,238.086,282.631,235.125,287.919,299.283,261.513,245.817,251.217,240.978,276.413,228.170,249.190,254.826,264.001,243.731,257.926,248.539,255.055,283.414,255.364,269.822,268.278,253.445,269.189,241.985,270.768,242.129,253.711,285.638,241.214,234.000,216.785,238.077,273.324,283.141,260.107,258.553,274.778,244.493,251.709,275.202,242.297,260.551,294.339,306.808,228.456,236.566,257.338,252.498,265.771,259.405,260.747,312.250,226.659,284.844,261.137,250.135,245.257,245.030,265.405,251.749,229.877"
2026-06-26T17:59:54.173011+00:00,SQISign2D-East,10,2,FFFFFFFFFFFFFFFFFFFFFFFFFFFFFFFFFFFFFFFFFFFFFFFFFFFFFFFFFFFFFFFFFFFFFFFFFFFFFFFFFFFFFFFFFFFFFFFFFFFFFFFFFFFFFFFFFFFFFFFFFFFFFFFF,FFFFFFFFFFFFFFFFFFFFFFFFFFFFFFFFFFFFFFFFFFFFFFFFFFFFFFFFFFFFFFFFFFFFFFFFFFFFFFFFFFFFFFFFFFFFFFFFFFFFFFFFFFFFFFFFFFFFFFFFFFFFFFFF,0,501.414944,"1203.544,1198.376,1216.520,1296.327,1227.495,1198.923,1193.832,1336.382,1174.525,1226.359,1194.791,1355.012,1343.719,1360.622,1388.975,1213.219,1184.827,1184.143,1350.198,1195.125,1367.340,1285.655,1197.623,1278.186,1306.926,1171.086,1218.942,1230.022,1310.199,1157.026,1184.666,1226.132,1427.900,1140.023,1188.091,1292.034,1365.703,1200.211,1205.863,1307.168,1175.830,1251.363,1362.906,1146.257,1247.235,1229.109,1217.670,1320.498,1142.011,1394.723,1260.435,1282.936,1232.652,1449.219,1348.392,1327.767,1216.984,1189.609,1199.371,1193.222,1254.373,1213.329,1275.591,1165.059,1262.571,1256.488,1152.963,1222.017,1282.979,1167.713,1373.905,1238.520,1462.973,1221.624,1376.590,1219.665,1179.592,1453.233,1277.010,1429.987,1187.466,1185.885,1278.250,1157.960,1269.607,1181.199,1221.609,1163.577,1419.824,1280.223,1244.801,1265.679,1265.061,1407.613,1316.968,1364.633,1231.081,1189.406,1224.308,1213.626","232.949,235.995,264.281,238.966,229.407,257.638,292.317,250.809,247.498,244.488,244.416,253.822,232.554,329.495,236.090,263.911,256.409,246.309,298.313,259.960,231.652,235.158,268.807,232.917,260.169,234.836,223.803,239.376,284.027,248.783,243.286,243.461,237.946,218.491,245.659,232.997,282.500,254.154,251.761,247.095,221.032,268.771,235.798,248.103,258.013,259.915,236.011,258.712,237.146,224.979,251.302,262.542,304.627,279.643,260.600,314.854,227.843,243.687,253.983,245.915,268.677,241.182,268.835,255.036,272.571,243.687,237.123,275.969,279.272,247.878,233.318,266.673,242.425,278.800,237.979,231.073,250.528,270.936,261.601,252.467,247.973,235.804,264.497,259.977,301.549,259.663,257.910,221.740,311.626,244.153,239.803,272.458,234.262,270.007,251.251,292.830,250.585,251.122,237.461,253.932"
2026-06-26T17:59:54.173011+00:00,SQISign2D-East,10,3,FFFFFFFFFFFFFFFFFFFFFFFFFFFFFFFFFFFFFFFFFFFFFFFFFFFFFFFFFFFFFFFFFFFFFFFFFFFFFFFFFFFFFFFFFFFFFFFFFFFFFFFFFFFFFFFFFFFFFFFFFFFFFFFF,FFFFFFFFFFFFFFFFFFFFFFFFFFFFFFFFFFFFFFFFFFFFFFFFFFFFFFFFFFFFFFFFFFFFFFFFFFFFFFFFFFFFFFFFFFFFFFFFFFFFFFFFFFFFFFFFFFFFFFFFFFFFFFFF,0,410.15961,"1616.467,1314.230,1211.927,1171.718,1176.424,1163.062,1229.275,1250.240,1182.038,1300.234,1203.926,1242.481,1243.002,1171.423,1189.820,1184.677,1197.140,1450.638,1344.490,1369.836,1232.525,1329.847,1329.880,1205.900,1288.411,1162.361,1204.009,1418.076,1202.793,1181.887,1274.166,1208.391,1198.351,1204.301,1373.289,1291.976,1140.432,1221.946,1164.683,1255.738,1315.953,1260.371,1245.549,1335.818,1202.565,1193.443,1367.515,1231.173,1235.530,1234.453,1239.508,1286.920,1184.791,1369.495,1374.217,1213.284,1221.193,1166.708,1191.789,1242.544,1294.659,1217.098,1270.293,1317.592,1230.169,1212.437,1312.519,1132.011,1234.690,1257.224,1231.505,1257.778,1178.519,1278.302,1211.261,1170.052,1148.504,1155.526,1197.424,1191.273,1266.757,1219.689,1186.527,1334.931,1239.358,1189.802,1227.524,1229.309,1168.966,1232.780,1234.292,1179.080,1243.149,1222.635,1282.096,1241.779,1143.154,1432.678,1215.696,1246.813","226.377,268.125,230.769,209.319,248.690,232.440,237.555,265.990,231.155,252.754,237.677,236.109,292.518,228.235,235.133,259.028,266.357,224.010,254.352,255.014,263.964,277.971,234.490,253.732,228.259,236.227,267.860,276.600,242.799,228.297,271.885,248.075,246.184,212.961,217.734,248.437,213.790,234.916,211.583,264.786,280.310,262.630,248.331,237.131,269.253,224.709,266.093,219.134,221.685,240.254,231.258,276.943,256.799,275.107,292.890,267.623,258.627,250.438,252.675,285.693,273.224,220.402,234.649,279.000,244.978,223.767,226.525,216.174,254.393,228.477,257.857,241.868,240.121,272.211,249.799,214.707,233.536,237.312,263.262,232.060,234.336,291.676,247.633,257.224,223.803,221.942,238.360,272.531,220.808,273.762,265.307,228.126,240.104,239.617,281.772,257.852,250.123,225.902,268.967,241.107"
2026-06-26T17:59:54.173011+00:00,SQISign2D-East,10,4,FFFFFFFFFFFFFFFFFFFFFFFFFFFFFFFFFFFFFFFFFFFFFFFFFFFFFFFFFFFFFFFFFFFFFFFFFFFFFFFFFFFFFFFFFFFFFFFFFFFFFFFFFFFFFFFFFFFFFFFFFFFFFFFF,FFFFFFFFFFFFFFFFFFFFFFFFFFFFFFFFFFFFFFFFFFFFFFFFFFFFFFFFFFFFFFFFFFFFFFFFFFFFFFFFFFFFFFFFFFFFFFFFFFFFFFFFFFFFFFFFFFFFFFFFFFFFFFFF,0,483.987615,"1223.929,1369.217,1198.916,1318.933,1258.400,1229.305,1210.407,1213.147,1255.020,1227.431,1265.457,1244.207,1203.237,1277.786,1254.924,1298.630,1224.379,1165.598,1183.843,1201.408,1430.735,1246.458,1249.303,1215.585,1291.776,1211.556,1211.437,1246.362,1222.007,1262.950,1178.856,1177.191,1160.016,1204.880,1249.682,1478.918,1142.674,1221.917,1323.218,1171.195,1366.793,1436.288,1256.578,1330.000,1246.089,1302.253,1145.437,1267.519,1212.683,1302.490,1513.690,1342.174,1174.975,1258.546,1188.857,1249.687,1305.187,1136.999,1204.787,1249.277,1247.350,1124.140,1151.261,1275.730,1211.890,1266.116,1231.433,1267.385,1295.397,1241.444,1163.585,1403.314,1215.749,1236.397,1258.026,1384.129,1329.977,1321.324,1191.396,1241.339,1179.171,1208.964,1217.675,1247.552,1323.139,1219.125,1425.309,1334.870,1220.631,1258.371,1201.210,1258.970,1285.294,1287.542,1198.200,1369.709,1206.530,1224.294,1301.582,1280.643","286.333,240.705,267.250,267.731,212.837,221.862,234.166,254.029,230.385,234.318,213.278,265.364,258.528,273.283,225.167,227.614,299.782,239.777,250.123,239.728,232.438,278.538,263.296,243.352,264.765,217.624,261.839,261.777,251.712,253.003,240.960,230.802,213.662,232.902,240.704,265.646,223.995,249.455,302.348,232.966,251.165,277.908,257.298,228.581,257.762,228.307,231.407,233.324,244.042,267.390,249.289,252.818,235.690,250.229,225.525,247.588,239.373,231.248,263.318,227.024,262.319,222.897,223.824,250.349,224.209,255.487,250.696,267.657,241.089,218.195,245.095,229.992,279.883,246.190,248.677,261.095,288.190,218.417,260.210,246.900,216.844,221.653,233.666,250.764,230.747,237.003,233.872,275.311,234.518,269.704,243.475,249.344,258.421,239.653,244.288,253.825,223.051,256.771,230.533,247.567"
2026-06-26T17:59:54.173011+00:00,SQISign2D-East,10,5,FFFFFFFFFFFFFFFFFFFFFFFFFFFFFFFFFFFFFFFFFFFFFFFFFFFFFFFFFFFFFFFFFFFFFFFFFFFFFFFFFFFFFFFFFFFFFFFFFFFFFFFFFFFFFFFFFFFFFFFFFFFFFFFF,FFFFFFFFFFFFFFFFFFFFFFFFFFFFFFFFFFFFFFFFFFFFFFFFFFFFFFFFFFFFFFFFFFFFFFFFFFFFFFFFFFFFFFFFFFFFFFFFFFFFFFFFFFFFFFFFFFFFFFFFFFFFFFFF,0,421.862162,"1489.495,1374.338,1557.970,1247.441,1176.078,1328.695,1223.641,1154.800,1182.399,1307.403,1220.237,1194.754,1260.506,1296.128,1270.986,1139.010,1266.497,1262.050,1216.726,1251.458,1152.684,1152.560,1322.116,1197.465,1226.323,1209.863,1309.722,1178.966,1202.203,1345.511,1215.362,1166.057,1167.437,1279.419,1192.002,1243.492,1250.153,1293.219,1328.417,1187.328,1522.566,1306.658,1286.523,1197.517,1178.797,1259.226,1199.085,1283.081,1239.850,1281.669,1229.056,1179.243,1214.824,1292.076,1282.482,1345.860,1206.823,1189.534,1180.742,1203.131,1205.919,1185.723,1270.891,1181.877,1241.591,1368.752,1263.319,1383.871,1236.985,1163.529,1239.176,1219.652,1265.723,1363.208,1309.315,1221.032,1443.607,1287.799,1243.112,1424.617,1239.374,1362.446,1215.957,1315.670,1302.890,1335.125,1330.284,1278.403,1194.983,1169.257,1252.856,1266.068,1134.177,1248.807,1151.148,1170.854,1189.817,1284.239,1200.934,1261.055","267.870,263.174,265.466,267.666,257.827,266.910,312.727,267.336,266.741,289.256,253.882,256.532,313.848,281.473,270.835,253.507,268.278,284.283,298.459,292.360,250.287,288.214,254.121,295.022,294.276,292.392,304.909,265.544,268.495,310.296,274.573,274.674,272.753,289.083,249.292,300.786,286.937,278.762,275.515,266.926,314.505,246.969,274.215,265.389,277.118,261.384,270.694,260.937,275.562,282.066,251.314,270.682,290.789,251.165,299.223,254.476,254.816,256.255,296.101,307.669,265.689,277.081,261.296,255.682,291.829,273.086,289.827,267.197,277.886,267.262,258.536,267.266,284.631,253.066,256.927,262.762,279.867,253.739,265.126,273.891,277.266,278.224,295.696,293.578,311.226,294.993,315.490,286.769,289.978,269.344,292.147,283.080,264.086,293.330,275.269,298.830,270.603,279.323,250.295,290.287"
2026-06-26T17:59:54.173011+00:00,SQISign2D-East,10,6,FFFFFFFFFFFFFFFFFFFFFFFFFFFFFFFFFFFFFFFFFFFFFFFFFFFFFFFFFFFFFFFFFFFFFFFFFFFFFFFFFFFFFFFFFFFFFFFFFFFFFFFFFFFFFFFFFFFFFFFFFFFFFFFF,FFFFFFFFFFFFFFFFFFFFFFFFFFFFFFFFFFFFFFFFFFFFFFFFFFFFFFFFFFFFFFFFFFFFFFFFFFFFFFFFFFFFFFFFFFFFFFFFFFFFFFFFFFFFFFFFFFFFFFFFFFFFFFFF,0,503.212746,"1216.931,1388.806,1391.411,1246.411,1232.350,1162.031,1288.268,1221.283,1181.012,1231.094,1250.549,1234.895,1189.775,1211.491,1263.524,1193.486,1147.361,1348.392,1162.895,1176.101,1272.444,1154.747,1186.283,1189.489,1164.593,1231.019,1225.965,1199.423,1184.720,1345.259,1180.681,1204.767,1220.377,1283.834,1267.447,1253.691,1214.098,1382.159,1403.569,1396.928,1255.984,1127.182,1365.198,1324.556,1203.491,1352.297,1330.191,1322.199,1376.648,1413.251,1179.380,1169.483,1230.502,1181.240,1241.899,1229.365,1325.044,1329.075,1166.523,1454.552,1256.048,1246.063,1171.916,1333.742,1235.908,1219.811,1195.220,1149.970,1276.283,1222.982,1241.987,1171.407,1190.884,1473.452,1257.269,1279.160,1209.997,1273.797,1342.809,1137.246,1316.012,1231.130,1330.639,1216.600,1169.709,1320.906,1264.982,1218.121,1269.364,1213.791,1421.172,1393.260,1239.326,1200.172,1217.779,1294.101,1182.435,1225.290,1294.379,1238.632","263.441,246.021,262.458,240.077,222.508,216.422,251.214,215.124,244.644,230.253,264.279,247.985,224.987,228.638,261.135,235.552,233.903,230.569,216.188,228.045,259.364,216.140,216.393,232.404,209.812,243.750,240.006,240.373,240.561,299.738,269.299,252.900,277.556,237.212,238.380,265.764,240.428,234.357,243.675,287.437,262.512,205.922,238.862,250.140,246.448,229.689,214.339,255.144,253.136,257.462,269.251,223.357,227.174,244.689,260.617,247.549,242.096,251.491,238.557,306.517,255.878,241.151,233.299,269.741,236.686,236.551,243.866,232.333,265.529,233.177,255.523,230.586,216.125,280.321,259.121,236.957,251.086,280.062,250.548,212.650,236.648,241.468,245.229,227.450,257.165,256.850,227.415,229.172,243.271,243.546,277.007,249.830,264.912,267.464,247.670,287.224,257.395,227.444,231.557,258.420"
2026-06-26T17:59:54.173011+00:00,SQISign2D-East,10,7,FFFFFFFFFFFFFFFFFFFFFFFFFFFFFFFFFFFFFFFFFFFFFFFFFFFFFFFFFFFFFFFFFFFFFFFFFFFFFFFFFFFFFFFFFFFFFFFFFFFFFFFFFFFFFFFFFFFFFFFFFFFFFFFF,FFFFFFFFFFFFFFFFFFFFFFFFFFFFFFFFFFFFFFFFFFFFFFFFFFFFFFFFFFFFFFFFFFFFFFFFFFFFFFFFFFFFFFFFFFFFFFFFFFFFFFFFFFFFFFFFFFFFFFFFFFFFFFFF,0,490.415193,"1226.464,1202.656,1188.713,1309.549,1249.949,1190.686,1190.927,1270.614,1250.031,1307.248,1233.623,1195.482,1339.111,1187.766,1586.085,1188.626,1160.725,1214.123,1193.216,1227.092,1270.699,1169.006,1204.585,1245.964,1143.604,1297.918,1346.768,1186.263,1321.205,1200.737,1147.575,1255.871,1248.220,1303.502,1236.322,1290.342,1256.743,1200.676,1258.784,1178.474,1189.616,1172.868,1217.022,1250.903,1212.002,1174.494,1191.389,1288.950,1249.126,1269.426,1290.609,1306.834,1251.719,1154.679,1273.188,1321.278,1175.707,1220.300,1169.589,1422.222,1175.283,1221.870,1278.845,1360.820,1224.110,1284.516,1190.512,1273.922,1142.045,1257.681,1219.261,1183.171,1294.034,1312.752,1250.553,1447.989,1254.594,1174.755,1191.111,1226.285,1279.430,1391.953,1227.796,1265.796,1247.253,1159.847,1239.227,1319.438,1212.783,1160.167,1150.224,1194.036,1262.362,1246.249,1232.837,1142.169,1226.817,1262.333,1257.001,1216.547","233.644,259.626,232.205,290.411,251.718,257.281,221.324,228.218,259.686,250.521,241.618,222.914,303.928,216.390,266.130,242.622,258.401,242.225,244.180,257.908,279.767,216.544,233.532,236.840,243.755,290.377,240.505,237.010,244.977,265.797,231.347,252.542,267.316,249.741,259.505,248.288,251.632,223.142,254.149,232.036,250.529,239.292,229.062,234.153,279.098,236.424,252.781,267.241,303.412,217.459,246.075,236.581,241.413,247.273,254.484,304.718,232.144,213.177,238.931,249.246,216.487,268.056,290.750,216.685,259.743,268.516,252.739,241.412,223.780,300.734,259.722,248.438,239.766,255.041,295.774,222.332,268.505,248.411,245.153,240.254,261.594,243.319,266.221,258.824,226.224,220.992,229.776,243.852,277.384,231.476,217.754,243.446,269.394,274.778,260.320,217.144,247.684,213.563,230.931,265.331"
2026-06-26T17:59:54.173011+00:00,SQISign2D-East,10,8,FFFFFFFFFFFFFFFFFFFFFFFFFFFFFFFFFFFFFFFFFFFFFFFFFFFFFFFFFFFFFFFFFFFFFFFFFFFFFFFFFFFFFFFFFFFFFFFFFFFFFFFFFFFFFFFFFFFFFFFFFFFFFFFF,FFFFFFFFFFFFFFFFFFFFFFFFFFFFFFFFFFFFFFFFFFFFFFFFFFFFFFFFFFFFFFFFFFFFFFFFFFFFFFFFFFFFFFFFFFFFFFFFFFFFFFFFFFFFFFFFFFFFFFFFFFFFFFFF,0,403.923909,"1208.874,1199.855,1271.988,1534.538,1173.352,1205.060,1267.501,1298.377,1244.687,1227.597,1234.419,1204.510,1181.452,1134.122,1180.698,1327.411,1259.906,1409.218,1206.206,1177.566,1188.788,1300.204,1215.689,1136.990,1354.836,1259.262,1205.194,1231.351,1219.110,1204.777,1177.936,1341.165,1224.730,1196.829,1237.372,1302.866,1441.134,1221.196,1272.064,1286.518,1212.914,1228.737,1283.479,1413.665,1287.997,1137.448,1149.501,1326.424,1234.054,1188.945,1159.714,1143.900,1239.273,1389.038,1334.112,1244.854,1288.898,1173.202,1273.538,1222.689,1260.496,1259.731,1192.927,1221.285,1307.921,1218.036,1298.176,1187.892,1265.306,1246.397,1375.804,1273.995,1254.821,1254.522,1185.720,1148.333,1227.354,1223.510,1248.394,1197.531,1276.041,1228.636,1250.447,1136.644,1239.620,1320.745,1243.441,1237.946,1375.869,1268.620,1315.809,1299.409,1192.384,1204.992,1329.691,1252.376,1256.259,1315.241,1309.851,1189.330","231.132,245.912,250.284,293.755,246.228,253.872,261.411,263.108,267.750,233.351,250.494,233.245,235.694,229.146,235.388,237.926,235.262,252.057,225.702,237.662,231.833,263.927,237.597,217.073,239.867,237.350,235.572,252.998,247.262,236.892,244.693,272.033,276.311,275.057,252.999,268.207,272.349,214.452,233.787,241.644,243.103,276.507,232.873,247.396,279.576,227.737,231.760,222.399,219.625,247.508,252.845,236.072,221.935,302.221,228.334,279.465,238.519,216.690,246.867,218.512,239.978,271.044,224.531,311.813,254.779,261.446,250.861,242.705,277.209,298.365,287.784,278.867,299.985,264.377,230.344,244.359,227.465,261.317,251.542,228.874,264.670,255.734,272.979,227.321,240.081,266.213,314.149,261.455,276.888,252.603,282.193,284.856,214.998,236.696,265.333,261.495,251.730,276.814,273.129,228.826"
2026-06-26T17:59:54.173011+00:00,SQISign2D-East,10,9,FFFFFFFFFFFFFFFFFFFFFFFFFFFFFFFFFFFFFFFFFFFFFFFFFFFFFFFFFFFFFFFFFFFFFFFFFFFFFFFFFFFFFFFFFFFFFFFFFFFFFFFFFFFFFFFFFFFFFFFFFFFFFFFF,FFFFFFFFFFFFFFFFFFFFFFFFFFFFFFFFFFFFFFFFFFFFFFFFFFFFFFFFFFFFFFFFFFFFFFFFFFFFFFFFFFFFFFFFFFFFFFFFFFFFFFFFFFFFFFFFFFFFFFFFFFFFFFFF,0,459.786421,"1183.067,1178.646,1322.168,1259.936,1439.102,1280.716,1265.521,1198.984,1167.186,1254.717,1423.290,1255.921,1204.830,1210.291,1267.106,1388.316,1242.627,1227.351,1170.340,1203.889,1257.218,1765.636,1228.684,1317.402,1261.819,1225.009,1265.644,1380.514,1294.124,1329.233,1213.402,1337.853,1262.730,1160.833,1204.382,1230.990,1221.965,1279.308,1188.035,1203.841,1248.496,1391.184,1296.209,1186.093,1197.649,1328.971,1204.789,1234.881,1311.412,1225.003,1182.635,1257.927,1479.721,1200.295,1364.924,1327.465,1245.154,1171.117,1196.730,1264.108,1178.877,1267.710,1503.946,1539.437,1278.121,1263.027,1264.596,1163.900,1185.031,1302.252,1365.649,1263.119,1230.571,1232.200,1236.449,1252.605,1268.068,1232.419,1339.091,1281.290,1198.531,1270.367,1245.435,1358.654,1149.043,1343.903,1240.295,1256.098,1248.547,1161.172,1200.308,1543.756,1284.114,1263.811,1469.820,1195.480,1223.168,1244.208,1228.746,1317.276","231.358,265.942,253.564,227.046,272.789,214.221,269.429,251.594,223.204,220.387,236.163,251.696,242.447,246.354,239.684,225.735,204.028,256.856,229.986,246.868,212.181,219.682,227.721,260.672,234.644,235.026,279.745,247.676,240.416,258.536,252.481,215.126,242.504,220.223,241.412,255.283,219.832,230.781,258.093,250.777,246.317,260.716,254.479,238.498,235.913,295.584,230.248,221.985,254.010,256.276,217.628,289.700,228.159,239.894,216.074,250.962,253.097,242.045,277.394,253.876,254.505,260.712,244.816,252.474,236.019,254.128,226.589,221.447,250.878,238.611,234.065,221.975,222.960,261.582,249.534,298.243,218.837,267.903,235.298,257.642,212.225,267.192,253.148,254.684,220.193,224.720,235.750,230.415,241.083,207.250,250.837,211.056,212.906,229.882,262.395,241.378,217.054,224.328,214.926,240.951"
