timestamp,variant,batch_id,key_index,public_key_hex,secret_key_hex,thermal_state,keygen_cycles,sign_cycles_array,verify_cycles_array
2026-06-26T14:16:24.624157+00:00,SQISign NIST Round 2 Submission,1,0,B67E8F1CC198E74E3789A850096BEB1C246198CF77B30B257FFAB4E64BE10402C26F43AAD4F58C17ACC8603F56DC6658A40622A0D98F1DAFC3C29D6F7DE4AC0419,B67E8F1CC198E74E3789A850096BEB1C246198CF77B30B257FFAB4E64BE10402C26F43AAD4F58C17ACC8603F56DC6658A40622A0D98F1DAFC3C29D6F7DE4AC0419E9EB3D58AEAB2A7B3F0E84483FE71F5491010000000000000000000000000000680F2130ED6C90ED45E5DC073EE3D50682FFFFFFFFFFFFFFFFFFFFFFFFFFFFFFD3DE709408D03E541778E1858F3E02A130FDFFFFFFFFFFFFFFFFFFFFFFFFFFFFFFFFFFFFFFFFFFFFFFFFFFFFFFFFFFFFFFFFFFFFFFFFFFFFFFFFFFFFFFFFFFFF0000000000000000000000000000000000000000000000000000000000000000490174457A29452D0540F6574214C1874E7B542570CDC5F66EA68165D6A29200AC0A1A0D71C391DCEB4B58AB33A6A6678876F4AB05AC38FFEA79E2C994472E00781FB51AEA0B6F3FF1F81A3C73A44153ECD351C54E49F1369D8062B7D8A3CE002F633846841B5D115F80D1BE7CF49E3E75EA664047D4197D9DA6859364A28600,0,49.568473,"122.391,119.406,120.474,120.684,112.027,121.604,126.937,119.320,127.429,110.917,129.820,126.905,120.206,128.005,111.803,121.443,118.257,118.908,112.364,110.119,119.366,110.165,118.913,113.174,115.677,114.433,123.076,122.054,118.110,114.991,118.535,113.847,121.578,117.281,123.925,128.259,119.721,124.026,118.572,115.828,125.018,117.801,118.585,125.959,115.802,125.833,127.636,133.920,117.329,124.677,117.173,114.325,116.022,130.708,121.194,118.660,122.782,121.838,121.321,112.727,117.566,121.133,116.271,126.137,119.270,118.622,126.688,119.681,130.373,123.118,129.457,120.151,120.898,137.563,112.558,116.533,126.021,125.110,118.810,120.014,132.405,124.085,119.494,125.489,122.746,136.354,117.185,123.190,117.585,119.094,127.842,148.204,120.655,115.291,138.175,126.445,120.482,134.135,127.759,122.348","8.478,8.477,8.466,8.423,8.544,8.460,8.464,8.346,8.474,8.368,8.548,8.477,8.484,8.474,8.370,8.446,8.482,8.549,8.318,8.514,8.424,8.469,8.509,8.474,8.536,8.538,8.405,8.487,8.476,8.552,8.478,8.370,8.485,8.410,8.324,8.423,8.405,8.512,8.413,8.497,8.537,8.548,8.471,8.484,8.436,8.484,8.474,8.486,8.507,8.372,8.477,8.489,8.470,8.556,8.476,8.475,8.465,8.497,8.489,8.524,8.504,8.475,8.432,8.442,8.467,8.514,8.562,8.526,8.466,8.458,8.488,8.555,8.474,8.473,8.487,8.432,8.485,8.464,8.484,8.510,8.313,8.549,8.551,8.486,8.479,8.485,8.468,8.423,8.474,8.514,8.545,8.310,8.546,8.273,8.511,8.545,8.476,8.431,8.555,8.465"
2026-06-26T14:16:24.624157+00:00,SQISign NIST Round 2 Submission,1,1,B4D62F2D70F99E917398D648DF22C72112C9C71C4387310CA6EF61EA6CA31F022A335601F1229775275F5581F1A6AC82406F28DFB18904CCAFB02A8981E2480302,B4D62F2D70F99E917398D648DF22C72112C9C71C4387310CA6EF61EA6CA31F022A335601F1229775275F5581F1A6AC82406F28DFB18904CCAFB02A8981E24803025313AD7A35A4B7BB4AC6EF75CAAA2A31A0010000000000000000000000000000CE827CFF36677738B130000C035952569EFDFFFFFFFFFFFFFFFFFFFFFFFFFFFF2FDDE6782A4B6EA11D09C4CE74C1FB70CCFDFFFFFFFFFFFFFFFFFFFFFFFFFFFFFFFFFFFFFFFFFFFFFFFFFFFFFFFFFFFFFFFFFFFFFFFFFFFFFFFFFFFFFFFFFFFF00000000000000000000000000000000000000000000000000000000000000004387AF9972A3FECE11F0B3BA7CFC91D7767F51109ACE59D451C176CCA23A0400D208CF552B76A50008F0EFB28EF098BB0E2F465780FF84D3F499BFF428F9F200B25EA76EC61BE80847B52375D871EBE44ED8300021B938C5FAC2DC3E7BC38B00517989EB28060562593ED7C523B74C648843616B01EFE2B25E673DFD91222D00,0,50.887673,"127.001,114.177,131.130,113.273,139.849,124.982,122.928,117.759,121.425,112.816,120.269,122.746,114.227,116.845,132.165,116.114,116.468,113.851,113.111,122.458,125.965,118.090,119.855,120.900,131.486,114.476,123.466,114.068,137.510,116.186,124.571,125.944,128.645,111.848,122.282,117.706,121.217,118.317,125.122,111.389,114.772,120.622,115.035,116.386,120.531,118.857,119.748,118.395,119.601,120.650,118.223,134.668,116.698,116.335,112.582,110.821,114.995,115.452,134.676,123.023,119.689,123.801,126.406,119.670,114.270,115.738,139.181,123.371,111.554,125.013,125.437,116.729,124.865,115.564,128.036,120.883,124.127,117.330,115.094,114.956,113.582,123.900,113.690,110.399,124.959,123.548,122.276,126.982,113.911,113.904,134.525,120.218,116.479,111.660,116.750,113.963,110.861,129.750,116.505,136.813","8.476,8.467,8.549,8.459,8.479,8.468,8.455,8.540,8.472,8.474,8.472,8.469,8.458,8.526,8.468,8.466,8.504,8.465,8.527,8.362,8.466,8.474,8.547,8.467,8.453,8.371,8.540,8.536,8.540,8.503,8.478,8.476,8.462,8.388,8.459,8.497,8.466,8.287,8.547,8.468,8.318,8.469,8.466,8.444,8.465,8.413,8.438,8.471,8.478,8.505,8.540,8.532,8.533,8.468,8.287,8.513,8.466,8.464,8.538,8.455,8.423,8.457,8.413,8.415,8.422,8.421,8.454,8.455,8.407,8.455,8.539,8.547,8.414,8.462,8.496,8.425,8.466,8.349,8.426,8.364,8.462,8.467,8.471,8.495,8.386,8.436,8.478,8.476,8.548,8.464,8.468,8.508,8.503,8.467,8.530,8.467,8.541,8.549,8.454,8.474"
2026-06-26T14:16:24.624157+00:00,SQISign NIST Round 2 Submission,1,2,5D5E8BCFB95CE4BF79B60454F066463968C850ED22E8ADB72E4084797106B401EC864DB212C1769C853BAEFC5EE949B9489C61FF8E812E697053868E94E1E90102,5D5E8BCFB95CE4BF79B60454F066463968C850ED22E8ADB72E4084797106B401EC864DB212C1769C853BAEFC5EE949B9489C61FF8E812E697053868E94E1E90102BBBC055F7D33DED5470B978B4F55FB48240300000000000000000000000000004E767ED3CE9954048142A19D8058A2F804FFFFFFFFFFFFFFFFFFFFFFFFFFFFFF3DCF86394B7565BBC221C68611045E49E0FFFFFFFFFFFFFFFFFFFFFFFFFFFFFFFFFFFFFFFFFFFFFFFFFFFFFFFFFFFFFFFFFFFFFFFFFFFFFFFFFFFFFFFFFFFFFF00000000000000000000000000000000000000000000000000000000000000003595619AFB42B7D162EA78308041DC43B82D2E5CCC9C843C74C609EAD1EC690053025ACE9FCF40AF3B88C176A7F0EF48248A4574BD475E4EAEEED3F72F79F200831EAB122586FDA0D79153CE4148E6EB6BCEE7BA80E64C3BDA4B8A3A941DB80022594E57AD05C80690D34B9E2FEEB47E8D26555B6059900DB45773677F397500,0,52.337199,"116.659,121.467,145.460,115.065,115.848,115.087,122.674,111.626,116.532,110.690,118.657,124.855,116.890,121.369,116.850,138.045,124.857,120.354,122.317,115.914,111.605,128.139,115.224,128.527,107.826,125.792,117.801,134.473,131.946,137.489,116.730,112.863,132.245,118.843,114.228,120.672,116.564,126.975,116.467,136.487,121.737,123.072,129.379,111.374,124.359,117.495,136.208,111.088,127.546,112.672,112.109,125.223,135.721,113.298,130.240,115.196,135.526,115.204,112.947,125.974,115.774,118.963,115.162,117.411,120.087,119.508,114.913,119.670,123.129,113.445,118.197,117.927,112.101,123.782,121.444,113.964,120.917,134.252,111.121,112.212,110.500,117.184,119.186,118.591,122.115,109.530,121.697,123.482,119.685,121.294,114.599,132.193,122.319,110.550,116.783,134.618,119.835,118.841,114.308,121.093","8.468,8.463,8.535,8.488,8.538,8.545,8.466,8.397,8.478,8.454,8.463,8.537,8.475,8.456,8.467,8.457,8.476,8.414,8.459,8.458,8.400,8.404,8.455,8.424,8.456,8.537,8.495,8.320,8.466,8.466,8.467,8.475,8.464,8.465,8.464,8.450,8.493,8.349,8.538,8.503,8.548,8.482,8.468,8.536,8.540,8.474,8.464,8.464,8.423,8.526,8.456,8.464,8.465,8.465,8.465,8.437,8.367,8.404,8.464,8.473,8.436,8.505,8.457,8.537,8.537,8.464,8.512,8.537,8.538,8.494,8.463,8.505,8.479,8.419,8.550,8.478,8.459,8.458,8.418,8.468,8.493,8.503,8.457,8.547,8.531,8.457,8.431,8.477,8.467,8.455,8.530,8.539,8.466,8.420,8.369,8.547,8.465,8.513,8.279,8.457"
2026-06-26T14:16:24.624157+00:00,SQISign NIST Round 2 Submission,1,3,A226817D81A7FEE4124C78FEEA657E64CA1BCD11E943972DCB3095293A339E01DD9D9CAFE7CFBB69ADC7CCCA3CA5C045EEE0313FEC713CA932730678AA95FB0119,A226817D81A7FEE4124C78FEEA657E64CA1BCD11E943972DCB3095293A339E01DD9D9CAFE7CFBB69ADC7CCCA3CA5C045EEE0313FEC713CA932730678AA95FB0119FDB7B2B9ABDCD45E9C78E01AF7CBA556F401000000000000000000000000000022593A9AA6B6A140A04010CB4E07B17EE3FDFFFFFFFFFFFFFFFFFFFFFFFFFFFF11E871F0416AE2E6ED7A99A1C5C4FE0599FCFFFFFFFFFFFFFFFFFFFFFFFFFFFFFFFFFFFFFFFFFFFFFFFFFFFFFFFFFFFFFFFFFFFFFFFFFFFFFFFFFFFFFFFFFFFF0000000000000000000000000000000000000000000000000000000000000000385C1A2D0FE20438714EDF18A1A3FD196A90FE2E8A00F155F55BE44F57402D0015F53A1AD48A2AC96AA3D99DE6951145BC146506A6D92378716E78390B5D560083F934BDCA1A3F237B61BBB2441A0A103761F13A93690814354DF1F4B9E87C00674A5D2483032E5BF904B366075AD295F27621D53BAEF83C8CABE11842601B00,0,59.386997,"122.321,118.427,121.563,119.438,119.739,116.409,111.639,111.213,124.852,122.844,119.944,116.476,121.812,112.109,122.335,114.907,115.169,115.215,128.544,110.670,117.200,111.835,114.414,117.827,119.173,130.921,114.891,123.574,111.587,134.976,115.667,129.556,128.886,123.600,112.401,119.694,124.227,114.696,115.347,118.765,120.034,126.617,120.003,117.688,114.489,122.745,122.352,133.056,118.006,120.743,114.733,122.171,114.139,117.272,121.889,117.832,112.911,123.519,138.035,114.881,128.356,114.481,115.386,117.290,114.309,114.877,110.940,134.820,118.975,120.872,115.465,115.459,118.640,113.021,115.060,127.025,126.536,128.020,109.177,112.819,122.731,120.296,111.970,140.718,125.013,117.826,115.066,111.999,124.006,111.697,110.831,123.387,117.061,128.541,112.576,122.405,116.508,191.287,121.463,112.461","8.478,8.539,8.423,8.425,8.505,8.472,8.484,8.522,8.468,8.556,8.442,8.476,8.465,8.487,8.478,8.394,8.536,8.420,8.426,8.471,8.539,8.433,8.465,8.467,8.413,8.414,8.486,8.445,8.468,8.483,8.465,8.523,8.475,8.465,8.484,8.543,8.482,8.536,8.414,8.504,8.466,8.302,8.472,8.537,8.463,8.465,8.554,8.463,8.371,8.484,8.315,8.306,8.476,8.420,8.435,8.552,8.535,8.475,8.547,8.474,8.512,8.553,8.291,8.501,8.502,8.467,8.493,8.556,8.482,8.466,8.547,8.545,8.521,8.473,8.545,8.545,8.514,8.509,8.476,8.463,8.410,8.476,8.429,8.483,8.511,8.474,8.513,8.433,8.484,8.545,8.475,8.500,8.545,8.456,8.444,8.484,8.422,8.482,8.478,8.474"
2026-06-26T14:16:24.624157+00:00,SQISign NIST Round 2 Submission,1,4,24AF041BCBDEB2457CC8DD3F13A71124D3F63A68086164D3955A146996AFAE002F687A1B3543E6EBEA250E574A6FD5F26A46A45ABBCBE564D6D0F30595C8D00202,24AF041BCBDEB2457CC8DD3F13A71124D3F63A68086164D3955A146996AFAE002F687A1B3543E6EBEA250E574A6FD5F26A46A45ABBCBE564D6D0F30595C8D002022D6F07314E664F0EB9D0B642CC07B7FE16020000000000000000000000000000DE2C11C52670AFDFF3BC4805B3F4D4F3F4FFFFFFFFFFFFFFFFFFFFFFFFFFFFFFD7F5A3BA93869A1723569E30B03DC904DFFBFFFFFFFFFFFFFFFFFFFFFFFFFFFFFFFFFFFFFFFFFFFFFFFFFFFFFFFFFFFFFFFFFFFFFFFFFFFFFFFFFFFFFFFFFFFF000000000000000000000000000000000000000000000000000000000000000029A961178EF81A134951A9E504E3C79ECA671464F7AEA50A8F7304A65728AC001CA6F57420AD4264D4C096D1F29F29D4E14207887E7C8371408B5D87CF28D7003B0E6B4EB69348E4E2BAE176988BB7CA933BD4999CFC9EC57B8B17FC5FA8150023B4946C53A187607759D578F41B3646FA7962A8CAE336EE7F08A002C221EA00,0,48.69579,"129.300,114.379,119.963,116.544,129.544,123.361,118.352,119.210,120.393,116.941,124.684,117.055,122.004,124.601,114.608,125.967,124.635,123.646,110.603,123.810,123.600,113.991,112.964,119.931,118.393,122.798,121.127,143.598,110.823,114.015,130.825,108.555,117.978,121.710,122.922,129.834,145.662,136.434,123.862,123.083,115.274,115.484,118.810,115.793,127.870,118.792,115.755,121.260,129.860,126.922,123.163,115.057,112.675,118.896,123.447,130.390,113.670,116.406,117.674,114.579,118.863,118.934,113.800,115.860,122.387,113.100,118.373,122.474,123.846,117.745,119.023,120.359,117.513,114.161,121.454,114.786,121.704,115.126,110.528,127.705,114.309,128.818,120.549,140.355,120.466,118.460,121.083,122.613,113.502,127.706,120.501,132.719,131.485,113.144,117.007,132.894,114.516,119.981,123.494,114.235","8.564,8.477,8.466,8.472,8.464,8.414,8.464,8.474,8.457,8.529,8.475,8.503,8.416,8.455,8.417,8.485,8.310,8.455,8.539,8.453,8.412,8.421,8.463,8.493,8.502,8.545,8.419,8.457,8.538,8.458,8.474,8.506,8.475,8.457,8.443,8.486,8.462,8.414,8.412,8.467,8.466,8.463,8.467,8.535,8.463,8.475,8.418,8.462,8.542,8.547,8.464,8.547,8.505,8.515,8.454,8.464,8.464,8.425,8.350,8.494,8.503,8.498,8.350,8.466,8.535,8.469,8.478,8.505,8.464,8.496,8.467,8.469,8.463,8.530,8.529,8.547,8.440,8.403,8.456,8.473,8.315,8.440,8.458,8.464,8.464,8.468,8.471,8.468,8.438,8.539,8.463,8.545,8.535,8.360,8.448,8.464,8.505,8.538,8.467,8.503"
2026-06-26T14:16:24.624157+00:00,SQISign NIST Round 2 Submission,1,5,4DA30B80603217786D792E94A115665541F3974D19C391C3184F08E4C634AD00A574D0BF5FB6EAB7778DE4C0D2B5FD268865CE956BDD9B7BF57C1CE65DA5B50419,4DA30B80603217786D792E94A115665541F3974D19C391C3184F08E4C634AD00A574D0BF5FB6EAB7778DE4C0D2B5FD268865CE956BDD9B7BF57C1CE65DA5B50419291E4E4C312C11939402D4545E82459C2602000000000000000000000000000078A006DD552BFAE1C07BD14A526D1A35B8FFFFFFFFFFFFFFFFFFFFFFFFFFFFFF25810B5FCCFA30503049979A678685BEB6FBFFFFFFFFFFFFFFFFFFFFFFFFFFFFFFFFFFFFFFFFFFFFFFFFFFFFFFFFFFFFFFFFFFFFFFFFFFFFFFFFFFFFFFFFFFFF00000000000000000000000000000000000000000000000000000000000000004EAE810F6F2AF5A842BD2D557A966ED57C9D28F6647C03B01D7479836A07AC007F2FB31510BC84950FC81779F3FB0BA55D4F02C93BCF28C675A4BC0A21AA3C00358C78D5CB262B0ECAC9C4D6A54E1F4A6FCEE203EE7DE8CFEC2E044C3258A30032C2F0BA14E70AFE397E9803D527752F404DB30203DF7CAA3C35EE4FC0E7D100,0,49.768757,"126.881,115.117,110.816,116.502,124.960,138.540,113.422,122.109,131.507,111.214,116.345,112.416,115.727,126.025,114.910,122.094,111.603,114.902,115.708,126.131,120.963,138.830,122.756,117.015,130.360,117.514,126.349,120.282,130.775,121.212,123.215,153.835,117.761,121.456,112.043,117.517,126.997,122.028,123.700,118.314,118.156,117.141,113.746,119.728,137.293,126.756,112.436,110.380,119.646,125.806,129.355,125.500,116.352,112.372,118.868,118.350,121.399,118.456,124.373,121.231,124.638,110.383,120.545,113.987,121.513,121.630,113.771,122.016,132.468,143.374,118.123,136.599,129.547,117.782,112.891,117.768,131.887,138.993,125.293,128.393,112.746,137.119,121.588,121.442,118.097,115.314,121.956,122.233,121.029,120.755,135.767,112.882,128.745,117.292,110.281,113.869,120.236,135.214,124.581,113.765","8.560,8.547,8.473,8.430,8.458,8.465,8.542,8.502,8.467,8.476,8.412,8.411,8.465,8.393,8.462,8.522,8.482,8.423,8.546,8.416,8.445,8.432,8.536,8.484,8.421,8.557,8.427,8.463,8.485,8.474,8.477,8.478,8.465,8.502,8.485,8.484,8.477,8.511,8.485,8.486,8.521,8.523,8.471,8.474,8.466,8.512,8.435,8.545,8.471,8.485,8.483,8.477,8.471,8.500,8.413,8.477,8.438,8.557,8.394,8.548,8.421,8.478,8.504,8.511,8.335,8.456,8.423,8.537,8.495,8.420,8.475,8.371,8.544,8.493,8.412,8.519,8.484,8.476,8.387,8.543,8.466,8.421,8.476,8.478,8.508,8.465,8.458,8.514,8.505,8.495,8.448,8.476,8.509,8.363,8.441,8.543,8.486,8.513,8.475,8.543"
2026-06-26T14:16:24.624157+00:00,SQISign NIST Round 2 Submission,1,6,25FB17C7EE25ADD2B003F755DC8795FC9645CD143CFF4CB8AC54ED2A2B3910019CE00D55FAA59A9E78F0034D4E78EE7AED6091C5AA25375A9C199256A189750202,25FB17C7EE25ADD2B003F755DC8795FC9645CD143CFF4CB8AC54ED2A2B3910019CE00D55FAA59A9E78F0034D4E78EE7AED6091C5AA25375A9C199256A1897502023357BAB68D92A092AB73867D9F2F13F1AC02000000000000000000000000000040F19E338DADC31352F8B0144B8747C922FEFFFFFFFFFFFFFFFFFFFFFFFFFFFF1D28FFFCD690BC8D0CC56D5931752252B0FDFFFFFFFFFFFFFFFFFFFFFFFFFFFFFFFFFFFFFFFFFFFFFFFFFFFFFFFFFFFFFFFFFFFFFFFFFFFFFFFFFFFFFFFFFFFF0000000000000000000000000000000000000000000000000000000000000000C3BD0C221A32818A89E4BF843EE21EDA0F48EF7E93377FA52F5189A302D47E001A2A7263373F781A97D677B627EDBF27D0CC443854AA7DE6F0765EED6F976300206170BBD9E78BF5D3F6D500CE860F218863F4B3B64B1C338BA4EA36F1A78B008171D62628C60A55E4A4327A9127F5886B094F32ED0FBFC5FFEEDF9436F69700,0,51.445866,"127.272,116.037,121.145,121.063,121.448,118.938,125.639,123.494,130.591,120.299,121.632,123.977,121.947,127.211,115.389,130.384,122.516,114.801,122.600,117.461,111.320,114.327,121.314,122.169,116.360,119.341,115.953,112.863,120.016,121.105,117.366,115.247,116.274,114.423,110.405,112.308,114.285,122.432,112.837,124.235,113.439,119.186,110.515,117.400,114.606,116.924,117.055,129.501,122.399,140.203,118.143,114.140,127.501,131.634,120.423,117.292,120.225,112.591,119.406,124.841,121.798,114.513,114.734,124.803,121.023,120.152,123.442,117.721,118.749,131.203,126.356,123.584,119.694,139.040,118.059,124.492,119.539,115.993,129.303,130.919,123.365,128.305,111.301,113.241,121.651,117.871,125.658,116.918,118.441,114.406,127.820,113.323,122.242,118.185,127.177,123.662,116.216,126.265,114.196,120.110","8.505,8.471,8.447,8.414,8.466,8.468,8.457,8.540,8.535,8.422,8.540,8.465,8.413,8.476,8.546,8.464,8.495,8.486,8.536,8.466,8.411,8.467,8.456,8.456,8.374,8.466,8.423,8.458,8.468,8.547,8.416,8.549,8.430,8.466,8.459,8.466,8.466,8.496,8.551,8.393,8.367,8.538,8.514,8.464,8.543,8.449,8.529,8.384,8.410,8.309,8.534,8.466,8.351,8.491,8.540,8.477,8.538,8.381,8.320,8.360,8.545,8.495,8.373,8.466,8.466,8.465,8.467,8.490,8.535,8.458,8.494,8.464,8.513,8.466,8.549,8.534,8.463,8.538,8.502,8.411,8.538,8.456,8.475,8.536,8.466,8.459,8.309,8.457,8.458,8.466,8.534,8.403,8.494,8.351,8.529,8.405,8.436,8.548,8.456,8.543"
2026-06-26T14:16:24.624157+00:00,SQISign NIST Round 2 Submission,1,7,CF4A85FAC4B18340CE57CDE9BF31DEC9C9320B0BC37E358D360A8416089EC90127433845984D661CD3FC0E37759EC8ABCFE40685E51572F0E795F271E8D0750011,CF4A85FAC4B18340CE57CDE9BF31DEC9C9320B0BC37E358D360A8416089EC90127433845984D661CD3FC0E37759EC8ABCFE40685E51572F0E795F271E8D0750011C3BAA5FED67022D76222D921A6555A49220200000000000000000000000000007E1648B1A142EF8B9EFC5E1347E20459E2FEFFFFFFFFFFFFFFFFFFFFFFFFFFFF01F0A7EB6149E01E26439A4DDE9220221EFEFFFFFFFFFFFFFFFFFFFFFFFFFFFFFFFFFFFFFFFFFFFFFFFFFFFFFFFFFFFFFFFFFFFFFFFFFFFFFFFFFFFFFFFFFFFF000000000000000000000000000000000000000000000000000000000000000085371BE3E41C37CC978B720053D46EF3042C121B1F64AAB6C541E1E493925C00CDA7D3F31E5CA482B1C4F9CF044F736E4756ED4804D3EC04692AA43F2EF68800CF6871869DE9648DA35CB540D76BB94B6568423C82E01744570D38A73FE496001A1E09995EA6BD809131E4A7EE0A5D0C27B9E5C2561984C428EBF2DD11DD2000,0,58.149658,"112.776,119.363,112.622,117.975,141.255,119.101,112.521,116.091,115.031,113.783,117.587,113.373,116.492,131.049,120.993,117.538,118.977,120.777,122.015,114.499,111.755,113.800,116.971,117.295,114.291,115.324,126.288,123.180,119.305,110.736,113.103,117.402,123.759,130.873,129.192,124.643,115.654,116.194,118.195,137.186,113.273,122.299,129.561,110.539,112.937,117.229,131.925,115.401,130.915,122.684,116.812,123.344,112.329,121.049,128.194,124.439,117.778,109.950,124.567,139.464,122.510,138.550,125.634,138.991,111.402,139.322,133.331,113.538,116.427,122.361,121.169,120.982,128.826,113.762,123.797,120.103,118.699,117.532,114.836,124.146,114.437,123.621,121.777,112.801,116.656,113.510,118.446,124.630,114.411,112.019,128.889,124.765,120.617,118.448,120.536,119.285,118.620,115.322,125.988,128.076","8.477,8.515,8.475,8.559,8.555,8.548,8.483,8.526,8.487,8.419,8.413,8.485,8.545,8.431,8.474,8.475,8.413,8.475,8.411,8.537,8.477,8.510,8.468,8.561,8.504,8.436,8.537,8.473,8.399,8.532,8.445,8.486,8.473,8.549,8.505,8.432,8.421,8.547,8.486,8.535,8.548,8.473,8.546,8.484,8.540,8.421,8.413,8.510,8.523,8.429,8.478,8.553,8.326,8.446,8.473,8.458,8.424,8.474,8.499,8.474,8.470,8.470,8.429,8.537,8.420,8.368,8.336,8.554,8.542,8.475,8.495,8.467,8.544,8.546,8.473,8.485,8.309,8.484,8.424,8.428,8.545,8.438,8.501,8.388,8.464,8.442,8.543,8.485,8.389,8.475,8.484,8.537,8.410,8.465,8.411,8.521,8.552,8.393,8.508,8.484"
2026-06-26T14:16:24.624157+00:00,SQISign NIST Round 2 Submission,1,8,468C511F4FDB1F13E5EFFBB6E9CC5B9D1DDB652220F42EA24FF7D7E30FEB5100024A864345B6B8DC7F4FB0C618CF5B05E4D69229D4E0038D8060FD0E30B399020B,468C511F4FDB1F13E5EFFBB6E9CC5B9D1DDB652220F42EA24FF7D7E30FEB5100024A864345B6B8DC7F4FB0C618CF5B05E4D69229D4E0038D8060FD0E30B399020BB39738117EC118C8B68B1E40AD3FEACADC010000000000000000000000000000B2C833D821CAAC87AC17271D4DA089CEF7FDFFFFFFFFFFFFFFFFFFFFFFFFFFFF9DFBCD423971D699F5C771430EF016FD41FEFFFFFFFFFFFFFFFFFFFFFFFFFFFFFFFFFFFFFFFFFFFFFFFFFFFFFFFFFFFFFFFFFFFFFFFFFFFFFFFFFFFFFFFFFFFF0000000000000000000000000000000000000000000000000000000000000000F592946947D0BE9A955FC49AE74AED9D8DB21C21B93EEBFF027592BD9A052400CDA15E04D8F47BEF42C07D20B3867F9123128292F96BC8B8F909ED93C64A7800C91D6CCC5D34B0A9DDC536DB8711B82E9B59FABB09A3C8A98306D49B3B773E0000B470834DEC5D05A2D67B64768D73E1E4EFBC47055625903294D5BBBE0C6C00,0,50.747187,"113.477,131.791,125.926,117.369,120.232,111.347,111.650,122.234,122.980,118.257,117.885,112.948,115.873,125.432,111.397,116.982,113.067,114.766,116.447,119.031,113.578,126.880,120.206,114.018,123.602,117.028,111.490,128.548,127.819,124.008,109.812,119.148,120.925,116.098,116.657,118.754,123.061,113.576,120.615,133.325,116.089,126.676,125.752,117.554,121.109,134.712,113.087,120.398,115.642,119.673,135.463,140.073,118.948,124.722,111.875,119.977,113.315,124.099,115.263,117.621,117.979,127.255,118.277,127.468,123.991,113.848,112.261,108.595,121.790,119.336,111.797,125.998,124.251,115.972,124.073,121.644,122.365,125.487,113.210,115.022,119.940,127.475,116.340,128.654,122.102,118.083,124.644,120.283,131.756,131.964,120.740,136.355,113.723,110.800,125.790,128.043,115.939,115.041,124.405,119.289","8.557,8.464,8.520,8.548,8.439,8.557,8.465,8.537,8.470,8.498,8.494,8.543,8.438,8.466,8.467,8.429,8.548,8.465,8.413,8.555,8.560,8.466,8.465,8.457,8.513,8.466,8.474,8.455,8.479,8.557,8.538,8.513,8.475,8.495,8.402,8.484,8.477,8.559,8.484,8.484,8.467,8.331,8.487,8.467,8.463,8.465,8.474,8.476,8.469,8.465,8.512,8.467,8.473,8.360,8.363,8.465,8.478,8.371,8.557,8.355,8.464,8.555,8.420,8.489,8.476,8.417,8.475,8.446,8.369,8.441,8.475,8.547,8.554,8.487,8.503,8.545,8.487,8.538,8.478,8.431,8.364,8.473,8.486,8.504,8.465,8.513,8.419,8.476,8.495,8.511,8.469,8.513,8.524,8.547,8.476,8.513,8.368,8.503,8.482,8.447"
2026-06-26T14:16:24.624157+00:00,SQISign NIST Round 2 Submission,1,9,597394D5C0FF31E54335A14833A3CE1A71B59F4F95D2F06CC7303378BD50E801436441F5EA5EBBDFC68A1CF283B3D133158054D35E5EE89E23D697CA5395F10411,597394D5C0FF31E54335A14833A3CE1A71B59F4F95D2F06CC7303378BD50E801436441F5EA5EBBDFC68A1CF283B3D133158054D35E5EE89E23D697CA5395F10411DBC543F8D0EED81852A37D21E994FDBFDA0100000000000000000000000000002A85714E6A003BEB6881B6970CDA974EC0FEFFFFFFFFFFFFFFFFFFFFFFFFFFFFC72BB42E3429E2F25911314317474EE3DEFDFFFFFFFFFFFFFFFFFFFFFFFFFFFFFFFFFFFFFFFFFFFFFFFFFFFFFFFFFFFFFFFFFFFFFFFFFFFFFFFFFFFFFFFFFFFF0000000000000000000000000000000000000000000000000000000000000000EF169B73DDEEE5B01C0839497822BC4DBE61A79C24AE5B4714FFB5D3FB1E3B004221199AD0B287BA7CAFC15D82BFFF21FA6C97FCC132B6D3CC0A71CB6D64A600AD01E4F974E97534DB6614B72872FE4E397E58081ABAE1A3CF6DD070A44A8C005990C6FDF2444DB5DADF6F483510DC792931AFFB4289C85247C4B916B0BE1A00,0,54.362344,"130.649,123.389,115.945,141.146,123.991,116.321,128.276,115.858,118.412,125.314,121.365,135.588,114.918,120.071,117.660,116.422,125.858,123.914,130.872,118.835,120.130,110.766,121.152,129.349,121.144,133.368,126.556,119.078,121.069,125.225,127.384,114.853,133.650,118.544,112.464,153.199,122.600,130.679,122.689,126.701,120.142,124.233,125.225,117.934,115.892,116.118,129.795,113.801,120.379,118.523,115.134,135.515,130.405,108.139,118.973,119.476,127.639,130.167,115.288,145.841,122.227,117.530,115.844,125.822,115.714,119.016,114.297,114.299,124.724,121.701,110.493,119.536,120.254,116.659,115.934,115.127,112.477,121.410,124.499,132.832,118.470,130.694,123.016,116.785,117.021,128.641,114.960,111.236,118.263,120.834,133.622,125.718,114.217,115.976,123.969,116.997,113.456,125.721,110.126,114.764","8.485,8.477,8.466,8.484,8.465,8.358,8.466,8.513,8.486,8.560,8.479,8.466,8.472,8.412,8.467,8.371,8.513,8.499,8.338,8.472,8.432,8.475,8.468,8.478,8.558,8.453,8.451,8.546,8.466,8.555,8.422,8.468,8.475,8.486,8.547,8.485,8.520,8.550,8.477,8.421,8.546,8.496,8.557,8.509,8.484,8.514,8.466,8.390,8.422,8.476,8.521,8.485,8.556,8.465,8.469,8.384,8.547,8.474,8.440,8.547,8.547,8.485,8.443,8.474,8.474,8.262,8.424,8.361,8.464,8.374,8.423,8.431,8.385,8.427,8.493,8.428,8.412,8.483,8.475,8.465,8.474,8.476,8.545,8.474,8.473,8.486,8.397,8.464,8.411,8.434,8.476,8.544,8.414,8.508,8.419,8.473,8.548,8.482,8.482,8.415"
2026-06-26T14:17:17.641948+00:00,SQISign NIST Round 2 Submission,2,0,89C899E7046081253B7E34AA8B92C42BBD96129FA907B36117387440289121046E6DE0E2E163C7479220AF2403A1A64226DAFBAF93DB2FA940B9CC7B47F05B020A,89C899E7046081253B7E34AA8B92C42BBD96129FA907B36117387440289121046E6DE0E2E163C7479220AF2403A1A64226DAFBAF93DB2FA940B9CC7B47F05B020AA9374C41DC4D716E9FBFFA1D8A03E61A84040000000000000000000000000000F652070E43275535EE6DD417F4CC4EA618FEFFFFFFFFFFFFFFFFFFFFFFFFFFFFC3E35B4BB0D46E2F929DBFECAD839C0D4CF9FFFFFFFFFFFFFFFFFFFFFFFFFFFFFFFFFFFFFFFFFFFFFFFFFFFFFFFFFFFFFFFFFFFFFFFFFFFFFFFFFFFFFFFFFFFF000000000000000000000000000000000000000000000000000000000000000089A3B62FE9A28E1C069FCA025E37F47DA047573BB1D801D01E0898C74F2C920052C7311E10EDBCD050C613814978BF1A2CBD3D6E5CD15AF4825F435EE9DDCA007EF2E2877234218F3309C9B745E4FBD1233E5BC223374EA5F4458D90A827A50083DF7AE3CE5A0CD7257087C0DF982E5EA584329D5953A68E6D0575D1306FAF00,0,51.417319,"121.635,114.435,118.096,111.885,120.589,127.713,122.679,120.155,115.137,114.687,125.453,120.978,117.911,125.334,110.491,130.245,124.783,119.200,115.387,122.277,127.172,116.271,118.377,121.412,118.638,115.835,119.137,124.629,129.169,120.260,111.759,118.189,114.616,118.544,132.957,113.560,113.181,118.833,140.579,115.317,117.916,127.680,129.353,119.076,127.235,117.726,113.868,114.242,117.177,116.262,111.052,113.017,118.231,124.732,175.416,117.197,114.186,115.303,114.227,112.620,120.456,117.557,124.730,111.836,126.570,125.761,116.317,110.573,147.592,125.263,130.889,134.888,115.249,117.825,114.262,114.177,120.435,110.007,113.983,113.179,116.510,120.247,116.966,111.615,119.068,116.495,116.612,115.449,121.669,125.137,118.254,115.778,121.166,121.659,114.401,125.259,113.681,117.779,123.974,115.792","8.423,8.468,8.496,8.477,8.501,8.540,8.420,8.468,8.459,8.466,8.465,8.535,8.529,8.492,8.502,8.536,8.479,8.489,8.349,8.545,8.465,8.454,8.485,8.454,8.468,8.425,8.455,8.453,8.495,8.409,8.464,8.459,8.529,8.478,8.436,8.468,8.473,8.530,8.456,8.413,8.314,8.467,8.466,8.505,8.501,8.539,8.455,8.467,8.477,8.477,8.468,8.461,8.481,8.496,8.376,8.468,8.379,8.469,8.465,8.466,8.465,8.527,8.455,8.528,8.457,8.529,8.357,8.538,8.402,8.476,8.476,8.538,8.478,8.256,8.402,8.493,8.477,8.403,8.455,8.475,8.464,8.387,8.458,8.402,8.359,8.455,8.477,8.536,8.547,8.412,8.504,8.466,8.472,8.466,8.464,8.529,8.467,8.418,8.536,8.474"
2026-06-26T14:17:17.641948+00:00,SQISign NIST Round 2 Submission,2,1,67E3E02A0AFE980AB0B1667A7AB64CD7352CB3339A47647F796F69684F197D042C50E95B407EB0D504A9BD91712A411B6D14D341EBA3165F303DC0BBD83E0A0211,67E3E02A0AFE980AB0B1667A7AB64CD7352CB3339A47647F796F69684F197D042C50E95B407EB0D504A9BD91712A411B6D14D341EBA3165F303DC0BBD83E0A0211AD016E3EAD7B7D5509282A97FAA38BF6F6000000000000000000000000000000D8B6C6CB1D81C10F04F89B2EB65F41D1ABFFFFFFFFFFFFFFFFFFFFFFFFFFFFFFD36161DE18F6764CD940CCC558FD0AE8BDFFFFFFFFFFFFFFFFFFFFFFFFFFFFFFFFFFFFFFFFFFFFFFFFFFFFFFFFFFFFFFFFFFFFFFFFFFFFFFFFFFFFFFFFFFFFFF000000000000000000000000000000000000000000000000000000000000000025ED03CBBE8B4AE5997CC29E79769617173D6F43AE31CC3F895372A50755AC00AF386053DBEB2976DED235B013D810488D31D1D9CCD143EEED72E476D8CD2F00A55298BB3B83EF5EF5E60FCA8FD363192CC425CA741AF6A918C1DB4924DA9C0048EE846AFC5D3DF0023F574F367A3CB10268514ADF507AD20A99AB4B430B6600,0,50.2753,"114.380,115.023,135.132,123.610,117.011,125.712,125.279,130.423,144.139,127.040,126.984,127.260,127.577,123.487,116.691,122.531,121.751,122.064,139.705,126.209,121.310,124.277,133.902,116.139,124.474,113.147,117.908,112.176,117.609,122.301,110.445,125.259,125.765,120.643,118.401,114.530,116.843,111.936,122.246,115.467,117.331,137.746,116.222,114.435,114.511,115.848,113.261,133.833,112.590,121.527,113.124,123.209,121.187,116.270,125.316,125.291,108.411,117.707,111.272,113.890,124.781,109.886,123.233,122.513,116.485,123.067,116.182,120.282,114.107,125.237,124.714,141.308,115.723,123.021,115.187,124.286,120.309,109.426,111.929,111.337,109.751,120.788,119.309,124.815,115.300,125.456,126.850,130.569,114.084,124.674,144.585,111.107,116.467,121.026,114.770,127.206,122.068,122.428,125.099,120.808","8.429,8.503,8.548,8.472,8.539,8.446,8.480,8.477,8.513,8.476,8.465,8.548,8.538,8.494,8.517,8.422,8.468,8.549,8.185,8.386,8.468,8.535,8.371,8.495,8.489,8.486,8.359,8.474,8.506,8.556,8.423,8.467,8.540,8.476,8.537,8.486,8.405,8.474,8.483,8.463,8.471,8.474,8.430,8.487,8.419,8.412,8.478,8.467,8.421,8.487,8.466,8.514,8.489,8.476,8.469,8.474,8.476,8.476,8.539,8.460,8.484,8.472,8.466,8.467,8.513,8.541,8.435,8.415,8.484,8.476,8.544,8.496,8.403,8.483,8.538,8.467,8.478,8.482,8.485,8.465,8.464,8.465,8.472,8.468,8.485,8.478,8.474,8.464,8.445,8.474,8.458,8.476,8.485,8.538,8.486,8.560,8.468,8.486,8.532,8.413"
2026-06-26T14:17:17.641948+00:00,SQISign NIST Round 2 Submission,2,2,B55D95A3E17EF9724C732060A4B8EF8DC404FFCE622C4829D3F82EC69475470002A2BF012E905567FC769FBB34DD81F9931A63860ACB22A6C613A9370119C90102,B55D95A3E17EF9724C732060A4B8EF8DC404FFCE622C4829D3F82EC69475470002A2BF012E905567FC769FBB34DD81F9931A63860ACB22A6C613A9370119C90102437F69DD89D9BF7A7727EF540DCAAA730D010000000000000000000000000000265D31E57AB64F1079E4C92502B4F095ECFEFFFFFFFFFFFFFFFFFFFFFFFFFFFF17CD43890241E778BBFF13F5BE7503480AFFFFFFFFFFFFFFFFFFFFFFFFFFFFFFFFFFFFFFFFFFFFFFFFFFFFFFFFFFFFFFFFFFFFFFFFFFFFFFFFFFFFFFFFFFFFFF00000000000000000000000000000000000000000000000000000000000000003B0FCA2A165EBED098E2726060095CE097AEBE95A0104EA51BD3F8D134776F00DF0877BCF9CE533EF629A5A07D04C2C99C6B895B4C6B6D6F7D3E84921CD6880069C86E3EBAA6FBC7F2F81DEC4C018B73589C27F162E49F29A62E777B56B223004C64F86130B4F8930794A8DB9FBEBF984942B336B34A91DAA6926ADE222AA700,0,51.598449,"117.471,113.582,122.579,119.902,110.420,144.524,120.898,123.820,112.568,115.492,111.900,121.042,119.510,121.760,123.011,118.688,123.235,118.288,124.270,130.838,126.725,112.213,124.091,122.396,121.176,117.634,117.564,115.420,114.334,118.560,113.197,120.042,124.264,125.853,120.319,116.051,125.177,114.777,124.767,114.607,113.497,126.337,120.296,113.496,114.915,125.266,122.901,115.226,121.793,117.620,119.993,128.993,128.794,115.645,120.363,127.252,119.969,143.864,114.411,118.128,113.217,112.605,111.878,119.213,113.034,121.136,117.136,124.168,118.624,131.652,111.468,113.345,123.693,122.294,122.312,108.568,114.909,121.765,121.442,114.248,125.260,125.952,113.172,128.784,120.720,113.564,116.507,119.554,121.273,119.531,131.823,121.562,117.437,113.478,117.844,123.655,120.182,119.822,127.384,129.952","8.471,8.467,8.527,8.453,8.476,8.456,8.502,8.514,8.464,8.429,8.475,8.466,8.349,8.499,8.546,8.537,8.454,8.528,8.467,8.422,8.502,8.467,8.405,8.474,8.533,8.537,8.538,8.461,8.352,8.468,8.475,8.462,8.466,8.464,8.511,8.476,8.475,8.401,8.451,8.472,8.474,8.466,8.467,8.536,8.405,8.535,8.527,8.356,8.405,8.549,8.466,8.466,8.275,8.548,8.465,8.461,8.466,8.458,8.474,8.538,8.371,8.452,8.472,8.547,8.502,8.412,8.435,8.404,8.535,8.504,8.542,8.466,8.462,8.477,8.475,8.463,8.466,8.465,8.472,8.453,8.446,8.466,8.537,8.457,8.465,8.477,8.472,8.465,8.462,8.434,8.544,8.486,8.370,8.434,8.533,8.474,8.467,8.422,8.472,8.532"
2026-06-26T14:17:17.641948+00:00,SQISign NIST Round 2 Submission,2,3,5A55E75522EBD50DEB1C3A45C4724C0F6110005A0BC112EB0444F1AA2B634F0401F60D86E004FB244E930984749D1B7FE197B22D9B667CCA18EE496F30C1A80017,5A55E75522EBD50DEB1C3A45C4724C0F6110005A0BC112EB0444F1AA2B634F0401F60D86E004FB244E930984749D1B7FE197B22D9B667CCA18EE496F30C1A80017A18D1103B3E687DE7B74904A40699780D9030000000000000000000000000000EE40383ABAF2BC65DBD400684BED41B1A5FBFFFFFFFFFFFFFFFFFFFFFFFFFFFFA35299D28D56F30846E82357BDE11CA2F9FFFFFFFFFFFFFFFFFFFFFFFFFFFFFFFFFFFFFFFFFFFFFFFFFFFFFFFFFFFFFFFFFFFFFFFFFFFFFFFFFFFFFFFFFFFFFF0000000000000000000000000000000000000000000000000000000000000000E1F77B781BB6D9C1AF621579B8845062F9FF312A0D09F7DE5624F7381EC009008EB6EABCF3B19EC9B9439B71F9E81EBB2F8C9D5C25F34E8995EC51D199D46F00F309CF08A0BA638B175D426D58F7A1E6447671EF879E9435765A196C462C0900D5F203576D149764B5FF81AD3FD08A08A6886FA85637E791D015A7830A585500,0,50.500234,"125.444,113.702,125.070,120.217,115.239,116.926,112.826,121.317,125.586,130.164,112.868,115.596,115.362,120.819,119.552,127.224,121.204,118.331,113.509,133.098,123.514,115.764,119.234,122.828,119.312,130.843,123.339,123.190,126.016,125.460,117.898,117.191,113.708,134.200,139.275,125.469,112.714,119.474,133.000,117.295,127.724,110.432,120.986,131.159,115.296,110.471,109.572,112.532,118.532,118.145,123.537,124.183,122.735,128.304,116.453,122.554,116.197,121.687,114.083,111.460,113.200,112.181,116.254,118.245,117.561,116.307,122.059,143.480,117.217,122.338,128.465,117.771,124.020,136.102,131.159,114.627,123.142,115.206,138.616,120.897,117.731,120.406,110.572,123.689,131.845,123.739,119.473,120.314,132.434,128.667,123.593,119.735,114.710,119.609,123.640,130.530,128.916,110.314,112.155,125.345","8.462,8.477,8.535,8.357,8.467,8.475,8.443,8.519,8.513,8.412,8.424,8.467,8.464,8.410,8.477,8.512,8.474,8.472,8.431,8.486,8.511,8.419,8.475,8.465,8.512,8.465,8.474,8.467,8.449,8.475,8.521,8.365,8.545,8.471,8.537,8.542,8.435,8.459,8.448,8.481,8.535,8.474,8.431,8.474,8.548,8.513,8.474,8.513,8.482,8.483,8.459,8.485,8.548,8.476,8.511,8.547,8.548,8.473,8.545,8.476,8.470,8.427,8.369,8.399,8.359,8.538,8.559,8.547,8.359,8.473,8.483,8.453,8.473,8.474,8.443,8.475,8.413,8.473,8.534,8.545,8.465,8.524,8.476,8.424,8.505,8.495,8.463,8.473,8.503,8.426,8.472,8.520,8.512,8.484,8.495,8.422,8.496,8.458,8.511,8.476"
2026-06-26T14:17:17.641948+00:00,SQISign NIST Round 2 Submission,2,4,0E34A575E58D7DECD538FFE721A7D524A73A20AE82850FE9A65D7A0B176D6304AE8FCC03F9AA4DD54D6F98BB50AC3714485E5E19CDAB78C39793B270B949180102,0E34A575E58D7DECD538FFE721A7D524A73A20AE82850FE9A65D7A0B176D6304AE8FCC03F9AA4DD54D6F98BB50AC3714485E5E19CDAB78C39793B270B9491801021FDE5B04118E39465D710B59288576CFBD060000000000000000000000000000CAFD087239D5F87000F0C33E24C6E9BE75F4FFFFFFFFFFFFFFFFFFFFFFFFFFFF5331840DB8C804CCB7583A80D3E3685DA5F8FFFFFFFFFFFFFFFFFFFFFFFFFFFFFFFFFFFFFFFFFFFFFFFFFFFFFFFFFFFFFFFFFFFFFFFFFFFFFFFFFFFFFFFFFFFF000000000000000000000000000000000000000000000000000000000000000055F98512D3D546426C08A0CABD5896299DD0EBBF6445EEE32D2C63A879C90A008C9E33DED35150B06CD524398FDDF456B31BFBD3C49D7CAB1E7D991200B33000CC85992B5E612199D445C72A384BF73C7ED9E6688C214AABC840AC7D294F9200715321AAD052EB206F488FCCE36CAE72E43071DE3AD6508B4BF7B0543F07D900,0,52.356598,"116.936,124.561,129.773,128.944,119.455,133.510,116.586,126.390,124.616,121.873,120.481,131.136,138.997,117.519,117.764,114.041,126.959,129.893,115.191,123.888,125.340,120.442,121.245,138.117,119.071,120.420,129.326,129.874,126.010,123.320,110.954,127.721,124.370,126.941,112.429,129.569,141.724,122.546,122.269,117.337,128.276,114.713,124.935,115.764,118.844,120.078,116.055,121.256,114.191,126.859,132.774,119.373,130.278,122.095,129.255,117.295,116.139,111.051,120.008,132.027,124.519,142.761,123.734,113.215,120.972,122.647,112.452,121.425,112.548,118.558,115.712,139.599,116.291,121.260,124.159,115.808,129.877,127.345,114.886,120.301,123.494,115.585,121.354,115.822,123.490,114.013,118.964,128.212,115.095,124.852,121.797,119.449,124.403,113.996,130.402,119.893,126.035,119.054,119.949,121.987","8.480,8.549,8.464,8.495,8.490,8.403,8.548,8.510,8.474,8.543,8.493,8.506,8.473,8.536,8.500,8.352,8.501,8.509,8.289,8.512,8.538,8.378,8.548,8.452,8.546,8.513,8.466,8.419,8.543,8.468,8.454,8.466,8.411,8.537,8.494,8.401,8.464,8.503,8.549,8.528,8.426,8.512,8.529,8.465,8.531,8.526,8.463,8.474,8.403,8.463,8.473,8.467,8.350,8.466,8.475,8.515,8.400,8.452,8.466,8.474,8.424,8.457,8.496,8.467,8.461,8.410,8.474,8.537,8.464,8.469,8.466,8.466,8.484,8.513,8.476,8.464,8.468,8.350,8.518,8.484,8.423,8.465,8.466,8.474,8.527,8.540,8.464,8.467,8.426,8.474,8.465,8.458,8.464,8.477,8.475,8.535,8.465,8.546,8.460,8.487"
2026-06-26T14:17:17.641948+00:00,SQISign NIST Round 2 Submission,2,5,879DA068469A2026B847019486744A074C766AAF02A738CFA1CE3BF8E27688017EEF073EF76C264FD646CD4C5678215885448DC1DECD7F674130DF7A984CFB030B,879DA068469A2026B847019486744A074C766AAF02A738CFA1CE3BF8E27688017EEF073EF76C264FD646CD4C5678215885448DC1DECD7F674130DF7A984CFB030B11257B77382844726FD8E569486EE1F361020000000000000000000000000000A072F6599DCFE2253B35E2524F63732437FDFFFFFFFFFFFFFFFFFFFFFFFFFFFFDFB30465B7328067F86D7C887ACD395006FFFFFFFFFFFFFFFFFFFFFFFFFFFFFFFFFFFFFFFFFFFFFFFFFFFFFFFFFFFFFFFFFFFFFFFFFFFFFFFFFFFFFFFFFFFFFF0000000000000000000000000000000000000000000000000000000000000000DF53D0D3B02B9C4430A459269E4F9D42F24F5E7F30ED1CFC3E5D89EE89902B001B163CB5ACF48CF900B19EE7926BA519559D695137A48D1D736A1940287B6E00229D49F5899D192BB3AD00B8BFA491B49F873D2B4D334E656FED8ABD41875F00F3822E1CC5F893C891BBE13EEBA03B0F6EB4D50B173A8EC4FEDB72CCA3333700,0,55.222851,"118.163,127.976,132.129,122.095,125.555,128.303,121.398,113.844,118.253,116.741,125.264,129.129,121.827,113.226,115.369,114.158,116.295,128.598,119.650,117.524,114.244,115.335,116.896,118.578,148.440,141.397,111.859,111.646,116.993,128.289,117.831,135.725,122.364,118.186,118.868,113.499,142.547,114.477,116.958,119.627,132.950,118.152,122.907,115.729,125.517,123.735,116.080,125.072,114.637,114.209,116.919,125.149,119.389,110.337,124.767,113.647,136.369,130.961,119.142,125.517,131.494,115.040,113.827,116.617,125.121,121.931,111.730,121.162,125.192,118.294,114.183,119.124,121.940,112.318,119.235,127.357,128.952,118.000,121.782,115.740,116.252,117.155,130.151,120.579,120.707,119.590,116.780,131.097,117.077,120.035,118.809,116.095,122.573,109.126,119.457,115.941,131.502,124.922,121.684,117.192","8.487,8.476,8.481,8.474,8.458,8.547,8.420,8.473,8.486,8.380,8.259,8.478,8.554,8.555,8.559,8.479,8.465,8.490,8.473,8.487,8.413,8.545,8.465,8.429,8.535,8.476,8.362,8.536,8.485,8.476,8.548,8.555,8.549,8.411,8.465,8.432,8.549,8.480,8.434,8.546,8.465,8.535,8.368,8.422,8.484,8.419,8.464,8.373,8.473,8.554,8.473,8.433,8.373,8.448,8.475,8.466,8.513,8.520,8.476,8.405,8.549,8.477,8.486,8.467,8.474,8.361,8.447,8.410,8.502,8.473,8.469,8.474,8.445,8.474,8.414,8.263,8.404,8.473,8.547,8.424,8.486,8.474,8.483,8.482,8.439,8.418,8.522,8.466,8.433,8.548,8.425,8.474,8.547,8.474,8.363,8.473,8.495,8.518,8.410,8.545"
2026-06-26T14:17:17.641948+00:00,SQISign NIST Round 2 Submission,2,6,A96637C3DF55F41DDFC2EEC9AF0EB67947B20259A9D983137C6AA2343C0D5603F99384FEB52C78C134EF1AD994442406CDF26C52A248FDE45A52A9F8778F610411,A96637C3DF55F41DDFC2EEC9AF0EB67947B20259A9D983137C6AA2343C0D5603F99384FEB52C78C134EF1AD994442406CDF26C52A248FDE45A52A9F8778F610411EF3DD2293083BA49FB5D8B9EEF4FC6AE28020000000000000000000000000000D82107CC9B220D2E546FD76AE5A50C2269FFFFFFFFFFFFFFFFFFFFFFFFFFFFFF4500BF08667FF7A28558C8EAAA552AAEDBFFFFFFFFFFFFFFFFFFFFFFFFFFFFFFFFFFFFFFFFFFFFFFFFFFFFFFFFFFFFFFFFFFFFFFFFFFFFFFFFFFFFFFFFFFFFFF00000000000000000000000000000000000000000000000000000000000000000EDB8DBAAC53C0B6005D850E8027F19E85D2CA9D69CD175DBE7C12BCDB664B001B8579428852210B8A94983154125458EE9BC1BB028D3F1CEE99CA29343C5F0049674C45DAF865527CDF4C3B7A6977810A88090DC967F1DAF7BB5BCB0FAF01007BDFDEBEBF6C85EA5984032A20B51C976840AB5E9972D5FEA5523D7A31DBF100,0,50.793802,"117.276,127.935,129.494,110.826,123.943,117.872,115.832,117.980,119.680,117.269,130.198,116.382,119.711,117.754,121.262,118.828,115.523,117.399,113.231,131.089,117.798,118.686,119.487,115.661,121.568,111.613,127.666,119.007,107.337,115.377,117.402,115.017,128.557,117.176,113.672,116.534,116.143,121.911,119.402,117.625,120.642,130.962,128.092,111.018,122.708,115.848,126.976,121.529,129.973,131.666,110.946,121.871,120.008,125.157,123.841,121.893,123.820,121.257,120.564,117.681,124.890,115.611,119.798,115.921,121.635,117.454,140.370,123.293,131.376,123.916,117.344,121.292,116.227,116.714,116.885,114.364,119.654,108.535,124.078,110.926,115.290,110.360,123.993,115.505,130.418,116.330,123.066,119.692,133.239,131.164,116.493,131.321,127.826,120.862,123.025,132.293,120.743,117.252,117.783,117.236","8.516,8.486,8.557,8.547,8.483,8.422,8.475,8.419,8.486,8.547,8.431,8.440,8.462,8.545,8.484,8.377,8.547,8.467,8.477,8.475,8.474,8.447,8.474,8.477,8.520,8.484,8.478,8.464,8.485,8.475,8.419,8.414,8.464,8.419,8.485,8.558,8.509,8.461,8.499,8.505,8.514,8.476,8.549,8.412,8.483,8.476,8.430,8.432,8.477,8.502,8.412,8.520,8.539,8.484,8.512,8.464,8.546,8.414,8.466,8.499,8.549,8.362,8.464,8.521,8.424,8.369,8.477,8.474,8.465,8.485,8.472,8.552,8.463,8.476,8.484,8.504,8.484,8.423,8.414,8.498,8.442,8.476,8.555,8.475,8.413,8.477,8.546,8.447,8.480,8.477,8.422,8.485,8.553,8.536,8.546,8.545,8.474,8.352,8.555,8.502"
2026-06-26T14:17:17.641948+00:00,SQISign NIST Round 2 Submission,2,7,11AB9B5551048412968386D38BB8A256FC8F7823C2C283B690C5FE113E824103DC616B950AC4E11D9B52BF20F8FB14F4200875D92ABD00D144007884024FA7040A,11AB9B5551048412968386D38BB8A256FC8F7823C2C283B690C5FE113E824103DC616B950AC4E11D9B52BF20F8FB14F4200875D92ABD00D144007884024FA7040A35C8E2B3ACA18F767D938D59108B3AF6D7010000000000000000000000000000109E8E9F4C4AA7CBA64403BE99CAAD6EC7FFFFFFFFFFFFFFFFFFFFFFFFFFFFFF817C55455F8EA66089F53F0032DB4F2AF9FEFFFFFFFFFFFFFFFFFFFFFFFFFFFFFFFFFFFFFFFFFFFFFFFFFFFFFFFFFFFFFFFFFFFFFFFFFFFFFFFFFFFFFFFFFFFF00000000000000000000000000000000000000000000000000000000000000001D54DE797629275862FDA029A6FA68CE0D7B8FD17A1AEF841D73FD09C5220C008BD6D6ABE95302C34BEC1C1D8366E47554AD2FAAB4DB6B1F61365B2BAA747B00A53915A5FE8BD4BD954073E33887D2C4514B2E0669E22F4D4CF4BA7AB3B4E10082AB61717C18486D179F37A23AF094B68E8BA24070E35D3B32CDB0B8E28A8900,0,59.7574,"110.507,124.642,117.359,116.574,116.504,117.169,124.302,121.523,122.135,127.322,121.490,112.485,111.877,114.543,124.744,117.341,111.631,114.126,118.517,122.604,116.120,123.891,119.430,131.827,118.076,126.610,125.342,122.991,115.201,123.886,130.627,122.910,125.986,111.321,111.430,125.528,118.117,116.879,121.388,116.371,113.744,116.230,116.388,121.633,119.339,115.348,122.689,114.220,128.732,123.901,132.654,135.740,114.256,113.359,113.536,114.261,120.320,114.774,116.257,117.235,120.894,116.711,132.185,122.865,123.432,118.985,121.229,121.239,114.747,127.573,126.080,139.244,121.165,114.286,121.111,116.889,132.617,119.734,122.214,120.436,122.323,129.745,131.249,125.495,123.885,121.149,118.299,114.378,116.343,122.785,115.728,122.440,135.502,123.505,125.892,124.473,122.081,127.623,116.691,113.057","8.479,8.548,8.531,8.461,8.457,8.548,8.406,8.538,8.477,8.549,8.504,8.466,8.425,8.535,8.464,8.463,8.404,8.465,8.465,8.528,8.413,8.470,8.470,8.356,8.456,8.473,8.465,8.413,8.462,8.475,8.456,8.537,8.503,8.466,8.321,8.475,8.502,8.458,8.477,8.468,8.454,8.501,8.407,8.468,8.452,8.511,8.472,8.492,8.462,8.477,8.504,8.538,8.465,8.466,8.487,8.536,8.436,8.539,8.463,8.488,8.525,8.254,8.476,8.401,8.449,8.463,8.455,8.474,8.525,8.456,8.461,8.538,8.463,8.475,8.436,8.529,8.505,8.516,8.477,8.465,8.445,8.463,8.399,8.470,8.463,8.536,8.391,8.481,8.382,8.413,8.360,8.467,8.493,8.437,8.198,8.403,8.482,8.474,8.457,8.464"
2026-06-26T14:17:17.641948+00:00,SQISign NIST Round 2 Submission,2,8,77EE4989BDC6B3AE7AAB06998683110BA53CBC7DCE986CE8401AFB4D0ACA0500E45C856FA8274336E7FE2FEC0664DC5B2AC81AA5D9B343D50F60A2A856B1BB0102,77EE4989BDC6B3AE7AAB06998683110BA53CBC7DCE986CE8401AFB4D0ACA0500E45C856FA8274336E7FE2FEC0664DC5B2AC81AA5D9B343D50F60A2A856B1BB0102C982D04F7543D11C34ADF744C33493FE90010000000000000000000000000000CC5B1449CFB3179231763A15E9B1750168FDFFFFFFFFFFFFFFFFFFFFFFFFFFFFC3D5123CB560A97DB1676BCB60B2C37D79FFFFFFFFFFFFFFFFFFFFFFFFFFFFFFFFFFFFFFFFFFFFFFFFFFFFFFFFFFFFFFFFFFFFFFFFFFFFFFFFFFFFFFFFFFFFFF000000000000000000000000000000000000000000000000000000000000000001F512B25C01FA4CA66CC52C69B00265EE75EA74931D0AAAAD35DC29B991C1008C244101B0ABD9074A07467F238E4A8086EBB32D087DEA01B0CD5504D985630010DF7FFC0D196DA2265B16BE839E0855DA7650DB2E0DAC14B7FDE9A3D6CF57008F3A9A9DDFC930C15D0067A54708D0C44066CBAFE192FBAA567C8546543EB400,0,52.357818,"115.995,116.665,127.372,132.809,125.539,115.172,120.864,136.549,110.260,130.700,125.634,115.708,128.428,130.795,114.224,111.278,116.984,121.360,122.606,119.494,121.529,124.440,118.895,120.251,123.842,117.630,125.018,117.215,120.817,120.241,122.420,117.872,118.285,112.215,130.556,122.307,120.909,114.892,113.072,132.229,119.231,114.643,137.849,123.904,119.223,122.716,117.520,113.564,116.391,112.487,128.017,119.498,125.182,116.446,125.276,117.910,125.760,116.517,117.934,136.239,114.794,123.353,151.137,136.889,113.492,112.394,111.624,139.042,123.893,114.076,145.770,116.907,120.272,112.092,124.861,113.555,117.035,121.707,110.516,110.636,118.033,124.513,117.346,116.470,127.944,120.751,117.654,111.363,124.537,138.191,115.965,127.769,119.182,114.666,115.416,120.387,113.580,128.912,121.680,125.735","8.479,8.478,8.542,8.538,8.463,8.538,8.466,8.466,8.454,8.302,8.510,8.467,8.466,8.455,8.538,8.457,8.546,8.485,8.515,8.540,8.463,8.414,8.455,8.414,8.419,8.423,8.480,8.402,8.431,8.438,8.468,8.535,8.414,8.536,8.464,8.413,8.524,8.473,8.437,8.466,8.369,8.440,8.466,8.400,8.449,8.455,8.500,8.412,8.423,8.467,8.466,8.381,8.463,8.534,8.463,8.468,8.465,8.349,8.452,8.476,8.295,8.463,8.464,8.477,8.363,8.537,8.457,8.477,8.513,8.461,8.474,8.516,8.526,8.455,8.537,8.462,8.474,8.487,8.411,8.467,8.543,8.544,8.473,8.468,8.466,8.464,8.429,8.438,8.513,8.417,8.497,8.536,8.406,8.544,8.538,8.411,8.536,8.416,8.544,8.468"
2026-06-26T14:17:17.641948+00:00,SQISign NIST Round 2 Submission,2,9,982D521BA39281D9C5F8ADB4DE50FAD6E351D7F40782B287472AAB5203C15802AC8A87B8BDFFD06A9866A7C7723DB931932018020659686DC7426C0FD1234A0421,982D521BA39281D9C5F8ADB4DE50FAD6E351D7F40782B287472AAB5203C15802AC8A87B8BDFFD06A9866A7C7723DB931932018020659686DC7426C0FD1234A04217FAEE3AF6B8BF364C244A2BA7F4025D43D0100000000000000000000000000005A616EF6B418D08299BF8FD25E9736D1CEFDFFFFFFFFFFFFFFFFFFFFFFFFFFFF0F7A14EC2A2E66C366C4DF6A514F3086D2FFFFFFFFFFFFFFFFFFFFFFFFFFFFFFFFFFFFFFFFFFFFFFFFFFFFFFFFFFFFFFFFFFFFFFFFFFFFFFFFFFFFFFFFFFFFFF0000000000000000000000000000000000000000000000000000000000000000F69465E5EFDCCC38D9CD5FDD0D133D82D5057F931142523F8D6DD212B451720039B524A4D64F751859DA7E8221998B32FC1FE4FC538606F3AE257225A4E3D800296E6AA7EB0F245FBD106323DEC3AE19362CE1734B057B1FD476379FAF360D00E3C824C7718CC69074A847AF31DF398C73F071F13F7215B0FEA9DEF751BCC700,0,53.798427,"111.694,125.310,135.995,114.543,119.452,116.450,116.810,116.326,134.062,113.396,126.790,119.263,126.688,120.470,128.237,115.537,115.066,119.992,112.701,111.336,116.513,127.781,138.907,123.135,124.208,121.783,122.998,126.102,116.718,129.322,115.524,130.038,118.722,117.059,110.804,137.308,113.298,115.138,135.835,116.544,123.186,116.030,113.172,129.206,125.185,118.731,120.718,120.509,118.014,121.001,118.731,121.281,129.962,131.906,117.225,123.669,117.022,117.826,118.769,116.927,118.165,123.294,131.264,115.607,129.401,115.093,115.067,125.059,123.139,110.742,119.893,121.470,116.841,124.283,121.829,114.226,121.786,124.774,110.788,122.482,120.598,114.903,118.278,119.458,112.213,140.119,122.582,128.822,124.148,115.214,120.970,124.012,116.766,121.305,126.064,119.669,116.711,124.482,113.612,120.771","8.439,8.475,8.547,8.430,8.557,8.333,8.482,8.488,8.546,8.444,8.315,8.467,8.426,8.544,8.467,8.473,8.484,8.468,8.474,8.471,8.472,8.472,8.477,8.424,8.522,8.546,8.481,8.463,8.464,8.388,8.463,8.482,8.510,8.474,8.369,8.467,8.480,8.545,8.360,8.554,8.473,8.368,8.500,8.370,8.538,8.430,8.484,8.337,8.481,8.481,8.409,8.433,8.493,8.435,8.552,8.466,8.484,8.476,8.475,8.425,8.493,8.547,8.520,8.538,8.487,8.484,8.493,8.545,8.494,8.486,8.475,8.514,8.547,8.380,8.473,8.207,8.467,8.471,8.547,8.475,8.546,8.421,8.545,8.494,8.465,8.466,8.459,8.448,8.422,8.448,8.544,8.554,8.554,8.534,8.472,8.430,8.371,8.419,8.495,8.547"
2026-06-26T14:18:10.699714+00:00,SQISign NIST Round 2 Submission,3,0,2AF1814D222BA7C81EAF324F412830BD676C0E7705144092CEB1A235050C98045B725D4B537AB0BD1185559BDACA56FBD811EFD4A90944ECB7AA2ADEB4A7AA0002,2AF1814D222BA7C81EAF324F412830BD676C0E7705144092CEB1A235050C98045B725D4B537AB0BD1185559BDACA56FBD811EFD4A90944ECB7AA2ADEB4A7AA0002E5311E5D7762F57D7CDEF6C8432C962E830000000000000000000000000000007A1DCCB02192F30F018CB8B0ACEDCD49FDFFFFFFFFFFFFFFFFFFFFFFFFFFFFFF555E8662A4451CD4EB9658B7C4F3C91E52FFFFFFFFFFFFFFFFFFFFFFFFFFFFFFFFFFFFFFFFFFFFFFFFFFFFFFFFFFFFFFFFFFFFFFFFFFFFFFFFFFFFFFFFFFFFFF0000000000000000000000000000000000000000000000000000000000000000A5C2D73964F8D36AB4B9DFCD6781474DC9ADFFA938980A9F495326185CDF7C00B7622F06D79FD9BFAEAA940471F8641381B831128A9B61A06838E24986AF9300219791869772A4B1BFDCEFFC6C98EE90DA3D5D67744758F8267DEFFFAAC820008860C27403D62CD7F094DDB5369AC018C04614ACE2DD15B1757DA5BF3D0E4100,0,50.025714,"118.864,114.919,109.679,120.498,140.753,118.255,122.008,110.355,123.963,120.083,111.360,132.492,114.452,121.476,117.874,119.217,114.018,138.678,115.503,120.199,120.285,120.193,114.443,122.465,120.137,119.170,112.367,121.479,112.940,119.927,119.437,125.723,128.485,121.823,121.097,120.970,116.668,119.880,118.762,115.037,111.108,111.034,123.425,113.368,123.672,126.365,119.431,113.948,132.251,118.116,128.366,125.990,117.183,113.343,113.474,135.235,122.685,125.315,116.659,126.529,122.941,119.259,121.561,119.261,129.716,144.849,116.058,124.020,109.467,110.323,111.654,130.409,119.782,122.351,114.968,119.679,119.181,129.690,121.555,116.988,126.140,120.256,111.679,119.339,111.268,113.760,116.976,113.991,120.231,119.493,128.997,120.316,112.107,117.654,122.714,127.715,124.589,118.533,121.864,113.797","8.554,8.465,8.491,8.516,8.507,8.412,8.504,8.317,8.410,8.463,8.456,8.516,8.366,8.394,8.469,8.501,8.463,8.536,8.528,8.465,8.237,8.526,8.525,8.376,8.438,8.468,8.456,8.412,8.438,8.527,8.503,8.458,8.466,8.490,8.536,8.473,8.456,8.441,8.454,8.430,8.464,8.511,8.455,8.465,8.456,8.464,8.405,8.415,8.465,8.534,8.477,8.542,8.409,8.466,8.440,8.463,8.468,8.363,8.460,8.474,8.454,8.474,8.492,8.476,8.457,8.352,8.413,8.509,8.413,8.473,8.471,8.247,8.502,8.466,8.409,8.290,8.403,8.464,8.401,8.421,8.512,8.503,8.540,8.417,8.402,8.470,8.476,8.458,8.469,8.411,8.527,8.458,8.463,8.526,8.492,8.467,8.465,8.344,8.465,8.454"
2026-06-26T14:18:10.699714+00:00,SQISign NIST Round 2 Submission,3,1,DA258FF6F1DEAB81113057561A985D71065EBAAEC9C1084F3F81DABE0AA7860038A9F196B8DD4418298B2A61D7D54E33D252E1A180916C9BFDBB40063BF4210123,DA258FF6F1DEAB81113057561A985D71065EBAAEC9C1084F3F81DABE0AA7860038A9F196B8DD4418298B2A61D7D54E33D252E1A180916C9BFDBB40063BF421012317CB1D34F3C26E9DF2D7B8735B39BE8087010000000000000000000000000000B4A5C0A112EA71E5C5ABA95B02016753DAFDFFFFFFFFFFFFFFFFFFFFFFFFFFFF05B0EA1A3C620C0AE9ABF2A94A5D33CE61FEFFFFFFFFFFFFFFFFFFFFFFFFFFFFFFFFFFFFFFFFFFFFFFFFFFFFFFFFFFFFFFFFFFFFFFFFFFFFFFFFFFFFFFFFFFFF0000000000000000000000000000000000000000000000000000000000000000E10E1B537DE1CAF1EA2E5900DE7512F7C3BC26718CA4205D2DE42E910E459D005E0236369FA764D5B74FC31806771DB1FF39FF977E2AFC0DD622C873700997004F9851C725372D0AB49DDB7C4FB27F5D14C16CABB91DC4838AB36543A0026C004D50BD4BE86B5BC93C99A628157024841F504B431BBE565C30755B4BBD9E1C00,0,48.996456,"117.404,111.475,126.625,117.322,134.361,115.043,117.704,121.680,124.904,110.934,120.170,123.065,125.686,147.874,121.080,118.632,114.243,117.579,122.309,111.546,119.397,134.947,113.631,117.227,125.320,127.346,124.480,112.853,127.874,114.332,125.350,127.142,130.516,118.961,122.694,109.710,118.458,119.037,118.253,124.777,126.741,123.044,109.804,114.816,117.855,121.678,125.066,113.656,125.763,125.680,119.329,118.230,123.810,119.094,114.641,119.328,124.305,135.910,127.732,128.523,115.338,118.051,118.380,121.571,137.284,119.084,124.373,119.011,127.139,132.443,114.195,130.919,114.995,121.770,139.153,113.767,124.137,130.629,118.454,116.553,119.935,127.120,129.118,120.930,111.933,115.069,115.789,121.683,123.464,116.761,126.890,124.001,120.616,135.621,125.428,117.555,124.154,110.460,132.974,130.030","8.469,8.549,8.555,8.472,8.538,8.419,8.473,8.515,8.419,8.473,8.455,8.358,8.542,8.159,8.535,8.508,8.460,8.413,8.331,8.471,8.420,8.500,8.413,8.512,8.464,8.475,8.496,8.376,8.355,8.378,8.508,8.475,8.472,8.476,8.499,8.482,8.471,8.470,8.540,8.433,8.473,8.555,8.410,8.534,8.432,8.483,8.543,8.521,8.472,8.542,8.511,8.480,8.462,8.473,8.459,8.472,8.459,8.545,8.472,8.470,8.471,8.492,8.475,8.473,8.544,8.477,8.421,8.461,8.340,8.367,8.480,8.444,8.261,8.465,8.408,8.484,8.436,8.546,8.417,8.536,8.311,8.471,8.504,8.461,8.545,8.485,8.319,8.411,8.472,8.446,8.553,8.543,8.398,8.471,8.491,8.402,8.471,8.352,8.470,8.442"
2026-06-26T14:18:10.699714+00:00,SQISign NIST Round 2 Submission,3,2,D34A9E07CD5CA860855996984ACBF0809D79F97B5EB7671A481E5F0D91A60D002855AF48D8A21A3913496A6AC0EE2F9D34015FB304D34185FD7F7617F5B6F20411,D34A9E07CD5CA860855996984ACBF0809D79F97B5EB7671A481E5F0D91A60D002855AF48D8A21A3913496A6AC0EE2F9D34015FB304D34185FD7F7617F5B6F20411212EEA927232AF461379BB62D8C8396A7B010000000000000000000000000000F45ED0722FB58D16E0D06B56D25403571FFEFFFFFFFFFFFFFFFFFFFFFFFFFFFFEFB6DDEE2714A7BDED5D8AF1F2385FAD3CFFFFFFFFFFFFFFFFFFFFFFFFFFFFFFFFFFFFFFFFFFFFFFFFFFFFFFFFFFFFFFFFFFFFFFFFFFFFFFFFFFFFFFFFFFFFFF0000000000000000000000000000000000000000000000000000000000000000093D5AB817E188DEABB2A52DE8590994E44F1AB1B76B0CC7EE7FC02200407F001A60A437EDAA8E57EBB27E7F981EA20ADC657E199BF4E8851EF35B65831FDF00ECD59D6C152FD59AAD37DAD7B7E55886670C3AF6BD2B5B2651746BAAACDAF8006FEE6A87CCC59EACB7DE1FE63FEF06E9C2AFF0F5ACBF284E12E3B9837DE30B00,0,51.549217,"113.456,115.867,123.847,114.742,114.530,119.255,120.962,114.495,147.191,141.644,119.213,115.218,116.593,115.017,120.704,120.273,113.927,121.390,119.836,121.090,107.563,120.521,120.333,125.561,129.404,142.056,130.257,119.494,133.028,119.902,114.552,116.154,115.784,124.117,118.838,118.942,113.132,119.703,118.413,129.824,127.694,116.104,120.945,115.012,121.820,117.594,114.309,113.112,119.650,122.486,123.733,110.758,110.892,119.580,120.364,113.209,114.108,121.468,114.905,114.078,118.021,116.868,132.912,120.447,129.611,119.676,123.646,118.390,118.285,126.725,126.450,119.712,119.209,118.301,124.958,131.643,127.769,120.323,110.514,119.974,124.275,121.377,124.452,132.957,114.605,117.026,120.542,121.744,116.741,121.521,114.430,122.971,135.931,118.340,122.729,132.300,122.218,110.675,126.491,116.335","8.465,8.553,8.455,8.548,8.483,8.475,8.461,8.476,8.487,8.505,8.473,8.413,8.474,8.471,8.475,8.463,8.506,8.484,8.558,8.472,8.463,8.412,8.482,8.425,8.474,8.481,8.458,8.509,8.322,8.487,8.476,8.453,8.510,8.486,8.479,8.481,8.520,8.476,8.471,8.545,8.494,8.430,8.554,8.478,8.483,8.495,8.423,8.474,8.463,8.472,8.471,8.532,8.467,8.521,8.518,8.360,8.474,8.475,8.481,8.474,8.492,8.472,8.433,8.484,8.419,8.488,8.450,8.475,8.486,8.472,8.548,8.535,8.474,8.494,8.414,8.462,8.356,8.452,8.484,8.359,8.471,8.543,8.494,8.484,8.533,8.482,8.475,8.471,8.481,8.473,8.474,8.545,8.473,8.475,8.480,8.500,8.481,8.464,8.544,8.475"
2026-06-26T14:18:10.699714+00:00,SQISign NIST Round 2 Submission,3,3,FAAEF6D991F971EB834957009B7EAE6231138CA4344420E425B0EBC5B8D7F503FE9EC4B3740102E4E662711E61604ACDF361DEA287A9F81930D9BBEA994B190317,FAAEF6D991F971EB834957009B7EAE6231138CA4344420E425B0EBC5B8D7F503FE9EC4B3740102E4E662711E61604ACDF361DEA287A9F81930D9BBEA994B190317D7CFBF5A190860166FC7B8C88247BDBD090200000000000000000000000000002CE715B52E4BA740B41A8315460D885914FCFFFFFFFFFFFFFFFFFFFFFFFFFFFF351CCEAD7A86ED624BA2A86D0965D37743FEFFFFFFFFFFFFFFFFFFFFFFFFFFFFFFFFFFFFFFFFFFFFFFFFFFFFFFFFFFFFFFFFFFFFFFFFFFFFFFFFFFFFFFFFFFFF000000000000000000000000000000000000000000000000000000000000000064C5C3137197F9260B62DCF35FA378592960CBD4CF010C44363C3A8623C1450075AA4C35F2A54292FDFCD350D41F1608972E49C2B986A9D1F6A2E6B770A95900150B4BA5C72B560085CC1EBA8954B8A6E5223ADAA3586B73EEA7AA25DD501D00435CB0DFC012F456D34D0D4B2156C61A65FBB0A2B07B4A30058C7B77B294C700,0,52.57173,"122.483,125.767,116.017,115.466,117.029,127.505,112.394,133.204,115.739,139.045,111.803,124.524,113.760,111.802,118.351,121.657,124.895,117.595,109.151,120.801,112.058,114.035,113.104,114.831,125.053,115.679,124.841,126.976,147.416,121.279,132.275,114.468,137.512,123.947,116.617,124.023,121.774,128.741,118.265,118.446,130.071,112.877,113.731,130.957,117.483,124.013,134.360,125.100,116.882,113.590,128.857,115.378,117.063,117.251,125.716,117.207,115.050,114.370,113.076,132.531,122.287,126.235,114.842,119.010,116.274,127.921,121.409,126.525,136.350,121.564,124.409,112.241,118.005,124.681,115.259,117.904,115.330,117.026,118.699,116.491,115.849,132.032,140.292,123.908,116.468,123.088,119.438,115.198,114.154,132.823,120.655,114.871,116.839,111.340,123.739,118.651,123.364,132.012,109.661,128.665","8.566,8.448,8.478,8.468,8.496,8.465,8.475,8.542,8.465,8.464,8.475,8.474,8.557,8.473,8.465,8.435,8.406,8.445,8.473,8.473,8.432,8.475,8.336,8.483,8.505,8.488,8.460,8.487,8.380,8.476,8.537,8.473,8.485,8.360,8.505,8.536,8.488,8.487,8.537,8.475,8.427,8.462,8.473,8.523,8.474,8.513,8.542,8.484,8.479,8.478,8.515,8.485,8.362,8.485,8.475,8.309,8.462,8.465,8.465,8.420,8.522,8.554,8.437,8.416,8.431,8.554,8.478,8.467,8.537,8.465,8.475,8.413,8.431,8.474,8.470,8.467,8.535,8.465,8.557,8.422,8.429,8.515,8.468,8.460,8.414,8.537,8.413,8.432,8.555,8.434,8.460,8.473,8.555,8.550,8.546,8.474,8.555,8.556,8.555,8.486"
2026-06-26T14:18:10.699714+00:00,SQISign NIST Round 2 Submission,3,4,28A7DB43E011AE47CA3F574E2E23A497E202FD121FBD9A863BA1635F1A5943001893BA7010B2AEF046F722503B75EC7D5B9A10A15F498A29718FA5C4AD276D010A,28A7DB43E011AE47CA3F574E2E23A497E202FD121FBD9A863BA1635F1A5943001893BA7010B2AEF046F722503B75EC7D5B9A10A15F498A29718FA5C4AD276D010A67D1401030AF13DB230B9D756E55A3358B0100000000000000000000000000004475880823E1900765AEAE1CEEC1B771BAFFFFFFFFFFFFFFFFFFFFFFFFFFFFFF03F7607ED7CF8DB7EAAC448BEA0C4B2FB6FDFFFFFFFFFFFFFFFFFFFFFFFFFFFFFFFFFFFFFFFFFFFFFFFFFFFFFFFFFFFFFFFFFFFFFFFFFFFFFFFFFFFFFFFFFFFF0000000000000000000000000000000000000000000000000000000000000000F6F4A724E568B41E9CFC1B02BAEDBD318C00E7EB7DD519827BEABFC9A44E7D0095FD187FBE46AE48CC27612F481707A6590C6ACD643383C75C6E84ABCCA67B00E526E4A1024D33EBEB33303E63FF8EB6F9C85B324607DD6BD10922C8EA8427002F2C71D9960676C9C43E25885821CF630ECD75B8DD13022944315447EC5EB700,0,55.908528,"122.735,132.891,135.636,124.628,110.082,123.109,120.840,127.414,118.888,111.630,113.538,127.040,118.085,117.581,116.445,113.272,126.047,131.269,118.578,127.083,121.863,117.260,135.092,119.975,120.423,120.874,109.171,126.198,128.943,130.677,137.874,113.831,128.142,116.730,135.799,114.900,128.846,128.936,129.762,113.003,126.305,118.961,120.062,117.899,120.856,115.877,127.254,126.118,116.513,127.833,118.860,127.181,125.050,117.435,119.969,126.919,110.716,121.415,114.244,142.790,119.534,119.854,140.959,114.349,115.394,123.450,137.215,115.931,120.893,124.324,119.146,114.049,124.979,113.462,130.790,112.785,113.860,128.504,119.515,111.252,126.628,125.983,129.283,116.219,120.732,114.980,129.944,125.717,122.808,109.393,125.673,108.944,128.454,117.947,122.605,111.733,117.474,121.971,111.460,120.511","8.455,8.460,8.478,8.377,8.508,8.531,8.526,8.423,8.476,8.458,8.528,8.468,8.537,8.538,8.464,8.537,8.527,8.351,8.410,8.456,8.546,8.451,8.536,8.455,8.505,8.359,8.467,8.441,8.486,8.527,8.474,8.539,8.544,8.486,8.467,8.467,8.506,8.467,8.514,8.467,8.457,8.458,8.467,8.549,8.548,8.546,8.455,8.482,8.429,8.468,8.486,8.467,8.485,8.470,8.458,8.503,8.309,8.504,8.506,8.403,8.456,8.404,8.358,8.404,8.468,8.460,8.474,8.487,8.502,8.422,8.474,8.504,8.496,8.459,8.468,8.455,8.376,8.413,8.529,8.536,8.467,8.412,8.467,8.540,8.506,8.540,8.457,8.538,8.469,8.411,8.458,8.476,8.474,8.464,8.458,8.474,8.458,8.537,8.385,8.410"
2026-06-26T14:18:10.699714+00:00,SQISign NIST Round 2 Submission,3,5,D7B43733095ED69B2D26D10246C6A6F1CD4952DE900AD4850D42F494EEE5A8011C2227430304AEC674CE585A814F80FEC1FF4CE8A911F8EE97B7C70E408A0C0202,D7B43733095ED69B2D26D10246C6A6F1CD4952DE900AD4850D42F494EEE5A8011C2227430304AEC674CE585A814F80FEC1FF4CE8A911F8EE97B7C70E408A0C020217510EC16E6B85C68A6B009DDBE17D06C00100000000000000000000000000002AA782A419D91FA34A193BF174CE6EDC7FFDFFFFFFFFFFFFFFFFFFFFFFFFFFFF437F4B1399AE26FB308DEBE2D58B328A8DFDFFFFFFFFFFFFFFFFFFFFFFFFFFFFFFFFFFFFFFFFFFFFFFFFFFFFFFFFFFFFFFFFFFFFFFFFFFFFFFFFFFFFFFFFFFFF0000000000000000000000000000000000000000000000000000000000000000C17BBA12E31972564A88D47F27F6A72EC2118A2DFAA70F3C9CBE293EDF253800B331B8367C70FF88E740CA41B3D7930EB780EEDD7791DD89A68414F645EE4800893E3770AEF8777A3BC15CBC12E10B45AA38B63A186EA7C5B015062E99036300923422B3B1BB68FFF97AD2754CBEA37C8AF942AF90E0656B3CC0AAD8672DB800,0,51.646581,"110.727,116.831,121.856,135.393,121.739,110.852,117.830,114.478,126.330,123.909,116.495,121.210,121.596,114.239,122.465,119.460,118.463,128.774,108.658,116.248,129.841,118.891,126.997,121.706,115.253,119.641,123.460,131.304,114.800,120.261,124.061,117.718,120.881,114.266,115.627,117.721,113.178,133.284,119.701,119.003,124.885,122.476,127.875,116.441,127.773,125.282,120.345,132.375,118.425,118.142,110.595,115.343,118.893,126.188,115.883,111.752,112.848,110.870,112.659,114.693,123.781,131.033,115.207,130.903,126.316,117.416,116.176,115.432,134.473,124.957,116.607,116.307,124.587,126.656,132.205,112.231,134.047,119.888,128.912,124.041,123.067,109.279,131.993,114.635,123.984,121.762,113.513,131.876,120.157,127.594,117.214,117.288,128.789,131.945,126.376,112.678,131.290,120.212,115.692,120.222","8.544,8.477,8.548,8.490,8.494,8.467,8.538,8.511,8.536,8.454,8.466,8.464,8.506,8.535,8.503,8.485,8.478,8.461,8.490,8.466,8.470,8.545,8.458,8.502,8.328,8.415,8.503,8.513,8.424,8.363,8.425,8.549,8.370,8.455,8.455,8.454,8.333,8.434,8.359,8.400,8.465,8.473,8.410,8.530,8.369,8.477,8.471,8.474,8.454,8.463,8.418,8.467,8.478,8.475,8.464,8.459,8.392,8.474,8.510,8.360,8.495,8.390,8.455,8.548,8.512,8.465,8.455,8.465,8.441,8.404,8.462,8.537,8.422,8.488,8.473,8.405,8.467,8.474,8.495,8.533,8.473,8.456,8.402,8.474,8.533,8.408,8.528,8.544,8.538,8.491,8.467,8.503,8.457,8.469,8.469,8.416,8.412,8.462,8.445,8.536"
2026-06-26T14:18:10.699714+00:00,SQISign NIST Round 2 Submission,3,6,FD13358D1165B0ECEA8AE8E5784B7280199D94B6072D31BF34254FB1ABD0EB0365708A8A7926A726DCEF44CD6B5CC8CB43E353F745C7E0230C5DCA8698FD7D040B,FD13358D1165B0ECEA8AE8E5784B7280199D94B6072D31BF34254FB1ABD0EB0365708A8A7926A726DCEF44CD6B5CC8CB43E353F745C7E0230C5DCA8698FD7D040B83B0318BEEE639FC88306B9323B07128FC000000000000000000000000000000984463972A9B409488375501AFFF2420AFFFFFFFFFFFFFFFFFFFFFFFFFFFFFFFE555541E67091A5B8E75C31C13D81577D5FEFFFFFFFFFFFFFFFFFFFFFFFFFFFFFFFFFFFFFFFFFFFFFFFFFFFFFFFFFFFFFFFFFFFFFFFFFFFFFFFFFFFFFFFFFFFF000000000000000000000000000000000000000000000000000000000000000013159B3FD648561354BC93E15CA97D6F3407F5A1FF248B270D777347A5A1710062AF8C57E8BD8780B5C2455B5A736AD8BCDD90FDBB879D31350F93E08AFE92004C6625289305C13902645BE59ABFCEB9D0BA3FFB5A24B430118A830BD5382F001D5090127F0354B32BC61D74F1ACCCA1E14BB91BEA19F8F41E2517C8CE2CE300,0,54.096506,"114.251,119.842,112.421,125.360,128.077,110.578,114.576,121.417,127.517,126.494,121.289,111.015,123.300,120.004,111.396,112.595,115.933,119.353,123.825,123.174,131.167,120.099,124.631,124.395,114.182,112.762,119.806,137.075,117.738,117.569,126.489,116.350,128.571,119.794,126.852,117.299,124.965,120.937,140.012,126.042,124.252,133.802,124.923,120.067,121.225,114.646,122.373,118.660,122.445,123.951,115.212,118.754,111.381,122.477,121.507,120.233,118.453,136.554,117.090,116.921,125.091,119.460,120.517,119.310,110.833,115.984,111.462,119.418,118.491,123.399,112.565,117.926,110.869,121.943,116.223,110.619,115.420,116.477,115.546,115.231,117.353,121.436,124.071,112.571,118.919,112.225,117.527,124.005,121.243,126.452,115.965,118.309,111.056,110.263,121.181,127.199,121.203,138.667,125.126,126.759","8.469,8.465,8.476,8.475,8.484,8.465,8.519,8.473,8.425,8.475,8.554,8.368,8.483,8.483,8.458,8.557,8.426,8.461,8.533,8.493,8.432,8.469,8.476,8.477,8.467,8.478,8.471,8.484,8.463,8.429,8.555,8.521,8.423,8.318,8.473,8.483,8.423,8.423,8.474,8.355,8.486,8.539,8.545,8.467,8.473,8.409,8.512,8.465,8.354,8.537,8.424,8.483,8.484,8.545,8.506,8.471,8.537,8.510,8.545,8.553,8.475,8.485,8.475,8.486,8.466,8.465,8.493,8.555,8.481,8.479,8.367,8.474,8.485,8.552,8.535,8.407,8.395,8.486,8.423,8.503,8.479,8.467,8.463,8.464,8.483,8.555,8.419,8.426,8.465,8.547,8.544,8.473,8.534,8.413,8.546,8.536,8.477,8.448,8.474,8.476"
2026-06-26T14:18:10.699714+00:00,SQISign NIST Round 2 Submission,3,7,F1BCE1E129A1C28A12AA2DADE313B9DE16A30615D2CA50C309DB974C5D703901384525AAE89EDE9A4B7B1F31A9CD56A9A12C90D7542CB9681F80C1813CB6D70011,F1BCE1E129A1C28A12AA2DADE313B9DE16A30615D2CA50C309DB974C5D703901384525AAE89EDE9A4B7B1F31A9CD56A9A12C90D7542CB9681F80C1813CB6D700119B7BF802DCD107CFBD0E5FAE757E3FED540200000000000000000000000000003EC6AC326821BED58C58266DE74F3C8B67FBFFFFFFFFFFFFFFFFFFFFFFFFFFFF7566CC85C46A55DC4030A6FB834EDAD0E1FFFFFFFFFFFFFFFFFFFFFFFFFFFFFFFFFFFFFFFFFFFFFFFFFFFFFFFFFFFFFFFFFFFFFFFFFFFFFFFFFFFFFFFFFFFFFF00000000000000000000000000000000000000000000000000000000000000001BCA1FC2A9FB9E61F62FCA9D4EC21C8DE429F6953C06866BD55C4A050F6282008200E5F562029FE8A5D4626935E00D9F0A90C0EEF42C082BEFD6A6BD71098700F887614791973E9F688C58F458936A0563C474E59DA4D9AA54B9490C8F349000B964D7B5A58E6450EFAC86DCE91FF382B51E47F9E9456159AFE65477C9E17100,0,56.281984,"118.861,120.947,113.192,126.267,117.191,116.330,118.344,118.575,117.336,131.920,117.457,117.601,126.998,124.250,117.960,112.774,126.909,122.144,119.871,111.978,112.667,117.739,112.985,110.524,119.326,119.466,131.994,119.512,116.159,126.192,122.283,114.878,114.992,120.349,121.766,119.788,116.454,127.443,112.164,117.767,112.434,121.263,120.441,135.603,116.279,124.568,117.517,121.052,124.418,112.697,114.112,122.403,110.876,121.258,118.983,127.324,110.368,126.985,119.359,111.322,127.885,120.175,113.648,137.173,126.307,136.801,117.247,114.175,128.027,122.357,116.326,121.809,112.585,114.946,110.950,122.141,115.111,114.739,123.364,130.753,138.076,111.559,114.899,120.159,136.373,134.958,126.535,127.920,125.355,118.087,120.926,121.001,120.040,112.751,117.117,117.371,109.861,127.485,138.669,119.205","8.555,8.536,8.472,8.544,8.542,8.501,8.545,8.475,8.488,8.475,8.424,8.463,8.466,8.545,8.474,8.484,8.534,8.422,8.464,8.430,8.371,8.443,8.545,8.381,8.412,8.473,8.506,8.395,8.411,8.481,8.485,8.523,8.509,8.464,8.545,8.555,8.433,8.477,8.464,8.541,8.480,8.466,8.465,8.468,8.345,8.517,8.413,8.476,8.420,8.444,8.396,8.381,8.543,8.442,8.471,8.464,8.472,8.482,8.404,8.425,8.206,8.485,8.423,8.541,8.496,8.397,8.471,8.433,8.471,8.544,8.508,8.481,8.467,8.474,8.479,8.464,8.484,8.545,8.509,8.534,8.545,8.544,8.463,8.471,8.460,8.546,8.535,8.542,8.484,8.520,8.475,8.464,8.466,8.471,8.464,8.411,8.544,8.495,8.314,8.501"
2026-06-26T14:18:10.699714+00:00,SQISign NIST Round 2 Submission,3,8,1E98025377B158C59ACE589FC314865C257107BCDE73672BBD944DE0495DA50094C33AA2C95345BB867980E4AEDC88176FB7CD1F157493CF4A9BF0D77F347D0417,1E98025377B158C59ACE589FC314865C257107BCDE73672BBD944DE0495DA50094C33AA2C95345BB867980E4AEDC88176FB7CD1F157493CF4A9BF0D77F347D0417E1F842980F48500F54C20474FABCEE96F70000000000000000000000000000006C89A09679768BD33F8A5277E5FE127441FFFFFFFFFFFFFFFFFFFFFFFFFFFFFF9D8B99FC40B11E931CA71408C28C4D8526FEFFFFFFFFFFFFFFFFFFFFFFFFFFFFFFFFFFFFFFFFFFFFFFFFFFFFFFFFFFFFFFFFFFFFFFFFFFFFFFFFFFFFFFFFFFFF0000000000000000000000000000000000000000000000000000000000000000F1F93673C4C0CED38355036E4063ABFADF90624B8B62A0D7E60729423F925600C82C13EBD07A2ACAC1D915153BEBD9C2638972E56790B55710D3582BC84860000472178C623CF4A456543683C6A572B3B0F03156301114061FD12D279421CB000700EBAF3744686A6E8ED95539347906AE15DBD459059A577FADE4555E255600,0,51.011688,"119.492,120.358,121.605,121.178,130.296,120.330,116.655,115.155,119.491,125.062,173.487,114.442,125.371,126.673,132.833,123.520,117.177,117.532,130.040,112.385,124.117,117.597,118.735,111.399,123.683,127.707,114.637,124.792,126.793,113.576,126.204,128.857,119.940,117.878,121.422,112.464,119.425,110.099,123.731,133.452,117.932,117.919,123.071,122.298,119.344,117.937,115.272,118.350,112.038,119.276,118.975,125.416,124.146,120.343,129.264,118.280,114.695,113.372,112.684,121.605,121.050,116.755,129.403,113.375,122.353,128.644,113.600,115.990,113.089,118.061,125.655,125.200,120.552,116.417,116.693,116.568,120.248,119.728,114.201,122.347,122.509,116.829,120.775,123.899,120.215,122.872,134.960,118.315,119.319,116.787,120.327,120.599,131.646,110.355,114.287,127.346,121.236,124.941,120.430,131.104","8.519,8.481,8.545,8.429,8.471,8.485,8.480,8.452,8.536,8.469,8.480,8.421,8.554,8.464,8.543,8.433,8.469,8.473,8.482,8.534,8.343,8.367,8.326,8.385,8.520,8.512,8.497,8.515,8.288,8.474,8.545,8.484,8.444,8.374,8.414,8.496,8.418,8.471,8.473,8.548,8.545,8.513,8.283,8.507,8.471,8.444,8.358,8.548,8.547,8.455,8.465,8.483,8.554,8.474,8.493,8.440,8.416,8.323,8.493,8.539,8.497,8.360,8.372,8.394,8.502,8.464,8.462,8.546,8.547,8.487,8.368,8.476,8.410,8.422,8.466,8.474,8.509,8.421,8.500,8.509,8.486,8.452,8.507,8.420,8.451,8.485,8.549,8.474,8.544,8.486,8.482,8.514,8.454,8.424,8.474,8.472,8.418,8.472,8.510,8.475"
2026-06-26T14:18:10.699714+00:00,SQISign NIST Round 2 Submission,3,9,D149C052AD5FE08A54536F0DABF990EF2C78CC51B52EEAAAA821830786E74F0359CD6FBB8E49BDC0F5C47D5F1B68D2324B9271D845A3678AE221EC8F5ECCA00011,D149C052AD5FE08A54536F0DABF990EF2C78CC51B52EEAAAA821830786E74F0359CD6FBB8E49BDC0F5C47D5F1B68D2324B9271D845A3678AE221EC8F5ECCA00011AD78DDCA4413E0A138AF71370F21AF5C3F0200000000000000000000000000008A3633347EA187423FF2BBDA6E91BA3F3EFDFFFFFFFFFFFFFFFFFFFFFFFFFFFFC7F584A472CAFB91E935E739F68EA43DD5FEFFFFFFFFFFFFFFFFFFFFFFFFFFFFFFFFFFFFFFFFFFFFFFFFFFFFFFFFFFFFFFFFFFFFFFFFFFFFFFFFFFFFFFFFFFFF0000000000000000000000000000000000000000000000000000000000000000953E8995776531E8869A50AD5B9E9CB7ED4A4A7AC6ED8D717A9A84BB68E68100125B574C1F348E463155C9A2716CCB548ACABCD1CA837AC24A2DDF5563377F006AE311855AA08B3817B13E5043ED0022C0047FF6798C3F5AB0ADC915780D3300DFF65C847621E0DD2C6F05214E1E77E65214DFAFDA9753E11A50A760D8E30500,0,51.342658,"118.564,111.823,126.958,121.225,116.233,125.263,118.812,111.183,115.487,120.201,113.925,113.251,112.988,136.825,123.684,138.099,136.579,113.723,114.505,117.515,123.790,113.220,109.407,140.032,119.688,118.006,120.805,121.458,130.817,136.495,123.595,122.888,121.347,117.334,121.336,114.244,124.221,126.824,114.280,113.231,115.918,121.895,120.042,119.363,109.669,122.548,121.056,117.792,125.465,128.509,124.054,119.160,119.751,120.407,119.902,114.674,126.166,134.342,116.743,114.025,115.127,118.650,115.639,129.808,122.706,135.408,114.288,116.737,112.425,123.954,118.117,117.877,122.535,115.330,115.589,125.964,119.635,138.544,114.782,116.839,114.139,107.328,121.276,117.427,114.934,115.916,118.053,124.001,129.114,122.111,119.784,118.803,134.592,118.641,122.750,116.034,124.465,119.789,125.705,122.346","8.492,8.558,8.466,8.463,8.476,8.423,8.483,8.466,8.476,8.472,8.485,8.466,8.547,8.466,8.464,8.430,8.473,8.512,8.533,8.453,8.343,8.462,8.450,8.465,8.251,8.508,8.549,8.555,8.462,8.465,8.556,8.474,8.484,8.500,8.428,8.484,8.473,8.408,8.346,8.547,8.500,8.474,8.457,8.475,8.463,8.428,8.544,8.547,8.481,8.484,8.512,8.493,8.512,8.547,8.495,8.477,8.488,8.466,8.421,8.464,8.483,8.520,8.466,8.470,8.534,8.484,8.424,8.428,8.520,8.474,8.471,8.535,8.503,8.477,8.474,8.475,8.536,8.356,8.468,8.538,8.536,8.536,8.535,8.473,8.465,8.534,8.532,8.483,8.537,8.501,8.475,8.546,8.480,8.430,8.464,8.422,8.463,8.520,8.449,8.502"
2026-06-26T14:19:03.770598+00:00,SQISign NIST Round 2 Submission,4,0,B938CFA8486640945DB3A027000236552DDB5D043E8212B8FACB79204510B40298D3CB35188F77EB2F61A046A91ED60BDFF7DD2A2EE6B8070FADB97BC789DE0211,B938CFA8486640945DB3A027000236552DDB5D043E8212B8FACB79204510B40298D3CB35188F77EB2F61A046A91ED60BDFF7DD2A2EE6B8070FADB97BC789DE021135B713D3E7C2C1BB42A9A1181E39AB5F5D010000000000000000000000000000F288E39E959961F19FFF757D3293EDA446FEFFFFFFFFFFFFFFFFFFFFFFFFFFFFCDAA28F10AD2F576AAB0991F16A6DD3ED1FDFFFFFFFFFFFFFFFFFFFFFFFFFFFFFFFFFFFFFFFFFFFFFFFFFFFFFFFFFFFFFFFFFFFFFFFFFFFFFFFFFFFFFFFFFFFF000000000000000000000000000000000000000000000000000000000000000065B0D65BAD3C0ECA0E7B300405A0D26EAED361AF7F5331A1500B63F9F48099006FE70D8687DD624F512FC9341C27A6833BA1AD865E8B81B4E6211A14F399150020CFDDDB3BE4FDE3983FE07A2F7CFE6247CEBC3A680A461F759975522F4A640043D1B54CD662391BDFF893F0B6D846CFFC5AD21EB7C1F180FA0665291F31FF00,0,51.534783,"122.552,119.346,124.918,124.561,117.742,119.873,120.864,119.037,112.351,108.729,135.252,128.176,116.643,116.724,121.018,130.220,128.137,150.107,125.630,115.451,128.868,112.270,122.902,122.356,122.601,113.902,118.979,117.906,116.791,128.068,122.761,131.791,122.918,117.933,111.889,124.061,117.146,127.206,114.251,126.796,115.055,115.204,124.269,115.273,113.774,123.383,125.033,113.039,118.316,107.424,119.327,112.398,120.190,114.141,120.349,122.809,123.214,126.293,120.626,121.302,116.374,115.963,117.046,114.149,118.670,131.568,115.783,120.773,114.402,121.931,111.567,121.897,116.816,131.178,127.803,121.237,123.087,123.383,108.990,127.689,118.370,125.721,128.278,121.410,131.857,128.765,123.328,126.811,123.836,126.690,113.663,117.437,135.787,121.718,117.705,121.942,116.341,115.799,110.411,124.416","8.558,8.485,8.557,8.472,8.411,8.359,8.475,8.474,8.420,8.467,8.485,8.558,8.464,8.465,8.475,8.541,8.555,8.497,8.544,8.496,8.556,8.473,8.496,8.520,8.512,8.422,8.536,8.474,8.469,8.485,8.374,8.324,8.543,8.537,8.536,8.560,8.416,8.558,8.437,8.554,8.495,8.431,8.465,8.549,8.549,8.481,8.465,8.481,8.485,8.476,8.345,8.497,8.471,8.474,8.545,8.421,8.431,8.436,8.475,8.476,8.547,8.421,8.522,8.497,8.544,8.429,8.494,8.548,8.374,8.496,8.483,8.477,8.477,8.369,8.515,8.468,8.423,8.520,8.358,8.463,8.386,8.546,8.477,8.521,8.476,8.505,8.547,8.443,8.474,8.554,8.485,8.472,8.380,8.476,8.485,8.424,8.474,8.549,8.547,8.477"
2026-06-26T14:19:03.770598+00:00,SQISign NIST Round 2 Submission,4,1,5FCC01D619F1C265F80835BB7DF8AB8C7A77CE903BEBA89D99900D109B09FD027A409CDEFAA6FF468A6CFBD7FDE01E9BC11A3A0803449BB2B061323D7FB4790111,5FCC01D619F1C265F80835BB7DF8AB8C7A77CE903BEBA89D99900D109B09FD027A409CDEFAA6FF468A6CFBD7FDE01E9BC11A3A0803449BB2B061323D7FB4790111EB2B620D057A69CF4EE225C855E7180594000000000000000000000000000000F2FEB510CF2AB2042A37EB27356505D0BAFFFFFFFFFFFFFFFFFFFFFFFFFFFFFFB5528B7D15CB37FF6A984064C4D6FD6910FFFFFFFFFFFFFFFFFFFFFFFFFFFFFFFFFFFFFFFFFFFFFFFFFFFFFFFFFFFFFFFFFFFFFFFFFFFFFFFFFFFFFFFFFFFFFF0000000000000000000000000000000000000000000000000000000000000000A1CC58D6F76E745EF47B3B2342333E6EA9F771D3DEF4B72E895A0F62D40A85003820C8D39B362AB55A46734F28BAD0FDF5DB2AF2A90DBC5613054A10455C7C00B8FC8D963F07530B04E27396105BB70E4C86834096BF5870E8A9A737259E3000E18E641DD42A81AEDC4E6FB75921257043CE5E956E6493E82D16DDCE8E3BA200,0,49.837894,"133.450,118.259,131.298,116.294,123.800,117.631,113.578,131.169,122.423,117.653,119.830,115.144,122.090,110.710,118.755,126.439,121.461,123.010,121.421,122.814,128.776,109.902,113.690,116.043,116.509,119.479,128.448,124.659,124.249,120.132,123.406,126.120,134.718,117.236,121.430,114.111,114.725,131.079,121.039,123.189,113.182,117.928,111.142,128.870,112.529,130.578,115.717,128.323,117.749,113.849,128.674,114.865,126.806,123.299,113.785,122.005,124.859,122.391,117.418,117.982,124.376,116.605,115.197,132.656,117.389,131.454,119.936,108.438,117.730,120.474,117.651,116.489,117.832,127.844,115.678,121.169,112.729,119.525,123.804,129.318,125.667,121.521,147.256,114.974,126.667,121.395,116.262,122.440,125.363,113.174,129.270,123.846,126.925,125.136,119.050,118.316,120.174,113.706,122.757,124.742","8.499,8.446,8.396,8.486,8.474,8.446,8.426,8.483,8.548,8.502,8.471,8.511,8.473,8.484,8.554,8.522,8.421,8.543,8.345,8.473,8.464,8.412,8.369,8.383,8.488,8.542,8.538,8.472,8.476,8.494,8.476,8.477,8.477,8.483,8.485,8.433,8.431,8.412,8.477,8.444,8.513,8.473,8.486,8.485,8.488,8.476,8.465,8.546,8.423,8.333,8.496,8.554,8.476,8.465,8.483,8.485,8.425,8.505,8.414,8.467,8.539,8.494,8.480,8.557,8.548,8.548,8.483,8.560,8.549,8.550,8.374,8.547,8.489,8.446,8.503,8.475,8.466,8.551,8.465,8.479,8.468,8.499,8.475,8.476,8.476,8.553,8.466,8.475,8.546,8.319,8.433,8.442,8.466,8.488,8.411,8.549,8.412,8.477,8.499,8.555"
2026-06-26T14:19:03.770598+00:00,SQISign NIST Round 2 Submission,4,2,0E94EA66A986779FFB8A4340DCBA6CD24E9236D9D7264D3CDD9BA1A0BF2F4403EC773EABF411858644A5D9ED0EDD1F9CC1EBCC34C2A32BEF56E70E02013D8D0219,0E94EA66A986779FFB8A4340DCBA6CD24E9236D9D7264D3CDD9BA1A0BF2F4403EC773EABF411858644A5D9ED0EDD1F9CC1EBCC34C2A32BEF56E70E02013D8D0219F55E5B14F0CE48F8DCB170EE2EB003B7FE01000000000000000000000000000056F0B7A1D0EF5A00AB2BE8FEFA6CF14863FFFFFFFFFFFFFFFFFFFFFFFFFFFFFFA31A1C29C538CBC2B46CC26CE31062412EFDFFFFFFFFFFFFFFFFFFFFFFFFFFFFFFFFFFFFFFFFFFFFFFFFFFFFFFFFFFFFFFFFFFFFFFFFFFFFFFFFFFFFFFFFFFFF00000000000000000000000000000000000000000000000000000000000000005272957E4406B727AB69EE086A91AD3C0418C0F4DB5FEC75D945AB8E59675200771FD846698EB12C9077DF14640CC54294A23BE68DFFCE9380F07C81A2399C00DFBB77DB7EEF5D2439A11E80D6356D6FF61BE4D08A67F1D1A61898B62D65E500E7E776D38B94D0F6A5A11C41F7D97C6702517C6753626529E3B0431B9F75AD00,0,50.189454,"118.774,123.461,121.026,116.392,121.312,121.520,117.396,108.943,116.749,114.610,121.246,119.006,126.612,115.088,120.169,116.559,114.460,118.687,122.960,132.718,124.929,115.798,118.068,116.715,131.861,128.720,115.302,116.514,124.578,123.753,126.911,119.226,116.497,119.844,135.000,117.659,109.985,113.858,109.399,121.333,115.357,115.303,127.019,123.112,113.031,125.244,126.022,114.074,117.840,115.719,117.000,117.715,122.194,141.326,119.047,113.014,117.735,119.944,126.441,130.904,118.339,114.719,112.463,136.138,112.892,118.777,121.228,125.555,117.599,124.107,109.330,119.884,121.281,113.833,116.834,134.793,116.093,119.623,119.801,126.795,123.599,121.638,130.005,121.459,128.445,114.878,125.328,116.414,116.917,117.713,124.188,139.844,112.812,116.461,128.746,124.307,113.840,131.693,124.026,122.605","8.477,8.450,8.555,8.494,8.535,8.420,8.477,8.554,8.434,8.509,8.545,8.476,8.471,8.544,8.547,8.546,8.474,8.465,8.473,8.524,8.465,8.466,8.464,8.472,8.475,8.537,8.460,8.479,8.557,8.457,8.376,8.485,8.484,8.485,8.494,8.475,8.479,8.467,8.515,8.482,8.378,8.474,8.513,8.543,8.550,8.556,8.545,8.476,8.412,8.475,8.447,8.473,8.510,8.466,8.474,8.459,8.432,8.440,8.535,8.484,8.551,8.500,8.484,8.513,8.502,8.547,8.431,8.545,8.463,8.501,8.513,8.363,8.469,8.476,8.555,8.522,8.482,8.225,8.435,8.465,8.484,8.556,8.361,8.465,8.446,8.483,8.474,8.476,8.531,8.472,8.463,8.418,8.542,8.495,8.475,8.535,8.544,8.415,8.422,8.512"
2026-06-26T14:19:03.770598+00:00,SQISign NIST Round 2 Submission,4,3,6D91E143DA98195697D574B5BCD3961BC4CD92709A740D47CEA9104F688E6A03943322D9480E64B7496BA1BCDDED3DC07A0117883B1272A24E0C98291F842C0011,6D91E143DA98195697D574B5BCD3961BC4CD92709A740D47CEA9104F688E6A03943322D9480E64B7496BA1BCDDED3DC07A0117883B1272A24E0C98291F842C00117373C53F06FAFB366C89CA003F087295B3030000000000000000000000000000B0646833297BF01093F3A3AAB3617950CFFBFFFFFFFFFFFFFFFFFFFFFFFFFFFF95CDB12C49B33B5345469F77CBB716389DFAFFFFFFFFFFFFFFFFFFFFFFFFFFFFFFFFFFFFFFFFFFFFFFFFFFFFFFFFFFFFFFFFFFFFFFFFFFFFFFFFFFFFFFFFFFFF0000000000000000000000000000000000000000000000000000000000000000EEB6B4720FE39110B8D267E3812B6453059BAF00FC6F855E3CD9FD59E3B467002F6638E6C9DBC7E59DFC5B105E9888C225D09DD17E64391EF2AE620808E527008B82CD419CD893A2ECD4F9FEF7EF2046993DF573F305FD07F29359878AE2560042400FE1324F3F619554074246B3EF30916F41D4F6D2C3E3621D8328F22C5000,0,58.28522,"126.951,123.984,119.373,123.306,135.388,120.013,118.600,123.437,116.760,111.841,114.991,127.858,116.747,121.771,118.992,114.428,116.066,122.825,109.980,120.776,117.944,113.794,111.451,123.954,124.881,119.373,119.202,119.295,125.075,115.696,137.789,114.809,119.029,125.401,121.528,123.314,115.664,121.096,117.148,123.276,118.807,132.859,117.423,124.025,133.000,118.482,123.870,115.584,121.081,112.875,114.380,122.485,121.061,129.091,116.306,114.537,141.490,113.128,113.327,124.282,121.994,114.012,130.377,123.777,113.348,119.880,124.674,116.857,123.289,123.092,111.696,125.937,116.995,120.238,113.003,122.403,117.101,117.027,120.544,126.642,118.969,118.012,128.530,129.338,119.003,160.328,116.145,110.978,124.529,111.327,142.517,127.413,113.260,114.981,117.217,115.244,128.151,125.687,121.789,119.188","8.469,8.502,8.504,8.512,8.538,8.477,8.473,8.475,8.458,8.448,8.485,8.483,8.498,8.427,8.421,8.467,8.483,8.543,8.474,8.411,8.482,8.472,8.468,8.505,8.392,8.504,8.549,8.548,8.468,8.514,8.434,8.498,8.555,8.446,8.523,8.467,8.560,8.490,8.463,8.365,8.527,8.420,8.523,8.474,8.482,8.483,8.490,8.467,8.506,8.404,8.433,8.562,8.558,8.412,8.472,8.428,8.436,8.481,8.386,8.510,8.482,8.556,8.484,8.527,8.515,8.445,8.489,8.563,8.374,8.490,8.481,8.435,8.500,8.481,8.483,8.478,8.424,8.466,8.468,8.549,8.510,8.479,8.504,8.368,8.470,8.480,8.497,8.480,8.475,8.467,8.488,8.462,8.468,8.475,8.557,8.421,8.484,8.513,8.378,8.487"
2026-06-26T14:19:03.770598+00:00,SQISign NIST Round 2 Submission,4,4,9BFD87E14458348CCB5683B8B98CA38BFE1C0F8BF2498746C2E6A0B270D32C04434BDDC7DCD225DDA37C9206419CA8599DA16085BFC127A0D539C74541300D0202,9BFD87E14458348CCB5683B8B98CA38BFE1C0F8BF2498746C2E6A0B270D32C04434BDDC7DCD225DDA37C9206419CA8599DA16085BFC127A0D539C74541300D0202051CCA419008414CFAF1D719E92500435E010000000000000000000000000000C40884CF56A857444D98A9117B210CA48FFEFFFFFFFFFFFFFFFFFFFFFFFFFFFFE99F17363DFB9467E53D9B814EB9FACF6BFEFFFFFFFFFFFFFFFFFFFFFFFFFFFFFFFFFFFFFFFFFFFFFFFFFFFFFFFFFFFFFFFFFFFFFFFFFFFFFFFFFFFFFFFFFFFF0000000000000000000000000000000000000000000000000000000000000000305164B39F7283F988D998F3403C10F0693BA120F7BC16698BFAF63BEAF9B9001F3A1ABCA63615F2D19E0B509C80C4F341AF9394EFF92CC30F6D5CDA7CA1D9000F156E8CE03827969450A0CE6F248EA38CD3F36B558C3414B563DDF9F62C46005CED61AA35164DFD4705F79A24FD701B585A15AEDC49CB296CA5CCA63CC93100,0,50.830507,"124.286,129.430,110.047,123.294,121.836,119.776,114.397,121.999,122.108,125.573,127.518,119.287,128.572,117.119,121.572,120.369,124.855,120.403,131.778,118.501,121.024,115.738,122.412,124.973,126.839,112.162,113.701,133.783,111.719,114.067,108.591,115.516,125.387,117.118,118.288,114.020,116.795,117.792,121.360,130.221,117.394,111.640,117.770,118.644,114.256,110.507,120.462,118.839,114.065,120.433,119.081,117.605,117.170,118.755,125.604,134.516,122.736,139.180,127.522,113.890,117.243,126.244,115.285,117.701,114.481,129.437,111.766,129.956,114.756,114.169,122.318,125.857,126.102,121.338,130.710,111.687,142.927,110.014,124.956,117.384,115.393,113.365,119.099,125.354,113.341,113.987,123.458,128.421,123.106,117.010,111.298,125.936,112.925,118.354,113.979,121.030,115.647,152.497,121.590,123.054","8.484,8.381,8.547,8.465,8.478,8.462,8.469,8.530,8.458,8.317,8.540,8.473,8.445,8.465,8.387,8.496,8.550,8.442,8.547,8.468,8.404,8.442,8.466,8.538,8.419,8.537,8.474,8.468,8.467,8.549,8.434,8.464,8.471,8.469,8.546,8.475,8.474,8.410,8.549,8.473,8.458,8.457,8.540,8.536,8.466,8.405,8.450,8.464,8.425,8.538,8.493,8.415,8.466,8.537,8.468,8.411,8.477,8.502,8.538,8.414,8.468,8.375,8.462,8.463,8.415,8.458,8.406,8.488,8.545,8.477,8.505,8.546,8.478,8.465,8.480,8.465,8.463,8.504,8.477,8.506,8.528,8.408,8.478,8.515,8.481,8.528,8.503,8.478,8.547,8.464,8.467,8.472,8.536,8.549,8.468,8.451,8.515,8.403,8.468,8.455"
2026-06-26T14:19:03.770598+00:00,SQISign NIST Round 2 Submission,4,5,783FC090BBFD5AF159A0AA3CE1C9EDC213EE06852CF2370AD33B45E146BF3A0399F0F6C8EFA3C87EB9C4A8764A20451F92F0DD55EC1A564CB29C4DBCDF7620000B,783FC090BBFD5AF159A0AA3CE1C9EDC213EE06852CF2370AD33B45E146BF3A0399F0F6C8EFA3C87EB9C4A8764A20451F92F0DD55EC1A564CB29C4DBCDF7620000B93C6CF7D706D45752ADC5F2F9F30E1D70C0200000000000000000000000000004466CF510D3E0EB51A8039AD491D9D4944FFFFFFFFFFFFFFFFFFFFFFFFFFFFFFC5F43552F7739785C50FFB51BEB22347EDFDFFFFFFFFFFFFFFFFFFFFFFFFFFFFFFFFFFFFFFFFFFFFFFFFFFFFFFFFFFFFFFFFFFFFFFFFFFFFFFFFFFFFFFFFFFFF00000000000000000000000000000000000000000000000000000000000000003CBA55ACD8C1F1A03F2E644A4C49577FB50C7F970F0FEA4702671549B8EE6E00AD1706B06E0E365DBF2FB74D543C0DABA63293178B25514E214AD69D16C7FA00E770FABB864DABA7B035071DFC6DFEBA1F9B418E1129D5394C1A58B40C40DD003406610DCD262645F0FC478290CF8377B2616215E2979193EC047DFCEC5B9000,0,49.552957,"132.699,112.085,115.775,132.713,127.124,113.899,139.298,129.077,116.092,111.585,117.752,130.871,140.262,119.775,131.799,123.850,114.467,124.757,125.713,121.865,126.234,123.736,124.889,119.269,114.666,114.056,130.114,112.298,147.243,114.947,113.396,117.868,112.849,121.742,118.091,112.163,120.336,122.564,113.044,148.441,112.523,118.845,114.654,119.201,129.755,117.694,116.058,117.079,124.051,127.367,126.697,117.374,124.857,111.149,115.433,120.036,125.619,119.939,124.622,122.504,116.705,128.218,124.572,115.734,135.280,124.433,109.044,120.932,121.820,114.689,134.371,118.083,110.059,114.011,133.437,117.207,118.984,113.370,118.229,116.979,123.367,128.392,111.883,109.520,117.895,116.696,136.064,111.533,118.768,124.636,123.228,123.195,131.046,116.889,119.848,125.387,117.399,112.687,120.548,123.616","8.482,8.458,8.521,8.413,8.473,8.557,8.512,8.545,8.542,8.485,8.477,8.476,8.485,8.520,8.533,8.477,8.544,8.536,8.437,8.486,8.411,8.547,8.474,8.463,8.485,8.462,8.464,8.435,8.544,8.483,8.474,8.552,8.475,8.534,8.545,8.475,8.555,8.496,8.472,8.543,8.477,8.545,8.501,8.470,8.466,8.511,8.534,8.444,8.475,8.546,8.418,8.378,8.512,8.534,8.381,8.468,8.503,8.548,8.536,8.462,8.422,8.478,8.487,8.374,8.511,8.476,8.483,8.510,8.462,8.487,8.428,8.461,8.464,8.424,8.489,8.537,8.474,8.513,8.489,8.476,8.546,8.459,8.466,8.464,8.423,8.371,8.463,8.483,8.508,8.474,8.473,8.476,8.474,8.486,8.557,8.463,8.435,8.546,8.464,8.500"
2026-06-26T14:19:03.770598+00:00,SQISign NIST Round 2 Submission,4,6,CD0A8323F3F1EAED58043DF80671B81ECD9AFD2D47A5E30757DB69ECE35C580208348C190D4C423B7F6BAD2824267D0F64F7278CCC1A7F11C9097EE0469DFD0004,CD0A8323F3F1EAED58043DF80671B81ECD9AFD2D47A5E30757DB69ECE35C580208348C190D4C423B7F6BAD2824267D0F64F7278CCC1A7F11C9097EE0469DFD0004F74B0E668A706D8E12AA47A42ECF7BE8BA02000000000000000000000000000068BD84183BA228655630D321271F221930FFFFFFFFFFFFFFFFFFFFFFFFFFFFFF8B834CC6910FCE73A9494B851839DC6EA3FBFFFFFFFFFFFFFFFFFFFFFFFFFFFFFFFFFFFFFFFFFFFFFFFFFFFFFFFFFFFFFFFFFFFFFFFFFFFFFFFFFFFFFFFFFFFF0000000000000000000000000000000000000000000000000000000000000000E38A4D5C761066B82943EA410679BA85684F85E752C55EC686F846F8F8C20D00B3F2993A543AB4976F0EE576DD72EDD2491D7FE773FAE88AA8D30621D55F840041DFB55D332F8ED01B7FBC0B80775643A09E328477B36EC1573D838E9C893E00FE7C4D310D30DA3B4C060E6A14DBAE93B608BBEB4514FF6315194ACCE50A5E00,0,51.717944,"121.654,128.186,123.335,114.409,123.673,112.913,115.808,129.427,117.632,123.783,121.778,127.265,133.024,109.599,121.631,125.244,115.914,114.568,124.814,124.668,113.194,125.285,122.720,146.031,118.601,121.808,111.398,115.959,116.489,132.151,113.088,121.195,115.266,117.390,114.675,125.229,116.840,119.290,116.679,130.779,121.731,145.900,124.919,114.190,114.851,131.916,124.282,124.076,123.010,131.301,132.672,119.125,123.453,121.723,120.933,125.797,117.942,119.530,119.693,115.612,116.072,119.857,137.235,117.666,119.425,120.607,111.976,112.239,130.178,131.219,113.560,118.185,113.220,112.945,120.842,116.398,125.759,120.346,119.109,135.213,120.440,135.837,115.762,123.715,120.703,120.353,118.503,117.001,117.471,122.105,115.100,128.656,121.228,119.407,115.278,118.781,132.106,114.644,116.796,113.862","8.367,8.404,8.482,8.492,8.535,8.429,8.525,8.500,8.414,8.460,8.491,8.492,8.449,8.546,8.535,8.469,8.260,8.395,8.511,8.526,8.466,8.462,8.420,8.525,8.502,8.463,8.465,8.509,8.380,8.465,8.537,8.544,8.466,8.439,8.432,8.244,8.534,8.466,8.533,8.544,8.475,8.466,8.484,8.463,8.527,8.539,8.534,8.454,8.460,8.400,8.462,8.535,8.458,8.456,8.474,8.537,8.527,8.415,8.411,8.529,8.374,8.493,8.477,8.423,8.438,8.345,8.473,8.435,8.474,8.542,8.449,8.454,8.500,8.474,8.471,8.446,8.474,8.532,8.474,8.527,8.501,8.473,8.441,8.505,8.454,8.466,8.536,8.465,8.454,8.473,8.545,8.476,8.474,8.466,8.463,8.468,8.510,8.404,8.535,8.533"
2026-06-26T14:19:03.770598+00:00,SQISign NIST Round 2 Submission,4,7,BAE845620F0F6B0113ABDCC5D67220196DC4AA7D1742AE1000782E3EE1BE9A032E2C9F265471097FFFE041F6FE9B70270A57F7E8AF9070D70EDB61EF3CD671040B,BAE845620F0F6B0113ABDCC5D67220196DC4AA7D1742AE1000782E3EE1BE9A032E2C9F265471097FFFE041F6FE9B70270A57F7E8AF9070D70EDB61EF3CD671040B59C392799BAEBD5CA3C9673639305730D1030000000000000000000000000000860BD030B69AF579C7DFF93DE6C788FF9FFEFFFFFFFFFFFFFFFFFFFFFFFFFFFFDD12293A37D1A500F23F1FEA69D27A2F69F8FFFFFFFFFFFFFFFFFFFFFFFFFFFFFFFFFFFFFFFFFFFFFFFFFFFFFFFFFFFFFFFFFFFFFFFFFFFFFFFFFFFFFFFFFFFF00000000000000000000000000000000000000000000000000000000000000008379C2EB51AC84B5898301AB746380540645E02384FF4C7F8E5A586E14C8CE007B4BF9B23CD1D2E4492A576104776889196A59434C9943F5C5B49E658735B2009C9630A2C97654A5C19DD65BFEB9DAA90D03A4CAB99C121424D3744C3D9945005B0B54E2875823697736D9036217324A1DC13B7BDA91890229A036A5FA580200,0,58.060319,"110.511,123.846,126.763,119.877,111.442,111.797,112.196,125.426,121.155,121.364,117.547,115.109,123.504,115.113,123.509,128.406,131.143,136.123,113.686,126.380,113.820,124.770,116.405,123.956,107.954,120.344,114.740,121.794,122.761,124.887,126.130,139.522,124.227,122.549,135.022,117.416,119.406,122.634,119.867,118.940,134.721,119.815,132.105,119.483,116.811,117.655,125.243,119.109,113.318,121.995,115.104,113.263,113.850,113.457,127.110,110.679,118.824,131.819,116.430,125.125,131.530,121.482,116.351,122.612,125.815,119.418,115.444,136.404,120.606,117.911,123.567,116.031,124.437,115.209,114.547,114.324,123.112,122.464,127.757,125.696,117.897,129.825,113.969,127.181,133.408,121.575,115.604,141.357,117.324,110.961,119.472,125.850,124.321,111.016,118.390,149.835,129.359,118.089,119.129,117.052","8.564,8.466,8.386,8.474,8.361,8.473,8.505,8.432,8.438,8.451,8.472,8.503,8.484,8.475,8.543,8.463,8.369,8.474,8.474,8.506,8.518,8.475,8.360,8.464,8.410,8.419,8.557,8.483,8.411,8.545,8.511,8.421,8.434,8.495,8.474,8.429,8.533,8.483,8.482,8.544,8.547,8.539,8.532,8.463,8.430,8.470,8.270,8.472,8.510,8.467,8.462,8.408,8.471,8.484,8.545,8.474,8.420,8.483,8.475,8.327,8.485,8.547,8.535,8.553,8.474,8.469,8.536,8.419,8.468,8.432,8.550,8.512,8.473,8.475,8.409,8.554,8.557,8.474,8.472,8.436,8.500,8.444,8.474,8.537,8.481,8.420,8.422,8.554,8.459,8.484,8.512,8.502,8.547,8.430,8.420,8.475,8.531,8.536,8.502,8.496"
2026-06-26T14:19:03.770598+00:00,SQISign NIST Round 2 Submission,4,8,4913C305B82E2182B8855D9C463B05A6021171DB608471BF4F993BDC7FFB5900169113DADE616F6AB2E2E3C7092FC071B1772DC420BE6F3F31FDC499BBFC510308,4913C305B82E2182B8855D9C463B05A6021171DB608471BF4F993BDC7FFB5900169113DADE616F6AB2E2E3C7092FC071B1772DC420BE6F3F31FDC499BBFC510308E3048984404D9CF2C0D4B64CF7A4866DE0020000000000000000000000000000FA4B718CA39E296C13D14C93656B0C2CD3FAFFFFFFFFFFFFFFFFFFFFFFFFFFFF61428F75CFE3549EEE5B1DFE41EE17393EFCFFFFFFFFFFFFFFFFFFFFFFFFFFFFFFFFFFFFFFFFFFFFFFFFFFFFFFFFFFFFFFFFFFFFFFFFFFFFFFFFFFFFFFFFFFFF00000000000000000000000000000000000000000000000000000000000000007DC2F60986F8FC6C72DDFAA29BB905BADF0C030C57C50A3F72AF5B63AEC1BE00525065A90E9240527DF0B7ECBEE06CB8033E3BC1225E6B018D5B12370EED1500C581F5E75D07E71A446D575775C8BCB8F83D51CC92025A5705AFA401341881003F5BFA9DFBBCA5934254050D11E94E6B20437AC3F230B3A4CB9242E336ACCC00,0,55.448177,"111.075,121.140,130.967,117.037,118.022,119.357,123.629,123.155,132.364,125.226,120.926,118.202,118.167,119.973,128.915,122.100,122.038,121.028,146.421,119.108,115.111,126.872,111.435,116.954,127.704,126.217,130.240,119.357,113.455,123.027,120.492,121.592,122.947,123.647,118.648,132.193,117.068,122.282,133.057,116.149,125.274,129.444,115.743,128.365,117.233,125.981,112.236,123.813,118.278,112.145,124.543,128.203,125.550,114.888,114.560,125.999,132.380,126.509,120.583,125.177,121.045,120.694,127.504,121.942,123.092,119.273,119.555,120.112,122.005,124.499,120.113,122.746,124.334,117.723,116.022,126.869,117.945,124.299,118.106,120.062,116.157,126.290,120.014,113.231,111.272,125.803,118.925,133.495,112.594,125.153,112.050,117.876,113.941,126.520,119.434,129.003,122.440,126.850,116.221,117.838","8.369,8.465,8.400,8.534,8.478,8.482,8.448,8.463,8.475,8.448,8.465,8.424,8.528,8.454,8.545,8.495,8.464,8.463,8.499,8.465,8.535,8.547,8.474,8.453,8.466,8.541,8.475,8.221,8.465,8.473,8.464,8.462,8.526,8.265,8.469,8.488,8.256,8.436,8.547,8.361,8.533,8.501,8.526,8.355,8.472,8.466,8.537,8.456,8.459,8.294,8.510,8.470,8.460,8.463,8.358,8.439,8.513,8.449,8.412,8.546,8.531,8.423,8.547,8.462,8.528,8.448,8.458,8.456,8.537,8.534,8.393,8.492,8.502,8.404,8.465,8.335,8.404,8.474,8.412,8.476,8.502,8.534,8.401,8.514,8.538,8.525,8.532,8.456,8.465,8.470,8.451,8.454,8.494,8.459,8.524,8.461,8.548,8.402,8.472,8.501"
2026-06-26T14:19:03.770598+00:00,SQISign NIST Round 2 Submission,4,9,E3F03D1B339DAAF3DE20131EEA5024FADDB6979086B1F59A8036B3C377515302F66F0EA9ADEC7BB3AA073AA3103A097E2362890CED00C4051E49DAA2F2F16E0311,E3F03D1B339DAAF3DE20131EEA5024FADDB6979086B1F59A8036B3C377515302F66F0EA9ADEC7BB3AA073AA3103A097E2362890CED00C4051E49DAA2F2F16E03113F26927338810F7AA0E40D806A2A1E7D81010000000000000000000000000000AE6E3736F7F5915E08B58CF172E3399F78FDFFFFFFFFFFFFFFFFFFFFFFFFFFFFF5C3DEA25BC593141A3DB53213EB43E35EFFFFFFFFFFFFFFFFFFFFFFFFFFFFFFFFFFFFFFFFFFFFFFFFFFFFFFFFFFFFFFFFFFFFFFFFFFFFFFFFFFFFFFFFFFFFFF0000000000000000000000000000000000000000000000000000000000000000D77AB0B66B4A5FABB2D397823B6854E2B469DD6368662FFA0F52F0ABB97B82007FC17C40957B3A4C3E281F671836A1CCFC7DC26543A99CC9FC266214F5F59D00DB0ACACF35F0069A0AF0F68F2BB50A9172039EEC3450E802DE4919B949C072006E3F469AE4366ECAD61E2C7E7F2BA5E063F18308EB20C86043670C90B2DABE00,0,54.271524,"112.971,118.039,112.480,123.807,111.042,119.327,119.205,116.512,108.615,123.305,120.409,124.466,112.974,118.051,129.871,125.549,114.580,114.106,114.910,117.321,122.516,113.354,123.258,122.388,136.419,132.105,116.661,118.375,117.630,115.751,124.706,110.382,121.839,115.555,115.851,130.251,111.223,121.800,124.787,123.930,116.826,125.988,109.710,118.260,129.319,119.564,119.251,125.506,114.866,128.328,118.357,113.414,122.735,121.715,116.139,115.874,118.245,129.923,118.256,126.170,128.683,113.575,121.654,116.935,110.897,111.339,114.918,119.608,141.500,120.931,117.755,127.528,120.393,129.060,114.170,120.293,119.893,113.227,118.173,116.205,122.110,117.692,118.475,110.618,134.219,114.456,122.894,113.183,121.003,123.712,128.679,123.039,128.569,121.190,111.882,117.651,117.398,119.211,134.066,121.739","8.435,8.485,8.477,8.468,8.545,8.472,8.555,8.498,8.474,8.433,8.477,8.470,8.463,8.512,8.360,8.254,8.482,8.473,8.476,8.410,8.429,8.447,8.516,8.491,8.536,8.472,8.264,8.546,8.471,8.535,8.554,8.474,8.441,8.544,8.409,8.479,8.430,8.517,8.470,8.473,8.503,8.536,8.543,8.540,8.533,8.474,8.498,8.420,8.463,8.420,8.474,8.459,8.378,8.472,8.544,8.409,8.427,8.426,8.472,8.305,8.463,8.472,8.469,8.472,8.545,8.484,8.470,8.430,8.554,8.541,8.386,8.313,8.481,8.434,8.474,8.472,8.418,8.472,8.458,8.510,8.472,8.483,8.470,8.458,8.508,8.484,8.446,8.545,8.499,8.470,8.462,8.543,8.453,8.401,8.472,8.439,8.480,8.500,8.509,8.534"
2026-06-26T14:19:57.011477+00:00,SQISign NIST Round 2 Submission,5,0,A85B2BD1C9B9205A71DEE72B1FEE868CB5C07B6040F6D50EBD1AEE0337BBF404FC1727D18BD9005F583EA9E7C4FF751F3BE18C77754075833582A70A05D0B40011,A85B2BD1C9B9205A71DEE72B1FEE868CB5C07B6040F6D50EBD1AEE0337BBF404FC1727D18BD9005F583EA9E7C4FF751F3BE18C77754075833582A70A05D0B40011A395886C72CE157089B3CA3FBF06EDEA7C010000000000000000000000000000A2EE4BD72155EC07CC907CDA531479ACDAFFFFFFFFFFFFFFFFFFFFFFFFFFFFFFAF13E2CED06DE5595C0CEB3969E90FE672FEFFFFFFFFFFFFFFFFFFFFFFFFFFFFFFFFFFFFFFFFFFFFFFFFFFFFFFFFFFFFFFFFFFFFFFFFFFFFFFFFFFFFFFFFFFFF0000000000000000000000000000000000000000000000000000000000000000E3299C6F873D73360C03AA1822878F7EA3000BE4146E1B49D98ACEA6502EB8007320407C5F6221813979CFD1DAA3BDDD826DE79EB8CA6D5EB57C6D615E190800172571749906887AFA784AB2E5F39ABA5FED4EB12A7955A1119EF5665743340010B92024A586C77D4A640D4D9A0A4736C4F9B6006738E4A9F6A7F5B630B19B00,0,51.873123,"114.441,129.471,118.829,122.214,118.534,126.836,122.612,119.483,120.075,118.859,127.738,109.069,117.638,119.997,113.782,120.842,137.535,124.260,118.294,124.328,129.575,113.113,134.350,118.554,121.348,120.455,119.185,123.529,114.505,115.935,120.158,135.558,115.862,115.307,113.963,116.002,112.129,110.506,122.832,122.092,119.927,111.665,123.113,144.424,115.866,113.547,114.621,113.979,121.479,112.860,117.216,135.908,124.047,130.694,112.701,125.381,122.809,136.160,117.968,122.034,116.475,137.950,114.340,123.534,115.493,119.862,121.652,121.132,112.401,127.535,117.718,125.384,118.706,119.496,111.641,113.780,115.597,119.229,116.392,113.153,126.124,120.013,120.224,115.855,119.209,119.265,113.136,128.931,108.216,136.832,113.723,118.666,116.674,124.143,120.814,117.676,120.015,123.441,117.793,125.795","8.414,8.464,8.477,8.465,8.467,8.550,8.473,8.543,8.467,8.424,8.477,8.532,8.423,8.478,8.502,8.465,8.549,8.493,8.486,8.460,8.480,8.558,8.474,8.477,8.544,8.547,8.472,8.544,8.545,8.503,8.465,8.502,8.421,8.474,8.473,8.457,8.541,8.536,8.461,8.475,8.410,8.467,8.512,8.476,8.535,8.474,8.534,8.472,8.437,8.473,8.417,8.547,8.556,8.510,8.539,8.551,8.537,8.204,8.466,8.464,8.511,8.475,8.521,8.296,8.473,8.410,8.483,8.466,8.428,8.514,8.439,8.548,8.554,8.413,8.544,8.421,8.539,8.384,8.493,8.484,8.494,8.341,8.512,8.511,8.457,8.463,8.547,8.412,8.475,8.391,8.484,8.495,8.475,8.473,8.511,8.426,8.412,8.512,8.475,8.437"
2026-06-26T14:19:57.011477+00:00,SQISign NIST Round 2 Submission,5,1,D0C68D7BEE17621597B5269CE2A0FF4D1E4977AEA7FD6CD74579C4D0D1D2E0025BA070EC9614D47E4A5C8C4E4FE82AC96CA84FB1DB86F6F4C8DD46F94C8B2A020B,D0C68D7BEE17621597B5269CE2A0FF4D1E4977AEA7FD6CD74579C4D0D1D2E0025BA070EC9614D47E4A5C8C4E4FE82AC96CA84FB1DB86F6F4C8DD46F94C8B2A020BB12B910F434ADA9C2716161404E4B55B68030000000000000000000000000000C08F4ED621C8FF51D6884C07E2F308F861FBFFFFFFFFFFFFFFFFFFFFFFFFFFFF53CF6AE6C27BE089AA1AE56A40A750471DFEFFFFFFFFFFFFFFFFFFFFFFFFFFFFFFFFFFFFFFFFFFFFFFFFFFFFFFFFFFFFFFFFFFFFFFFFFFFFFFFFFFFFFFFFFFFF00000000000000000000000000000000000000000000000000000000000000000DE32AEE9604C5B490D3F13547846D35F166202B31FC3D91B14E9C4391622D00563047C94E2D0C8DB92C2EA0BB7217139827C00433135E784F942D6AF8ADB700F48B9BCCADCF8908B83A5C0CBB08D52C238F775445E660D3F772EEDC88941A001D2AFE6505B64F9DCCEF53E09D96175F52B69917C81D513570EBCA93C54B3D00,0,51.1259,"111.649,112.932,120.716,117.619,118.357,126.094,116.940,114.982,113.196,117.652,125.004,112.169,128.591,120.960,112.154,110.612,119.097,135.709,113.839,117.755,111.189,115.006,110.718,122.875,127.116,131.489,123.692,120.811,110.164,127.405,114.447,119.756,121.607,117.840,119.757,117.461,117.772,117.915,123.191,131.171,118.098,112.933,115.701,128.688,121.543,121.120,122.649,112.543,117.921,122.457,121.011,118.859,128.775,123.070,120.313,118.304,115.850,124.764,120.871,122.018,116.903,114.040,115.000,121.729,121.130,126.972,129.527,118.601,115.176,122.726,113.506,121.550,115.284,109.902,120.394,111.517,110.187,124.046,117.075,109.162,125.391,137.727,120.710,126.747,134.674,112.257,112.877,116.284,118.391,120.582,116.115,123.638,117.458,122.667,130.724,128.042,114.044,115.189,131.252,125.610","8.434,8.487,8.512,8.507,8.556,8.410,8.477,8.401,8.549,8.379,8.545,8.546,8.475,8.381,8.544,8.484,8.546,8.494,8.403,8.508,8.546,8.475,8.547,8.545,8.555,8.483,8.420,8.537,8.471,8.484,8.429,8.505,8.450,8.544,8.473,8.367,8.494,8.422,8.471,8.512,8.466,8.482,8.474,8.432,8.520,8.473,8.513,8.471,8.544,8.448,8.524,8.441,8.483,8.453,8.467,8.456,8.475,8.474,8.474,8.274,8.431,8.485,8.421,8.474,8.488,8.544,8.548,8.423,8.500,8.450,8.464,8.548,8.486,8.482,8.559,8.500,8.464,8.546,8.482,8.473,8.505,8.435,8.516,8.384,8.423,8.476,8.503,8.472,8.473,8.544,8.474,8.520,8.486,8.464,8.552,8.475,8.446,8.484,8.547,8.487"
2026-06-26T14:19:57.011477+00:00,SQISign NIST Round 2 Submission,5,2,A438F099E142951A6F0F16EB8C6DFBBFBCFB141E0128002569DB10B2ECBE68005530D7410265F84066F7BBD8913102C59F91D564B179F760568C69674F2442040B,A438F099E142951A6F0F16EB8C6DFBBFBCFB141E0128002569DB10B2ECBE68005530D7410265F84066F7BBD8913102C59F91D564B179F760568C69674F2442040B79080B3E692F64EA073212820A0AB523AE0400000000000000000000000000001AA40C88BF727B8D3CB746A26FE3EBF66CFEFFFFFFFFFFFFFFFFFFFFFFFFFFFFD7F5983020649A2BAE48272C58FC14E40DFBFFFFFFFFFFFFFFFFFFFFFFFFFFFFFFFFFFFFFFFFFFFFFFFFFFFFFFFFFFFFFFFFFFFFFFFFFFFFFFFFFFFFFFFFFFFF000000000000000000000000000000000000000000000000000000000000000094215CCF710B7BE7A8981BE4F9A6AD2FA31F3B965600C6AADB6A08576C2A0D00EFFC918B7B60E0855DE9773580F4C0A994AE7D8157B4DE395ACEF78189857000CB450E16F2AFE99769E4E859CB6EC658F2C77422295781706E0B6228FC513E00ED09E4225A65EDC2B834385C93DF4ED58AB56E0F126CE709A6D037CA005A3000,0,56.262469,"113.395,121.760,136.754,136.787,115.658,114.599,112.833,118.697,110.388,110.446,117.902,126.377,126.038,116.238,111.223,110.865,112.818,122.724,132.558,113.157,119.789,122.006,116.284,118.396,132.137,130.801,118.254,125.532,121.331,115.510,126.125,121.804,111.738,118.530,114.126,127.032,111.365,112.176,118.251,116.572,121.846,117.490,126.606,122.092,125.634,122.486,133.474,124.675,118.828,117.756,123.199,109.059,120.425,123.152,118.552,120.846,153.976,131.250,120.418,116.875,126.827,117.613,132.117,119.870,116.612,111.792,121.640,121.460,124.578,126.988,116.707,120.237,115.976,123.004,110.511,118.438,113.408,129.433,116.767,128.239,122.861,127.759,120.948,118.008,123.940,119.701,119.499,116.552,114.600,114.574,114.553,120.079,122.410,117.832,137.225,122.416,126.097,136.539,127.469,115.717","8.485,8.522,8.270,8.463,8.552,8.423,8.463,8.515,8.464,8.518,8.513,8.464,8.509,8.343,8.473,8.468,8.478,8.472,8.464,8.475,8.511,8.537,8.418,8.472,8.509,8.475,8.472,8.468,8.458,8.484,8.484,8.472,8.420,8.475,8.535,8.473,8.552,8.466,8.494,8.557,8.510,8.543,8.480,8.467,8.549,8.477,8.493,8.470,8.535,8.413,8.553,8.487,8.545,8.441,8.358,8.555,8.459,8.431,8.483,8.475,8.555,8.370,8.513,8.464,8.372,8.475,8.370,8.537,8.413,8.479,8.485,8.471,8.263,8.474,8.437,8.486,8.477,8.387,8.484,8.471,8.511,8.466,8.501,8.481,8.466,8.522,8.483,8.484,8.534,8.422,8.515,8.474,8.475,8.453,8.486,8.367,8.474,8.481,8.476,8.509"
2026-06-26T14:19:57.011477+00:00,SQISign NIST Round 2 Submission,5,3,A675980CF6865109D58940D993A1D7157C0651E2B85BF080F3FB105E0A56FA014459E9C3199C11CD8171516CA5C77D23254B0D754E748831FA2372A88FA32E010A,A675980CF6865109D58940D993A1D7157C0651E2B85BF080F3FB105E0A56FA014459E9C3199C11CD8171516CA5C77D23254B0D754E748831FA2372A88FA32E010A8937B19F24DB447B34ABAFA09AB765E4530100000000000000000000000000003620EAC93DD2E1E90AC6E48E7AD1F112C2FEFFFFFFFFFFFFFFFFFFFFFFFFFFFFB58215CDCEF8D7D11AD0EEF0A76B48C214FFFFFFFFFFFFFFFFFFFFFFFFFFFFFFFFFFFFFFFFFFFFFFFFFFFFFFFFFFFFFFFFFFFFFFFFFFFFFFFFFFFFFFFFFFFFFF0000000000000000000000000000000000000000000000000000000000000000E0306307BB46C0739E1EC626D7158DB2A2CC7A4AA6DEAC23CFE376C263BA5700D5CC42A0D98FAE89695DFA6AAB620588D277CD3E14A4CE775CB39BE99749410033C3B485E7700F4CDE1C703C33DDF8D68E69193AEF9486ED6907A51D003830008170ED31B7CFEC9B1B8AABBFBEAF8DA4A2427C659B72E65435B8508DD02E6700,0,49.281107,"133.961,109.710,116.825,119.765,116.055,114.094,119.148,117.575,121.445,122.997,118.221,117.600,119.164,128.050,124.494,112.278,132.742,116.103,117.463,132.740,112.454,119.524,124.865,111.631,121.972,116.405,126.307,123.979,112.535,128.293,134.262,121.466,114.590,133.487,124.240,119.505,138.904,130.978,115.064,120.591,127.076,111.226,128.698,123.567,119.942,120.536,114.711,122.068,119.555,121.035,127.122,111.973,140.798,111.920,124.542,120.418,130.887,120.987,110.479,113.366,134.530,124.448,112.467,125.157,114.473,119.040,120.911,125.679,126.737,116.007,112.866,120.161,119.772,121.173,114.929,112.336,113.840,112.775,121.906,123.042,118.593,121.413,114.588,130.074,126.392,123.276,124.652,118.678,119.355,117.385,122.761,134.724,127.121,117.375,114.264,131.142,119.618,114.290,115.682,116.812","8.554,8.467,8.457,8.427,8.473,8.461,8.457,8.535,8.456,8.455,8.462,8.412,8.459,8.396,8.476,8.464,8.500,8.433,8.496,8.458,8.529,8.445,8.455,8.400,8.411,8.406,8.415,8.490,8.525,8.464,8.349,8.459,8.402,8.457,8.362,8.461,8.420,8.465,8.537,8.444,8.460,8.467,8.448,8.466,8.503,8.405,8.334,8.418,8.488,8.465,8.455,8.477,8.467,8.350,8.473,8.468,8.471,8.494,8.432,8.547,8.457,8.541,8.381,8.413,8.474,8.413,8.457,8.455,8.455,8.462,8.473,8.421,8.476,8.393,8.443,8.536,8.473,8.457,8.454,8.358,8.462,8.454,8.535,8.474,8.369,8.474,8.417,8.474,8.403,8.454,8.425,8.378,8.491,8.388,8.473,8.412,8.456,8.466,8.471,8.466"
2026-06-26T14:19:57.011477+00:00,SQISign NIST Round 2 Submission,5,4,986FD9E2D3E22FFB70B38ECC148D68E32983376FD59E8F91DFE31BD8F5C046032476CFAB2FA3236256EC63A0DA7023E7D719151185B2FAEE2E0B0103DD2A7A010B,986FD9E2D3E22FFB70B38ECC148D68E32983376FD59E8F91DFE31BD8F5C046032476CFAB2FA3236256EC63A0DA7023E7D719151185B2FAEE2E0B0103DD2A7A010B8DC87ADD884AAEF503D66510C2C5D2FA99000000000000000000000000000000EAC9A769153B54F42A161C8F7586A04DFAFEFFFFFFFFFFFFFFFFFFFFFFFFFFFFBBF40C159A4EE3CE643EB917C823232B48FFFFFFFFFFFFFFFFFFFFFFFFFFFFFFFFFFFFFFFFFFFFFFFFFFFFFFFFFFFFFFFFFFFFFFFFFFFFFFFFFFFFFFFFFFFFFF000000000000000000000000000000000000000000000000000000000000000093C0EF3D8203508B1757B7F552DF9C0A6CBE05FA8573E6CA9021A856C23E1400EFDA764D10F945B1C003B2245D0C1267D89B5B38BC62E14A6B5438CF33B5BC0045B0C307E65F74DAF352DC703A714CE07C33A81713AC397A6B9670D994ED75004ED9279C36ADE0B48D8524B7711270E8D760BEEE1B45E36373F8137624ECC300,0,48.955286,"122.931,118.569,121.577,116.093,119.841,118.772,135.373,115.471,117.937,115.359,119.877,123.448,125.125,120.715,116.323,120.553,115.386,115.202,117.516,116.474,130.761,116.821,130.684,116.448,121.799,115.355,119.419,128.250,113.344,116.583,114.191,125.251,117.853,120.011,122.495,118.335,112.435,109.917,121.359,120.439,137.456,131.353,120.679,142.075,120.257,114.482,112.237,122.569,125.400,119.508,126.530,120.628,120.133,121.970,112.219,124.960,129.236,116.016,116.974,117.801,122.017,128.803,117.350,120.304,114.551,115.084,126.677,119.699,118.397,109.537,119.129,115.037,129.143,119.623,120.484,127.251,129.466,120.423,118.496,125.211,127.097,113.346,119.802,128.697,131.118,121.148,122.945,114.274,122.814,120.626,117.806,113.660,117.592,122.633,127.172,124.266,130.662,130.318,121.391,131.311","8.482,8.474,8.411,8.476,8.544,8.480,8.474,8.502,8.547,8.483,8.499,8.472,8.413,8.536,8.533,8.470,8.469,8.474,8.544,8.480,8.478,8.454,8.433,8.412,8.535,8.369,8.391,8.559,8.543,8.468,8.487,8.544,8.545,8.462,8.510,8.476,8.441,8.554,8.483,8.553,8.473,8.482,8.446,8.482,8.449,8.478,8.545,8.462,8.454,8.475,8.438,8.485,8.515,8.434,8.474,8.464,8.306,8.464,8.484,8.492,8.463,8.473,8.475,8.475,8.535,8.420,8.463,8.510,8.484,8.475,8.485,8.546,8.545,8.471,8.473,8.539,8.558,8.473,8.485,8.471,8.536,8.430,8.412,8.536,8.312,8.467,8.493,8.485,8.414,8.536,8.512,8.370,8.534,8.475,8.546,8.554,8.484,8.513,8.456,8.470"
2026-06-26T14:19:57.011477+00:00,SQISign NIST Round 2 Submission,5,5,91599025691C09AF296BE9C0B7EC0B1110DA40D8F8A4716A800AE6833266ED02CAF8AC06093CEFEFCCBAE3983E4C35F9B83F708B322CDF3CE53C8AD9FAD9D20204,91599025691C09AF296BE9C0B7EC0B1110DA40D8F8A4716A800AE6833266ED02CAF8AC06093CEFEFCCBAE3983E4C35F9B83F708B322CDF3CE53C8AD9FAD9D202048F3C5B01555B50B46B6207062F2F308E360100000000000000000000000000005EA0B29F9EF3D7AB4261B0CDBFD64A80BCFEFFFFFFFFFFFFFFFFFFFFFFFFFFFF65BECB210DBC838C5419D6621E6B096BEDFDFFFFFFFFFFFFFFFFFFFFFFFFFFFFFFFFFFFFFFFFFFFFFFFFFFFFFFFFFFFFFFFFFFFFFFFFFFFFFFFFFFFFFFFFFFFF0000000000000000000000000000000000000000000000000000000000000000A3EAA8C6F3DEAA12016836D6A99A37C57C3797B9D8D7D9F4FA3052B7EF9499003DBBF072D61110B933194EC211FA284CEF548A9B77C273663260762635D2AE007ED5A91265DA37FE83056CD5D9E0A03F96D6196B4F114996D2B7CE52C3150700BB872B843C193C49DE9B681AF5539453E178779BF0D8C7A9D9761F1679E09700,0,56.347552,"117.571,125.350,130.027,116.293,116.607,116.111,112.990,141.906,112.671,112.114,114.867,122.254,117.093,118.636,116.144,117.832,116.807,124.574,113.702,111.206,115.932,120.600,129.348,122.430,121.471,120.109,123.239,123.016,115.111,118.657,118.616,116.451,111.497,111.196,113.279,118.092,124.153,122.862,121.041,133.662,113.221,117.777,119.187,127.611,122.258,117.145,117.037,116.046,134.516,131.509,113.094,118.086,128.306,118.386,117.176,127.281,120.434,114.478,120.654,119.381,124.485,115.158,121.172,127.523,112.970,111.123,120.356,126.048,115.251,118.401,121.665,119.735,136.738,118.629,126.003,125.172,124.071,113.287,125.733,117.141,119.100,120.764,126.632,117.714,124.371,115.191,134.260,117.303,114.394,112.282,121.702,120.213,118.118,117.631,117.500,117.368,117.403,120.449,126.610,132.629","8.499,8.468,8.474,8.511,8.456,8.349,8.456,8.412,8.458,8.457,8.405,8.476,8.526,8.422,8.477,8.475,8.475,8.482,8.464,8.437,8.455,8.406,8.474,8.267,8.463,8.538,8.467,8.547,8.323,8.377,8.456,8.403,8.415,8.402,8.403,8.466,8.413,8.464,8.544,8.441,8.534,8.526,8.416,8.502,8.548,8.466,8.455,8.461,8.457,8.436,8.503,8.465,8.424,8.439,8.547,8.482,8.460,8.479,8.467,8.389,8.513,8.497,8.395,8.464,8.547,8.422,8.537,8.457,8.412,8.463,8.462,8.503,8.440,8.479,8.415,8.535,8.468,8.526,8.452,8.411,8.465,8.473,8.504,8.462,8.503,8.477,8.387,8.501,8.472,8.455,8.538,8.367,8.478,8.456,8.454,8.501,8.475,8.407,8.549,8.405"
2026-06-26T14:19:57.011477+00:00,SQISign NIST Round 2 Submission,5,6,D5A22AC5512318F3D8FD697A9E77D6B436E35C1370AEBC4C6F4B93C65B9CD4040CDE808F301987EC4F8900D98EFE3FE95FDE13155190F21526199B76FCD1B10402,D5A22AC5512318F3D8FD697A9E77D6B436E35C1370AEBC4C6F4B93C65B9CD4040CDE808F301987EC4F8900D98EFE3FE95FDE13155190F21526199B76FCD1B1040215D1940C00BA20E1F8988AB5F00D1337C0000000000000000000000000000000DE426074916C8233BF2D0B37207780AB39FFFFFFFFFFFFFFFFFFFFFFFFFFFFFF6577F19D9AE31CF5E085A504372A962BCEFFFFFFFFFFFFFFFFFFFFFFFFFFFFFFFFFFFFFFFFFFFFFFFFFFFFFFFFFFFFFFFFFFFFFFFFFFFFFFFFFFFFFFFFFFFFFF0000000000000000000000000000000000000000000000000000000000000000FFB135E6555BA2554D7EB115471A82CAF651ABEBB46CFDBBDCAADA98045420001FB918C9AC4259FBD22E6D8A6D1868CD2600444FDCBADD72AC7D07C121977E006A606D2C87A6C8D2F782050721DD66C149E96C1903C644A4CC6EC0AE1A31DC009D307E57A3781C909FB2E91EE743373B39BC7F5EAB61C7C66EEB6A2AB5ECAE00,0,58.612114,"128.629,109.264,125.423,112.151,111.963,115.251,124.567,119.043,118.551,116.639,115.822,114.105,115.021,124.561,113.207,116.696,110.645,115.311,128.144,141.671,115.246,121.405,121.415,123.171,118.359,116.834,111.339,125.624,120.389,113.610,118.856,114.177,120.413,148.411,121.732,119.687,148.070,117.279,126.719,125.955,118.625,119.635,119.621,135.705,140.046,133.498,116.202,116.674,118.246,120.494,129.328,121.672,112.550,137.581,154.292,110.635,120.838,111.340,118.391,119.084,117.007,119.475,114.662,123.773,115.322,124.851,116.074,121.234,112.076,132.794,113.022,119.039,126.662,120.121,121.207,123.006,122.190,115.365,129.613,114.776,127.415,116.421,128.728,121.282,122.288,126.375,117.450,127.223,120.868,116.221,115.759,112.596,127.464,127.030,125.322,116.024,119.214,127.004,117.964,123.699","8.480,8.437,8.464,8.543,8.538,8.366,8.421,8.471,8.464,8.357,8.484,8.421,8.473,8.514,8.308,8.466,8.546,8.475,8.411,8.535,8.472,8.413,8.503,8.462,8.326,8.465,8.454,8.455,8.321,8.449,8.537,8.314,8.453,8.503,8.462,8.539,8.522,8.500,8.524,8.477,8.359,8.469,8.411,8.503,8.495,8.476,8.500,8.279,8.359,8.456,8.471,8.529,8.451,8.466,8.494,8.475,8.451,8.464,8.457,8.412,8.464,8.474,8.545,8.463,8.472,8.419,8.492,8.467,8.463,8.462,8.449,8.414,8.407,8.402,8.453,8.491,8.410,8.529,8.546,8.364,8.535,8.537,8.378,8.457,8.415,8.510,8.333,8.469,8.551,8.411,8.413,8.497,8.492,8.465,8.410,8.471,8.424,8.466,8.483,8.435"
2026-06-26T14:19:57.011477+00:00,SQISign NIST Round 2 Submission,5,7,8740ADDF62D3E67C69AA4A6DADBD02A066F417D9C36243791A4D40EE20944E04243AC46C13D47ED2B696ACAEDF28A2C00D0F85CC05BE1CBC96EF7C18ED41BC0004,8740ADDF62D3E67C69AA4A6DADBD02A066F417D9C36243791A4D40EE20944E04243AC46C13D47ED2B696ACAEDF28A2C00D0F85CC05BE1CBC96EF7C18ED41BC0004E111985F10F9D08E4AACB77480A716C596010000000000000000000000000000C8D3F377419D3D4BC41653662FD425E58CFDFFFFFFFFFFFFFFFFFFFFFFFFFFFFEB43E9B4847816E6608B33E96944EE6DFFFEFFFFFFFFFFFFFFFFFFFFFFFFFFFFFFFFFFFFFFFFFFFFFFFFFFFFFFFFFFFFFFFFFFFFFFFFFFFFFFFFFFFFFFFFFFFF0000000000000000000000000000000000000000000000000000000000000000A343B41526FBFEC240A516F47A80AA2A320E613E0C435AAF107258A45C6AB000A6EDEA4A95606B7240D21E82EB1441F6E8961A4483BF74735781B4A411ABDF00AA73B7A4AD2C1916983DB12DD9F5AD93D98B6D448FA55738AFB331B339A08D00F5CAB85B8F8EABEA56B255E02F69C5DF8DE1152E96FBE0728BC38D852D25F300,0,53.009911,"115.111,110.488,113.915,123.420,119.261,120.076,119.079,128.612,130.681,121.436,114.214,116.469,120.328,124.909,112.173,124.919,118.275,119.686,116.386,109.082,123.716,133.429,123.521,108.754,117.978,116.458,132.886,136.889,110.118,121.351,119.972,119.806,111.024,117.321,121.242,119.195,126.352,124.716,136.134,117.619,115.775,122.928,117.153,124.768,135.083,110.995,114.743,124.601,136.292,115.800,117.679,113.108,121.069,123.675,114.254,117.803,122.037,114.395,114.813,123.107,115.743,111.423,111.658,114.101,122.060,132.435,123.644,114.948,120.977,117.577,128.780,127.764,120.755,115.107,128.608,115.110,131.027,119.552,114.394,110.366,120.150,117.743,131.687,130.560,121.795,118.096,108.477,113.139,121.858,115.628,124.615,117.094,118.648,124.494,113.872,116.208,122.510,115.079,128.086,114.840","8.364,8.414,8.511,8.448,8.465,8.434,8.476,8.468,8.468,8.468,8.498,8.464,8.473,8.458,8.462,8.391,8.486,8.493,8.460,8.472,8.452,8.279,8.540,8.466,8.485,8.426,8.512,8.466,8.480,8.412,8.467,8.543,8.504,8.462,8.459,8.526,8.469,8.491,8.463,8.457,8.532,8.362,8.476,8.479,8.541,8.542,8.466,8.540,8.541,8.469,8.456,8.507,8.539,8.468,8.426,8.543,8.538,8.544,8.426,8.466,8.545,8.468,8.477,8.545,8.495,8.415,8.448,8.409,8.468,8.414,8.371,8.465,8.459,8.504,8.468,8.499,8.539,8.468,8.538,8.471,8.540,8.466,8.375,8.456,8.459,8.548,8.422,8.418,8.454,8.467,8.468,8.529,8.459,8.477,8.555,8.474,8.460,8.416,8.539,8.469"
2026-06-26T14:19:57.011477+00:00,SQISign NIST Round 2 Submission,5,8,7112A84971F9B25152B85CDEC1563C9911FEDD53096CCA03515E05C90DEA4100BF034713B59BA7B7A37D4592861330550E1DF1E8024D9DE83EB05DF7B20F1E0402,7112A84971F9B25152B85CDEC1563C9911FEDD53096CCA03515E05C90DEA4100BF034713B59BA7B7A37D4592861330550E1DF1E8024D9DE83EB05DF7B20F1E0402E7A2AF5FD8E15EBF0DA737C4965F0415D6020000000000000000000000000000BA80770D3C0A2C93C9222025932F421E27FEFFFFFFFFFFFFFFFFFFFFFFFFFFFF9171C896539460EA95CA35241E23E98FE1FBFFFFFFFFFFFFFFFFFFFFFFFFFFFFFFFFFFFFFFFFFFFFFFFFFFFFFFFFFFFFFFFFFFFFFFFFFFFFFFFFFFFFFFFFFFFF0000000000000000000000000000000000000000000000000000000000000000A8851CBE987EE6A87EAC240A2F1CC417010B26CBD8D0B547AFF3D11F4A3E5400E795015852ED36B11EBEB2EB5A3E454FD705625745774EA43EC20D11931A7900CDFE01974A8E80C7BE94F4E57A5CD835390E1DEC9E597E30B02C9E62A3A753005855B819A548D673AAB443453EDC4F5BC37A8F2844AA5DF9562F600CA4A63A00,0,51.33961,"120.742,124.484,112.565,122.297,117.457,115.905,119.265,111.697,120.756,119.935,112.532,117.279,119.513,115.959,119.044,113.773,113.415,116.072,112.518,110.164,115.890,125.629,126.634,113.938,120.467,149.408,122.832,123.953,115.830,121.135,116.333,123.059,137.834,119.789,141.638,126.966,135.633,114.520,120.458,114.398,118.817,117.861,135.283,109.388,138.976,121.202,113.722,131.620,121.526,115.152,126.424,129.822,127.278,115.628,127.476,114.796,127.919,121.192,128.324,123.128,116.691,122.097,120.430,123.538,119.746,135.910,114.772,129.246,117.676,120.256,120.071,117.845,127.846,113.133,112.907,113.928,121.820,122.616,119.769,125.199,128.055,122.626,140.751,132.423,126.996,138.638,131.293,116.953,115.535,118.042,121.808,118.766,112.001,115.998,113.164,122.855,119.586,127.776,114.509,132.817","8.541,8.472,8.550,8.396,8.506,8.396,8.444,8.473,8.464,8.408,8.396,8.465,8.425,8.415,8.418,8.480,8.506,8.477,8.441,8.529,8.556,8.496,8.415,8.541,8.442,8.517,8.508,8.458,8.474,8.472,8.433,8.407,8.426,8.477,8.473,8.479,8.509,8.542,8.420,8.361,8.416,8.472,8.469,8.362,8.544,8.407,8.549,8.473,8.462,8.358,8.539,8.468,8.469,8.459,8.505,8.471,8.439,8.480,8.552,8.488,8.502,8.472,8.505,8.466,8.532,8.553,8.468,8.433,8.442,8.469,8.471,8.468,8.473,8.490,8.457,8.304,8.463,8.479,8.485,8.489,8.467,8.495,8.541,8.481,8.477,8.497,8.496,8.481,8.459,8.446,8.491,8.478,8.483,8.505,8.481,8.519,8.470,8.368,8.466,8.507"
2026-06-26T14:19:57.011477+00:00,SQISign NIST Round 2 Submission,5,9,056376CA9F3EAD9163C81866BC25FB576371160845983D0B5C635DFE36F21A04F19002D2DB43D28B9C0E7CE2C9EF7B1CA1D5C898FE9E0D8E1134DC768A69CD001D,056376CA9F3EAD9163C81866BC25FB576371160845983D0B5C635DFE36F21A04F19002D2DB43D28B9C0E7CE2C9EF7B1CA1D5C898FE9E0D8E1134DC768A69CD001D55E182C2A79F11E649A571F239FD5FE14202000000000000000000000000000094D41F734EA5E9F4943E521A3EB31CD5E8FBFFFFFFFFFFFFFFFFFFFFFFFFFFFF99DBF8EAE4CECA9D625C561CE1815BD36DFDFFFFFFFFFFFFFFFFFFFFFFFFFFFFFFFFFFFFFFFFFFFFFFFFFFFFFFFFFFFFFFFFFFFFFFFFFFFFFFFFFFFFFFFFFFFF00000000000000000000000000000000000000000000000000000000000000005A4EF85FB28AA8398F9F4755E3BB699C24EE2DB7BCECD2601C95DB5401001A00D9A61DD5AAF81648C4BFD27244059BC1B82F8153380EE0BEA243CB55935B0400B99F0EAA3CCB05F5205D868E944E1E1A23ED6F6F67639659205B79B69C0DD600E3651715A36459984D2BCA09F1F0CA6A2338A972A269546CBFB7A759582D0D00,0,55.103156,"119.564,119.618,118.081,123.770,123.272,119.106,121.423,111.417,119.793,115.913,129.672,119.662,116.048,120.943,123.401,121.136,114.119,129.082,139.460,126.764,115.951,132.128,117.428,123.187,111.893,134.179,117.907,126.611,116.436,119.255,115.062,130.678,118.412,136.440,127.136,112.793,117.829,144.771,119.654,118.291,111.009,125.249,132.418,112.985,116.827,122.515,118.873,120.809,116.245,117.808,121.584,122.285,114.374,125.703,115.326,114.839,121.531,125.683,124.090,133.681,124.827,124.522,121.773,126.464,117.244,130.308,144.795,121.578,124.083,121.641,121.187,120.171,115.866,114.741,119.662,114.604,116.037,125.156,110.683,110.955,121.595,115.782,116.653,120.356,118.482,109.881,126.717,116.952,129.674,118.557,125.382,125.246,120.353,121.717,112.431,120.716,116.582,112.897,114.934,112.403","8.509,8.371,8.563,8.498,8.434,8.469,8.556,8.436,8.466,8.479,8.546,8.494,8.512,8.464,8.502,8.489,8.425,8.464,8.429,8.476,8.486,8.413,8.548,8.482,8.500,8.476,8.476,8.484,8.461,8.547,8.556,8.478,8.522,8.463,8.481,8.478,8.484,8.545,8.494,8.475,8.495,8.477,8.551,8.481,8.485,8.473,8.474,8.486,8.367,8.396,8.476,8.357,8.491,8.486,8.487,8.446,8.547,8.477,8.376,8.559,8.504,8.547,8.473,8.422,8.484,8.545,8.480,8.479,8.337,8.493,8.538,8.538,8.523,8.494,8.467,8.372,8.512,8.443,8.474,8.523,8.512,8.424,8.474,8.536,8.379,8.468,8.437,8.475,8.465,8.421,8.465,8.472,8.466,8.342,8.514,8.523,8.500,8.389,8.430,8.435"
2026-06-26T14:20:50.020250+00:00,SQISign NIST Round 2 Submission,6,0,6F4CA96CD87DC9214AF04D495BF305487F66C131699B072273B0FB47DE83BC01FB91008B3DC574E9E9261966318DE17B5EB7C8E580D411B6844C523E91ABAC0402,6F4CA96CD87DC9214AF04D495BF305487F66C131699B072273B0FB47DE83BC01FB91008B3DC574E9E9261966318DE17B5EB7C8E580D411B6844C523E91ABAC04028B116BD91CBCCE799E3851C96EF30E1B87000000000000000000000000000000022A522695954E1ED0364CAC91FA4F31C3FFFFFFFFFFFFFFFFFFFFFFFFFFFFFF0F822D88FEA84A9FE4532513725CC19ED4FFFFFFFFFFFFFFFFFFFFFFFFFFFFFFFFFFFFFFFFFFFFFFFFFFFFFFFFFFFFFFFFFFFFFFFFFFFFFFFFFFFFFFFFFFFFFF0000000000000000000000000000000000000000000000000000000000000000436AFEF276928CC94814C00E4BE3352AA12A863FA924E2F576F6087EC316AF009DC030BE7F9E69D84E87B268AA4D4046898C8370D388FF12A9976C4EDE23D80025F4198D5F1BDFC0339FFE29239D3BC747C82ED529E841D52139AF23A6746E00B2927CB84D273B6792AE6D87AEE59BA6913C76E65290BF4CDC253A828767CF00,0,57.202613,"118.330,130.543,125.265,116.576,133.159,112.726,115.385,118.382,115.170,123.171,107.400,113.446,115.804,120.629,122.287,121.355,130.262,123.914,115.447,131.096,126.313,118.959,111.982,124.603,112.400,126.223,109.667,120.994,138.099,122.338,119.508,116.126,118.381,113.302,116.586,125.221,129.024,140.191,119.675,126.615,112.666,114.383,121.092,131.948,119.268,126.038,110.225,126.154,129.265,116.172,125.318,115.087,146.801,121.423,114.053,125.240,113.840,115.558,137.597,120.117,122.962,115.247,112.603,122.959,126.897,120.899,115.508,121.853,123.840,121.412,111.534,115.688,125.474,126.568,123.591,128.115,127.566,126.255,118.377,113.384,114.458,117.530,120.856,131.934,128.585,124.152,119.363,110.389,136.704,121.851,134.332,129.642,124.126,121.496,119.514,111.947,115.400,116.099,123.546,121.614","8.477,8.500,8.455,8.544,8.465,8.462,8.451,8.536,8.455,8.463,8.466,8.500,8.413,8.458,8.422,8.544,8.399,8.505,8.360,8.392,8.373,8.464,8.361,8.472,8.396,8.466,8.528,8.539,8.458,8.461,8.474,8.456,8.535,8.467,8.501,8.423,8.416,8.416,8.311,8.515,8.479,8.489,8.482,8.409,8.500,8.449,8.473,8.463,8.546,8.470,8.376,8.494,8.349,8.412,8.464,8.495,8.456,8.525,8.469,8.418,8.492,8.441,8.537,8.358,8.457,8.483,8.539,8.537,8.355,8.539,8.506,8.256,8.458,8.540,8.535,8.436,8.470,8.511,8.411,8.452,8.424,8.547,8.459,8.485,8.537,8.504,8.412,8.467,8.534,8.505,8.423,8.407,8.411,8.433,8.478,8.478,8.494,8.473,8.464,8.546"
2026-06-26T14:20:50.020250+00:00,SQISign NIST Round 2 Submission,6,1,3055B1CEBB2461E009B5300DD0A5B5A8CC41B2E752C610C2927A29B472C4530487B19BBCF1649EAB554E35DB6CE8B95A2CD2B6F23DBCD0FC6C6DFF8839AE090302,3055B1CEBB2461E009B5300DD0A5B5A8CC41B2E752C610C2927A29B472C4530487B19BBCF1649EAB554E35DB6CE8B95A2CD2B6F23DBCD0FC6C6DFF8839AE0903027140159F91592EB67F5925506328D16E6C000000000000000000000000000000D03B726E9E32497F24327855D62E756E7EFFFFFFFFFFFFFFFFFFFFFFFFFFFFFF6134C11821CD6D4D93CE565AFA9EF2645CFFFFFFFFFFFFFFFFFFFFFFFFFFFFFFFFFFFFFFFFFFFFFFFFFFFFFFFFFFFFFFFFFFFFFFFFFFFFFFFFFFFFFFFFFFFFFF0000000000000000000000000000000000000000000000000000000000000000686F4F06F1C356851656DD0A46BDBA84B7F5F5B5DE675F76308EF62EDA7386005592C713AA6EBAFE76C79D78D339C7BA7BC9FECB5B247A99E5166BD22485F3003BA6CD2A3F03F6C3AE4247C0D8A599FB8BF349FEE92E7F852D6AE34295B8FE000C5E0067D0A8ADE09C587411D690F9C4828DE89FCF563DBE0782C9EF58F98500,0,52.279013,"111.621,137.838,124.566,120.138,125.173,123.137,115.821,118.038,122.321,114.706,112.505,116.039,118.342,119.159,122.761,119.228,119.743,120.528,126.220,114.691,139.491,117.558,113.004,124.426,117.180,127.998,114.078,130.157,113.930,129.800,124.209,121.112,108.857,124.879,121.133,110.082,132.741,140.768,120.367,118.117,113.957,113.901,120.620,114.038,121.884,115.750,116.347,115.378,119.410,114.835,131.047,122.144,124.605,129.736,127.384,118.268,122.396,112.643,114.578,113.325,123.043,127.408,115.504,120.210,114.369,128.296,118.655,120.308,121.354,121.867,119.546,117.032,118.838,112.462,117.499,129.174,130.407,121.334,118.737,113.259,112.899,118.740,118.233,111.393,117.043,111.395,119.625,120.640,121.913,114.368,131.294,124.723,109.980,120.569,120.393,125.088,134.995,133.991,119.532,120.985","8.500,8.496,8.467,8.412,8.448,8.501,8.458,8.502,8.456,8.386,8.529,8.476,8.534,8.459,8.467,8.459,8.457,8.538,8.477,8.538,8.469,8.372,8.389,8.537,8.548,8.502,8.496,8.525,8.476,8.470,8.423,8.357,8.535,8.476,8.360,8.428,8.459,8.448,8.465,8.465,8.430,8.498,8.363,8.463,8.464,8.468,8.459,8.423,8.505,8.475,8.542,8.407,8.471,8.461,8.537,8.536,8.472,8.471,8.451,8.456,8.479,8.384,8.488,8.538,8.455,8.504,8.411,8.456,8.535,8.545,8.536,8.493,8.504,8.465,8.427,8.486,8.412,8.543,8.432,8.458,8.547,8.420,8.548,8.537,8.457,8.538,8.503,8.528,8.548,8.468,8.504,8.466,8.544,8.460,8.467,8.468,8.241,8.453,8.540,8.416"
2026-06-26T14:20:50.020250+00:00,SQISign NIST Round 2 Submission,6,2,90044801545177F8CA7C296AB8E801B48E4A232663B28C17DACB50A68AAA5704726AF906BB1E0869867D918E5933D25AB1209B2BAF956204FBDE02A8F5105E0204,90044801545177F8CA7C296AB8E801B48E4A232663B28C17DACB50A68AAA5704726AF906BB1E0869867D918E5933D25AB1209B2BAF956204FBDE02A8F5105E0204ABA4F7C8A15F57C43587C378B24346F08A020000000000000000000000000000049E6F14596A9B741F52D031C943F58B1DFFFFFFFFFFFFFFFFFFFFFFFFFFFFFFED94340B5A7840575A960351E14ED7DFB8FFFFFFFFFFFFFFFFFFFFFFFFFFFFFFFFFFFFFFFFFFFFFFFFFFFFFFFFFFFFFFFFFFFFFFFFFFFFFFFFFFFFFFFFFFFFFF00000000000000000000000000000000000000000000000000000000000000004560BD0066F50651230299F4D92ADDC817EED1D01FA9CA748C230120456D6F00D7A93A45D237FAE9AFA1933C261F3E55DA33F968AF7DCD116ADE206EB81B04009E999FB1B7C8920A1ABCE0CA2C35DAFA86F216D95DCE1432B2E16619C5C51E00BB0F01DB3571B42FA68F98B8376F2C4E0BEC0079F1CE381C1EBF87DD3E8B2200,0,52.855373,"116.385,133.549,112.998,113.563,132.978,129.859,124.738,116.883,121.831,127.120,117.003,127.529,125.256,119.376,126.914,118.344,123.333,121.885,110.565,118.221,122.937,121.627,117.965,126.443,124.011,123.018,120.941,120.561,123.962,111.988,117.582,119.593,116.935,122.046,114.002,115.666,121.549,124.298,123.453,118.027,114.137,123.598,118.095,122.342,120.114,122.520,124.189,113.387,119.245,121.992,115.712,112.066,118.833,119.240,112.831,116.475,122.066,114.385,132.229,122.522,125.110,120.981,111.772,121.537,124.939,128.906,132.338,121.418,109.770,134.478,124.149,130.413,115.635,116.377,121.043,124.390,114.930,134.364,129.904,114.297,125.281,121.436,128.528,115.034,133.099,115.787,112.516,114.137,115.828,134.565,126.570,131.514,127.414,115.950,131.536,117.730,121.972,128.981,144.250,116.789","8.469,8.446,8.479,8.529,8.538,8.474,8.439,8.437,8.487,8.456,8.481,8.470,8.533,8.466,8.483,8.472,8.454,8.475,8.543,8.528,8.534,8.395,8.355,8.468,8.498,8.456,8.441,8.423,8.406,8.500,8.317,8.536,8.424,8.415,8.257,8.461,8.427,8.444,8.510,8.473,8.485,8.456,8.536,8.533,8.454,8.415,8.404,8.408,8.408,8.498,8.506,8.499,8.425,8.511,8.455,8.493,8.536,8.525,8.466,8.404,8.411,8.483,8.347,8.475,8.459,8.465,8.251,8.509,8.468,8.486,8.475,8.438,8.473,8.348,8.462,8.478,8.477,8.503,8.395,8.532,8.453,8.475,8.402,8.493,8.464,8.527,8.526,8.358,8.537,8.453,8.475,8.545,8.477,8.427,8.462,8.547,8.465,8.527,8.545,8.544"
2026-06-26T14:20:50.020250+00:00,SQISign NIST Round 2 Submission,6,3,8E9959D0E1CA9279913F80D190D1AAAC9537981A277002975147C79F19F966006D01974EAFC1E4C503811A338AD3D0DAFDBE90CCAE58E83886AFBB6FEDC26B040B,8E9959D0E1CA9279913F80D190D1AAAC9537981A277002975147C79F19F966006D01974EAFC1E4C503811A338AD3D0DAFDBE90CCAE58E83886AFBB6FEDC26B040B236A8765A3F4E04417A37D7B779B97C2AD010000000000000000000000000000E0B2A3902E2E4130967F47D34B215679C5FEFFFFFFFFFFFFFFFFFFFFFFFFFFFF43AAD237B5B2A73D65426EF356B37DC111FFFFFFFFFFFFFFFFFFFFFFFFFFFFFFFFFFFFFFFFFFFFFFFFFFFFFFFFFFFFFFFFFFFFFFFFFFFFFFFFFFFFFFFFFFFFFF0000000000000000000000000000000000000000000000000000000000000000B37730A11E1DC5C47A6548FFFA8965C2A8C61BF3F89D3820188995B247CFFB0081D7B235FE7FF6D75B4179ECE7B27A7AE352252645948AD8F17E516B5D93D700EC6ABCBE5EC9E2582FA3EFBD1A95BDF3C8B77D61D1B93BB2B421D7A111C97000B38E44D6196A988F25F92EC2CA11F9DE5A1175031EAF3C7BBC39946A2ED8F200,0,60.275358,"128.312,131.702,118.996,113.162,118.194,122.697,125.504,121.568,128.797,143.271,130.549,127.115,117.051,122.184,127.506,126.912,127.340,122.709,134.133,132.287,114.397,114.411,118.698,122.402,131.164,115.340,122.541,112.728,116.921,115.019,123.252,114.657,120.476,125.577,118.111,123.672,118.134,116.840,110.946,124.007,130.069,119.603,121.011,114.851,114.069,129.286,120.041,123.173,119.502,113.580,111.441,116.222,121.403,118.423,112.230,114.187,116.909,118.412,129.677,114.900,121.767,115.733,122.187,127.803,114.637,116.662,131.884,114.334,120.331,118.345,125.510,137.563,125.349,125.248,122.154,120.255,123.997,114.781,115.357,119.308,114.892,110.489,120.923,119.025,112.473,116.629,128.365,123.782,121.919,124.989,109.980,114.489,121.359,119.823,119.446,113.817,139.479,119.494,120.190,130.382","8.496,8.491,8.495,8.493,8.551,8.495,8.505,8.474,8.422,8.510,8.540,8.471,8.415,8.457,8.463,8.547,8.486,8.463,8.485,8.467,8.426,8.468,8.469,8.474,8.422,8.303,8.424,8.422,8.422,8.525,8.503,8.543,8.487,8.523,8.476,8.366,8.483,8.521,8.477,8.413,8.540,8.555,8.427,8.553,8.442,8.523,8.467,8.551,8.550,8.383,8.414,8.537,8.482,8.551,8.459,8.478,8.430,8.548,8.472,8.423,8.449,8.466,8.539,8.432,8.512,8.474,8.561,8.358,8.476,8.475,8.556,8.422,8.513,8.442,8.556,8.421,8.475,8.515,8.474,8.457,8.498,8.482,8.475,8.558,8.483,8.467,8.484,8.407,8.537,8.560,8.478,8.444,8.539,8.481,8.465,8.478,8.541,8.463,8.479,8.546"
2026-06-26T14:20:50.020250+00:00,SQISign NIST Round 2 Submission,6,4,BB674C3FDDF7836ADD61654B42F954D21D69435BC3164DCA33FCA8F01DB978020E71370F68D55973EBE287FDC00EC52CF10A00FB51CF9A8392E4CD83ECF9340217,BB674C3FDDF7836ADD61654B42F954D21D69435BC3164DCA33FCA8F01DB978020E71370F68D55973EBE287FDC00EC52CF10A00FB51CF9A8392E4CD83ECF93402172B2A2B29B12E687394432895F46307BE9B010000000000000000000000000000E80152D917D1BD35B21558E476F84E9809FEFFFFFFFFFFFFFFFFFFFFFFFFFFFF9F91B9ABF81E5359DF82201FF8D3CE4899FFFFFFFFFFFFFFFFFFFFFFFFFFFFFFFFFFFFFFFFFFFFFFFFFFFFFFFFFFFFFFFFFFFFFFFFFFFFFFFFFFFFFFFFFFFFFF00000000000000000000000000000000000000000000000000000000000000006F9A9597CB99B87E6517EC1DD82A2A81D8E8E586EDA73364C927CB1E546C6F00B68BB1748C1D5D2592D655C0232D1FBA38B59C03441B5BEE29ED6F07CB6D89006BF16E1E71862E7C896A46E8FE833098F8A0525E1500178EF87172FD8D5136001FCB5F92C05FB0834C8DB1E4024CA22B0EE45F56D29D237AFBB0A6CE001BA200,0,52.166413,"123.622,118.251,130.683,151.945,127.302,118.119,121.035,117.761,124.033,118.449,121.532,133.781,122.352,110.249,122.382,119.110,143.290,121.374,127.248,117.239,121.004,129.016,130.718,116.341,110.782,107.980,118.239,124.937,117.437,117.460,120.702,120.888,128.028,119.118,121.897,124.155,122.469,118.454,120.295,113.365,122.361,114.437,116.005,116.591,122.409,142.694,131.172,116.372,127.582,130.778,118.593,128.714,115.748,115.425,123.376,115.670,114.432,120.178,135.233,111.968,126.609,116.145,121.258,114.432,120.053,133.738,117.067,113.169,120.888,117.778,112.097,120.878,122.080,113.613,125.186,113.433,117.506,116.108,118.705,128.539,137.536,114.071,112.863,132.047,118.659,120.035,114.803,117.879,120.688,118.522,117.794,124.056,123.085,126.511,110.836,117.712,122.852,127.101,127.221,119.511","8.420,8.478,8.484,8.473,8.431,8.476,8.468,8.556,8.475,8.546,8.511,8.545,8.414,8.457,8.486,8.549,8.463,8.450,8.473,8.475,8.483,8.513,8.549,8.548,8.473,8.464,8.483,8.549,8.546,8.467,8.487,8.413,8.465,8.361,8.444,8.474,8.511,8.472,8.423,8.473,8.551,8.472,8.546,8.483,8.520,8.486,8.423,8.436,8.466,8.475,8.472,8.487,8.454,8.475,8.516,8.486,8.484,8.283,8.472,8.477,8.425,8.553,8.486,8.473,8.474,8.480,8.426,8.480,8.464,8.464,8.452,8.476,8.442,8.460,8.517,8.484,8.480,8.389,8.553,8.476,8.504,8.477,8.468,8.549,8.415,8.465,8.493,8.422,8.485,8.465,8.462,8.487,8.421,8.487,8.464,8.413,8.510,8.434,8.473,8.466"
2026-06-26T14:20:50.020250+00:00,SQISign NIST Round 2 Submission,6,5,109D3FF876C2141786D6CA4B807B58593B3CDDE2BBBA4D2602A8E74497D38C01C39DAFBD9FD0E4D10E363244CF3A9710DFF7D8CEF96C0443CAEFE50B3F8AE80302,109D3FF876C2141786D6CA4B807B58593B3CDDE2BBBA4D2602A8E74497D38C01C39DAFBD9FD0E4D10E363244CF3A9710DFF7D8CEF96C0443CAEFE50B3F8AE80302FF00D5431B47F6895F95ECF2B193ECB907010000000000000000000000000000B26E8DE14EC2F238365EA11E3B51C56031FEFFFFFFFFFFFFFFFFFFFFFFFFFFFFB9540B1B822DF4D07D5FF6115F7470E626FEFFFFFFFFFFFFFFFFFFFFFFFFFFFFFFFFFFFFFFFFFFFFFFFFFFFFFFFFFFFFFFFFFFFFFFFFFFFFFFFFFFFFFFFFFFFF00000000000000000000000000000000000000000000000000000000000000006A65A598971A86952C1513912653E2179F760B657A5B5A29EB8EE46283CDAD00C94C0505EE77530FAC88AF4C02228BB09032F515CB5F774279DFB02579E1AB0059EE88E37C21B182FC0D9E8FF1D8A6DE804BEB02FEBC93E764E1C1E95F272F002825F8D9E59516F0B070E2269DA78FAC77E336E4E32769633F79CC7893C27F00,0,53.637214,"125.447,119.023,124.678,122.743,109.667,125.969,117.571,132.737,125.698,116.602,114.446,123.650,117.449,123.806,116.725,114.374,124.746,124.876,125.893,115.318,120.351,125.713,119.762,108.898,115.950,135.296,126.854,112.554,113.733,118.037,128.985,117.224,128.446,117.117,113.901,113.284,131.222,115.347,126.810,115.707,118.741,136.325,114.176,126.931,127.637,118.074,117.238,110.629,138.768,116.352,123.403,126.547,136.417,117.001,116.755,123.319,125.156,113.063,127.040,127.238,119.792,116.181,115.966,132.859,133.824,112.664,118.896,121.348,116.424,127.497,116.532,119.721,117.978,122.001,122.979,124.675,124.668,116.457,121.627,123.778,126.322,121.929,117.446,115.844,110.712,133.096,122.913,116.700,110.937,132.276,118.919,117.573,119.053,121.496,141.453,115.234,114.989,132.631,129.540,129.193","8.464,8.443,8.349,8.539,8.468,8.464,8.540,8.495,8.460,8.475,8.435,8.464,8.538,8.454,8.455,8.539,8.467,8.473,8.370,8.502,8.467,8.457,8.458,8.318,8.462,8.539,8.538,8.411,8.501,8.459,8.549,8.539,8.467,8.474,8.514,8.402,8.529,8.297,8.371,8.457,8.512,8.465,8.502,8.473,8.534,8.528,8.468,8.527,8.415,8.504,8.538,8.450,8.466,8.465,8.473,8.467,8.467,8.300,8.494,8.539,8.461,8.310,8.492,8.485,8.467,8.410,8.456,8.494,8.457,8.546,8.538,8.415,8.535,8.496,8.465,8.457,8.470,8.533,8.466,8.466,8.454,8.537,8.546,8.470,8.414,8.465,8.423,8.540,8.528,8.467,8.404,8.432,8.464,8.458,8.528,8.454,8.406,8.467,8.469,8.402"
2026-06-26T14:20:50.020250+00:00,SQISign NIST Round 2 Submission,6,6,88975E4663409905424B6EBA0AC0EAC0081F07C5361A792D224E30B7FF19A9026CBB57C5DD12B272FB517C68E8EEE3485CA1739423726C8D1514E9F6A88C380202,88975E4663409905424B6EBA0AC0EAC0081F07C5361A792D224E30B7FF19A9026CBB57C5DD12B272FB517C68E8EEE3485CA1739423726C8D1514E9F6A88C3802029F5F11440A589D299C76F8FAF31955D1570000000000000000000000000000007E353E62AAD430C5B36452B3BF506DD0BCFFFFFFFFFFFFFFFFFFFFFFFFFFFFFFA18C27949536E29FA1E020F222C03A8ECDFFFFFFFFFFFFFFFFFFFFFFFFFFFFFFFFFFFFFFFFFFFFFFFFFFFFFFFFFFFFFFFFFFFFFFFFFFFFFFFFFFFFFFFFFFFFFF0000000000000000000000000000000000000000000000000000000000000000AC0C45E25ADD49DBAC53DB60A62BE390F340D646246D7E807F6EE5CA2A28D90045BDCFD4C452AF7C81E5B75837DDA51816FFB7BB63302639845A2899E497E90051693BFC8F8E16A0C7101B82F71614D26FAE5ED0820D73FE691A786915B3EF0005F0388A3567B13CEE02B3A65B37C05A29097B866CDE6347BD05A3E8A9612700,0,50.183236,"125.701,133.852,123.301,133.777,118.867,139.757,115.314,154.083,123.864,120.317,121.024,130.781,114.981,114.830,123.123,113.617,117.047,130.482,117.605,120.577,129.769,113.263,118.954,115.161,121.376,110.667,115.339,121.650,120.917,134.624,123.753,119.877,119.290,115.248,112.915,115.367,125.785,140.292,123.916,142.351,116.156,125.392,122.375,112.136,127.469,111.541,126.062,116.261,133.498,133.530,118.256,114.926,122.423,113.109,122.524,124.190,110.150,118.809,112.314,127.925,115.252,116.920,123.774,123.634,115.582,128.674,124.325,115.083,111.592,111.085,122.001,127.558,119.634,121.664,121.492,123.593,113.799,125.623,117.502,118.768,122.870,117.233,116.940,119.948,114.793,117.023,116.341,120.406,121.341,116.584,116.530,156.764,123.287,123.528,119.021,133.117,110.361,118.350,128.541,116.910","8.464,8.372,8.538,8.501,8.490,8.404,8.412,8.464,8.535,8.485,8.462,8.476,8.497,8.527,8.464,8.492,8.465,8.465,8.411,8.455,8.466,8.433,8.475,8.316,8.412,8.471,8.465,8.546,8.525,8.474,8.465,8.438,8.541,8.318,8.417,8.477,8.452,8.467,8.377,8.496,8.528,8.475,8.422,8.455,8.444,8.549,8.459,8.535,8.527,8.392,8.468,8.535,8.469,8.465,8.419,8.496,8.464,8.441,8.536,8.535,8.475,8.496,8.411,8.363,8.464,8.315,8.502,8.526,8.494,8.417,8.408,8.448,8.498,8.511,8.467,8.479,8.504,8.537,8.435,8.535,8.463,8.476,8.525,8.464,8.459,8.464,8.484,8.315,8.463,8.474,8.414,8.464,8.464,8.453,8.403,8.472,8.510,8.428,8.465,8.422"
2026-06-26T14:20:50.020250+00:00,SQISign NIST Round 2 Submission,6,7,D52CFD7392BE71F2BCBD9C934A15444C1E657D73C3A3435199AE81B377FEB901EC5423293CFB55550B499A885AB27ECC783580BBBE14C3EFC130FBCAC43962030B,D52CFD7392BE71F2BCBD9C934A15444C1E657D73C3A3435199AE81B377FEB901EC5423293CFB55550B499A885AB27ECC783580BBBE14C3EFC130FBCAC43962030B5D8CEEFF53508F18EC12D1BC62E749F2420000000000000000000000000000003AE9542BEF60EAF07134915330EB2FD6C5FFFFFFFFFFFFFFFFFFFFFFFFFFFFFF897E7974253ECB9E794EF323D0EB75AF8BFFFFFFFFFFFFFFFFFFFFFFFFFFFFFFFFFFFFFFFFFFFFFFFFFFFFFFFFFFFFFFFFFFFFFFFFFFFFFFFFFFFFFFFFFFFFFF00000000000000000000000000000000000000000000000000000000000000004D6983162EE360F73344CEF57DFBA2C7070EC72F2216EB5E28FF9F7B89689000FFCAD5ED8D60F134C9A0796AF1E510D2DF47E25B0625BA77DCE52855A3DB91005C6878E2FD2EECFDC37EC44F9990F5E430786DA5A12D1D8317800CF06EF6BD00FF30E5D14AD390BD69CC14FCBFE4FAF4F96DF6A7E8643366676E40727A152E00,0,52.561604,"122.357,117.460,115.873,116.295,128.768,122.784,115.388,115.551,114.210,111.808,134.640,125.671,121.962,118.844,136.863,119.058,114.767,115.761,114.104,124.477,114.884,126.180,114.766,119.951,138.607,122.347,123.129,111.119,123.387,125.636,111.323,114.734,122.021,118.066,114.067,110.876,122.608,111.479,118.936,114.530,145.641,116.934,119.373,116.459,134.290,119.486,115.107,134.895,119.417,118.173,114.546,118.702,113.672,132.484,111.157,128.333,120.582,119.496,131.065,136.498,116.738,122.140,118.478,113.890,121.671,114.263,116.775,128.422,142.570,115.768,131.093,127.013,116.553,113.897,118.995,119.445,116.741,132.248,122.076,124.074,122.688,130.730,119.218,116.297,144.367,114.455,127.493,121.562,124.000,118.119,118.765,122.545,111.995,139.950,110.263,113.299,126.268,121.257,129.918,122.591","8.432,8.488,8.482,8.473,8.546,8.543,8.463,8.433,8.473,8.463,8.468,8.463,8.448,8.505,8.553,8.502,8.425,8.554,8.535,8.491,8.442,8.423,8.464,8.551,8.553,8.515,8.478,8.520,8.356,8.473,8.479,8.466,8.415,8.543,8.545,8.471,8.555,8.473,8.422,8.471,8.379,8.547,8.462,8.462,8.452,8.466,8.444,8.510,8.418,8.377,8.541,8.468,8.494,8.501,8.474,8.548,8.440,8.556,8.544,8.451,8.471,8.483,8.484,8.472,8.356,8.473,8.447,8.365,8.446,8.432,8.510,8.469,8.475,8.461,8.535,8.500,8.472,8.473,8.464,8.420,8.478,8.358,8.536,8.475,8.411,8.419,8.531,8.427,8.474,8.483,8.473,8.531,8.483,8.422,8.408,8.482,8.483,8.470,8.492,8.474"
2026-06-26T14:20:50.020250+00:00,SQISign NIST Round 2 Submission,6,8,F1E295AB9F9358CEA9395FEC3DB56B6EEB30A2262018D21F25771EC4B86A230253DDE2EA99E796D4B4641C97B9D5947112EB68945948498171D9A7CD32A571010B,F1E295AB9F9358CEA9395FEC3DB56B6EEB30A2262018D21F25771EC4B86A230253DDE2EA99E796D4B4641C97B9D5947112EB68945948498171D9A7CD32A571010BB3815E89F8B596367DD9071926AF8C0AD5000000000000000000000000000000204AC5E45D7A0D7E607848086FBFBE3AE6FEFFFFFFFFFFFFFFFFFFFFFFFFFFFF9FDA15CF3F4EEF1A5448A9E2AABEFBBEBCFFFFFFFFFFFFFFFFFFFFFFFFFFFFFFFFFFFFFFFFFFFFFFFFFFFFFFFFFFFFFFFFFFFFFFFFFFFFFFFFFFFFFFFFFFFFFF0000000000000000000000000000000000000000000000000000000000000000BF42ACE989F5C0E5012053AAFC33EA95D678A53C8591108C166E1C276FE05A0053990BC5FAFB5F8A68790A288CC8A9AAC8B6EB14E0AF9F78C54617D27C4B150024E667251BA2ADB5FFF2C867D27EC5359165BA6DE9830929A4B9B80864C25800DBA409C8945650D1E62CA75FDF72C8F567C8E0DDFBAE12743A3D05436F0CC400,0,49.994913,"119.720,120.152,115.716,127.108,119.252,110.371,117.357,122.650,120.535,116.118,118.561,124.232,113.499,116.471,121.969,124.355,111.559,109.147,120.927,119.208,119.465,115.972,123.108,127.726,137.565,116.745,112.134,125.470,115.301,120.636,119.284,144.540,112.891,114.850,123.192,124.611,119.162,118.849,133.195,133.693,113.511,126.854,125.072,115.181,114.041,116.761,120.007,140.102,119.690,130.582,121.931,110.651,132.655,125.607,130.147,123.073,122.992,114.179,134.540,131.890,123.426,121.550,118.855,111.537,123.171,121.142,118.925,121.387,120.454,114.466,119.562,124.738,110.922,119.278,120.582,114.000,120.891,130.946,119.544,109.702,113.377,126.656,126.012,113.115,130.642,131.613,114.019,122.025,136.708,114.506,116.092,122.166,115.047,125.565,122.186,114.238,123.134,128.408,141.398,124.985","8.409,8.525,8.396,8.468,8.486,8.420,8.548,8.466,8.543,8.473,8.477,8.475,8.474,8.476,8.503,8.543,8.536,8.474,8.417,8.420,8.474,8.487,8.498,8.483,8.463,8.426,8.534,8.487,8.473,8.519,8.486,8.509,8.458,8.458,8.483,8.472,8.539,8.486,8.386,8.485,8.474,8.545,8.422,8.438,8.463,8.559,8.546,8.457,8.488,8.505,8.487,8.430,8.474,8.463,8.420,8.476,8.510,8.500,8.483,8.474,8.549,8.555,8.484,8.475,8.474,8.535,8.485,8.411,8.420,8.556,8.476,8.419,8.413,8.482,8.424,8.474,8.473,8.508,8.342,8.548,8.420,8.473,8.554,8.487,8.560,8.422,8.470,8.485,8.480,8.381,8.546,8.323,8.477,8.548,8.455,8.474,8.442,8.363,8.477,8.502"
2026-06-26T14:20:50.020250+00:00,SQISign NIST Round 2 Submission,6,9,C8AC0D7DDCF37179C164C0ACEF023120C92BD160C395AA20E22BA6E06E5F0F02477F168510EB610BD6A327649D13D0EADBFC2600F0C08CFF5785A7672DDC0B040A,C8AC0D7DDCF37179C164C0ACEF023120C92BD160C395AA20E22BA6E06E5F0F02477F168510EB610BD6A327649D13D0EADBFC2600F0C08CFF5785A7672DDC0B040A9B83AC54E9A5EBA3C78C7325C5C86BD30D000000000000000000000000000000E8C5D34DC52FF0E82F4F8B1F7BE2CA52F0FFFFFFFFFFFFFFFFFFFFFFFFFFFFFF9DE63535B09085D502AA6546EDD05079FEFFFFFFFFFFFFFFFFFFFFFFFFFFFFFFFFFFFFFFFFFFFFFFFFFFFFFFFFFFFFFFFFFFFFFFFFFFFFFFFFFFFFFFFFFFFFFF0000000000000000000000000000000000000000000000000000000000000000D9FBD5FFDE246C8BF264094C9CEE8E44B6C33736F1B537551480AB5DD0C77A009B69EA2C67E11508DC59380D18C1493A3C894A9613AEE7DCA415FD9A955461004B3DA45D4B278DE0AA7A2BA7F0507ED38F715D6A76435E4F4EC4C1EE14EF4000587E0DAA6EDBDC77D8EB94DD7012C3B294A9A8B55AB7A0617562D0A9D766B200,0,49.806826,"127.229,129.776,129.621,119.371,120.012,110.805,119.972,119.376,121.027,129.006,147.725,121.883,116.404,120.273,118.732,115.168,114.776,114.844,123.720,117.283,124.435,118.180,117.258,118.499,115.608,126.020,115.942,121.904,114.531,125.546,124.897,124.965,129.530,137.267,136.480,128.982,130.289,117.261,115.062,113.561,112.193,110.216,119.511,119.831,111.848,123.507,117.736,121.945,121.793,127.757,127.363,124.233,116.504,120.227,129.135,119.031,121.681,128.800,116.383,119.568,122.150,115.117,131.404,130.657,113.683,119.441,120.319,116.123,128.579,118.987,116.984,134.818,122.912,110.078,115.953,135.930,111.148,120.143,110.173,131.750,117.076,123.572,126.087,126.445,116.388,118.656,122.079,112.800,113.501,114.408,112.101,126.245,119.967,119.619,115.254,129.345,120.054,120.190,112.939,114.422","8.478,8.470,8.420,8.404,8.470,8.459,8.524,8.461,8.403,8.466,8.408,8.429,8.528,8.472,8.448,8.462,8.463,8.473,8.464,8.466,8.481,8.357,8.473,8.455,8.535,8.466,8.393,8.526,8.536,8.494,8.448,8.545,8.542,8.403,8.463,8.425,8.467,8.393,8.463,8.464,8.465,8.434,8.452,8.358,8.453,8.410,8.534,8.474,8.476,8.502,8.482,8.403,8.465,8.474,8.527,8.462,8.499,8.534,8.470,8.512,8.475,8.425,8.402,8.414,8.328,8.502,8.353,8.496,8.527,8.429,8.546,8.462,8.367,8.465,8.425,8.412,8.427,8.412,8.373,8.533,8.483,8.462,8.195,8.538,8.453,8.465,8.454,8.362,8.457,8.466,8.347,8.411,8.496,8.465,8.534,8.459,8.475,8.501,8.465,8.475"
2026-06-26T14:21:43.234648+00:00,SQISign NIST Round 2 Submission,7,0,C7AED8143E97CF3E78F9FF8E2034BDCFAB3E3AA4313126E2FE72AA1530BE7002CF61DF75B63299364CA629B6B63B08F7AE23D41B4C2B2D6FB355003B4116890106,C7AED8143E97CF3E78F9FF8E2034BDCFAB3E3AA4313126E2FE72AA1530BE7002CF61DF75B63299364CA629B6B63B08F7AE23D41B4C2B2D6FB355003B4116890106D92A524D79A8BBAA48E91247D405674E89010000000000000000000000000000603D8FBC3B9FB3FA1F26BDF4951BEF3620FEFFFFFFFFFFFFFFFFFFFFFFFFFFFFB96440E74D4A7BAD3E13040A876B25C6F4FEFFFFFFFFFFFFFFFFFFFFFFFFFFFFFFFFFFFFFFFFFFFFFFFFFFFFFFFFFFFFFFFFFFFFFFFFFFFFFFFFFFFFFFFFFFFF000000000000000000000000000000000000000000000000000000000000000009462BDEA63EEF8A5C32E8DC48FE73E01DC6026ABC8D049D9C29150EEF26DB002C1A0AE3AAC4FDD1C735C06D1362F820F998C4DF50C0AF608372A69D1EA88700C9F9C368A0BF4A7BB22A00F3071A861DEDC55E64CCA9C167E1CD43B0208EE8005784BA6554219619B3AC615A8AE4E6440F1B542B0DB5D1F743CF49BBC5CF4E00,0,57.422744,"116.318,110.773,115.778,123.781,111.639,115.135,126.461,116.073,115.827,120.940,113.993,114.539,119.870,117.132,143.330,116.042,122.316,121.822,116.379,125.427,125.475,120.333,124.856,122.700,115.168,126.579,116.246,122.162,123.540,115.869,124.077,118.080,132.157,115.796,124.356,123.741,127.483,126.199,109.296,119.683,126.907,118.685,125.621,117.792,109.199,125.894,121.283,121.871,111.260,123.766,123.790,133.546,126.456,124.346,120.805,120.186,113.923,122.326,122.441,117.557,116.775,122.274,140.134,120.867,126.161,110.982,124.346,113.077,129.624,128.772,121.104,109.800,115.654,125.188,125.954,119.132,121.297,126.917,117.621,131.077,116.442,122.091,117.634,109.800,120.162,113.890,119.578,110.156,118.699,119.541,119.223,113.756,125.485,117.566,114.446,111.195,119.788,117.674,121.215,118.015","8.496,8.464,8.366,8.537,8.427,8.465,8.297,8.537,8.550,8.527,8.467,8.422,8.413,8.539,8.473,8.476,8.500,8.457,8.467,8.458,8.455,8.504,8.460,8.537,8.450,8.458,8.536,8.469,8.484,8.277,8.511,8.527,8.468,8.465,8.415,8.466,8.410,8.413,8.479,8.457,8.442,8.511,8.465,8.529,8.425,8.538,8.535,8.413,8.503,8.457,8.413,8.414,8.511,8.457,8.446,8.337,8.455,8.379,8.475,8.536,8.526,8.474,8.475,8.464,8.465,8.471,8.464,8.404,8.466,8.334,8.513,8.351,8.526,8.474,8.547,8.416,8.455,8.501,8.456,8.456,8.500,8.512,8.419,8.464,8.351,8.437,8.425,8.465,8.159,8.429,8.475,8.456,8.548,8.465,8.499,8.539,8.537,8.502,8.463,8.548"
2026-06-26T14:21:43.234648+00:00,SQISign NIST Round 2 Submission,7,1,7E9ACD2788768DB6711BC0879F866AE83847B1FA0341B23670862FBA2EACEA025D42B588E0EF716B83FDA3CC3F044AE10893CAAA70BF4B22A1C6F51F75AE90040C,7E9ACD2788768DB6711BC0879F866AE83847B1FA0341B23670862FBA2EACEA025D42B588E0EF716B83FDA3CC3F044AE10893CAAA70BF4B22A1C6F51F75AE90040C6D9F1C98B55A1124F0C73FEC266059C6890100000000000000000000000000007A93A40F75E277749D20B636B2B4417EF5FCFFFFFFFFFFFFFFFFFFFFFFFFFFFFC322B39D60C950AE5B5F69301AF2C74DE5FEFFFFFFFFFFFFFFFFFFFFFFFFFFFFFFFFFFFFFFFFFFFFFFFFFFFFFFFFFFFFFFFFFFFFFFFFFFFFFFFFFFFFFFFFFFFF0000000000000000000000000000000000000000000000000000000000000000D3380B105BA1DE49D1CEDA40B7AC387B49D3074DD1C95751ADE4D69F3129BF005ADCE8EE5E17602F17C279F97D372934CB0781B615C81F9450CACCAE28708B00906CF819502BA5680ECCF6393CCF274BD04A6570E8C85A66EA13A5C606A3C900F5A44B397FF15ED46C4D519B93EA0289C9D225CC51BEFE541446CA84A76B7D00,0,51.146516,"112.706,123.434,116.434,115.219,119.755,121.657,114.415,123.994,127.697,143.461,111.804,120.413,120.436,127.021,120.908,117.380,115.434,123.864,123.551,126.415,114.918,121.611,129.240,115.903,124.299,116.905,121.981,125.164,121.349,118.409,123.857,131.162,119.139,117.253,145.812,114.184,115.330,118.420,126.933,122.643,138.810,153.475,120.637,113.011,111.233,131.111,123.398,138.083,123.870,129.164,116.212,117.530,119.837,113.861,115.783,135.439,119.344,123.549,115.226,110.106,117.267,118.335,114.884,131.562,121.141,122.891,112.538,121.190,127.480,120.622,124.013,117.258,127.733,112.303,117.621,115.351,123.238,131.457,122.934,122.599,115.399,110.789,138.603,132.224,114.296,127.275,123.486,121.605,112.860,126.370,114.836,116.990,108.916,127.565,135.890,138.634,128.532,129.102,133.685,124.997","8.495,8.478,8.458,8.539,8.468,8.547,8.456,8.464,8.462,8.411,8.536,8.351,8.503,8.414,8.300,8.466,8.465,8.474,8.453,8.466,8.455,8.461,8.547,8.411,8.458,8.464,8.477,8.414,8.464,8.464,8.412,8.548,8.421,8.540,8.527,8.440,8.502,8.411,8.458,8.470,8.536,8.530,8.458,8.232,8.547,8.465,8.255,8.466,8.300,8.459,8.465,8.453,8.540,8.416,8.503,8.471,8.463,8.514,8.535,8.460,8.301,8.411,8.549,8.459,8.381,8.454,8.462,8.465,8.503,8.350,8.414,8.530,8.466,8.536,8.420,8.362,8.410,8.464,8.528,8.358,8.542,8.468,8.432,8.422,8.465,8.538,8.464,8.534,8.545,8.540,8.460,8.512,8.494,8.421,8.385,8.464,8.475,8.531,8.475,8.395"
2026-06-26T14:21:43.234648+00:00,SQISign NIST Round 2 Submission,7,2,B1048B63125CAE3FCC076BAEACFF1E8F8984B0363E46CD1C61356D4C9FCD1001F52FCCC1A1DCFFA11AB0B78DAA34A629A2393381445A53E74EE64B59B24A810208,B1048B63125CAE3FCC076BAEACFF1E8F8984B0363E46CD1C61356D4C9FCD1001F52FCCC1A1DCFFA11AB0B78DAA34A629A2393381445A53E74EE64B59B24A8102085348B9F8925DC9B3B68E4EF760D6D7BD6B010000000000000000000000000000B2FC9FC8625389AC7699D22A16CB2C8CDEFDFFFFFFFFFFFFFFFFFFFFFFFFFFFF6F83FA26F410907C26F70F13008516C6EBFEFFFFFFFFFFFFFFFFFFFFFFFFFFFFFFFFFFFFFFFFFFFFFFFFFFFFFFFFFFFFFFFFFFFFFFFFFFFFFFFFFFFFFFFFFFFF00000000000000000000000000000000000000000000000000000000000000009033D05DDACA9533C547354A4A6F08DBF2FF5842A44469965C1E680EAEBC4B006135B595709D80EEF7C56E2301F9627D7649E621283C8DA83E7460AEE8A4B40011D82629F06B59CE398F004B029648ECE6ED52B1AA33D50F1C8AED77787A9500D2941A8C82BF2E3E8B2E07C47D8011E967E44887B9007428DDA882784E39FB00,0,51.979389,"122.709,118.364,130.999,121.481,114.409,126.926,126.762,118.755,115.433,115.298,113.878,114.357,114.926,115.915,119.409,117.919,122.460,120.349,114.765,131.191,132.074,128.181,123.382,134.773,115.862,115.828,116.696,116.127,119.500,116.353,123.118,118.763,120.244,127.431,128.192,112.520,121.003,110.367,114.711,110.496,120.930,121.935,120.199,135.583,131.529,113.745,129.382,118.254,142.073,130.342,127.011,115.859,127.881,112.195,122.534,128.582,110.082,126.160,112.332,118.955,114.075,120.429,115.193,123.405,121.418,112.895,121.212,117.982,116.589,122.441,116.009,112.889,130.393,125.783,118.992,124.461,117.078,117.104,115.616,116.474,112.882,114.097,124.002,139.985,113.650,123.245,118.025,142.392,117.366,124.596,127.700,126.543,119.777,129.074,114.039,127.394,116.960,124.431,119.603,114.988","8.388,8.416,8.515,8.478,8.454,8.456,8.405,8.492,8.467,8.528,8.380,8.536,8.453,8.468,8.493,8.415,8.539,8.416,8.467,8.315,8.437,8.500,8.467,8.536,8.447,8.412,8.488,8.411,8.497,8.503,8.332,8.545,8.487,8.391,8.349,8.477,8.473,8.462,8.465,8.431,8.466,8.489,8.349,8.528,8.529,8.538,8.465,8.539,8.416,8.498,8.474,8.414,8.391,8.461,8.456,8.510,8.465,8.464,8.464,8.404,8.535,8.418,8.437,8.526,8.470,8.474,8.396,8.367,8.498,8.547,8.497,8.455,8.539,8.525,8.512,8.540,8.465,8.385,8.468,8.437,8.546,8.348,8.490,8.545,8.500,8.397,8.458,8.548,8.422,8.461,8.465,8.465,8.454,8.467,8.462,8.403,8.546,8.434,8.459,8.476"
2026-06-26T14:21:43.234648+00:00,SQISign NIST Round 2 Submission,7,3,34052AE87A968AC8A3771603F9F260FD24DC6B0CDC8BB0D57C548BE03F365E000ED0E701DFF7869AD0EB766AC5860A2AC8156282A5B38AC28E866DBBED4FD80202,34052AE87A968AC8A3771603F9F260FD24DC6B0CDC8BB0D57C548BE03F365E000ED0E701DFF7869AD0EB766AC5860A2AC8156282A5B38AC28E866DBBED4FD80202178303F7F8F205DE77A96A0E47D2F4FFC1010000000000000000000000000000746F6AF6225DC9CADFDD1CC11CF4C84683FEFFFFFFFFFFFFFFFFFFFFFFFFFFFF55239AFFF5F05FD99778BE71E99157C2A3FEFFFFFFFFFFFFFFFFFFFFFFFFFFFFFFFFFFFFFFFFFFFFFFFFFFFFFFFFFFFFFFFFFFFFFFFFFFFFFFFFFFFFFFFFFFFF0000000000000000000000000000000000000000000000000000000000000000ABADB5E6CC2E97E9C52C76A0E2D6FEC75181E186A092990C787E9CF46438A700ADFDEDEEDB289B044DAD299C2216D1830FC9B355879B1DC2B6C9F75F40D77D008C17E0E0E6145DA0BCB1BB388198B4A2E6335D1AE2F032D50CCC73E851914800971EAD5867DF9EF9CC1709AE6D757B6659C260C6AA18F5A718A2EF39F04C4D00,0,50.985424,"115.304,116.871,132.713,121.867,124.415,114.929,115.360,116.561,114.179,129.453,113.173,123.007,119.119,118.736,119.379,110.720,122.619,125.460,114.074,127.028,120.578,121.480,124.404,114.782,118.112,116.084,119.375,120.181,116.093,122.251,121.246,120.325,123.306,124.174,115.657,118.740,112.176,119.850,112.161,124.484,114.761,113.779,126.103,117.382,118.937,113.793,117.545,123.346,139.641,127.233,119.997,118.729,125.354,116.245,121.672,119.396,119.845,135.524,123.425,117.836,130.729,111.451,126.379,117.687,131.860,125.209,124.329,123.041,117.173,109.523,121.922,132.698,121.740,130.326,113.103,124.659,118.017,123.344,117.170,122.723,127.390,117.889,118.548,118.728,111.784,134.253,120.579,125.924,113.668,134.060,129.963,110.757,126.587,123.266,116.350,125.662,113.222,121.259,122.732,132.853","8.540,8.410,8.423,8.474,8.463,8.534,8.459,8.465,8.511,8.446,8.452,8.536,8.546,8.462,8.474,8.513,8.533,8.487,8.474,8.421,8.434,8.465,8.456,8.510,8.427,8.464,8.454,8.485,8.415,8.545,8.472,8.492,8.464,8.536,8.470,8.464,8.303,8.528,8.541,8.428,8.466,8.455,8.465,8.452,8.547,8.454,8.465,8.453,8.464,8.536,8.529,8.472,8.489,8.437,8.466,8.402,8.475,8.303,8.526,8.431,8.466,8.538,8.530,8.532,8.535,8.463,8.465,8.418,8.465,8.536,8.535,8.506,8.464,8.425,8.403,8.535,8.468,8.431,8.528,8.538,8.462,8.500,8.464,8.476,8.479,8.433,8.468,8.418,8.400,8.459,8.486,8.304,8.467,8.536,8.406,8.470,8.549,8.409,8.433,8.537"
2026-06-26T14:21:43.234648+00:00,SQISign NIST Round 2 Submission,7,4,FBCD073ECA92EAD8922266D7B5BCCD0C0840FCFC19334C071D8029FDDB2A5302640F9C906FE855D9315AEC38BFAD558C96FAE4E8D4409CE2070BBB03768D620119,FBCD073ECA92EAD8922266D7B5BCCD0C0840FCFC19334C071D8029FDDB2A5302640F9C906FE855D9315AEC38BFAD558C96FAE4E8D4409CE2070BBB03768D6201190D7ADD799C5C81325B4CBD5E40377BD155010000000000000000000000000000E290C23F8B085E7E49205BF61098DFA279FDFFFFFFFFFFFFFFFFFFFFFFFFFFFF7F070F8518692AA36A09B61A1F64A0B2C4FFFFFFFFFFFFFFFFFFFFFFFFFFFFFFFFFFFFFFFFFFFFFFFFFFFFFFFFFFFFFFFFFFFFFFFFFFFFFFFFFFFFFFFFFFFFFF0000000000000000000000000000000000000000000000000000000000000000FD14CD48180AEA63BFF95B6719DB55A0FB6670D0DD974BCD97C43AA600F14E0095BCA73FC8E16406663FAC1CF2FDFB4B8622506FA9AC44B024980F01433B630060AA0911FE9ED8ACB1260AFD9E6238E5196DA34DF28B4A8C5FF5A4B18A9094006B305168A59FC8672C99EEC119233C8185EE6DBA4AE2E26380179428D030A000,0,50.328443,"110.302,118.568,117.503,113.383,114.148,134.958,136.194,124.270,116.756,128.410,120.606,111.366,130.949,115.849,123.692,116.434,125.638,126.649,110.516,125.186,119.268,126.169,142.575,117.869,115.690,113.655,113.822,125.721,117.016,111.815,122.761,116.109,114.868,115.572,111.249,118.040,116.825,133.134,115.758,130.863,123.743,121.090,113.510,125.185,118.251,120.457,125.408,111.272,119.855,112.544,119.814,123.169,135.280,148.255,119.093,116.388,123.337,116.051,125.252,124.499,117.702,121.610,121.275,122.601,121.272,121.166,119.558,135.827,126.054,110.488,132.281,112.414,112.791,115.144,119.426,124.496,117.840,123.841,114.183,127.167,118.903,118.768,113.006,134.747,134.680,115.437,121.186,120.386,120.041,124.339,120.817,119.614,113.313,119.904,128.333,117.250,119.136,120.001,122.544,118.836","8.496,8.377,8.423,8.478,8.418,8.460,8.470,8.474,8.553,8.415,8.465,8.545,8.472,8.533,8.476,8.479,8.468,8.474,8.476,8.410,8.465,8.547,8.484,8.472,8.369,8.487,8.414,8.437,8.475,8.501,8.510,8.494,8.420,8.410,8.483,8.386,8.483,8.426,8.542,8.472,8.472,8.376,8.463,8.492,8.555,8.547,8.477,8.546,8.514,8.463,8.497,8.465,8.472,8.474,8.447,8.545,8.539,8.416,8.543,8.485,8.471,8.476,8.464,8.465,8.556,8.545,8.428,8.555,8.455,8.419,8.492,8.482,8.491,8.482,8.474,8.513,8.474,8.545,8.520,8.472,8.470,8.483,8.474,8.411,8.544,8.464,8.484,8.456,8.484,8.513,8.439,8.463,8.326,8.304,8.422,8.511,8.421,8.411,8.473,8.484"
2026-06-26T14:21:43.234648+00:00,SQISign NIST Round 2 Submission,7,5,DF8193B5CAC2BC53BE63FBE8871F4B58078250614BAD2D8BA11F083A5762E004CAD9CD02C84A531A6799D7338D783734349EBF37EBB6504EC8F4A1FD6BB1C70302,DF8193B5CAC2BC53BE63FBE8871F4B58078250614BAD2D8BA11F083A5762E004CAD9CD02C84A531A6799D7338D783734349EBF37EBB6504EC8F4A1FD6BB1C70302F3BC15914CC1A901B5531D53B2C94B08E801000000000000000000000000000076529447FFBB319145D6FEDEED7E9B5A6AFDFFFFFFFFFFFFFFFFFFFFFFFFFFFFCD0058F3FC35AFD29238A1F3249303D55BFDFFFFFFFFFFFFFFFFFFFFFFFFFFFFFFFFFFFFFFFFFFFFFFFFFFFFFFFFFFFFFFFFFFFFFFFFFFFFFFFFFFFFFFFFFFFF000000000000000000000000000000000000000000000000000000000000000055FDB74F3EE07B9F49C86CCD24C4FF167627E05D895421EDCB25E67713BEFC00863D029D207C1CA92AC915614225D715E79D230C1ABE7B12E55DDE09A0804500927D6AC406E847BFF9607908DB757A906E71ABFD8BA2C8129BB385B867FDCD008B505C82659ED0B36523E227ABAB2ED094F5F6D03F7A8BAF6606ACB7A594AE00,0,52.855401,"122.762,116.359,124.118,119.835,113.430,112.440,130.268,119.763,120.984,115.756,116.523,113.489,115.243,120.454,120.643,134.997,117.597,114.648,110.899,111.244,123.116,132.019,115.896,118.653,127.447,112.941,121.246,111.560,117.202,112.884,118.912,117.612,115.145,119.944,118.244,121.045,120.633,118.313,114.459,119.663,130.190,146.820,122.074,115.416,130.210,125.471,116.990,117.757,123.903,117.603,116.303,119.355,124.430,114.307,122.684,124.663,130.526,118.595,129.133,115.154,115.687,111.395,118.718,119.990,122.845,117.447,115.192,111.986,119.298,117.340,125.147,130.706,123.663,115.467,112.758,130.518,120.617,129.364,120.487,115.262,121.560,119.666,117.000,130.441,116.929,113.340,119.622,114.826,133.046,132.824,122.231,116.532,121.637,131.040,111.458,118.525,112.678,126.544,114.732,115.555","8.469,8.404,8.472,8.462,8.456,8.437,8.512,8.543,8.502,8.454,8.414,8.348,8.501,8.500,8.454,8.415,8.473,8.546,8.534,8.467,8.358,8.452,8.474,8.540,8.465,8.404,8.474,8.420,8.538,8.412,8.533,8.542,8.399,8.454,8.534,8.526,8.423,8.354,8.484,8.474,8.443,8.538,8.408,8.469,8.435,8.457,8.414,8.474,8.536,8.465,8.466,8.546,8.483,8.454,8.412,8.474,8.421,8.410,8.471,8.460,8.495,8.466,8.474,8.347,8.500,8.463,8.399,8.457,8.472,8.358,8.543,8.462,8.465,8.465,8.484,8.447,8.456,8.474,8.493,8.457,8.412,8.456,8.492,8.473,8.499,8.465,8.380,8.477,8.463,8.423,8.463,8.534,8.414,8.466,8.469,8.464,8.465,8.365,8.465,8.465"
2026-06-26T14:21:43.234648+00:00,SQISign NIST Round 2 Submission,7,6,812CD90CC6FD57AF4FDC91A60E837E97FC57F824E46F25A9876D1933F4E1A904A8C2569FB8D908653812039CC5173F92849344B686D68919812B8563068EB20411,812CD90CC6FD57AF4FDC91A60E837E97FC57F824E46F25A9876D1933F4E1A904A8C2569FB8D908653812039CC5173F92849344B686D68919812B8563068EB204113741093889A92641A788C210127C7D8FC7020000000000000000000000000000D0E1A2175BE20242D0D95CB2E9DA689B84FDFFFFFFFFFFFFFFFFFFFFFFFFFFFF9B10C80CEDC3855651B2742B42412A7FADFBFFFFFFFFFFFFFFFFFFFFFFFFFFFFFFFFFFFFFFFFFFFFFFFFFFFFFFFFFFFFFFFFFFFFFFFFFFFFFFFFFFFFFFFFFFFF0000000000000000000000000000000000000000000000000000000000000000D7E21F036C2AF2844460D3B953535665772973623E5DCA75179FFE31E6C7B700FE383B50DB57F3066C76F1EF3E0C55B689A059C38F83BBB5AC9906C51EF01900066A12465BA6B2792F8B7AAFBA60B7A6B7233B226AEE102E291FFAEE59B9C20035E541B2B7D3A4D9445879FC8BA53AE3630405238C217C2FB22226F5EE4CAE00,0,51.803054,"139.085,139.116,113.569,125.728,116.622,119.106,112.800,120.813,118.665,110.640,116.342,114.727,113.387,117.939,119.091,113.609,117.322,121.974,120.074,137.464,118.109,113.515,115.760,117.378,118.635,119.093,119.266,112.398,120.370,114.924,114.685,116.420,120.465,113.794,116.838,130.068,123.736,113.139,125.423,130.729,114.149,120.634,115.877,125.428,119.910,123.873,123.961,115.350,127.789,127.229,114.180,116.503,117.563,117.030,115.503,121.620,111.050,115.225,125.132,111.702,121.575,125.182,117.381,119.166,116.140,125.107,114.700,129.864,115.259,123.742,121.266,116.982,116.511,111.652,124.673,128.783,128.015,115.487,124.214,117.003,119.946,122.241,114.889,133.132,111.143,125.576,122.551,109.443,109.577,116.186,114.057,114.250,132.577,132.951,117.932,124.464,118.063,113.126,116.551,113.389","8.522,8.487,8.550,8.486,8.505,8.472,8.396,8.474,8.549,8.475,8.547,8.537,8.362,8.512,8.476,8.477,8.498,8.315,8.477,8.471,8.463,8.469,8.395,8.431,8.475,8.468,8.474,8.474,8.413,8.427,8.462,8.466,8.486,8.474,8.502,8.466,8.473,8.473,8.507,8.545,8.547,8.551,8.474,8.433,8.343,8.536,8.470,8.496,8.480,8.426,8.437,8.480,8.470,8.474,8.405,8.474,8.415,8.461,8.549,8.484,8.464,8.479,8.483,8.374,8.451,8.494,8.556,8.506,8.482,8.430,8.544,8.511,8.474,8.535,8.423,8.460,8.540,8.512,8.479,8.415,8.464,8.315,8.443,8.411,8.518,8.511,8.484,8.506,8.413,8.485,8.467,8.406,8.465,8.496,8.428,8.433,8.472,8.495,8.465,8.475"
2026-06-26T14:21:43.234648+00:00,SQISign NIST Round 2 Submission,7,7,D66018EE0E4C4DAFBA10518BDE9898CED4DACC7F7F8BB59B3772155BBADE4A0033C5B59A7FBF753C4C7E483ABAC6095FE85E5B3175E349EE1FAE8FB744E67D0208,D66018EE0E4C4DAFBA10518BDE9898CED4DACC7F7F8BB59B3772155BBADE4A0033C5B59A7FBF753C4C7E483ABAC6095FE85E5B3175E349EE1FAE8FB744E67D020839116A5FD371D5032B681312221A7670A301000000000000000000000000000004EE04B738B892A0C2F2032EE72AA9A276FFFFFFFFFFFFFFFFFFFFFFFFFFFFFF11B08AF75A5E22D1905588957EF07B3546FEFFFFFFFFFFFFFFFFFFFFFFFFFFFFFFFFFFFFFFFFFFFFFFFFFFFFFFFFFFFFFFFFFFFFFFFFFFFFFFFFFFFFFFFFFFFF0000000000000000000000000000000000000000000000000000000000000000B371ED16676716F7B1C09EF89AC1F1C30B023088FF24BD853BF8AC6521A65B00497E3FE9F24BB526473B1757088B58023C96DE67F4BF934A36FC55AAE1B832003DA085390382F64FC9127284847909564B7BAD066B87438867BE2B9211E2C8003E6E26F62179396D0DDB2F001F62B52DC1EC7A141CB6E657A998D36BA0E2BB00,0,49.9029,"121.436,119.065,125.617,114.561,127.630,119.205,124.535,118.565,123.062,115.181,126.155,122.922,127.385,134.069,123.196,135.780,118.954,124.803,120.745,120.488,127.013,115.867,128.739,129.298,120.675,120.022,114.433,127.404,114.075,118.017,118.172,116.225,111.750,116.928,129.541,114.822,118.540,113.373,114.032,113.012,115.665,124.435,113.925,125.074,121.448,114.895,118.704,112.024,125.814,130.928,113.831,122.801,117.210,120.288,111.192,118.027,123.619,130.461,128.207,117.075,115.383,108.836,119.343,118.019,120.435,120.167,120.663,117.206,120.995,122.094,116.417,122.659,127.086,142.265,109.890,136.255,113.180,118.285,130.067,118.119,126.197,116.962,118.419,124.001,119.648,117.379,128.420,112.774,130.385,134.654,118.405,120.366,135.617,123.646,121.784,115.455,110.882,113.560,119.533,119.990","8.478,8.441,8.476,8.476,8.494,8.499,8.471,8.463,8.449,8.463,8.415,8.433,8.466,8.493,8.550,8.495,8.471,8.537,8.454,8.310,8.495,8.461,8.402,8.535,8.459,8.537,8.463,8.500,8.525,8.526,8.475,8.466,8.409,8.414,8.473,8.502,8.404,8.418,8.540,8.412,8.363,8.388,8.475,8.463,8.463,8.550,8.437,8.457,8.368,8.413,8.413,8.432,8.403,8.421,8.401,8.229,8.350,8.531,8.538,8.461,8.452,8.499,8.475,8.475,8.281,8.427,8.465,8.502,8.413,8.534,8.407,8.413,8.472,8.467,8.466,8.471,8.493,8.368,8.412,8.455,8.547,8.525,8.405,8.503,8.508,8.422,8.468,8.484,8.462,8.457,8.542,8.534,8.463,8.477,8.432,8.501,8.334,8.464,8.485,8.404"
2026-06-26T14:21:43.234648+00:00,SQISign NIST Round 2 Submission,7,8,1E357E84BEE464AF6AC4081DB784582C84F221A76177503EC10AE11EB1C479021822DB646F34476B9B88453E76965E59AC958C073BA2D300FD71F1759459A7030B,1E357E84BEE464AF6AC4081DB784582C84F221A76177503EC10AE11EB1C479021822DB646F34476B9B88453E76965E59AC958C073BA2D300FD71F1759459A7030B33C4570E132E5BCBB83B23A2D201DDEA7A01000000000000000000000000000044FA769D78C0CCDAC975B2CE7847829002FEFFFFFFFFFFFFFFFFFFFFFFFFFFFFAB53E2D2B1D458B9225C652D371B0E2C9EFEFFFFFFFFFFFFFFFFFFFFFFFFFFFFFFFFFFFFFFFFFFFFFFFFFFFFFFFFFFFFFFFFFFFFFFFFFFFFFFFFFFFFFFFFFFFF000000000000000000000000000000000000000000000000000000000000000049E8D3427D05D4EBF1ED384C99368809A1B30A91AB0BEC0A3169FF828BF5650049CB29A0154C54E4310FEB532C57A5A0F44214796D4B204AE2553BE9D48E3500F5E48FCC08E301E7E0F4ADABBDA31553E2F5049C942C2961493CF5A70EB69100A6BA55A172F276B733B1C96BAC32E006E02CF191CC9153346A026FB371594100,0,52.551801,"116.396,122.830,114.435,118.989,116.642,121.610,125.037,134.336,114.087,130.183,121.822,115.917,115.915,130.988,122.063,123.793,110.797,114.344,113.579,114.199,124.016,119.632,120.666,132.241,128.302,119.330,123.954,115.980,118.823,135.424,108.872,124.579,116.823,128.188,113.456,116.552,122.518,134.577,113.853,114.138,119.078,125.699,113.782,119.901,113.505,116.137,115.199,128.102,113.556,121.626,135.472,117.626,123.175,124.691,121.430,117.768,122.674,127.931,130.071,119.547,118.555,114.982,121.502,120.276,119.389,113.309,121.449,129.453,119.660,144.867,120.072,113.317,119.317,115.338,129.158,120.779,116.823,115.979,120.724,117.119,129.553,114.364,111.017,116.099,119.059,123.782,124.012,115.537,112.906,125.602,113.760,127.025,108.501,115.997,111.596,123.548,138.804,125.123,128.597,124.989","8.572,8.549,8.469,8.477,8.547,8.477,8.502,8.301,8.418,8.544,8.432,8.477,8.415,8.513,8.423,8.547,8.476,8.471,8.473,8.505,8.478,8.547,8.539,8.464,8.512,8.432,8.210,8.474,8.475,8.466,8.318,8.483,8.409,8.484,8.512,8.484,8.544,8.419,8.454,8.476,8.411,8.546,8.464,8.483,8.422,8.434,8.486,8.357,8.546,8.557,8.560,8.512,8.438,8.538,8.465,8.539,8.434,8.476,8.555,8.468,8.517,8.497,8.505,8.447,8.475,8.362,8.543,8.474,8.546,8.558,8.449,8.368,8.482,8.487,8.517,8.466,8.548,8.476,8.549,8.460,8.474,8.360,8.436,8.389,8.422,8.474,8.474,8.427,8.522,8.495,8.560,8.509,8.525,8.511,8.157,8.468,8.477,8.517,8.472,8.536"
2026-06-26T14:21:43.234648+00:00,SQISign NIST Round 2 Submission,7,9,9C9618FAE7995B0C25DBC07851575179071172D1952817B8D5F04CA72623E102E8F31424B71744920A074CD6CB892A404359C2253388E68C50E6960A4AC4FC0404,9C9618FAE7995B0C25DBC07851575179071172D1952817B8D5F04CA72623E102E8F31424B71744920A074CD6CB892A404359C2253388E68C50E6960A4AC4FC04048775D49C518214F0B19940732EE3742636050000000000000000000000000000C014323111C68B222EF6146095877ED815FBFFFFFFFFFFFFFFFFFFFFFFFFFFFFB10F0F35B7BB867B270FF66C3103E6A9CAF9FFFFFFFFFFFFFFFFFFFFFFFFFFFFFFFFFFFFFFFFFFFFFFFFFFFFFFFFFFFFFFFFFFFFFFFFFFFFFFFFFFFFFFFFFFFF00000000000000000000000000000000000000000000000000000000000000009AA14781DACBF03881630121F90B53038FDF9B4069DDE7ABBE5AFD2B6EB87B00FF0579507DC8F43C13C9956991FE3712408C57AE854CC4490006AE426635F600614A486DF8C8ACFF1EB0C7645194D53C463C6EF6A26D7C8A9E2AF4E475A272001BAF3CD4DA9B69631C7317EEBE6711F730FCB0BF3FD10A5470A555CB9C3EF500,0,49.522127,"114.624,121.562,124.314,115.671,112.458,128.033,138.208,122.574,121.136,131.865,138.872,110.872,127.833,115.559,119.392,113.714,122.844,114.309,122.027,120.496,126.069,123.980,123.945,128.991,116.624,111.588,118.377,118.321,120.819,137.558,129.973,131.143,122.120,118.457,115.392,120.181,128.690,121.002,113.739,114.002,131.832,114.318,119.095,115.616,119.165,132.205,116.036,115.444,115.076,123.309,123.671,116.325,112.451,127.309,120.830,118.653,118.106,124.075,119.122,125.455,128.152,114.686,131.744,111.691,120.958,126.938,118.480,110.036,115.967,135.144,115.281,117.422,120.581,123.994,135.557,122.121,109.768,118.949,123.040,118.117,134.480,133.784,112.649,113.586,110.798,113.207,133.572,122.432,126.765,115.260,129.917,152.375,128.653,125.383,120.505,110.435,122.204,118.365,114.168,120.140","8.413,8.469,8.477,8.538,8.546,8.539,8.405,8.423,8.463,8.467,8.477,8.464,8.534,8.486,8.476,8.458,8.487,8.405,8.494,8.496,8.547,8.527,8.460,8.501,8.403,8.457,8.514,8.484,8.459,8.537,8.467,8.455,8.542,8.430,8.464,8.466,8.414,8.465,8.416,8.486,8.466,8.357,8.466,8.546,8.477,8.452,8.457,8.413,8.464,8.493,8.503,8.403,8.493,8.494,8.464,8.478,8.466,8.416,8.527,8.533,8.527,8.465,8.420,8.465,8.438,8.393,8.412,8.409,8.535,8.406,8.445,8.314,8.351,8.426,8.540,8.503,8.495,8.457,8.464,8.466,8.538,8.420,8.472,8.467,8.465,8.526,8.437,8.513,8.465,8.531,8.404,8.525,8.530,8.498,8.404,8.528,8.467,8.527,8.537,8.462"
2026-06-26T14:22:36.276712+00:00,SQISign NIST Round 2 Submission,8,0,C7244CC64A8D2823FD32F45F41989DA75F447C79BC746B94A90E26BBB6BA18023964C741AE1DA045E484478A91A58902C5E52AA4B4C16859C1F6D8156293FE020B,C7244CC64A8D2823FD32F45F41989DA75F447C79BC746B94A90E26BBB6BA18023964C741AE1DA045E484478A91A58902C5E52AA4B4C16859C1F6D8156293FE020B31F7B74083CF5B868107D2F89C724144C30D00000000000000000000000000006ED57DE4C8E7369893AB094CCF561918BEEEFFFFFFFFFFFFFFFFFFFFFFFFFFFF4DA94308C86034A561EBD7D5C5BBA11050F7FFFFFFFFFFFFFFFFFFFFFFFFFFFFFFFFFFFFFFFFFFFFFFFFFFFFFFFFFFFFFFFFFFFFFFFFFFFFFFFFFFFFFFFFFFFF0000000000000000000000000000000000000000000000000000000000000000E7BD97895837E6AE4A47DBB850660CCF6010CE7C28E56841341FF5C2D2D7FC00FBFD01BB60EABF16E6AD40C67BB9BF5D35D4ACA03183A7F89A60BC8647884B006B84796705563B5E3B40EFE32F10FE4D317DF8AA9396604E3EA2658E5CCE0E00CC4DEC43563D9E9954B99183602DBCCF30C508EC5A206814CE12CE3D73990B00,0,53.54199,"111.305,118.032,124.789,130.361,132.348,118.967,113.351,118.116,116.781,112.374,118.374,121.335,115.636,110.300,120.365,125.224,132.368,110.868,115.223,125.668,117.572,112.966,109.736,123.556,121.729,116.285,128.178,118.767,129.416,131.654,118.944,115.835,120.853,111.014,126.395,112.246,113.910,114.681,123.833,118.128,115.795,123.186,113.377,136.749,116.841,112.110,112.968,127.929,112.064,123.879,123.196,121.419,117.000,119.552,124.238,127.700,122.061,124.577,114.886,116.727,121.095,130.881,115.789,120.101,118.127,128.157,123.687,122.440,135.649,120.568,119.382,130.991,118.705,125.676,122.713,124.722,121.457,117.734,124.410,116.309,136.828,119.629,124.338,121.429,132.319,113.155,131.965,124.610,126.779,122.251,124.327,123.499,115.745,119.424,112.394,113.883,117.911,115.617,117.266,117.260","8.485,8.479,8.555,8.522,8.490,8.523,8.474,8.487,8.385,8.423,8.379,8.477,8.369,8.467,8.472,8.475,8.469,8.434,8.555,8.484,8.253,8.518,8.431,8.512,8.414,8.512,8.488,8.542,8.474,8.538,8.486,8.477,8.474,8.461,8.311,8.447,8.549,8.484,8.468,8.483,8.411,8.483,8.334,8.478,8.540,8.474,8.408,8.488,8.468,8.476,8.366,8.485,8.510,8.477,8.440,8.555,8.475,8.318,8.476,8.431,8.472,8.469,8.496,8.477,8.546,8.433,8.555,8.486,8.542,8.512,8.435,8.474,8.441,8.549,8.425,8.320,8.318,8.486,8.280,8.380,8.511,8.387,8.546,8.405,8.504,8.484,8.451,8.556,8.403,8.540,8.458,8.545,8.468,8.413,8.477,8.475,8.476,8.474,8.438,8.554"
2026-06-26T14:22:36.276712+00:00,SQISign NIST Round 2 Submission,8,1,4A6A13AD7E63032CD13507FD4CB0320F8D2B9E88C5BB4C6960492E8664F42200D5DC398180567AE683BAE9F2AB192F5D6296B93F00C826085759C1C753D4EB0302,4A6A13AD7E63032CD13507FD4CB0320F8D2B9E88C5BB4C6960492E8664F42200D5DC398180567AE683BAE9F2AB192F5D6296B93F00C826085759C1C753D4EB0302117BEB56840CD98BF0852ECA78E0136E7F0100000000000000000000000000007ECA0B08A84B4F543922BFAB9B56B14E1AFDFFFFFFFFFFFFFFFFFFFFFFFFFFFF6BA9418A197D84D22C2E2E2666C677B9D3FEFFFFFFFFFFFFFFFFFFFFFFFFFFFFFFFFFFFFFFFFFFFFFFFFFFFFFFFFFFFFFFFFFFFFFFFFFFFFFFFFFFFFFFFFFFFF00000000000000000000000000000000000000000000000000000000000000000195962DD5ED978BCD9A20825AFA4EEB627B219E4053BD224F6B506259BE51001C0830BD711753892815BC320B11D67A36E32F0E36A1EA4E1E1CE533BB3801008A9EAEBE5206793F57A635BED9FAB8A1F64F46DB462260DAD063C9EAD7BC26006F5BDF3C32602439F484A2F4C5EC04B3D3816BA5B21D1C8173DE42DF821AF000,0,52.938472,"117.428,115.209,123.220,121.907,120.891,112.994,118.417,133.580,115.796,119.536,112.463,142.866,130.279,117.018,125.520,124.583,132.966,120.002,120.892,112.189,115.923,123.398,113.465,114.941,116.355,116.416,130.419,115.280,131.583,116.792,136.696,111.230,120.809,117.583,113.143,127.783,113.460,115.638,121.670,112.899,112.906,112.176,114.945,125.921,116.522,114.614,115.413,125.417,148.550,127.927,115.027,115.597,138.468,115.013,112.840,115.782,120.625,116.980,120.863,114.616,118.343,119.366,116.230,120.692,120.259,123.694,118.105,127.150,114.203,116.990,128.052,108.669,120.000,126.138,116.946,121.334,119.570,125.015,120.251,113.328,129.238,118.170,125.966,118.091,115.560,122.406,124.553,130.954,122.318,111.782,111.289,112.261,115.216,125.452,133.677,119.290,116.847,113.837,140.558,127.965","8.407,8.500,8.503,8.465,8.535,8.466,8.457,8.475,8.498,8.526,8.414,8.412,8.540,8.536,8.464,8.470,8.451,8.301,8.537,8.467,8.538,8.477,8.498,8.422,8.362,8.478,8.486,8.528,8.456,8.421,8.476,8.456,8.474,8.536,8.422,8.406,8.493,8.494,8.537,8.473,8.438,8.469,8.502,8.326,8.465,8.469,8.482,8.397,8.463,8.456,8.537,8.434,8.527,8.544,8.454,8.528,8.457,8.469,8.456,8.478,8.455,8.500,8.467,8.463,8.465,8.425,8.484,8.536,8.495,8.446,8.534,8.464,8.324,8.438,8.425,8.408,8.359,8.322,8.460,8.296,8.461,8.455,8.468,8.478,8.468,8.539,8.457,8.486,8.413,8.473,8.495,8.346,8.456,8.369,8.394,8.459,8.475,8.475,8.464,8.270"
2026-06-26T14:22:36.276712+00:00,SQISign NIST Round 2 Submission,8,2,F6BF9BBCB7628A8CBEFBE94E4D1A169173BF290034BEDFB830C83401637EDC04AB738E9C4A96BBF668ACFAE8B280BC8D3453BF80B7CC8F15F4667D1A783A7A0102,F6BF9BBCB7628A8CBEFBE94E4D1A169173BF290034BEDFB830C83401637EDC04AB738E9C4A96BBF668ACFAE8B280BC8D3453BF80B7CC8F15F4667D1A783A7A01026B8DACA8908B0372E88314C5EFE86C34D80B0000000000000000000000000000F2DF8171F2E047E7AC6DE2156E5BAAA3BDF1FFFFFFFFFFFFFFFFFFFFFFFFFFFF773CB8B94E195B4A4B45F1A2209587D673F2FFFFFFFFFFFFFFFFFFFFFFFFFFFFFFFFFFFFFFFFFFFFFFFFFFFFFFFFFFFFFFFFFFFFFFFFFFFFFFFFFFFFFFFFFFFF000000000000000000000000000000000000000000000000000000000000000026F0A22C5E3DEE48E3E4032852CCCF7ED0AFA45CFA181C2F52748C1365184C005B328C6D7915A4AF974FACD92EE94A9C7C85B6BE321CFDFD180481BB90570600DB5BD7AC2AF7B16D936FE22F7BDDFBA8DECCA5102903CFBA9047D0F73D962200A1F5809FADAA0F068472EAD64DE03056947F8C1BD10DBAB8B1F9B8FD3F56DC00,0,53.380788,"121.088,119.055,126.094,120.465,117.684,119.098,112.794,125.676,121.752,112.851,120.082,114.969,110.680,150.029,128.388,128.734,121.435,118.395,124.590,119.598,125.896,117.897,112.602,119.854,127.546,117.701,114.636,128.262,123.758,121.697,116.976,130.548,126.358,116.480,113.775,114.905,122.142,111.987,118.634,117.643,124.772,122.219,121.242,114.951,123.504,124.998,111.908,120.244,116.243,113.523,112.526,120.667,122.108,124.834,119.426,120.073,139.240,121.113,114.571,120.831,113.342,134.379,112.632,121.411,132.035,121.063,115.765,116.104,122.517,130.412,133.544,115.073,132.910,131.750,117.936,115.555,124.402,115.840,117.673,113.929,115.636,115.066,117.284,126.485,126.438,118.077,120.265,120.265,124.985,114.737,116.528,128.658,116.060,122.979,133.868,124.260,127.672,122.296,126.806,119.251","8.554,8.486,8.303,8.456,8.467,8.501,8.478,8.460,8.467,8.479,8.468,8.476,8.459,8.478,8.536,8.410,8.547,8.385,8.472,8.497,8.537,8.467,8.479,8.513,8.538,8.496,8.458,8.442,8.430,8.461,8.436,8.464,8.461,8.455,8.468,8.467,8.387,8.465,8.537,8.469,8.490,8.402,8.537,8.458,8.476,8.444,8.503,8.504,8.482,8.405,8.504,8.528,8.451,8.468,8.466,8.466,8.546,8.501,8.484,8.513,8.464,8.467,8.475,8.455,8.415,8.467,8.446,8.464,8.414,8.537,8.480,8.405,8.469,8.473,8.475,8.406,8.473,8.442,8.456,8.500,8.476,8.384,8.477,8.459,8.468,8.468,8.457,8.458,8.471,8.489,8.531,8.476,8.454,8.414,8.530,8.537,8.424,8.537,8.538,8.364"
2026-06-26T14:22:36.276712+00:00,SQISign NIST Round 2 Submission,8,3,9AE013DAFC8E0CBFD18142DECBAD72E3B0E15F0825E44D73C3052A2488898E015B92FF4297A393F80673DEF77ED2A913CB7EECBC17CD2591BE6E884051FE220111,9AE013DAFC8E0CBFD18142DECBAD72E3B0E15F0825E44D73C3052A2488898E015B92FF4297A393F80673DEF77ED2A913CB7EECBC17CD2591BE6E884051FE22011155DEC4A1F661FC19CB9F5D1BD4E0F0D7F8030000000000000000000000000000142BE0613B72EE0DCF26FF1EBBB62005FCFDFFFFFFFFFFFFFFFFFFFFFFFFFFFF35EF72052ECA68E0AF147179AAE5E60594FDFFFFFFFFFFFFFFFFFFFFFFFFFFFFFFFFFFFFFFFFFFFFFFFFFFFFFFFFFFFFFFFFFFFFFFFFFFFFFFFFFFFFFFFFFFFF00000000000000000000000000000000000000000000000000000000000000000DA3A2189487D0EA6495C200AFAF3A093A6F2520C112C1C652D27922F97BD900411459AEC65C49C3C4BF5CF6FC2FBC9F58EA2F9702237E8D4D1CE435AF147A008637BC40F88A8A870E7017CFA24ADE5C3F5BB45E8BF55F9009D43C8A95661E006DC9F2A2CEBFBEB96E1D4AD1DDE98925E125C23A560936DEBA531797A4286800,0,50.764132,"121.516,116.866,113.708,126.971,142.578,110.522,114.730,114.849,130.784,121.398,124.087,122.624,115.500,121.929,144.125,112.048,126.719,132.466,117.518,137.214,116.543,127.818,117.279,113.034,119.769,116.691,117.794,115.653,115.579,118.650,117.586,121.179,126.914,113.480,127.521,116.781,114.530,119.604,119.293,119.131,116.033,111.775,128.033,124.365,133.496,120.414,114.375,117.464,115.109,117.551,121.308,120.378,114.226,112.889,115.152,117.862,134.009,123.411,128.867,143.035,120.844,132.872,119.869,123.260,114.484,122.339,117.219,124.689,112.864,114.197,127.228,111.081,110.591,137.099,120.594,128.003,127.262,128.433,118.912,115.306,117.836,115.145,129.040,139.097,125.623,115.552,118.002,115.197,121.254,116.142,118.276,115.047,118.577,115.275,121.854,136.020,123.590,123.111,117.217,125.070","8.544,8.479,8.436,8.479,8.474,8.477,8.500,8.481,8.373,8.475,8.451,8.549,8.537,8.477,8.507,8.476,8.506,8.376,8.485,8.488,8.498,8.476,8.554,8.477,8.473,8.492,8.478,8.486,8.414,8.478,8.460,8.558,8.480,8.449,8.482,8.329,8.474,8.435,8.377,8.469,8.445,8.487,8.513,8.538,8.539,8.472,8.514,8.517,8.490,8.477,8.453,8.494,8.486,8.478,8.414,8.547,8.546,8.542,8.424,8.347,8.485,8.484,8.372,8.561,8.425,8.478,8.480,8.481,8.454,8.301,8.518,8.389,8.421,8.432,8.476,8.481,8.463,8.486,8.548,8.516,8.547,8.379,8.550,8.510,8.488,8.475,8.464,8.476,8.468,8.486,8.503,8.466,8.538,8.477,8.441,8.436,8.523,8.550,8.437,8.523"
2026-06-26T14:22:36.276712+00:00,SQISign NIST Round 2 Submission,8,4,A1E53F2E70AD8F7BD881845CA54847AFE59AE95440CA9CE3169E5852C428BE0457B6E611F985530245A49EE64ED86F2969C3D0F3C3042F7E722D6C685A04A90308,A1E53F2E70AD8F7BD881845CA54847AFE59AE95440CA9CE3169E5852C428BE0457B6E611F985530245A49EE64ED86F2969C3D0F3C3042F7E722D6C685A04A90308AFDF40B4BDB4CBAC7308FEAB75E0F13DD3030000000000000000000000000000ECAFEFCCA444044CF2CE70D1FE10919DE1FCFFFFFFFFFFFFFFFFFFFFFFFFFFFF67FE94FC43DD3BBD14596681BF4D9C8E6EFCFFFFFFFFFFFFFFFFFFFFFFFFFFFFFFFFFFFFFFFFFFFFFFFFFFFFFFFFFFFFFFFFFFFFFFFFFFFFFFFFFFFFFFFFFFFF0000000000000000000000000000000000000000000000000000000000000000B2F0F32928D99B4B1A420BA8B91A5C71A14D87F9A9F2CCB592AD92904F1007001FC3CDA6361EC485001DCDB75137EAB62B14AE92409CBC579E7F8D7D4435CF00AB905F84BC54456A454F73EC10ADD683CF02C4587AE92BB71A2E926B221F7200A82C80FA898BED223A18955F2FC74E55A52D9B41AE19A767236D0A9AA69AE500,0,53.033517,"110.260,129.877,112.856,126.892,116.191,113.183,120.755,125.582,119.959,121.198,140.814,123.199,122.783,123.400,114.411,112.678,120.750,118.335,117.912,129.416,119.047,120.783,114.639,115.850,131.188,113.933,122.040,117.197,116.592,114.770,119.054,121.189,124.123,110.428,123.178,118.349,118.204,121.415,108.478,133.738,116.833,122.549,137.566,116.134,110.239,117.056,122.755,115.211,114.240,116.962,113.614,109.857,126.775,128.772,116.213,115.096,115.085,125.826,113.406,120.781,116.444,121.843,116.802,123.554,128.622,129.493,123.970,117.771,127.579,129.599,135.880,110.329,109.647,131.080,117.663,113.606,113.891,113.623,111.681,121.407,109.789,132.972,110.627,123.609,118.104,116.330,122.557,117.017,112.916,120.330,129.818,124.593,133.004,126.194,109.272,128.351,123.380,112.331,122.608,134.207","8.489,8.493,8.538,8.467,8.468,8.468,8.360,8.466,8.470,8.466,8.464,8.459,8.412,8.474,8.422,8.538,8.453,8.502,8.543,8.503,8.394,8.493,8.537,8.539,8.426,8.549,8.537,8.434,8.475,8.507,8.537,8.453,8.475,8.467,8.463,8.467,8.495,8.476,8.467,8.464,8.359,8.530,8.455,8.469,8.457,8.455,8.548,8.471,8.412,8.534,8.463,8.460,8.465,8.413,8.440,8.482,8.500,8.431,8.462,8.461,8.466,8.463,8.413,8.486,8.474,8.459,8.478,8.476,8.469,8.406,8.456,8.423,8.474,8.529,8.544,8.477,8.453,8.466,8.454,8.393,8.412,8.446,8.527,8.424,8.359,8.459,8.510,8.515,8.356,8.447,8.532,8.455,8.420,8.403,8.377,8.479,8.547,8.504,8.540,8.540"
2026-06-26T14:22:36.276712+00:00,SQISign NIST Round 2 Submission,8,5,ED38ADE36A92287A2CB0A7CDE8DFE7C284DAD457178B7952A05FEF3AD09099027B2FA1941E43E36648E57302530AFBE0A602AF0AC9371F1C73A32FAB2CBCBA0411,ED38ADE36A92287A2CB0A7CDE8DFE7C284DAD457178B7952A05FEF3AD09099027B2FA1941E43E36648E57302530AFBE0A602AF0AC9371F1C73A32FAB2CBCBA0411F91464A08E46793072CD84A9158E4868D8010000000000000000000000000000BE8C97F14A0544576E7FA22FA715511CB8FEFFFFFFFFFFFFFFFFFFFFFFFFFFFFD9940C6B60F89C08A8AB9968340B505823FFFFFFFFFFFFFFFFFFFFFFFFFFFFFFFFFFFFFFFFFFFFFFFFFFFFFFFFFFFFFFFFFFFFFFFFFFFFFFFFFFFFFFFFFFFFFF00000000000000000000000000000000000000000000000000000000000000001BFAAE81B976E444891A20F02D008C6C3668BB11E3EB7B332A77846A2DFE630085A448E775D257CA35E47F25E86AFB5795305207888115A9A2B830BA660B8000C2A07D3FDC7BE07AF6EAC4DFC1A177969FAB371D485681C5EEA21F97148CF5008F8643E33E7D888A6691EB205A8BAA4C12A6D7CDD8C87543F7FC42D0519BFA00,0,51.912183,"129.689,115.169,121.101,111.746,126.174,113.558,119.084,132.893,109.580,125.624,127.573,121.038,111.950,123.305,124.924,115.905,123.081,117.131,124.878,110.078,123.868,124.150,119.994,125.334,130.749,122.179,125.144,120.323,122.644,117.708,125.284,125.994,112.478,120.051,120.618,113.742,122.529,121.165,121.473,115.072,115.912,116.104,114.881,122.268,128.623,115.708,116.754,112.575,112.596,114.988,128.760,132.620,129.915,124.253,114.517,125.022,116.398,110.873,121.625,126.741,123.829,114.905,122.331,123.477,115.345,113.909,120.453,125.919,130.055,120.868,112.359,122.056,128.169,119.017,116.879,127.305,140.451,112.472,116.385,121.051,127.467,117.103,126.707,110.367,116.054,120.605,124.660,135.802,112.871,128.438,122.401,131.002,114.388,114.821,121.848,124.084,126.500,116.866,121.606,116.050","8.427,8.476,8.477,8.437,8.560,8.478,8.541,8.477,8.546,8.477,8.496,8.423,8.475,8.459,8.444,8.487,8.433,8.514,8.474,8.424,8.488,8.431,8.475,8.513,8.476,8.516,8.466,8.479,8.476,8.540,8.476,8.475,8.387,8.512,8.449,8.475,8.547,8.475,8.547,8.485,8.485,8.431,8.404,8.549,8.481,8.470,8.365,8.485,8.465,8.504,8.557,8.547,8.320,8.307,8.475,8.469,8.474,8.421,8.496,8.523,8.472,8.415,8.455,8.426,8.559,8.394,8.477,8.467,8.475,8.514,8.473,8.536,8.422,8.476,8.427,8.454,8.510,8.484,8.405,8.523,8.557,8.423,8.558,8.538,8.424,8.501,8.477,8.477,8.466,8.477,8.390,8.505,8.548,8.475,8.476,8.515,8.467,8.487,8.482,8.426"
2026-06-26T14:22:36.276712+00:00,SQISign NIST Round 2 Submission,8,6,CFBD0CDE3CF206E13AE036B6C209A066544BBD5BB416D080FABB194C243370041C4EFB2BAABD57BCFEA10BDC9E538CAFC08F5A4F665D52CFD0CA0745BDBBE80210,CFBD0CDE3CF206E13AE036B6C209A066544BBD5BB416D080FABB194C243370041C4EFB2BAABD57BCFEA10BDC9E538CAFC08F5A4F665D52CFD0CA0745BDBBE802105B76DFF2237ACC87AEC6CE09256E3F56C90000000000000000000000000000002842FB6856C7D41252338FE289046C9543FFFFFFFFFFFFFFFFFFFFFFFFFFFFFF57ADC66F52D225D9C04C7EFD4EB20B41EBFFFFFFFFFFFFFFFFFFFFFFFFFFFFFFFFFFFFFFFFFFFFFFFFFFFFFFFFFFFFFFFFFFFFFFFFFFFFFFFFFFFFFFFFFFFFFF0000000000000000000000000000000000000000000000000000000000000000F8D75C3F4E5B84649914E44CB779BF753BF0037F87F916C36D0AA84EDCE29A00A97183D5189571679EF4C4D0D42853DC957A791E2226B6FA884C326425343700918E4AB491499E699AB4CFBD0C79C48ED9CBA87B2298CF04D2913F981856270080A80A879C7930D0D5E72591A4B8C1285901F39404FE5906108A445E2F9DA200,0,48.922831,"118.526,124.294,123.049,118.267,111.101,130.635,113.215,112.304,126.544,125.299,132.181,117.245,113.434,123.803,113.220,120.580,114.394,116.716,117.874,127.104,115.053,118.524,123.297,113.918,119.658,117.634,120.960,113.081,110.768,129.131,122.441,125.124,119.198,113.805,117.640,121.577,116.759,121.345,126.191,128.729,111.303,128.934,116.845,114.182,119.671,119.969,121.477,130.265,133.387,134.764,119.409,113.649,117.948,141.642,115.317,118.457,119.206,119.914,147.083,138.944,112.512,122.105,116.699,124.051,113.186,123.485,113.018,129.917,109.330,111.763,116.183,115.487,118.937,110.919,111.986,118.201,126.527,122.041,121.804,129.889,125.684,124.465,116.436,115.571,121.948,122.552,136.187,121.239,122.350,121.755,118.597,128.915,124.784,120.885,126.631,112.562,115.798,137.853,123.491,123.216","8.463,8.456,8.466,8.474,8.456,8.462,8.503,8.546,8.465,8.418,8.523,8.462,8.349,8.475,8.404,8.462,8.474,8.456,8.535,8.421,8.472,8.487,8.499,8.322,8.461,8.470,8.477,8.464,8.462,8.544,8.462,8.372,8.547,8.404,8.412,8.406,8.459,8.470,8.464,8.473,8.456,8.475,8.463,8.359,8.505,8.388,8.477,8.546,8.468,8.498,8.503,8.466,8.406,8.436,8.448,8.538,8.470,8.537,8.465,8.442,8.530,8.474,8.410,8.505,8.484,8.472,8.465,8.465,8.512,8.478,8.432,8.398,8.516,8.542,8.471,8.463,8.545,8.461,8.456,8.415,8.453,8.450,8.476,8.546,8.410,8.537,8.468,8.446,8.540,8.467,8.455,8.382,8.495,8.540,8.476,8.511,8.526,8.419,8.410,8.534"
2026-06-26T14:22:36.276712+00:00,SQISign NIST Round 2 Submission,8,7,CE18EC25ACD88394717D0421100D047CD0A7EC65E98A1C3B4DF21BE724554203A0ADF57D49899E0D239A29B9807BB44917027981CD2C7FEE1803F98EF7604E0002,CE18EC25ACD88394717D0421100D047CD0A7EC65E98A1C3B4DF21BE724554203A0ADF57D49899E0D239A29B9807BB44917027981CD2C7FEE1803F98EF7604E00023D067FCDE187A9D28EE96EDF91B30593D804000000000000000000000000000062DC1ACFA215086D8E419B4F20A092F3E4FFFFFFFFFFFFFFFFFFFFFFFFFFFFFFC7CA290B6EC31CD4CD12CB98ABD93ED09DFEFFFFFFFFFFFFFFFFFFFFFFFFFFFFFFFFFFFFFFFFFFFFFFFFFFFFFFFFFFFFFFFFFFFFFFFFFFFFFFFFFFFFFFFFFFFF00000000000000000000000000000000000000000000000000000000000000005D59991221F8363B4246178809A49D28B1BD545889854BC79E77C3206D61AD00A85CFF9EB56E11EAABDD09F7BA1ACBB76CBDAB5DC32761E8E37F5780861DD900FCF06DC0E4EA05A09FAB48E655989BB08AE6A36ACE48201D4DE962D6E4A4BA003F5F7828106978801136A5E8095CCD3655F00DE36F1FA2F9D3FF820767A76A00,0,55.610781,"129.618,113.146,135.908,130.596,123.791,112.052,122.910,116.644,115.035,115.810,135.241,113.575,120.228,113.525,117.325,112.820,116.118,135.398,133.591,132.278,124.085,112.594,116.258,125.214,113.282,129.848,113.101,122.195,118.768,113.635,110.196,125.929,127.888,111.128,120.682,123.509,119.234,122.212,123.428,119.936,136.785,118.046,113.701,112.274,115.776,137.596,114.642,118.692,114.224,108.540,124.570,120.123,119.194,114.210,140.084,120.627,124.004,115.922,111.472,123.923,113.195,110.032,123.773,116.609,117.050,123.445,119.019,118.607,121.352,125.510,122.390,121.878,114.180,113.761,119.899,126.245,125.216,113.754,119.465,126.529,117.349,133.533,124.493,123.927,119.376,123.210,113.267,122.119,123.739,113.536,126.951,114.971,135.412,113.195,116.779,115.512,115.939,120.712,121.806,124.289","8.374,8.496,8.415,8.468,8.476,8.549,8.421,8.309,8.486,8.466,8.423,8.474,8.455,8.464,8.488,8.411,8.456,8.468,8.457,8.466,8.479,8.539,8.457,8.462,8.538,8.473,8.476,8.463,8.393,8.535,8.404,8.528,8.424,8.472,8.462,8.458,8.476,8.256,8.475,8.537,8.538,8.474,8.501,8.472,8.528,8.538,8.382,8.456,8.537,8.528,8.512,8.529,8.411,8.475,8.455,8.533,8.535,8.528,8.408,8.548,8.475,8.413,8.495,8.441,8.380,8.362,8.314,8.469,8.413,8.513,8.465,8.493,8.467,8.466,8.536,8.478,8.422,8.280,8.548,8.476,8.493,8.348,8.371,8.459,8.477,8.401,8.537,8.479,8.430,8.543,8.494,8.464,8.495,8.537,8.537,8.491,8.494,8.401,8.539,8.549"
2026-06-26T14:22:36.276712+00:00,SQISign NIST Round 2 Submission,8,8,FAA14085A1930E7721F6585200FDBD7C08413F6982773681889904E7FF3671048A374B730F77FF0449835FE92DC3CCF2A6DB25A8DB0E50A324274D68B7277D000B,FAA14085A1930E7721F6585200FDBD7C08413F6982773681889904E7FF3671048A374B730F77FF0449835FE92DC3CCF2A6DB25A8DB0E50A324274D68B7277D000BAFE84A5EC51F0A9ADC1FE7EBE53874D268000000000000000000000000000000C67007A7200C65A4A93AEF0E89B54802F7FFFFFFFFFFFFFFFFFFFFFFFFFFFFFF0FEDCF17B5E6DB22560FB27C5A6CBFF07FFFFFFFFFFFFFFFFFFFFFFFFFFFFFFFFFFFFFFFFFFFFFFFFFFFFFFFFFFFFFFFFFFFFFFFFFFFFFFFFFFFFFFFFFFFFFFF0000000000000000000000000000000000000000000000000000000000000000C1347939EF1D3CE606E046A3040556617985476F647DA58C90B60FC818D91500F3D7FF43531BAA75FEDB7D2653DF05A351E2AECC2D7A093333D3A4E93DA824001B52024C116EC61EE19EDABF69CFDA55B401E75A4ED1D871DAA6AE7FA6B4770090C9F7A61F2DC80D65BDD4226013CF2ABE50D5FEDF5CA54AC97ECBD294940D00,0,51.484211,"136.410,118.868,126.486,116.711,124.108,113.186,115.589,111.484,148.435,110.948,115.411,113.654,123.405,122.620,119.452,145.075,108.182,118.643,113.958,141.195,122.641,126.465,116.122,122.841,116.434,114.849,123.407,121.678,122.929,114.978,120.996,129.908,122.009,114.113,122.396,131.571,111.059,127.937,115.286,123.650,118.111,122.821,119.861,128.677,110.876,111.879,117.512,113.026,110.938,120.755,132.683,118.453,120.470,116.278,116.659,120.328,118.878,129.108,124.754,122.986,112.749,122.408,122.899,121.002,119.959,116.366,133.340,120.369,120.953,131.507,124.738,120.817,118.050,110.507,122.898,124.448,123.394,124.723,142.339,127.759,129.289,119.533,115.004,131.722,121.252,113.140,122.899,116.202,119.138,110.111,114.529,117.822,115.674,111.037,127.376,116.865,112.664,113.320,123.238,113.754","8.573,8.478,8.550,8.544,8.513,8.556,8.545,8.410,8.503,8.475,8.416,8.465,8.398,8.485,8.504,8.554,8.478,8.476,8.545,8.461,8.474,8.466,8.486,8.480,8.467,8.535,8.477,8.484,8.475,8.474,8.384,8.494,8.484,8.475,8.475,8.421,8.488,8.511,8.465,8.447,8.484,8.472,8.483,8.422,8.480,8.422,8.547,8.475,8.476,8.483,8.535,8.497,8.318,8.536,8.520,8.488,8.448,8.465,8.551,8.515,8.420,8.486,8.502,8.476,8.545,8.394,8.464,8.557,8.480,8.474,8.431,8.475,8.464,8.486,8.523,8.474,8.477,8.412,8.414,8.425,8.501,8.466,8.421,8.480,8.539,8.377,8.429,8.514,8.538,8.465,8.557,8.450,8.471,8.466,8.475,8.484,8.488,8.467,8.469,8.475"
2026-06-26T14:22:36.276712+00:00,SQISign NIST Round 2 Submission,8,9,0AB11C014DEBEA43C5384B562BD17A2249CBDBB3FE6841E3430F94476DB249038DC71820A99ABF27EECBE0AF84BE588517287198D274B5CA16BFB823D25DAD0111,0AB11C014DEBEA43C5384B562BD17A2249CBDBB3FE6841E3430F94476DB249038DC71820A99ABF27EECBE0AF84BE588517287198D274B5CA16BFB823D25DAD0111254958D7972D05F376C3BB5031886638F4000000000000000000000000000000046488069D1B0429C6BC8DB73E0F200BCEFFFFFFFFFFFFFFFFFFFFFFFFFFFFFF751D7C7C261CBF3EDE12000B8F79B33188FFFFFFFFFFFFFFFFFFFFFFFFFFFFFFFFFFFFFFFFFFFFFFFFFFFFFFFFFFFFFFFFFFFFFFFFFFFFFFFFFFFFFFFFFFFFFF0000000000000000000000000000000000000000000000000000000000000000E108D12F7B1A3FFAA9B48E2BB2457D849A3DD9CBAB0E94C27D2283D9384C9400EB263603E1AE2C072314327E9FB607D9F6326FCE18F7C94FA2A898C839982D005B453ECFA16BE60E28732651F6C8407AFBCC436090326CC1911409217EE8AE00CEBC3FBDEBDBF60E7EF4757920A3EE8A24DF7530E0252329AC1F9457FB018700,0,51.297017,"123.126,119.207,108.377,124.259,128.752,114.456,118.382,110.769,119.284,122.129,114.132,144.871,113.380,118.614,126.716,118.192,120.636,121.809,119.903,115.472,116.466,118.986,124.179,126.789,111.349,113.951,113.875,124.907,122.502,111.887,131.093,118.483,128.028,111.792,116.144,111.367,122.483,114.710,126.623,124.384,134.665,111.538,119.596,117.391,121.667,126.900,128.741,153.375,133.761,112.217,126.435,123.730,112.585,141.007,116.959,114.361,126.561,112.210,123.555,117.237,115.632,116.737,112.124,135.206,116.461,123.748,123.315,118.306,118.763,118.727,127.030,117.071,135.849,113.246,121.383,131.537,119.291,112.455,128.743,116.694,110.473,132.170,131.508,118.093,120.150,121.301,118.899,115.571,116.995,122.378,133.657,121.990,118.304,120.549,116.109,121.143,111.059,117.406,120.315,125.394","8.478,8.498,8.506,8.476,8.547,8.560,8.498,8.513,8.475,8.539,8.405,8.379,8.477,8.471,8.504,8.466,8.471,8.547,8.550,8.428,8.428,8.537,8.475,8.481,8.467,8.499,8.478,8.479,8.476,8.485,8.555,8.424,8.551,8.362,8.485,8.476,8.396,8.538,8.484,8.318,8.545,8.478,8.515,8.470,8.471,8.414,8.474,8.425,8.425,8.478,8.278,8.438,8.478,8.470,8.516,8.538,8.484,8.468,8.476,8.488,8.485,8.467,8.475,8.558,8.477,8.507,8.427,8.390,8.487,8.481,8.372,8.422,8.469,8.545,8.478,8.475,8.464,8.468,8.421,8.468,8.407,8.503,8.548,8.466,8.559,8.547,8.515,8.477,8.486,8.473,8.392,8.476,8.486,8.468,8.408,8.516,8.537,8.466,8.547,8.557"
2026-06-26T14:23:29.302118+00:00,SQISign NIST Round 2 Submission,9,0,05CAC7F031996BE6142D1D2D715AAFA507C6BA37E0E6D19283A9564552D3D00388B12E8ED83A17B9059BEA0352EF5F3319D9F98F537847F7A494234A7D6A7E0011,05CAC7F031996BE6142D1D2D715AAFA507C6BA37E0E6D19283A9564552D3D00388B12E8ED83A17B9059BEA0352EF5F3319D9F98F537847F7A494234A7D6A7E001129277A150127BC6A71AF30AD3CF3B9C614020000000000000000000000000000502B7D6E7101614713AF51D1258759BE28FDFFFFFFFFFFFFFFFFFFFFFFFFFFFFD3A64A75527DBDDF06F3F5FB337BF2BB77FFFFFFFFFFFFFFFFFFFFFFFFFFFFFFFFFFFFFFFFFFFFFFFFFFFFFFFFFFFFFFFFFFFFFFFFFFFFFFFFFFFFFFFFFFFFFF00000000000000000000000000000000000000000000000000000000000000007C1561B27C1F9562B64BA22B90552B5D02B482379C8489C673836937FAED9A00D1082D744A0441921034923529DDE590713830DC215B11E90B1FCC0CE3AD6D002D733C6D31928864DCF4D9B92E04D527F5A27323C3804D39B0F531D615A544003D3D94F266493EF0EB645A77EFA6AFAB77F3A09437ABF3C734FDE85D9872F900,0,53.450069,"118.300,124.565,114.769,127.805,120.024,122.717,120.207,116.436,113.569,123.043,125.196,131.094,128.096,123.877,114.253,119.381,120.468,134.675,126.897,123.794,110.710,122.611,116.154,115.966,131.206,122.726,118.513,116.821,117.005,112.990,115.521,131.043,121.929,116.752,115.383,116.760,126.348,112.313,148.809,138.421,123.680,117.856,113.520,121.422,129.629,121.672,119.852,131.567,133.481,121.728,123.415,113.145,119.741,113.362,115.337,122.439,120.791,115.706,118.281,114.353,125.655,122.874,122.028,121.802,120.925,114.884,122.203,119.312,115.562,125.507,116.039,112.825,122.718,112.626,122.831,113.175,119.406,135.671,113.796,125.456,121.526,131.061,120.546,119.332,113.857,120.718,125.819,128.654,121.136,113.995,112.863,115.500,121.087,127.812,117.802,118.445,130.464,131.310,119.229,115.358","8.483,8.420,8.466,8.473,8.548,8.485,8.484,8.536,8.380,8.481,8.421,8.473,8.557,8.521,8.475,8.477,8.474,8.550,8.477,8.475,8.478,8.480,8.478,8.477,8.468,8.484,8.417,8.415,8.476,8.402,8.472,8.446,8.424,8.551,8.548,8.463,8.544,8.516,8.488,8.484,8.488,8.521,8.476,8.368,8.524,8.474,8.474,8.547,8.484,8.506,8.482,8.476,8.476,8.537,8.487,8.445,8.475,8.505,8.499,8.463,8.425,8.447,8.558,8.417,8.484,8.472,8.488,8.474,8.476,8.466,8.420,8.464,8.547,8.555,8.475,8.477,8.512,8.474,8.553,8.484,8.403,8.425,8.422,8.432,8.415,8.555,8.536,8.513,8.544,8.467,8.474,8.557,8.473,8.477,8.413,8.534,8.536,8.465,8.550,8.478"
2026-06-26T14:23:29.302118+00:00,SQISign NIST Round 2 Submission,9,1,57B8E7DA56ECDC2B7FE26DABDA15AB6E0C9FD4201FF0D9DB6CBD10907EFE67017F0E1E487A1EF257CA9B1D452F3D3895A4F5E3AD5BE50C4AC32BBB9C7F544E0104,57B8E7DA56ECDC2B7FE26DABDA15AB6E0C9FD4201FF0D9DB6CBD10907EFE67017F0E1E487A1EF257CA9B1D452F3D3895A4F5E3AD5BE50C4AC32BBB9C7F544E0104AD212AEEFC30787DB66A79D0C2F158CFD50000000000000000000000000000002C0B6F280361C91C2EF7AC395695575EA3FEFFFFFFFFFFFFFFFFFFFFFFFFFFFF6BA7B59874BA60121CE596824A8775DB80FFFFFFFFFFFFFFFFFFFFFFFFFFFFFFFFFFFFFFFFFFFFFFFFFFFFFFFFFFFFFFFFFFFFFFFFFFFFFFFFFFFFFFFFFFFFFF000000000000000000000000000000000000000000000000000000000000000077FB19D5ABCD82DA872EF28907275AB7E82933447B82136DF8967EC78927F6000CC0A8937A0D227A810E4D56D852245FA4B9DEF28647E27517FA80E7F369DA009DCC643A673D386A0ABBA95B5B672D09AF28DD836C785A5D4FB434695A676C0079CE733C779C0D6765FAE727B2F6E34B9390D3184770C654FC10C900DD953D00,0,51.285173,"123.049,114.804,116.337,117.307,122.324,123.069,123.322,124.503,110.389,128.444,113.159,119.410,112.637,120.920,122.545,116.964,119.556,125.193,121.512,130.302,123.354,115.291,115.333,121.980,116.653,118.006,124.174,114.353,135.621,118.951,112.071,120.351,130.298,116.539,112.180,116.693,113.694,118.159,118.769,145.220,129.191,119.030,133.509,125.543,112.771,111.535,121.528,114.422,129.097,121.953,120.214,118.400,121.074,119.186,118.171,117.181,119.599,121.539,122.818,122.444,122.605,112.517,124.032,114.236,117.261,118.289,122.750,124.880,121.757,124.848,110.851,114.566,115.921,126.257,113.234,129.039,123.262,125.084,116.163,116.475,122.822,119.392,120.462,118.900,111.935,127.304,115.070,124.554,114.568,113.559,117.403,112.654,118.970,116.269,129.752,113.818,122.754,126.655,116.872,116.008","8.463,8.402,8.537,8.527,8.463,8.461,8.371,8.473,8.382,8.466,8.456,8.526,8.394,8.463,8.543,8.533,8.546,8.471,8.466,8.466,8.466,8.472,8.441,8.400,8.456,8.454,8.462,8.543,8.482,8.483,8.471,8.350,8.534,8.400,8.420,8.467,8.467,8.411,8.472,8.535,8.493,8.467,8.545,8.446,8.455,8.463,8.455,8.475,8.425,8.464,8.456,8.514,8.484,8.551,8.556,8.556,8.415,8.478,8.462,8.468,8.457,8.486,8.456,8.544,8.465,8.468,8.515,8.437,8.461,8.304,8.491,8.524,8.454,8.474,8.464,8.534,8.456,8.405,8.472,8.475,8.460,8.467,8.501,8.451,8.454,8.525,8.435,8.493,8.473,8.467,8.471,8.469,8.463,8.372,8.533,8.493,8.528,8.501,8.414,8.465"
2026-06-26T14:23:29.302118+00:00,SQISign NIST Round 2 Submission,9,2,51F1B22F813562D37CF6F3CE164932CE906CFA03B002BE5752BBB5648AE1BE022C8FBC3A26E12531A41CC9BBCA3A6C3DC9429E358643FF9B8D94F9A6F57172040B,51F1B22F813562D37CF6F3CE164932CE906CFA03B002BE5752BBB5648AE1BE022C8FBC3A26E12531A41CC9BBCA3A6C3DC9429E358643FF9B8D94F9A6F57172040B7F4807378F6660C858794E992B1A1888B30100000000000000000000000000004A556F5B761A9914A5B30332E59437A953FFFFFFFFFFFFFFFFFFFFFFFFFFFFFF7BEE7F914DC1D2128A4CE7FB494BFC9EDDFDFFFFFFFFFFFFFFFFFFFFFFFFFFFFFFFFFFFFFFFFFFFFFFFFFFFFFFFFFFFFFFFFFFFFFFFFFFFFFFFFFFFFFFFFFFFF00000000000000000000000000000000000000000000000000000000000000006368AAB87B2482CE7D9DF99588C43B0557B82A33D8132A704B1046471149AC00A75A9DAE3C8AE9547858AA9B11D32C3DD8036555BADF74DBAFE2AC014405B4000BB78E8235F22D7BB8E72B2AE7E915287538BBA9286ED9B82A4781378CA9B80060AFB85E2E956E156C071B151435C9FA672AF4353FE1FC206971336961AEBA00,0,54.202715,"122.188,116.835,116.934,122.514,113.481,136.364,130.963,111.862,122.628,115.068,113.115,122.580,136.867,112.914,138.359,119.436,122.366,128.949,116.874,117.652,124.590,116.380,120.996,118.927,117.670,120.868,116.153,120.112,145.613,126.746,113.084,126.203,121.531,111.227,117.771,110.988,112.816,119.943,127.044,122.807,111.951,114.630,113.768,115.867,115.070,121.130,117.580,118.580,114.920,120.065,114.338,114.916,109.124,116.659,124.338,120.019,123.218,115.586,122.730,114.953,118.982,123.686,115.776,116.370,124.610,110.966,119.435,124.695,121.891,113.083,117.741,111.971,109.896,120.074,112.777,111.021,121.781,123.022,120.907,116.129,115.429,122.834,114.118,119.929,118.939,119.299,121.249,114.230,112.508,144.281,115.267,113.892,116.850,123.031,137.696,113.984,115.366,109.321,117.002,122.191","8.486,8.547,8.476,8.517,8.422,8.534,8.433,8.494,8.477,8.550,8.512,8.413,8.376,8.555,8.520,8.506,8.544,8.477,8.437,8.428,8.540,8.474,8.471,8.513,8.421,8.465,8.412,8.520,8.474,8.536,8.398,8.471,8.472,8.485,8.456,8.482,8.426,8.548,8.475,8.462,8.556,8.474,8.473,8.548,8.475,8.425,8.480,8.491,8.422,8.358,8.462,8.503,8.470,8.464,8.423,8.473,8.357,8.547,8.370,8.423,8.473,8.431,8.473,8.474,8.472,8.465,8.421,8.482,8.415,8.476,8.473,8.555,8.542,8.493,8.555,8.484,8.428,8.474,8.485,8.475,8.477,8.513,8.474,8.548,8.484,8.476,8.547,8.422,8.483,8.487,8.369,8.535,8.427,8.370,8.467,8.546,8.534,8.472,8.458,8.474"
2026-06-26T14:23:29.302118+00:00,SQISign NIST Round 2 Submission,9,3,802F1585614041BED412690929ADC819E6C5A9BA9E26742B2F524D0178C5A60467B60ED6F7704A728FD54D4070D2ADCFEAF3EE90B897730CCDFEF88F9ECFA30011,802F1585614041BED412690929ADC819E6C5A9BA9E26742B2F524D0178C5A60467B60ED6F7704A728FD54D4070D2ADCFEAF3EE90B897730CCDFEF88F9ECFA300111BE2EE8AB3DCE640DB7331D52AF1788D2B020000000000000000000000000000608B7C9990BADF8587DC4F500437125D73FFFFFFFFFFFFFFFFFFFFFFFFFFFFFF1D6A6C9FF3848C84B14443F97D260F9C96FFFFFFFFFFFFFFFFFFFFFFFFFFFFFFFFFFFFFFFFFFFFFFFFFFFFFFFFFFFFFFFFFFFFFFFFFFFFFFFFFFFFFFFFFFFFFF000000000000000000000000000000000000000000000000000000000000000023A10939003F856A8C4E8C2790547C28E2AC65FDED206376E0E4262FB500C500EA4846D74ECB3BD127049740FEA6883251ADC3485B0F45BFFF5305B174673B006F8325592CF1E95D48F81C8A744540393FBB015DCAD8F92CE97460C66EC47100FF19253400F731B5BAA670CCE0C71792AB2D46A8568BF9A112A24604E7619300,0,62.095033,"114.899,115.761,111.533,115.848,118.514,122.891,129.855,125.967,116.284,125.445,130.467,122.166,112.682,117.738,119.188,122.068,120.193,117.177,112.137,111.627,120.132,119.564,122.220,121.654,117.610,114.778,114.165,119.606,118.482,125.255,138.377,123.365,109.321,122.272,115.252,111.622,117.985,121.795,108.132,137.439,124.190,118.289,114.014,113.275,118.818,120.159,113.238,135.989,117.002,118.446,113.852,119.693,122.804,123.769,113.814,114.765,120.268,114.763,119.696,127.879,116.136,123.665,114.231,119.404,122.245,134.527,116.641,129.092,125.512,118.789,118.117,119.518,120.190,127.742,115.646,126.164,117.951,115.240,114.086,128.318,119.022,124.632,119.468,121.602,121.768,116.614,125.147,127.703,118.508,128.226,128.591,119.851,120.588,115.657,116.601,118.450,124.171,123.246,114.662,128.930","8.486,8.534,8.520,8.472,8.466,8.464,8.545,8.555,8.466,8.493,8.474,8.465,8.483,8.484,8.410,8.417,8.555,8.433,8.474,8.453,8.510,8.552,8.469,8.539,8.531,8.424,8.536,8.534,8.463,8.411,8.475,8.543,8.543,8.491,8.536,8.475,8.484,8.464,8.464,8.472,8.487,8.476,8.473,8.422,8.375,8.536,8.463,8.473,8.547,8.554,8.393,8.371,8.487,8.330,8.377,8.495,8.467,8.480,8.534,8.420,8.433,8.542,8.546,8.473,8.464,8.483,8.423,8.473,8.429,8.475,8.557,8.475,8.435,8.545,8.474,8.483,8.535,8.463,8.421,8.479,8.445,8.546,8.412,8.481,8.474,8.433,8.485,8.513,8.482,8.549,8.511,8.467,8.469,8.468,8.446,8.466,8.452,8.477,8.545,8.422"
2026-06-26T14:23:29.302118+00:00,SQISign NIST Round 2 Submission,9,4,F21BB4854C8B668EDEEED907BFB39E71AAFB7E42D2E84170E775C6FB3968A400423C9455DC05B89F26E24E3D87AED1E596DD015AE5E2F0AF3A64AF6ECC721C0417,F21BB4854C8B668EDEEED907BFB39E71AAFB7E42D2E84170E775C6FB3968A400423C9455DC05B89F26E24E3D87AED1E596DD015AE5E2F0AF3A64AF6ECC721C04170DCD8F6BE64EA34FB1728FD42B93B27A8F000000000000000000000000000000C27B828B886943A6A96CA3B79644FF236AFFFFFFFFFFFFFFFFFFFFFFFFFFFFFFFFD0EC364D03999F0C39B86E16789733E4FFFFFFFFFFFFFFFFFFFFFFFFFFFFFFFFFFFFFFFFFFFFFFFFFFFFFFFFFFFFFFFFFFFFFFFFFFFFFFFFFFFFFFFFFFFFFF0000000000000000000000000000000000000000000000000000000000000000D8DD03D1FE8EFEE2FB94495F93E48364D803DC6E79245F0E4EBDEA763729E50071E7FFB81EB57EE2BA91005B7F83408F79DE241EBEE5BD952E22EAFAB04613001DC9B4CBF0A8F632F46496ECD7EBED92072CAA7BC09882C10ADA5195BB16CB00E0E22A31FFFFAFF5FB01E9C6F766CC747E95C80754DDACC656401434FF1A2A00,0,55.15587,"118.151,116.691,123.434,111.771,131.251,122.217,115.877,120.653,113.438,122.397,119.855,112.911,118.005,115.501,126.192,120.384,120.448,128.907,112.069,114.422,114.776,117.517,115.189,121.668,114.454,115.434,117.325,111.539,111.568,118.627,122.572,119.543,121.544,110.346,119.011,115.834,120.262,112.497,115.949,124.278,118.709,118.056,128.606,114.038,121.917,115.315,123.990,116.666,117.505,120.001,132.890,120.546,118.013,127.357,114.590,125.905,113.569,116.004,112.671,134.821,118.373,126.018,112.980,114.554,126.107,125.918,112.890,114.744,132.664,116.313,117.217,131.752,126.042,121.211,118.805,126.551,117.456,117.471,117.442,123.986,121.428,119.188,125.066,125.203,125.026,119.898,130.135,119.066,140.790,123.498,128.289,121.114,120.422,115.941,133.515,115.535,127.205,133.808,124.516,125.108","8.464,8.412,8.472,8.541,8.463,8.503,8.472,8.483,8.464,8.548,8.373,8.352,8.501,8.442,8.546,8.421,8.465,8.547,8.482,8.472,8.480,8.474,8.522,8.475,8.546,8.485,8.484,8.483,8.473,8.466,8.503,8.473,8.495,8.465,8.484,8.321,8.465,8.470,8.482,8.424,8.484,8.511,8.547,8.481,8.475,8.483,8.486,8.557,8.545,8.475,8.474,8.413,8.483,8.466,8.512,8.522,8.465,8.546,8.484,8.511,8.553,8.476,8.480,8.475,8.434,8.485,8.522,8.536,8.509,8.473,8.485,8.380,8.558,8.487,8.475,8.462,8.503,8.475,8.547,8.472,8.469,8.422,8.333,8.550,8.554,8.484,8.487,8.467,8.481,8.475,8.485,8.440,8.367,8.418,8.430,8.546,8.464,8.468,8.537,8.474"
2026-06-26T14:23:29.302118+00:00,SQISign NIST Round 2 Submission,9,5,1561A70C394DE94519CCAF379ED51E440DB469C1E790E658E2E9434EC6322B0106711C205B6366DE14BF7ED28CF7CD346F4613E5C567E2DE2C9B98670FB1A3040B,1561A70C394DE94519CCAF379ED51E440DB469C1E790E658E2E9434EC6322B0106711C205B6366DE14BF7ED28CF7CD346F4613E5C567E2DE2C9B98670FB1A3040BBFEFBDDDEDD788686B543D27931A0A9399000000000000000000000000000000A87A87C3E4DB4E2C2012CDCBC2A5E8EBFCFEFFFFFFFFFFFFFFFFFFFFFFFFFFFFD5E83777FC02A6FD840559FE68296455D4FFFFFFFFFFFFFFFFFFFFFFFFFFFFFFFFFFFFFFFFFFFFFFFFFFFFFFFFFFFFFFFFFFFFFFFFFFFFFFFFFFFFFFFFFFFFFF000000000000000000000000000000000000000000000000000000000000000019C5F68349031D8AA656A428191015E432610BE100AEF2232A57241864BFBD00E4CF85A59556D0FE6A7FAD9F2BC510BF484FA608BC7F1AB82ADAD943D5E0DF00CB3A5C86967FF0C8941FED1844AB7B0E6637290BB75D8D313E8D7ED19615D500A73AD755BB1FB25D01F313991848E2A6BF650FDB037569835979635F0F47DE00,0,51.086169,"110.674,116.559,124.968,124.323,126.092,116.954,113.111,120.491,110.942,120.499,135.758,128.270,109.703,123.493,116.976,111.294,123.300,118.844,110.746,118.681,113.065,120.711,136.418,115.489,124.879,122.816,115.281,115.279,126.008,123.345,117.195,120.768,121.469,144.036,115.209,113.851,119.942,117.402,119.058,130.984,116.720,131.276,119.261,123.772,113.579,111.416,123.217,125.317,120.980,124.646,116.634,115.832,120.698,118.839,117.641,123.913,128.203,122.650,121.626,127.678,144.299,115.742,125.415,125.335,114.806,119.942,121.146,123.745,116.905,120.794,116.745,126.193,125.150,116.791,117.665,115.664,127.842,124.520,121.485,131.429,121.839,113.754,127.461,111.528,113.412,119.010,130.129,118.607,114.677,118.098,122.634,116.315,109.559,125.236,115.748,112.958,125.494,113.770,145.433,111.270","8.477,8.475,8.536,8.476,8.421,8.558,8.484,8.470,8.411,8.478,8.473,8.466,8.359,8.556,8.523,8.476,8.367,8.380,8.536,8.445,8.469,8.410,8.485,8.491,8.473,8.478,8.475,8.486,8.541,8.447,8.434,8.293,8.259,8.467,8.480,8.467,8.472,8.475,8.482,8.484,8.473,8.366,8.544,8.550,8.513,8.485,8.417,8.474,8.548,8.486,8.478,8.369,8.477,8.488,8.473,8.513,8.469,8.509,8.488,8.475,8.486,8.304,8.464,8.473,8.426,8.476,8.538,8.504,8.557,8.473,8.558,8.477,8.466,8.405,8.543,8.484,8.433,8.548,8.543,8.472,8.483,8.537,8.484,8.476,8.361,8.473,8.484,8.413,8.475,8.484,8.477,8.425,8.474,8.463,8.381,8.433,8.467,8.445,8.474,8.483"
2026-06-26T14:23:29.302118+00:00,SQISign NIST Round 2 Submission,9,6,5057AFBF3CEE94D1B5B01A665D05245BDABC5D91AD7F406E9152908D6FCC61000BE79189E66B6D54E653F295C638044E7620B361DD1836A0F667A99227D07C0408,5057AFBF3CEE94D1B5B01A665D05245BDABC5D91AD7F406E9152908D6FCC61000BE79189E66B6D54E653F295C638044E7620B361DD1836A0F667A99227D07C04089FAC592D1097DC62DC407A57386EC7B78000000000000000000000000000000028A00802DD460E8734276D08979BE5A6D0FFFFFFFFFFFFFFFFFFFFFFFFFFFFFF05FB5D7FBD6A17094FA36D149B89CD5F99FFFFFFFFFFFFFFFFFFFFFFFFFFFFFFFFFFFFFFFFFFFFFFFFFFFFFFFFFFFFFFFFFFFFFFFFFFFFFFFFFFFFFFFFFFFFFF0000000000000000000000000000000000000000000000000000000000000000C7C9E79592E0FC257BE4F5DA27F30BC8ABDEC8C0B8245D43F49349EE85BA4E0028F2371CC5DE90AE11FD410A4FC59607B80343A8225E2D424C7592F3DF4E1B009DC8A6843F443CB3B2E01D5EAD4B5DAD1D32A7B388EC34955C652314BCB6B800B70013635368F4E0F92C3242BFC6D659B8460D89B30805C95AF5F3A6047E0600,0,50.931956,"135.775,111.915,117.028,124.921,111.961,110.532,137.758,115.640,117.591,118.280,114.549,116.183,122.170,127.010,114.118,115.627,111.332,127.856,114.183,114.575,123.699,116.615,113.748,117.097,119.605,127.219,115.521,123.856,122.135,127.689,118.202,129.157,127.812,126.236,117.932,166.701,140.145,114.887,118.047,127.077,116.449,114.860,119.284,124.913,125.625,113.573,124.512,116.163,127.335,117.469,118.456,116.454,120.350,117.905,120.218,127.526,118.887,120.493,111.641,122.602,114.555,126.861,118.278,123.132,110.243,114.259,116.485,118.742,121.250,120.239,121.714,117.498,125.801,123.730,117.117,110.554,121.840,115.805,112.830,125.320,120.844,109.355,126.170,119.546,119.067,122.147,121.629,118.588,112.759,119.682,114.727,118.705,121.177,125.433,118.610,124.438,120.691,117.268,127.137,115.469","8.463,8.465,8.409,8.540,8.466,8.502,8.502,8.453,8.529,8.538,8.529,8.499,8.529,8.463,8.530,8.464,8.403,8.463,8.464,8.476,8.456,8.455,8.422,8.538,8.476,8.536,8.539,8.529,8.525,8.483,8.412,8.417,8.407,8.454,8.393,8.468,8.536,8.299,8.539,8.412,8.305,8.436,8.464,8.475,8.453,8.470,8.471,8.466,8.545,8.477,8.503,8.469,8.545,8.448,8.447,8.498,8.475,8.527,8.535,8.539,8.416,8.429,8.458,8.224,8.363,8.404,8.460,8.420,8.547,8.536,8.455,8.516,8.460,8.464,8.383,8.466,8.478,8.412,8.465,8.456,8.537,8.538,8.478,8.470,8.477,8.421,8.477,8.467,8.465,8.293,8.549,8.539,8.477,8.466,8.465,8.365,8.423,8.470,8.539,8.468"
2026-06-26T14:23:29.302118+00:00,SQISign NIST Round 2 Submission,9,7,0C364D22C878A7DD06A7F93CCA4D414466FD981F0189E6D3D8DADAAE7C52AB0281203AC00B0675E5BBE87873EE16AD289AED195B648BC2700447556734E9540406,0C364D22C878A7DD06A7F93CCA4D414466FD981F0189E6D3D8DADAAE7C52AB0281203AC00B0675E5BBE87873EE16AD289AED195B648BC2700447556734E9540406DDAEFC785F6CDD815D1C162AD0C4F325C80000000000000000000000000000002C89BB980FC164736FA784A7DB5B6E0998FEFFFFFFFFFFFFFFFFFFFFFFFFFFFF7D5F3CCE2CA8404415D22883E71E97BFD8FFFFFFFFFFFFFFFFFFFFFFFFFFFFFFFFFFFFFFFFFFFFFFFFFFFFFFFFFFFFFFFFFFFFFFFFFFFFFFFFFFFFFFFFFFFFFF000000000000000000000000000000000000000000000000000000000000000051C1563A2D7664E59F7862BF0D3577B4D3B66C531674002C9FE20C1766E4F0009809E781F8279872D595A265295EB69CB9CE5F4D2811FC51506ABD3DEB33CC005E7B75B90B4A65573F975BC177D36DB083424F46797B300507D9D84ABF8F82005DA75DD2B00FB210A3F8354DAAF24F0899D869595FC64A9B964481C155854F00,0,48.623751,"121.916,129.740,118.752,117.022,113.493,111.837,122.957,113.030,120.610,127.339,136.430,120.831,150.733,114.824,129.502,119.829,127.488,120.242,127.725,110.975,129.884,119.659,117.082,116.930,117.332,120.155,112.713,115.757,127.968,121.478,114.503,123.494,114.315,125.569,121.536,113.723,117.804,118.541,112.002,116.099,125.172,129.418,119.798,113.902,120.561,120.943,124.768,121.449,117.575,112.149,120.558,107.760,117.916,113.976,119.346,119.995,113.902,121.248,121.743,113.428,120.043,117.290,123.349,113.780,128.363,117.412,108.466,120.178,123.851,118.231,112.907,129.436,115.013,127.373,115.781,123.227,112.621,123.162,110.481,118.728,139.069,116.580,128.246,134.626,114.669,115.620,120.511,117.464,118.469,117.136,123.317,122.042,147.160,124.268,124.466,130.827,124.161,140.135,121.576,117.932","8.482,8.474,8.423,8.468,8.546,8.474,8.538,8.467,8.469,8.504,8.473,8.543,8.476,8.537,8.539,8.401,8.539,8.470,8.494,8.450,8.403,8.467,8.546,8.526,8.420,8.532,8.474,8.540,8.501,8.395,8.527,8.447,8.476,8.537,8.538,8.465,8.420,8.469,8.475,8.475,8.548,8.456,8.466,8.477,8.380,8.455,8.466,8.547,8.456,8.412,8.507,8.436,8.356,8.531,8.463,8.409,8.465,8.463,8.527,8.500,8.464,8.400,8.465,8.466,8.493,8.421,8.423,8.438,8.496,8.545,8.503,8.546,8.512,8.375,8.512,8.465,8.484,8.462,8.465,8.457,8.362,8.413,8.463,8.360,8.512,8.500,8.478,8.461,8.535,8.434,8.380,8.551,8.451,8.472,8.476,8.411,8.486,8.448,8.468,8.464"
2026-06-26T14:23:29.302118+00:00,SQISign NIST Round 2 Submission,9,8,75A8A1DDB972BA3AA08F35051F564F8504EB28BE14CDACACD4C7536B9DED7A0254F6625CDFCE1BCF7ECFB7523A687224D93212B4B270463826F664B043EE860002,75A8A1DDB972BA3AA08F35051F564F8504EB28BE14CDACACD4C7536B9DED7A0254F6625CDFCE1BCF7ECFB7523A687224D93212B4B270463826F664B043EE8600021504E87E62F8299CC420D8836DE2BE5E5C010000000000000000000000000000E42F95DB333FC0D5D8704EBDDFC9251861FFFFFFFFFFFFFFFFFFFFFFFFFFFFFF155B9E846F6F3E5A46FA359BA9C32F24CEFEFFFFFFFFFFFFFFFFFFFFFFFFFFFFFFFFFFFFFFFFFFFFFFFFFFFFFFFFFFFFFFFFFFFFFFFFFFFFFFFFFFFFFFFFFFFF00000000000000000000000000000000000000000000000000000000000000002E5C45AD39F596319426F043E09D79776777F2FEECDD0E111242E2E14CAFC000FFA1F82CE65F50BECD04B5E1231386FF013332F7C141152C49139AAA94D6DE0035263FFF8AA2CF73BC13F4C8EB3A1879EC4A194238F2A7E8BA09FB4B7E96700097EEC8685E186264BF53CEE7C35649C48A08748762C9E972365EAE6A2A3B5200,0,51.445933,"118.489,138.293,124.365,119.996,121.310,118.587,127.032,128.639,127.736,113.273,129.982,121.407,111.966,125.434,108.733,121.893,121.212,116.846,115.827,121.215,114.923,131.653,119.545,137.148,123.465,119.777,135.867,117.713,122.658,128.312,126.238,114.414,116.060,124.055,119.058,132.082,130.116,112.865,111.980,121.313,108.926,129.624,116.790,114.774,113.509,130.171,109.161,113.239,110.813,109.526,121.710,122.963,127.917,115.573,110.405,120.786,131.008,122.020,110.195,133.196,130.397,127.775,121.353,124.534,118.822,117.431,123.847,112.784,132.775,130.835,122.656,118.629,123.037,124.665,114.865,116.303,113.192,133.960,113.789,115.511,123.093,122.031,122.148,112.761,119.014,133.072,112.446,123.504,119.283,132.908,119.559,134.303,129.807,112.353,121.828,141.620,119.072,112.573,125.099,128.494","8.539,8.503,8.477,8.485,8.456,8.421,8.536,8.456,8.410,8.506,8.537,8.495,8.358,8.512,8.536,8.464,8.465,8.412,8.465,8.469,8.450,8.537,8.330,8.456,8.536,8.476,8.456,8.452,8.476,8.529,8.494,8.410,8.454,8.451,8.456,8.545,8.498,8.334,8.404,8.475,8.467,8.458,8.291,8.526,8.456,8.465,8.414,8.547,8.463,8.475,8.419,8.466,8.474,8.454,8.490,8.505,8.548,8.412,8.473,8.384,8.491,8.474,8.357,8.462,8.402,8.465,8.465,8.453,8.512,8.465,8.370,8.441,8.471,8.524,8.527,8.474,8.467,8.544,8.550,8.473,8.454,8.511,8.545,8.466,8.475,8.535,8.503,8.382,8.463,8.467,8.466,8.420,8.431,8.502,8.537,8.359,8.539,8.474,8.043,8.534"
2026-06-26T14:23:29.302118+00:00,SQISign NIST Round 2 Submission,9,9,B90E3CCF63E7E2B704768C641F05DB3F89E18E307ECDA76B910D0FCC4E1BBA02DD3A34DF4501EBCA750616988EECE31AEDFDF91AF24F7A152180C9CC5738DD0231,B90E3CCF63E7E2B704768C641F05DB3F89E18E307ECDA76B910D0FCC4E1BBA02DD3A34DF4501EBCA750616988EECE31AEDFDF91AF24F7A152180C9CC5738DD0231F7573E7CB262C0750E1D8D5E51A62A2C5B000000000000000000000000000000D42A5D31EC0DC5596316F6551CA7C11653FFFFFFFFFFFFFFFFFFFFFFFFFFFFFF2FFCF868ACD5D1EC6C6A1F655B82D3009DFFFFFFFFFFFFFFFFFFFFFFFFFFFFFFFFFFFFFFFFFFFFFFFFFFFFFFFFFFFFFFFFFFFFFFFFFFFFFFFFFFFFFFFFFFFFFF00000000000000000000000000000000000000000000000000000000000000002CE1E7EFBC617A3CCF554645196C61AEE6FD7518B70D275AF6C21013347F8F0097B5C90F906B20F9659A9571D22CC7CCB1AE68141A4ABC1D8CDE68BCCB785D0011EBC3A673EAE3A085CAA992111A058F3E9E56150E6AF5F1A7728CC6C03A09009E195A683F6985ED5DF51D900F6C1F7A1FEEABF061AA71C373CB62E6AAE20100,0,52.242622,"114.608,127.268,122.982,132.786,123.186,122.303,112.773,115.762,120.614,116.998,117.128,118.209,129.415,122.638,129.505,115.460,124.677,121.175,124.226,118.685,118.433,118.000,136.352,116.361,129.093,128.809,124.936,121.569,119.068,117.896,115.521,129.425,128.529,124.237,115.634,110.206,114.347,124.021,126.321,115.078,126.221,125.302,130.251,161.118,122.211,120.707,122.092,120.744,119.650,122.433,116.624,128.129,121.621,113.801,120.299,132.124,136.950,125.987,121.751,124.704,115.893,126.221,119.835,121.591,135.082,124.023,115.802,129.974,111.421,125.660,113.885,124.894,114.331,113.817,120.712,110.927,120.182,116.171,122.949,114.094,124.569,121.767,114.308,115.830,119.018,109.515,118.440,121.312,127.760,118.036,116.632,120.299,114.946,116.767,123.317,122.673,129.193,109.919,120.135,120.718","8.561,8.509,8.390,8.414,8.547,8.548,8.432,8.482,8.412,8.485,8.523,8.487,8.379,8.487,8.479,8.413,8.559,8.467,8.476,8.513,8.444,8.478,8.410,8.547,8.506,8.475,8.538,8.490,8.510,8.530,8.546,8.538,8.476,8.421,8.534,8.422,8.421,8.478,8.475,8.502,8.421,8.482,8.415,8.413,8.486,8.478,8.523,8.466,8.554,8.477,8.463,8.484,8.466,8.465,8.460,8.398,8.469,8.503,8.477,8.475,8.442,8.477,8.364,8.506,8.477,8.375,8.423,8.468,8.538,8.483,8.410,8.475,8.413,8.433,8.524,8.425,8.474,8.476,8.487,8.485,8.550,8.475,8.474,8.524,8.506,8.463,8.392,8.486,8.487,8.476,8.476,8.487,8.547,8.467,8.429,8.481,8.475,8.487,8.379,8.484"
2026-06-26T14:24:22.304923+00:00,SQISign NIST Round 2 Submission,10,0,2A5BA6AF67E1A600008171C814D015D39D9E37B5805B26272A6307AE462A5E0133097DDA5885184707559791C75EF411D392EAFFB8A82C549341FCB345D1BD020E,2A5BA6AF67E1A600008171C814D015D39D9E37B5805B26272A6307AE462A5E0133097DDA5885184707559791C75EF411D392EAFFB8A82C549341FCB345D1BD020EDBCD4D7CA485BFCACC3F808747E6780E4703000000000000000000000000000034500C22FCD533C9617B6AAB450B7CCBAAF9FFFFFFFFFFFFFFFFFFFFFFFFFFFF891A4FC0C520C208C6EB8D4CC914ACC275FFFFFFFFFFFFFFFFFFFFFFFFFFFFFFFFFFFFFFFFFFFFFFFFFFFFFFFFFFFFFFFFFFFFFFFFFFFFFFFFFFFFFFFFFFFFFF00000000000000000000000000000000000000000000000000000000000000007886624E1C94099089236E9165ECE4CA76953CF414DB18D3D6FA7121EFB14900613965FE10F453E66D669EB3BFDDA8452FEBAB940119580060EEE36BBC75FD0077FCD433CA7EA48385096DF6C751497A70C25928DA6C1F90F03B09AC0AEA30006D3372D9F7240001DDBCF5BBEF92B5D8567B3004E366D16AA501A25C70366F00,0,58.568662,"120.849,124.370,129.538,109.287,123.392,108.931,118.059,131.122,118.466,114.173,119.998,110.448,109.726,126.750,146.694,117.571,119.076,116.437,121.515,115.289,120.399,110.152,121.274,114.118,109.430,117.750,116.789,129.127,123.165,125.385,119.323,116.640,134.193,119.932,123.878,111.449,123.303,117.281,114.553,135.827,116.566,111.853,128.274,115.560,115.098,116.282,117.397,112.353,120.725,136.518,126.439,119.722,136.985,117.326,113.410,121.637,112.961,112.113,131.433,122.123,117.771,115.167,117.012,124.830,108.963,117.924,113.999,121.699,116.969,118.162,119.454,125.118,130.465,126.804,117.979,118.608,120.495,122.502,125.381,128.694,125.761,117.796,147.768,114.060,117.710,120.168,120.505,120.450,114.663,122.646,142.005,115.934,115.421,123.517,118.294,114.871,133.010,143.035,121.862,118.931","8.478,8.535,8.457,8.424,8.452,8.489,8.536,8.456,8.536,8.423,8.464,8.484,8.428,8.333,8.510,8.467,8.477,8.526,8.454,8.475,8.465,8.373,8.370,8.538,8.461,8.439,8.408,8.536,8.478,8.536,8.539,8.529,8.537,8.394,8.534,8.469,8.410,8.334,8.501,8.505,8.472,8.463,8.463,8.453,8.513,8.486,8.402,8.472,8.468,8.473,8.410,8.352,8.466,8.415,8.464,8.467,8.416,8.379,8.538,8.338,8.446,8.391,8.463,8.454,8.455,8.546,8.465,8.532,8.412,8.525,8.362,8.527,8.464,8.449,8.539,8.397,8.544,8.471,8.477,8.486,8.466,8.422,8.538,8.405,8.535,8.452,8.453,8.463,8.475,8.410,8.402,8.466,8.455,8.477,8.503,8.486,8.473,8.422,8.462,8.503"
2026-06-26T14:24:22.304923+00:00,SQISign NIST Round 2 Submission,10,1,1C55B7981F21C955A49FD83EA3A13216BBCC5DF7DC8F3BE26C8E579A8CE39B02EA1D57452F3B2537CEE0E0E3E4B01364F4F38F84239F2EE12F6576CBC1F400001D,1C55B7981F21C955A49FD83EA3A13216BBCC5DF7DC8F3BE26C8E579A8CE39B02EA1D57452F3B2537CEE0E0E3E4B01364F4F38F84239F2EE12F6576CBC1F400001D7714284B57B0ED457991FA8FA11CF532630300000000000000000000000000008630DAB53B74435C07DD88658201DF60ECFBFFFFFFFFFFFFFFFFFFFFFFFFFFFF11A73996ECE40C88B2DB2AB98D8C1C0120FFFFFFFFFFFFFFFFFFFFFFFFFFFFFFFFFFFFFFFFFFFFFFFFFFFFFFFFFFFFFFFFFFFFFFFFFFFFFFFFFFFFFFFFFFFFFF000000000000000000000000000000000000000000000000000000000000000041F630939097E1B98DAA021DE8B23533F522571251D07EA2053F30187CB0630084D4D8E41031AA19576714167D51A0E89FD752A759197407C8C3160A1D3D950098956C071EAB99FE83BDFD339A7F4E193458E1E73306DBB7C235EEFD88D94300731C715BA4B04FAD02112FF16E45025124989C3DDA07993E5E466B2A106CC800,0,58.033092,"116.460,113.676,118.419,121.361,119.708,117.292,132.630,122.222,119.961,114.942,122.995,128.648,124.476,122.786,115.418,115.475,125.005,115.884,120.189,124.969,144.093,118.346,116.699,113.789,128.103,120.914,117.603,121.212,122.981,125.163,124.195,119.529,125.819,126.576,117.577,124.879,122.137,126.496,126.838,125.266,116.295,110.561,114.266,127.411,111.694,126.197,115.842,116.634,124.179,116.077,118.548,127.510,122.777,118.070,130.421,120.953,126.723,114.910,117.521,114.888,114.119,126.875,118.869,112.670,134.499,133.619,122.389,130.667,110.130,122.980,127.105,121.685,129.781,116.076,125.494,121.169,115.273,114.031,120.365,127.649,130.637,129.934,122.408,112.636,119.710,131.344,126.370,120.683,115.862,117.403,123.388,119.803,117.415,151.825,114.944,137.870,110.949,112.012,121.471,137.778","8.474,8.415,8.474,8.474,8.413,8.557,8.431,8.365,8.483,8.483,8.484,8.474,8.466,8.471,8.420,8.535,8.365,8.466,8.464,8.476,8.554,8.421,8.478,8.476,8.417,8.472,8.509,8.478,8.547,8.427,8.464,8.549,8.463,8.543,8.473,8.486,8.271,8.483,8.536,8.479,8.360,8.466,8.550,8.484,8.368,8.472,8.474,8.460,8.413,8.482,8.493,8.430,8.385,8.422,8.402,8.461,8.474,8.472,8.443,8.443,8.389,8.502,8.474,8.482,8.434,8.429,8.462,8.473,8.472,8.472,8.484,8.554,8.371,8.472,8.544,8.382,8.465,8.372,8.480,8.536,8.414,8.544,8.536,8.535,8.376,8.412,8.441,8.536,8.412,8.435,8.543,8.309,8.536,8.514,8.501,8.387,8.474,8.466,8.473,8.411"
2026-06-26T14:24:22.304923+00:00,SQISign NIST Round 2 Submission,10,2,8F53579631CAA8417494589A02E844C10ADF86CC3C377245E72F1AEA872DC10275BD477479C89B10C3FEFCED5DC50B63AE64938ACE2629D90FC448AC2DF1F90411,8F53579631CAA8417494589A02E844C10ADF86CC3C377245E72F1AEA872DC10275BD477479C89B10C3FEFCED5DC50B63AE64938ACE2629D90FC448AC2DF1F9041135ECF2C2D53607E8D763F8059D7C2FB356020000000000000000000000000000323E9D8A9E1EC07956F16A6018D9B704C7FFFFFFFFFFFFFFFFFFFFFFFFFFFFFFAFD71D11AF771B02E40E0D2558C32D7C02FDFFFFFFFFFFFFFFFFFFFFFFFFFFFFFFFFFFFFFFFFFFFFFFFFFFFFFFFFFFFFFFFFFFFFFFFFFFFFFFFFFFFFFFFFFFFF0000000000000000000000000000000000000000000000000000000000000000EE597A28304B46149D3AA965EDEC27DA393FA0FDBC30B487CC8953B34B50100035DBE6ECC810F9F8B3453DFEEAC8CFB39199A9065F00A201D2B8D06DA825E400B3F28915EB384756821D17A317E9BAE3542C6DF5179843536F3D61600AE7A000D5FB24E219A099449AC0AFA2597AE6B2B056F4FD02682088E3139E28F4706100,0,51.495027,"123.813,121.991,112.146,115.054,119.107,116.228,115.774,122.309,112.029,126.151,113.903,130.870,117.725,126.852,110.538,116.350,128.673,110.277,121.070,111.308,115.569,116.963,114.352,121.940,114.529,128.325,124.378,130.446,130.072,121.566,117.035,122.999,126.292,116.475,115.753,118.625,121.692,126.331,121.824,117.589,127.283,120.475,129.114,120.048,140.552,124.005,117.965,125.403,116.685,113.317,118.153,112.812,125.003,114.744,115.992,116.638,124.142,124.854,120.964,116.876,113.121,124.281,124.664,118.860,119.366,111.758,115.161,126.142,126.317,111.617,115.868,113.715,126.850,129.740,124.842,118.443,121.432,114.117,121.819,116.296,123.097,114.499,114.487,115.818,131.872,142.176,118.023,128.517,131.353,122.030,111.313,113.758,114.009,119.319,125.863,125.337,114.614,116.211,131.369,125.390","8.562,8.476,8.558,8.421,8.475,8.443,8.486,8.473,8.511,8.420,8.474,8.469,8.510,8.392,8.481,8.472,8.476,8.478,8.432,8.559,8.486,8.438,8.513,8.452,8.484,8.535,8.481,8.466,8.546,8.474,8.547,8.475,8.412,8.475,8.465,8.472,8.510,8.545,8.432,8.475,8.511,8.343,8.465,8.464,8.547,8.504,8.412,8.458,8.487,8.532,8.466,8.472,8.483,8.477,8.464,8.480,8.252,8.418,8.506,8.473,8.473,8.409,8.473,8.546,8.546,8.465,8.466,8.507,8.542,8.386,8.550,8.546,8.504,8.373,8.546,8.359,8.473,8.424,8.479,8.546,8.474,8.475,8.442,8.503,8.475,8.498,8.463,8.545,8.464,8.470,8.482,8.483,8.476,8.470,8.555,8.472,8.472,8.495,8.484,8.487"
2026-06-26T14:24:22.304923+00:00,SQISign NIST Round 2 Submission,10,3,12A0ADA42CEBDE1EA85AE4885DD313D8E9280BC30C473DC7D9E4B384A01E3B036667BD1061770033CF1A23D08FEA5D302C8F7DD2C92E58347B670DF31A89E3010B,12A0ADA42CEBDE1EA85AE4885DD313D8E9280BC30C473DC7D9E4B384A01E3B036667BD1061770033CF1A23D08FEA5D302C8F7DD2C92E58347B670DF31A89E3010BD32AF18AC639081752F58B4A26076A228C010000000000000000000000000000EA220AA0999996862872B94780C8F7576BFFFFFFFFFFFFFFFFFFFFFFFFFFFFFF4F9B056883B118A0A9C25B9C2856EEDBA8FFFFFFFFFFFFFFFFFFFFFFFFFFFFFFFFFFFFFFFFFFFFFFFFFFFFFFFFFFFFFFFFFFFFFFFFFFFFFFFFFFFFFFFFFFFFFF000000000000000000000000000000000000000000000000000000000000000003EEDAD1751899B21C838560AD347B68F6528934B0AF4AA6B8AE564493AB91006F25F18AEFB3F5B25386CA86B023AD2B273C56A0222D13C1C66D82CBFA1D4500EF7F82FA7B0D00790AEE287BE492A69FDD961905A132CE845DBF105BFC16F500889E2236AAB66AD1745B0E9AC28140A304C46E11A4C4D95323A21BC65CDFD700,0,51.315314,"110.938,117.869,125.462,129.325,111.982,124.778,119.695,127.420,114.710,125.037,116.268,113.888,124.172,115.566,117.385,131.863,120.541,114.687,116.287,118.079,115.890,121.857,114.736,110.663,117.580,123.474,122.637,128.382,121.163,111.683,110.435,120.579,107.896,110.784,114.238,116.621,131.774,123.769,128.431,113.535,129.993,129.218,110.891,120.007,115.321,122.228,124.210,114.808,120.107,112.796,111.456,124.669,114.709,121.227,115.147,109.600,112.740,117.491,122.514,123.496,120.364,127.740,114.324,117.381,124.643,123.891,113.695,111.216,150.028,114.595,120.916,119.362,106.639,125.930,124.399,125.091,119.009,121.305,126.237,113.612,115.016,129.082,116.989,121.852,113.736,113.709,118.251,112.213,112.116,116.461,114.480,133.199,127.729,123.985,121.283,135.820,113.561,120.437,111.870,112.122","8.421,8.474,8.474,8.474,8.474,8.475,8.544,8.476,8.536,8.469,8.554,8.521,8.474,8.534,8.509,8.475,8.486,8.501,8.466,8.520,8.487,8.483,8.476,8.477,8.487,8.465,8.545,8.472,8.465,8.473,8.395,8.466,8.540,8.473,8.471,8.466,8.462,8.462,8.478,8.319,8.541,8.556,8.556,8.519,8.412,8.512,8.473,8.521,8.541,8.526,8.358,8.486,8.555,8.511,8.472,8.471,8.512,8.554,8.534,8.477,8.547,8.494,8.472,8.504,8.557,8.412,8.444,8.546,8.539,8.474,8.465,8.545,8.473,8.492,8.485,8.447,8.371,8.433,8.418,8.475,8.512,8.472,8.470,8.465,8.472,8.537,8.476,8.474,8.504,8.514,8.552,8.547,8.510,8.486,8.396,8.422,8.369,8.451,8.181,8.475"
2026-06-26T14:24:22.304923+00:00,SQISign NIST Round 2 Submission,10,4,5F44A687EE49C975F2618B78960A03A7868EE9F64DFC59CF23A4F7F733014E0161D866ACE925DAF8F9A5B3A3C6D4B4859E98D3C2ED198838EB7F986366FCA50317,5F44A687EE49C975F2618B78960A03A7868EE9F64DFC59CF23A4F7F733014E0161D866ACE925DAF8F9A5B3A3C6D4B4859E98D3C2ED198838EB7F986366FCA50317EFF757334ED8C2778B2D57C7A5457F1E47010000000000000000000000000000A212ED10606146C494534C0CDE3F3BFE94FDFFFFFFFFFFFFFFFFFFFFFFFFFFFF4FD4E7F9F1B0BAE700DA37E5086623A109FFFFFFFFFFFFFFFFFFFFFFFFFFFFFFFFFFFFFFFFFFFFFFFFFFFFFFFFFFFFFFFFFFFFFFFFFFFFFFFFFFFFFFFFFFFFFF00000000000000000000000000000000000000000000000000000000000000002F94A251381385B0C9D4B4A6F7C5050C53818FED41FC001B10C344B1920E9500ACBFDDF63DB5CDD97F17EF29D0E2295726D30C6C968F21F3ADFCC32555026500F7FE2ADA342D542895D77CB013A82C1344845E278580212B0A6A012F7A582800DF8549461C851961E4EC08DBE44AF751C7F9D53C78CF8FF828D9F6F8F773D200,0,59.082494,"108.406,117.865,125.057,115.988,113.820,156.291,112.542,123.666,116.675,119.197,125.767,115.673,118.461,110.806,115.937,129.250,110.817,116.536,112.032,113.985,111.658,132.825,119.501,115.766,127.928,126.079,117.990,121.426,113.563,134.873,126.008,126.757,120.407,128.769,114.145,124.490,131.457,111.138,114.831,115.890,122.093,128.018,121.743,128.517,126.127,123.916,126.382,120.486,114.841,116.275,122.852,113.832,126.562,113.803,119.183,118.905,117.910,121.332,112.803,115.640,116.972,114.991,131.904,121.704,127.468,118.295,117.497,112.886,116.019,130.070,125.089,114.164,119.498,114.571,120.607,124.021,120.180,123.806,112.655,118.070,116.709,122.636,112.922,129.689,117.714,116.332,131.824,124.921,112.645,112.756,128.220,123.389,125.167,139.716,127.986,121.806,123.604,118.081,118.748,138.154","8.380,8.469,8.537,8.416,8.390,8.474,8.544,8.464,8.555,8.558,8.333,8.473,8.411,8.422,8.521,8.549,8.537,8.547,8.496,8.544,8.463,8.553,8.556,8.482,8.533,8.414,8.520,8.513,8.318,8.412,8.434,8.383,8.484,8.474,8.473,8.473,8.472,8.534,8.465,8.430,8.461,8.557,8.557,8.521,8.475,8.535,8.437,8.536,8.482,8.473,8.457,8.485,8.414,8.486,8.465,8.473,8.428,8.523,8.485,8.424,8.545,8.369,8.443,8.487,8.536,8.522,8.474,8.513,8.477,8.549,8.433,8.547,8.468,8.267,8.291,8.556,8.496,8.467,8.327,8.467,8.416,8.473,8.425,8.488,8.538,8.368,8.480,8.493,8.538,8.432,8.411,8.558,8.464,8.473,8.472,8.547,8.473,8.365,8.480,8.472"
2026-06-26T14:24:22.304923+00:00,SQISign NIST Round 2 Submission,10,5,6AE35083C6688AF43AE7C9373B13839C49F2A4FE19B9437611A4C0E82EC4C504BAB5BF5F0D54CEF4A03A90CA3CBF7997E8B30388BE20CCFBB15D101F5FC6F70402,6AE35083C6688AF43AE7C9373B13839C49F2A4FE19B9437611A4C0E82EC4C504BAB5BF5F0D54CEF4A03A90CA3CBF7997E8B30388BE20CCFBB15D101F5FC6F70402F52518A23DE01E381FDB1861FCA489ADBB0000000000000000000000000000005AB46B0561819D870A16FD57EC08AE6A95FFFFFFFFFFFFFFFFFFFFFFFFFFFFFFBD38E43DC4E2A7221A7D24AC93DCCB4CC6FFFFFFFFFFFFFFFFFFFFFFFFFFFFFFFFFFFFFFFFFFFFFFFFFFFFFFFFFFFFFFFFFFFFFFFFFFFFFFFFFFFFFFFFFFFFFF00000000000000000000000000000000000000000000000000000000000000008CCB2689B4C3BC714F95A9AD0A7E29F2874A9545F8CD047A17A59094480E8A007F3DAA44500193D36D7BFA5BB0BD4F318DF98EBDD06A308A5A6B032141274D00774520DBD6351381D3F852DBAC15DCFC4D057733224194C43CD3419F308D8C007EA9C7830F3389A0D340BE2A1BAF6856DC20CADC1A246AE5EDAD55B2AD9B9800,0,49.503069,"117.696,123.757,145.283,123.996,114.975,111.479,119.214,115.231,126.003,110.458,129.348,129.410,111.694,124.705,121.036,120.963,118.283,115.794,112.715,113.956,122.606,117.264,125.834,128.775,127.595,146.401,112.662,117.468,125.183,130.522,116.051,118.994,123.284,121.057,119.309,132.433,111.736,116.620,113.626,120.807,119.448,126.186,125.400,115.008,134.744,112.018,121.872,113.320,121.038,122.962,133.219,113.475,125.961,113.321,110.684,114.402,130.659,121.463,113.500,115.007,114.613,113.583,117.939,126.247,123.297,111.827,125.019,130.918,113.124,117.943,114.015,129.192,113.840,116.140,121.296,138.784,115.823,123.919,110.515,115.245,119.525,116.313,139.458,113.376,118.768,112.948,121.690,117.466,127.423,124.334,111.848,126.183,124.945,136.482,112.560,121.336,111.206,113.393,113.078,124.551","8.463,8.533,8.488,8.465,8.469,8.475,8.535,8.465,8.466,8.404,8.465,8.527,8.474,8.466,8.526,8.499,8.534,8.457,8.538,8.476,8.505,8.403,8.462,8.463,8.539,8.528,8.457,8.501,8.462,8.450,8.535,8.510,8.476,8.503,8.400,8.456,8.390,8.442,8.537,8.403,8.461,8.412,8.478,8.406,8.333,8.503,8.517,8.461,8.500,8.540,8.419,8.417,8.476,8.453,8.475,8.464,8.476,8.537,8.458,8.410,8.415,8.370,8.475,8.376,8.464,8.455,8.533,8.471,8.546,8.369,8.537,8.535,8.414,8.475,8.494,8.467,8.458,8.466,8.515,8.423,8.410,8.470,8.456,8.459,8.452,8.475,8.490,8.460,8.465,8.541,8.423,8.472,8.476,8.416,8.437,8.539,8.403,8.459,8.401,8.464"
2026-06-26T14:24:22.304923+00:00,SQISign NIST Round 2 Submission,10,6,5EB90EFF75AEDF7E8BF3F71A4DB2D61109CCB2F8408EAD4B6CEDED6621E5AA04CE7DE482224D1664D9465E5B4D242067AF440BE899DDDF81AA1192190804E00329,5EB90EFF75AEDF7E8BF3F71A4DB2D61109CCB2F8408EAD4B6CEDED6621E5AA04CE7DE482224D1664D9465E5B4D242067AF440BE899DDDF81AA1192190804E003296F993CDDAE6F50D34565EEFAC3469061EE0100000000000000000000000000009090E3FE779C8788E62C4164E8F41F8BD0FFFFFFFFFFFFFFFFFFFFFFFFFFFFFF2FB3DD7A2139CAB0C7571E4077640D1B97FEFFFFFFFFFFFFFFFFFFFFFFFFFFFFFFFFFFFFFFFFFFFFFFFFFFFFFFFFFFFFFFFFFFFFFFFFFFFFFFFFFFFFFFFFFFFF0000000000000000000000000000000000000000000000000000000000000000D8660AB171E589410EBAE7AEEE98BAAF09971132E6447A948E34D13F41A91D005DD9013C7B060FF36B85C34FD8D2C2386EBADCEDC4FBAE68F2A833DCDF266A00AD153C2C0F774CB998DEC7F26B8BE1F282BA832F9C11F2072B8C2D1A17F9B700223A0213374BF0473DE756EB0F193FD3E62D29F5FF23C31CAE9BD4CCD6FA4200,0,50.060505,"118.739,122.989,127.978,116.187,114.050,132.651,123.773,122.140,120.154,113.438,125.933,126.741,119.227,136.019,117.695,118.198,113.633,120.546,118.716,126.374,111.296,119.663,122.455,114.069,115.885,125.638,123.773,124.961,122.375,112.965,117.774,115.028,123.035,123.137,119.048,115.108,119.212,112.865,133.025,112.167,121.888,112.870,120.975,117.295,114.128,118.506,115.666,116.465,125.484,119.783,111.919,128.332,114.082,124.842,115.545,114.661,117.402,127.121,114.317,127.066,130.594,150.197,119.323,122.825,113.974,115.264,121.848,115.547,127.470,122.598,124.036,115.625,132.016,124.107,114.621,120.934,111.340,120.673,119.536,131.398,119.741,117.613,117.732,116.264,121.412,120.498,121.319,136.061,115.069,123.878,118.105,116.890,120.699,114.786,122.541,109.319,127.282,118.725,127.498,111.811","8.491,8.484,8.430,8.402,8.481,8.555,8.440,8.512,8.484,8.470,8.465,8.520,8.483,8.473,8.521,8.481,8.503,8.424,8.543,8.477,8.473,8.545,8.558,8.517,8.369,8.418,8.474,8.469,8.480,8.473,8.461,8.484,8.473,8.475,8.509,8.483,8.536,8.545,8.546,8.422,8.474,8.475,8.554,8.461,8.484,8.508,8.485,8.483,8.370,8.485,8.480,8.473,8.544,8.478,8.472,8.434,8.463,8.473,8.446,8.548,8.481,8.493,8.393,8.465,8.482,8.534,8.462,8.475,8.496,8.502,8.475,8.451,8.369,8.423,8.537,8.472,8.413,8.483,8.511,8.353,8.416,8.466,8.555,8.463,8.473,8.536,8.367,8.486,8.472,8.378,8.504,8.465,8.481,8.550,8.544,8.425,8.555,8.463,8.536,8.538"
2026-06-26T14:24:22.304923+00:00,SQISign NIST Round 2 Submission,10,7,F51EC5248FD5EF6AEBBB17FD574B9328C60669A8F59563D31C770BF820BCDC037DE6C2759AC8DD545D897CBFA05FFC46B726375F28E3E03714B88676C4601B0411,F51EC5248FD5EF6AEBBB17FD574B9328C60669A8F59563D31C770BF820BCDC037DE6C2759AC8DD545D897CBFA05FFC46B726375F28E3E03714B88676C4601B0411E53005E846BF3793DDEDEDCB1F5C7F450201000000000000000000000000000042D4DFD990AB7A9B4DC4DD11CCCE1378D6FEFFFFFFFFFFFFFFFFFFFFFFFFFFFFBF894E001D47F53C035B6F0567A2AF487DFEFFFFFFFFFFFFFFFFFFFFFFFFFFFFFFFFFFFFFFFFFFFFFFFFFFFFFFFFFFFFFFFFFFFFFFFFFFFFFFFFFFFFFFFFFFFF0000000000000000000000000000000000000000000000000000000000000000077CB8F0D494A67546E682FA728DA30B04977022812368A4D3BC5D1711DD9500968CDD10FAD8DC2AD144DD972DC8E278D4E3E6DCBAE88C0726C4D26F604B7F00AFB5EA7EC7179C9B3677FEE455E72010478E15254764895D3BA378FFBE613000C751FEF998D51D41D1503DF53E071DA10E9743891BC2FEBF6DAAD98259484200,0,50.593461,"111.385,137.016,138.910,119.433,120.791,114.541,120.375,116.010,117.902,119.790,110.888,119.803,122.524,124.193,120.455,116.636,118.530,120.995,112.926,122.033,130.630,118.096,123.514,117.614,111.315,121.417,116.524,113.101,118.175,116.173,112.592,128.644,123.757,123.786,129.587,129.467,117.880,122.466,115.758,117.581,123.637,135.098,124.701,122.439,117.733,114.528,119.530,119.782,123.284,124.020,118.972,122.064,116.547,125.223,140.686,127.420,117.376,114.785,124.148,134.999,126.758,116.805,115.492,121.014,110.646,120.274,123.643,123.898,137.879,114.005,129.854,120.312,118.471,119.424,115.618,124.127,119.298,118.491,130.303,116.211,121.985,123.179,116.590,115.572,116.625,121.232,123.611,123.013,128.525,122.210,113.263,118.782,127.873,114.217,118.963,136.613,125.180,119.481,119.781,121.636","8.482,8.519,8.475,8.511,8.464,8.476,8.535,8.484,8.397,8.534,8.483,8.484,8.473,8.551,8.543,8.456,8.543,8.534,8.453,8.554,8.552,8.483,8.487,8.502,8.473,8.422,8.551,8.507,8.429,8.514,8.547,8.475,8.465,8.484,8.476,8.554,8.501,8.475,8.474,8.482,8.463,8.484,8.460,8.547,8.547,8.552,8.462,8.547,8.545,8.480,8.479,8.458,8.515,8.473,8.465,8.419,8.482,8.480,8.463,8.412,8.547,8.474,8.464,8.440,8.519,8.462,8.554,8.377,8.539,8.461,8.478,8.306,8.466,8.488,8.359,8.459,8.541,8.473,8.466,8.471,8.547,8.447,8.534,8.420,8.471,8.517,8.545,8.545,8.545,8.475,8.422,8.470,8.479,8.409,8.519,8.476,8.416,8.553,8.431,8.536"
2026-06-26T14:24:22.304923+00:00,SQISign NIST Round 2 Submission,10,8,FF0E4B56DA75DB0A08638466AA061305D08209434BB852A8FE9D972D5E6C4600E141CFF3F4D2899044D86F21FFE18617B051FAF3A86A2AF7CDBB330CF3BEDE0102,FF0E4B56DA75DB0A08638466AA061305D08209434BB852A8FE9D972D5E6C4600E141CFF3F4D2899044D86F21FFE18617B051FAF3A86A2AF7CDBB330CF3BEDE010279CF35ACAC2FD1CF4A45F3657FCBF4D544010000000000000000000000000000FA54AA2284D20679E10C4703E5F99A49CBFFFFFFFFFFFFFFFFFFFFFFFFFFFFFFFDA09F0527ED1AAC284F9C7B976F034178FEFFFFFFFFFFFFFFFFFFFFFFFFFFFFFFFFFFFFFFFFFFFFFFFFFFFFFFFFFFFFFFFFFFFFFFFFFFFFFFFFFFFFFFFFFFFF0000000000000000000000000000000000000000000000000000000000000000EA175C7F717D34EC6171A53DDE94772BCF50519035148399DDDD424DB848F200033C860F52D6F562716B1D657ADB0AD40C7BE33F43B77BF4CE99CE5346CD2600F122BD74D56A005DCA0113F007299A50223315D2DDFB7E1A71B7367DB93A54001CD16B2626ADE2892E7CA3F2117719185BF6ABDAAC313B42B16AA501BD845B00,0,55.557578,"122.772,127.318,119.549,125.408,111.494,128.198,123.772,125.490,112.972,121.312,120.122,122.248,113.200,124.082,108.749,117.301,111.291,126.505,121.688,116.499,129.185,117.567,116.415,111.087,114.707,131.032,122.009,128.652,123.614,117.532,116.865,115.635,118.461,129.062,118.490,116.661,113.608,117.812,118.889,120.249,131.515,123.654,112.202,115.781,121.602,116.220,119.651,111.061,115.943,114.370,121.142,130.282,114.680,121.244,135.945,135.753,128.241,113.773,115.833,116.156,113.019,118.082,124.617,123.366,119.131,113.275,111.111,114.495,115.606,114.339,153.481,116.113,120.981,115.499,125.670,114.896,114.706,117.588,124.535,128.985,123.232,122.844,135.275,127.128,133.637,137.206,119.051,133.008,129.356,132.094,123.050,122.002,114.120,115.191,124.999,140.879,117.232,112.875,120.759,107.442","8.492,8.473,8.476,8.545,8.467,8.400,8.543,8.464,8.469,8.526,8.399,8.416,8.482,8.389,8.467,8.456,8.451,8.424,8.427,8.494,8.448,8.453,8.513,8.426,8.434,8.464,8.525,8.455,8.492,8.470,8.458,8.485,8.351,8.465,8.500,8.504,8.278,8.537,8.453,8.535,8.379,8.500,8.463,8.418,8.463,8.526,8.404,8.477,8.502,8.455,8.500,8.464,8.536,8.412,8.544,8.457,8.475,8.345,8.472,8.254,8.536,8.358,8.296,8.414,8.513,8.461,8.455,8.527,8.532,8.466,8.529,8.526,8.501,8.475,8.423,8.401,8.465,8.465,8.421,8.537,8.464,8.371,8.452,8.456,8.464,8.465,8.536,8.411,8.364,8.403,8.457,8.503,8.404,8.404,8.540,8.474,8.477,8.478,8.470,8.525"
2026-06-26T14:24:22.304923+00:00,SQISign NIST Round 2 Submission,10,9,38E71936C3EAB808ACA09CC79E827B894D3B32D1DC557801403FB681DB336C022F8F5CF2AEA5A3BF2DDEA0386D782FAAC0023988A1E20F695160C613B0C7AB0202,38E71936C3EAB808ACA09CC79E827B894D3B32D1DC557801403FB681DB336C022F8F5CF2AEA5A3BF2DDEA0386D782FAAC0023988A1E20F695160C613B0C7AB0202E1D291D390444CFDB0A72DA6F4B7AE0F3602000000000000000000000000000032D9A80C28B8BBA13DAD12813FCDFD4A11FDFFFFFFFFFFFFFFFFFFFFFFFFFFFFD32F963FDDD79A28CFA38C43EC2FB9FF43FFFFFFFFFFFFFFFFFFFFFFFFFFFFFFFFFFFFFFFFFFFFFFFFFFFFFFFFFFFFFFFFFFFFFFFFFFFFFFFFFFFFFFFFFFFFFF00000000000000000000000000000000000000000000000000000000000000007385500FDA1F4B341BE11ABB4D01B093A468C2903DA12CAACFA7D5AE896A0000C6BF6D2115CE375022B7800444F029B8901270FF5ECF93C93E2CC55C0EC93B0017E1AE70CD17C12D9F15D2D2E6889323A3919FF7732FC59870F4776EC90D040041819F30F91FC0AB8452340DC4BA03B461295FA4AD78591351F258FE94830700,0,54.9147,"115.174,126.724,125.934,117.946,116.085,125.117,110.253,124.528,117.484,118.555,114.660,118.972,120.470,114.048,123.238,108.410,121.660,112.601,109.483,121.565,111.508,117.196,128.327,122.460,122.120,121.919,123.871,140.774,121.133,136.786,121.202,125.365,125.830,115.640,113.117,124.668,131.469,135.753,123.903,127.718,109.573,118.308,125.791,112.906,115.514,113.115,141.283,116.742,134.353,126.321,138.942,114.958,113.762,116.200,110.293,122.006,122.440,112.340,120.647,119.210,113.046,124.930,114.055,128.199,117.672,119.944,126.631,131.344,136.775,136.906,114.312,120.633,119.662,123.042,119.644,113.641,115.492,120.180,119.264,125.494,124.195,140.923,120.784,115.810,117.774,114.935,114.151,130.487,119.108,124.363,121.142,136.616,124.618,113.360,135.716,114.241,110.481,111.057,114.431,125.215","8.548,8.472,8.466,8.414,8.488,8.411,8.466,8.487,8.467,8.537,8.465,8.503,8.477,8.468,8.464,8.503,8.464,8.409,8.464,8.474,8.460,8.413,8.476,8.536,8.504,8.514,8.538,8.420,8.298,8.529,8.538,8.456,8.473,8.493,8.463,8.370,8.424,8.476,8.446,8.366,8.549,8.457,8.459,8.421,8.445,8.466,8.480,8.439,8.458,8.389,8.438,8.384,8.493,8.358,8.504,8.526,8.536,8.360,8.537,8.473,8.476,8.427,8.538,8.416,8.512,8.403,8.528,8.415,8.486,8.535,8.500,8.480,8.475,8.542,8.456,8.453,8.399,8.467,8.403,8.454,8.377,8.465,8.466,8.537,8.394,8.463,8.463,8.410,8.538,8.475,8.541,8.394,8.467,8.413,8.528,8.470,8.411,8.536,8.465,8.471"
