batch_id,key_index,thermal_state,level,keygen_cycles
1,0,0,1,1727.084256
1,1,0,1,1773.733547
1,2,0,1,1597.411958
1,3,0,1,1646.914565
1,4,0,1,1686.650278
1,5,0,1,1599.175788
1,6,0,1,1731.042897
1,7,0,1,1758.705769
1,8,0,1,1663.141497
1,9,0,1,1698.156422
1,10,0,1,1611.282074
1,11,0,1,1726.919683
1,12,0,1,1776.543339
1,13,0,1,1624.200299
1,14,0,1,1660.069487
1,15,0,1,1839.542055
1,16,0,1,1813.416374
1,17,0,1,1624.005177
1,18,0,1,1561.3676
1,19,0,1,1685.063689
1,20,0,1,1622.374193
1,21,0,1,1563.204417
1,22,0,1,1583.746342
1,23,0,1,1855.843956
1,24,0,1,1734.684124
1,25,0,1,1981.942353
1,26,0,1,1697.147997
1,27,0,1,1873.065107
1,28,0,1,1767.215569
1,29,0,1,1623.449102
1,30,0,1,1657.261147
1,31,0,1,1608.975324
1,32,0,1,1668.426676
1,33,0,1,1746.166002
1,34,0,1,1671.782774
1,35,0,1,1721.189919
1,36,0,1,1792.527118
1,37,0,1,1696.13698
1,38,0,1,1584.447614
1,39,0,1,1814.326778
1,40,0,1,1646.193729
1,41,0,1,1525.539474
1,42,0,1,1710.037918
1,43,0,1,1646.683735
1,44,0,1,1686.143367
1,45,0,1,1919.382421
1,46,0,1,1758.175881
1,47,0,1,1598.645052
1,48,0,1,1658.795704
1,49,0,1,1663.750792
1,50,0,1,1677.515543
1,51,0,1,1741.055432
1,52,0,1,1741.852854
1,53,0,1,1590.578915
1,54,0,1,1630.14614
1,55,0,1,1655.633667
1,56,0,1,1691.422175
1,57,0,1,1911.375703
1,58,0,1,1659.478438
1,59,0,1,1668.330277
1,60,0,1,1713.982222
1,61,0,1,1732.804509
1,62,0,1,1700.366502
1,63,0,1,1675.037811
1,64,0,1,1768.386736
1,65,0,1,1636.004805
1,66,0,1,1586.008955
1,67,0,1,1683.26619
1,68,0,1,1750.284398
1,69,0,1,1680.526838
1,70,0,1,1570.040401
1,71,0,1,1632.265578
1,72,0,1,1820.503302
1,73,0,1,1725.77946
1,74,0,1,1661.101781
1,75,0,1,1642.385641
1,76,0,1,1675.793454
1,77,0,1,2038.417786
1,78,0,1,1562.236229
1,79,0,1,1651.369693
1,80,0,1,1825.870749
1,81,0,1,1795.71542
1,82,0,1,1635.094065
1,83,0,1,1658.354132
1,84,0,1,1747.081494
1,85,0,1,2175.678623
1,86,0,1,1668.547643
1,87,0,1,1622.94491
1,88,0,1,1619.204594
1,89,0,1,1615.854997
1,90,0,1,1574.39192
1,91,0,1,1561.375447
1,92,0,1,1703.590381
1,93,0,1,1791.996196
1,94,0,1,1637.034625
1,95,0,1,1742.062163
1,96,0,1,1587.308658
1,97,0,1,1593.368226
1,98,0,1,1832.715937
1,99,0,1,1629.271902
1,100,0,1,1775.66127
1,101,0,1,1857.55621
1,102,0,1,1755.279805
1,103,0,1,1628.903338
1,104,0,1,1762.553125
1,105,0,1,1695.297638
1,106,0,1,1743.887894
1,107,0,1,1589.58899
1,108,0,1,1705.405444
1,109,0,1,1655.085778
1,110,0,1,2023.142491
1,111,0,1,1675.562906
1,112,0,1,1904.949755
1,113,0,1,1723.714809
1,114,0,1,1707.101984
1,115,0,1,1775.650716
1,116,0,1,1699.945347
1,117,0,1,1615.656716
1,118,0,1,1667.844036
1,119,0,1,1598.639508
1,120,0,1,1610.552717
1,121,0,1,1631.725503
1,122,0,1,1645.931179
1,123,0,1,1759.003554
1,124,0,1,1694.452207
1,125,0,1,1803.607111
1,126,0,1,1739.618088
1,127,0,1,1674.528712
1,128,0,1,1718.499564
1,129,0,1,1692.609371
1,130,0,1,1653.666711
1,131,0,1,1767.316368
1,132,0,1,1699.655393
1,133,0,1,1662.485001
1,134,0,1,1604.498611
1,135,0,1,1583.479515
1,136,0,1,1679.672165
1,137,0,1,1813.213064
1,138,0,1,1918.547889
1,139,0,1,1722.576107
1,140,0,1,1740.056949
1,141,0,1,1681.768349
1,142,0,1,1722.486918
1,143,0,1,1707.652039
1,144,0,1,1706.963898
1,145,0,1,1774.792891
1,146,0,1,1577.994354
1,147,0,1,1597.999472
1,148,0,1,1932.416484
1,149,0,1,1695.881556
1,150,0,1,1780.455873
1,151,0,1,1599.425103
1,152,0,1,1715.27321
1,153,0,1,1677.516291
1,154,0,1,1803.09594
1,155,0,1,1756.977688
1,156,0,1,1786.150465
1,157,0,1,1602.670537
1,158,0,1,1583.008533
1,159,0,1,1706.392241
1,160,0,1,1679.886566
1,161,0,1,1993.622447
1,162,0,1,1638.190307
1,163,0,1,1767.764244
1,164,0,1,1622.433555
1,165,0,1,1717.858718
1,166,0,1,1656.613355
1,167,0,1,1664.663023
1,168,0,1,1715.777672
1,169,0,1,1723.550693
1,170,0,1,1689.178083
1,171,0,1,1713.609504
1,172,0,1,1575.123775
1,173,0,1,1670.030003
1,174,0,1,1668.974695
1,175,0,1,1967.586162
1,176,0,1,1573.251673
1,177,0,1,1594.537242
1,178,0,1,1607.405428
1,179,0,1,1587.583409
1,180,0,1,1842.787138
1,181,0,1,1627.737091
1,182,0,1,1773.733941
1,183,0,1,1812.621398
1,184,0,1,1662.838042
1,185,0,1,1778.423823
1,186,0,1,1676.429207
1,187,0,1,1876.863758
1,188,0,1,1726.831924
1,189,0,1,1663.868259
1,190,0,1,1594.72085
1,191,0,1,1716.493868
1,192,0,1,1893.999713
1,193,0,1,1646.707016
1,194,0,1,1598.846801
1,195,0,1,1686.012904
1,196,0,1,1544.475376
1,197,0,1,1689.319085
1,198,0,1,1712.006197
1,199,0,1,1660.140025
1,200,0,1,1730.886621
1,201,0,1,1760.332813
1,202,0,1,1716.310413
1,203,0,1,1708.141669
1,204,0,1,1648.059308
1,205,0,1,1624.993467
1,206,0,1,1741.116297
1,207,0,1,1812.262042
1,208,0,1,1770.56535
1,209,0,1,1777.77676
1,210,0,1,1626.574868
1,211,0,1,1670.718338
1,212,0,1,1666.469262
1,213,0,1,1656.724835
1,214,0,1,1685.53086
1,215,0,1,1764.341876
1,216,0,1,1648.090351
1,217,0,1,1704.853913
1,218,0,1,1526.569582
1,219,0,1,1646.664066
1,220,0,1,1656.228714
1,221,0,1,1960.453527
1,222,0,1,1709.219176
1,223,0,1,1624.497991
1,224,0,1,1708.187557
1,225,0,1,1640.993574
1,226,0,1,1760.016181
1,227,0,1,1639.150536
1,228,0,1,1572.49445
1,229,0,1,1605.406052
1,230,0,1,1618.14116
1,231,0,1,1681.082917
1,232,0,1,1779.360766
1,233,0,1,1747.648881
1,234,0,1,1674.394495
1,235,0,1,1933.904171
1,236,0,1,1698.828051
1,237,0,1,1765.627017
1,238,0,1,1564.967933
1,239,0,1,1680.251864
1,240,0,1,1621.538953
1,241,0,1,2059.200121
1,242,0,1,1594.901822
1,243,0,1,1876.343129
1,244,0,1,1626.360276
1,245,0,1,1701.465358
1,246,0,1,1758.258725
1,247,0,1,1616.739948
1,248,0,1,1736.546963
1,249,0,1,1618.290628
1,250,0,1,1661.658247
1,251,0,1,1610.542326
1,252,0,1,1590.298031
1,253,0,1,1559.117522
1,254,0,1,1908.928523
1,255,0,1,1647.53345
1,256,0,1,1709.973799
1,257,0,1,1666.549181
1,258,0,1,1594.308561
1,259,0,1,1638.40323
1,260,0,1,1743.803476
1,261,0,1,1845.069091
1,262,0,1,1677.964982
1,263,0,1,1828.898869
1,264,0,1,1729.287685
1,265,0,1,1627.188348
1,266,0,1,1765.174478
1,267,0,1,1757.468139
1,268,0,1,1732.566623
1,269,0,1,1694.727653
1,270,0,1,1662.174176
1,271,0,1,1590.876377
1,272,0,1,1794.507216
1,273,0,1,1625.319708
1,274,0,1,1675.740595
1,275,0,1,1612.821156
1,276,0,1,1896.686287
1,277,0,1,1655.466626
1,278,0,1,1713.790589
1,279,0,1,1800.42886
1,280,0,1,1680.249435
1,281,0,1,1883.730669
1,282,0,1,1850.897135
1,283,0,1,1661.105151
1,284,0,1,1578.832121
1,285,0,1,1604.581978
1,286,0,1,1647.158633
1,287,0,1,1757.994712
1,288,0,1,1569.332388
1,289,0,1,1642.887626
1,290,0,1,1594.197925
1,291,0,1,1670.846666
1,292,0,1,1653.232956
1,293,0,1,1863.784465
1,294,0,1,1577.355885
1,295,0,1,1595.591748
1,296,0,1,1774.746705
1,297,0,1,1760.248105
1,298,0,1,1697.569913
1,299,0,1,1579.953857
1,300,0,1,1670.731625
1,301,0,1,1778.107692
1,302,0,1,1745.538374
1,303,0,1,1594.892528
1,304,0,1,1601.440971
1,305,0,1,1620.533851
1,306,0,1,1663.653022
1,307,0,1,1633.683093
1,308,0,1,1765.314526
1,309,0,1,1797.928658
1,310,0,1,1648.52703
1,311,0,1,1662.424581
1,312,0,1,1876.759409
1,313,0,1,1605.035798
1,314,0,1,1654.703191
1,315,0,1,1794.919181
1,316,0,1,1796.802736
1,317,0,1,1618.736589
1,318,0,1,1946.109647
1,319,0,1,1776.994934
1,320,0,1,1831.564523
1,321,0,1,1654.670594
1,322,0,1,1662.196448
1,323,0,1,1749.067833
1,324,0,1,1745.141933
1,325,0,1,1647.880174
1,326,0,1,1669.42467
1,327,0,1,2001.199377
1,328,0,1,1750.375141
1,329,0,1,1716.900995
1,330,0,1,1616.26834
1,331,0,1,1796.124121
1,332,0,1,1552.102056
1,333,0,1,1628.218198
1,334,0,1,1663.741579
1,335,0,1,1823.441504
1,336,0,1,1759.168586
1,337,0,1,1942.440067
1,338,0,1,1653.393927
1,339,0,1,1705.324925
1,340,0,1,1665.897265
1,341,0,1,1608.465284
1,342,0,1,1655.222508
1,343,0,1,1718.504856
1,344,0,1,1696.362918
1,345,0,1,1559.831585
1,346,0,1,1660.843715
1,347,0,1,1600.332902
1,348,0,1,1706.449731
1,349,0,1,1685.020154
1,350,0,1,1660.213107
1,351,0,1,1749.629439
1,352,0,1,1770.139223
1,353,0,1,1553.518031
1,354,0,1,1677.413231
1,355,0,1,1749.27791
1,356,0,1,1791.349651
1,357,0,1,1743.256713
1,358,0,1,1727.128771
1,359,0,1,1617.337372
1,360,0,1,1931.205144
1,361,0,1,1563.185447
1,362,0,1,1700.240059
1,363,0,1,1895.10458
1,364,0,1,1650.676671
1,365,0,1,1677.321911
1,366,0,1,1780.219358
1,367,0,1,1674.188648
1,368,0,1,1685.495485
1,369,0,1,1632.688915
1,370,0,1,1873.706779
1,371,0,1,1646.144119
1,372,0,1,1745.497444
1,373,0,1,1694.81515
1,374,0,1,1529.546422
1,375,0,1,1642.330324
1,376,0,1,1668.965165
1,377,0,1,1721.813285
1,378,0,1,1719.87821
1,379,0,1,1662.876651
1,380,0,1,1766.880598
1,381,0,1,1727.717619
1,382,0,1,1566.514611
1,383,0,1,1911.32699
1,384,0,1,1552.665027
1,385,0,1,1686.975315
1,386,0,1,1718.430852
1,387,0,1,1854.919243
1,388,0,1,1732.508279
1,389,0,1,1585.896253
1,390,0,1,1987.914863
1,391,0,1,1780.746191
1,392,0,1,1650.89643
1,393,0,1,1749.039698
1,394,0,1,1633.851582
1,395,0,1,1707.770583
1,396,0,1,1721.157931
1,397,0,1,1617.015403
1,398,0,1,1646.828878
1,399,0,1,1732.315042
1,400,0,1,1789.06045
1,401,0,1,1710.374806
1,402,0,1,1698.535949
1,403,0,1,1851.141977
1,404,0,1,1640.280374
1,405,0,1,1790.902702
1,406,0,1,1723.147165
1,407,0,1,1661.678432
1,408,0,1,1651.959303
1,409,0,1,1687.339093
1,410,0,1,1664.158499
1,411,0,1,1766.691411
1,412,0,1,1679.230813
1,413,0,1,1559.531426
1,414,0,1,1917.365225
1,415,0,1,1628.612026
1,416,0,1,1834.903804
1,417,0,1,1592.838531
1,418,0,1,1695.823175
1,419,0,1,1655.54761
1,420,0,1,1786.484831
1,421,0,1,1654.075846
1,422,0,1,1745.600739
1,423,0,1,1675.295188
1,424,0,1,1757.302267
1,425,0,1,1820.058371
1,426,0,1,1697.387287
1,427,0,1,1742.37318
1,428,0,1,1775.511872
1,429,0,1,1701.576432
1,430,0,1,1659.784278
1,431,0,1,1705.790969
1,432,0,1,1687.809327
1,433,0,1,1684.265802
1,434,0,1,1620.736617
1,435,0,1,1686.9356
1,436,0,1,1545.537285
1,437,0,1,1600.40904
1,438,0,1,1703.901995
1,439,0,1,1720.845634
1,440,0,1,2019.876378
1,441,0,1,1643.651464
1,442,0,1,1666.857064
1,443,0,1,1658.632662
1,444,0,1,1795.466136
1,445,0,1,1849.469384
1,446,0,1,1803.934994
1,447,0,1,1572.951724
1,448,0,1,1669.170975
1,449,0,1,1714.787324
1,450,0,1,1796.894468
1,451,0,1,1882.880535
1,452,0,1,1578.70305
1,453,0,1,1599.231642
1,454,0,1,0.0
1,455,0,1,1682.620271
1,456,0,1,1626.168259
1,457,0,1,1919.214398
1,458,0,1,1661.47778
1,459,0,1,1652.898396
1,460,0,1,1834.196058
1,461,0,1,1738.95242
1,462,0,1,1531.256607
1,463,0,1,1646.06486
1,464,0,1,1706.664431
1,465,0,1,1711.223743
1,466,0,1,1748.231941
1,467,0,1,1729.77884
1,468,0,1,1694.032786
1,469,0,1,1748.113714
1,470,0,1,1748.447937
1,471,0,1,1717.520258
1,472,0,1,1754.108035
1,473,0,1,1708.686782
1,474,0,1,1570.976675
1,475,0,1,1647.039705
1,476,0,1,1645.574418
1,477,0,1,1764.581856
1,478,0,1,1680.192764
1,479,0,1,1745.148864
1,480,0,1,1568.562643
1,481,0,1,1666.892063
1,482,0,1,1564.873995
1,483,0,1,1961.051615
1,484,0,1,1619.347102
1,485,0,1,1834.260199
1,486,0,1,1673.354923
1,487,0,1,1707.931942
1,488,0,1,2316.368909
1,489,0,1,1745.799975
1,490,0,1,1662.411999
1,491,0,1,1680.980964
1,492,0,1,1687.675957
1,493,0,1,1690.226896
1,494,0,1,1664.925034
1,495,0,1,2049.685216
1,496,0,1,1772.079078
1,497,0,1,1762.1275
1,498,0,1,1671.042036
1,499,0,1,1711.69565
1,500,0,1,1704.991569
1,501,0,1,1685.426835
1,502,0,1,1664.628399
1,503,0,1,1684.797142
1,504,0,1,1629.298067
1,505,0,1,1770.880932
1,506,0,1,1781.100954
1,507,0,1,1619.631693
1,508,0,1,1757.784429
1,509,0,1,1844.016272
1,510,0,1,1654.713083
1,511,0,1,1673.830633
1,512,0,1,1551.980164
1,513,0,1,1749.074628
1,514,0,1,1613.052557
1,515,0,1,1608.527518
1,516,0,1,1812.716285
1,517,0,1,1797.193808
1,518,0,1,1776.614871
1,519,0,1,1779.008604
1,520,0,1,1567.102186
1,521,0,1,1571.644544
1,522,0,1,1670.644814
1,523,0,1,1633.933602
1,524,0,1,1699.049421
1,525,0,1,1624.62631
1,526,0,1,1631.24006
1,527,0,1,1741.226688
1,528,0,1,1593.483072
1,529,0,1,1544.195371
1,530,0,1,1762.534915
1,531,0,1,1880.99749
1,532,0,1,1704.855326
1,533,0,1,1882.586914
1,534,0,1,1599.057349
1,535,0,1,1679.742815
1,536,0,1,1721.497057
1,537,0,1,1724.581644
1,538,0,1,1562.719788
1,539,0,1,1564.497177
1,540,0,1,1616.648876
1,541,0,1,1574.05352
1,542,0,1,1648.907153
1,543,0,1,1686.611423
1,544,0,1,1691.824802
1,545,0,1,1691.508708
1,546,0,1,1658.260145
1,547,0,1,1704.191134
1,548,0,1,1715.596846
1,549,0,1,1744.404131
1,550,0,1,1587.931014
1,551,0,1,1663.857726
1,552,0,1,1626.698407
1,553,0,1,1574.942914
1,554,0,1,1706.702738
1,555,0,1,1687.362875
1,556,0,1,1771.627874
1,557,0,1,1712.267931
1,558,0,1,1796.458366
1,559,0,1,1618.894515
1,560,0,1,1702.78825
1,561,0,1,1634.960401
1,562,0,1,1699.972904
1,563,0,1,1644.167746
1,564,0,1,1944.000684
1,565,0,1,1702.110144
1,566,0,1,1722.284817
1,567,0,1,1655.03486
1,568,0,1,2006.915865
1,569,0,1,1808.944365
1,570,0,1,1702.459456
1,571,0,1,1743.550341
1,572,0,1,1676.809692
1,573,0,1,1722.926434
1,574,0,1,1792.468434
1,575,0,1,1740.770897
1,576,0,1,1689.288325
1,577,0,1,1631.890122
1,578,0,1,1784.608331
1,579,0,1,1618.366566
1,580,0,1,1569.546625
1,581,0,1,1638.217305
1,582,0,1,1675.449796
1,583,0,1,1802.573404
1,584,0,1,1628.135648
1,585,0,1,1697.165136
1,586,0,1,1656.707732
1,587,0,1,1776.236817
1,588,0,1,1682.703055
1,589,0,1,1970.788449
1,590,0,1,1604.699255
1,591,0,1,1590.787952
1,592,0,1,1582.646427
1,593,0,1,1740.881545
1,594,0,1,1763.577315
1,595,0,1,1700.867996
1,596,0,1,1789.407486
1,597,0,1,1632.777358
1,598,0,1,1649.56968
1,599,0,1,1707.679295
1,600,0,1,1559.093537
1,601,0,1,1639.969611
1,602,0,1,1817.829725
1,603,0,1,1782.50572
1,604,0,1,1666.660154
1,605,0,1,1665.410221
1,606,0,1,1810.911121
1,607,0,1,1746.796294
1,608,0,1,1685.662442
1,609,0,1,1811.188245
1,610,0,1,1739.722108
1,611,0,1,1665.728708
1,612,0,1,1744.75593
1,613,0,1,1643.992227
1,614,0,1,1822.443223
1,615,0,1,1659.160076
1,616,0,1,1820.946343
1,617,0,1,1664.316508
1,618,0,1,1634.746825
1,619,0,1,1666.102685
1,620,0,1,1683.602403
1,621,0,1,1666.405978
1,622,0,1,1818.730218
1,623,0,1,1766.731431
1,624,0,1,1789.173218
1,625,0,1,1793.865253
1,626,0,1,2011.461613
1,627,0,1,1925.035851
1,628,0,1,1636.834333
1,629,0,1,1594.378121
1,630,0,1,1537.144381
1,631,0,1,1763.952499
1,632,0,1,2037.639796
1,633,0,1,1544.14069
1,634,0,1,1741.825275
1,635,0,1,1609.156223
1,636,0,1,1552.979922
1,637,0,1,1740.292739
1,638,0,1,1789.972422
1,639,0,1,1921.380715
1,640,0,1,1824.582993
1,641,0,1,1604.469386
1,642,0,1,1617.144521
1,643,0,1,1583.682631
1,644,0,1,1742.373587
1,645,0,1,1641.898274
1,646,0,1,1723.925521
1,647,0,1,1828.555587
1,648,0,1,1782.708435
1,649,0,1,1628.508652
1,650,0,1,1578.653473
1,651,0,1,1705.329991
1,652,0,1,1535.756569
1,653,0,1,1627.461178
1,654,0,1,1903.792084
1,655,0,1,1799.524511
1,656,0,1,1670.679868
1,657,0,1,1660.607693
1,658,0,1,1712.953707
1,659,0,1,1911.379104
1,660,0,1,1632.537681
1,661,0,1,2055.80226
1,662,0,1,1753.698657
1,663,0,1,1679.923887
1,664,0,1,1545.887395
1,665,0,1,1632.757759
1,666,0,1,1608.596008
1,667,0,1,1842.322652
1,668,0,1,1586.162076
1,669,0,1,2027.136431
1,670,0,1,1709.149564
1,671,0,1,1641.771119
1,672,0,1,1792.033428
1,673,0,1,1692.685052
1,674,0,1,1845.98941
1,675,0,1,1729.556357
1,676,0,1,1876.582845
1,677,0,1,1701.16941
1,678,0,1,1685.566585
1,679,0,1,1825.404693
1,680,0,1,1845.135037
1,681,0,1,1706.507906
1,682,0,1,1659.509913
1,683,0,1,1557.89995
1,684,0,1,1579.749312
1,685,0,1,1874.701045
1,686,0,1,2069.691888
1,687,0,1,1529.381003
1,688,0,1,1764.777086
1,689,0,1,1795.495183
1,690,0,1,1614.155103
1,691,0,1,1721.727812
1,692,0,1,1699.412344
1,693,0,1,1620.536389
1,694,0,1,1752.703327
1,695,0,1,1723.313343
1,696,0,1,1781.155499
1,697,0,1,1736.663614
1,698,0,1,1809.865054
1,699,0,1,1580.605951
1,700,0,1,1722.288808
1,701,0,1,1839.795576
1,702,0,1,1717.274518
1,703,0,1,1595.628515
1,704,0,1,1654.487707
1,705,0,1,1701.713494
1,706,0,1,1721.515099
1,707,0,1,1866.972017
1,708,0,1,1793.237946
1,709,0,1,1625.944387
1,710,0,1,1683.50209
1,711,0,1,1853.563696
1,712,0,1,1785.920242
1,713,0,1,1641.597741
1,714,0,1,1695.134179
1,715,0,1,1629.921365
1,716,0,1,1626.483406
1,717,0,1,1659.778345
1,718,0,1,1871.111149
1,719,0,1,1630.668879
1,720,0,1,1605.025399
1,721,0,1,1645.523784
1,722,0,1,1686.960479
1,723,0,1,1786.361127
1,724,0,1,1784.155599
1,725,0,1,1779.596464
1,726,0,1,1623.539592
1,727,0,1,1603.529179
1,728,0,1,1776.471829
1,729,0,1,1695.161706
1,730,0,1,1661.68323
1,731,0,1,1744.680121
1,732,0,1,1689.505276
1,733,0,1,1977.906732
1,734,0,1,1709.746722
1,735,0,1,1664.766809
1,736,0,1,1570.799694
1,737,0,1,1856.484253
1,738,0,1,1719.204983
1,739,0,1,1737.588095
1,740,0,1,1757.896832
1,741,0,1,1747.731329
1,742,0,1,1712.248386
1,743,0,1,1606.456941
1,744,0,1,1988.353482
1,745,0,1,1785.04727
1,746,0,1,1580.270951
1,747,0,1,1708.013703
1,748,0,1,1858.269041
1,749,0,1,1740.821968
1,750,0,1,1598.001044
1,751,0,1,1587.013935
1,752,0,1,1719.66493
1,753,0,1,1847.505152
1,754,0,1,1614.482119
1,755,0,1,1785.180758
1,756,0,1,1683.659662
1,757,0,1,1702.748976
1,758,0,1,1742.467816
1,759,0,1,1695.682412
1,760,0,1,1719.739314
1,761,0,1,1703.254217
1,762,0,1,1816.729151
1,763,0,1,1725.661363
1,764,0,1,1628.963023
1,765,0,1,1603.950985
1,766,0,1,1651.290416
1,767,0,1,1805.387503
1,768,0,1,1706.180986
1,769,0,1,1885.897988
1,770,0,1,1836.49865
1,771,0,1,1751.374389
1,772,0,1,1808.271545
1,773,0,1,1819.402321
1,774,0,1,1709.168686
1,775,0,1,1689.852253
1,776,0,1,1749.590621
1,777,0,1,1597.754424
1,778,0,1,1739.664856
1,779,0,1,1909.570408
1,780,0,1,1651.447144
1,781,0,1,1828.379364
1,782,0,1,1794.561374
1,783,0,1,1987.194769
1,784,0,1,1680.883684
1,785,0,1,1874.28172
1,786,0,1,1540.465977
1,787,0,1,1622.704583
1,788,0,1,1909.11912
1,789,0,1,1624.184739
1,790,0,1,1701.201527
1,791,0,1,1791.265385
1,792,0,1,1776.865667
1,793,0,1,1633.982294
1,794,0,1,1571.431938
1,795,0,1,1642.78045
1,796,0,1,1961.237257
1,797,0,1,1754.398132
1,798,0,1,1674.849719
1,799,0,1,1945.994188
1,800,0,1,1655.115787
1,801,0,1,1649.790208
1,802,0,1,1663.711076
1,803,0,1,1606.821136
1,804,0,1,1645.73722
1,805,0,1,1856.314159
1,806,0,1,1774.66959
1,807,0,1,1736.636501
1,808,0,1,1580.046937
1,809,0,1,1605.08563
1,810,0,1,1745.317594
1,811,0,1,1668.608551
1,812,0,1,1673.152679
1,813,0,1,1622.362487
1,814,0,1,1615.691491
1,815,0,1,1890.187019
1,816,0,1,1709.162809
1,817,0,1,1715.953152
1,818,0,1,1685.292096
1,819,0,1,2017.123135
1,820,0,1,1577.793862
1,821,0,1,1796.306256
1,822,0,1,1610.446604
1,823,0,1,1656.471411
1,824,0,1,1751.200053
1,825,0,1,1922.101659
1,826,0,1,1610.60704
1,827,0,1,1711.346074
1,828,0,1,1616.836278
1,829,0,1,1675.508328
1,830,0,1,1754.400099
1,831,0,1,1701.149651
1,832,0,1,1642.855033
1,833,0,1,1771.240979
1,834,0,1,1851.258353
1,835,0,1,1631.342715
1,836,0,1,1671.474159
1,837,0,1,1602.328301
1,838,0,1,1604.147325
1,839,0,1,1878.870698
1,840,0,1,1727.688272
1,841,0,1,1664.971282
1,842,0,1,1721.177718
1,843,0,1,1820.422841
1,844,0,1,1684.916631
1,845,0,1,1682.603344
1,846,0,1,1578.419157
1,847,0,1,1693.279106
1,848,0,1,1676.900662
1,849,0,1,1708.695225
1,850,0,1,1681.784193
1,851,0,1,1637.454578
1,852,0,1,1804.745922
1,853,0,1,1575.231465
1,854,0,1,1685.457171
1,855,0,1,1718.759787
1,856,0,1,1807.001799
1,857,0,1,1904.067539
1,858,0,1,1661.770724
1,859,0,1,1666.911318
1,860,0,1,1668.927811
1,861,0,1,1606.384288
1,862,0,1,1791.756868
1,863,0,1,1664.99779
1,864,0,1,1655.603966
1,865,0,1,1891.315964
1,866,0,1,1724.718437
1,867,0,1,1603.637563
1,868,0,1,1682.676882
1,869,0,1,1745.325485
1,870,0,1,1962.006319
1,871,0,1,1726.358878
1,872,0,1,1724.982612
1,873,0,1,1737.188251
1,874,0,1,1654.625791
1,875,0,1,1893.44677
1,876,0,1,1713.971257
1,877,0,1,1705.828344
1,878,0,1,1548.969001
1,879,0,1,1719.260395
1,880,0,1,1776.237183
1,881,0,1,1802.616433
1,882,0,1,1663.624617
1,883,0,1,1582.102169
1,884,0,1,1741.431646
1,885,0,1,1637.779158
1,886,0,1,1627.828204
1,887,0,1,1692.934125
1,888,0,1,1940.092637
1,889,0,1,1651.659141
1,890,0,1,1647.120711
1,891,0,1,1650.340013
1,892,0,1,1576.000315
1,893,0,1,1612.328004
1,894,0,1,1820.853093
1,895,0,1,1762.827398
1,896,0,1,1836.195731
1,897,0,1,1640.127998
1,898,0,1,1830.399602
1,899,0,1,1668.020152
1,900,0,1,1736.885282
1,901,0,1,1627.721067
1,902,0,1,1631.916614
1,903,0,1,1767.814986
1,904,0,1,1923.780778
1,905,0,1,1736.54233
1,906,0,1,1638.947426
1,907,0,1,1653.162789
1,908,0,1,1636.341256
1,909,0,1,1591.710749
1,910,0,1,1732.605963
1,911,0,1,1669.189418
1,912,0,1,1759.881779
1,913,0,1,1757.774966
1,914,0,1,1820.508614
1,915,0,1,1648.719747
1,916,0,1,1763.389538
1,917,0,1,1673.77146
1,918,0,1,1618.148795
1,919,0,1,1964.750815
1,920,0,1,1688.490972
1,921,0,1,1723.435608
1,922,0,1,1806.091095
1,923,0,1,1912.77695
1,924,0,1,1987.738238
1,925,0,1,1581.39012
1,926,0,1,1712.725042
1,927,0,1,1708.103038
1,928,0,1,1610.542326
1,929,0,1,1696.703992
1,930,0,1,1703.845317
1,931,0,1,1603.875353
1,932,0,1,1651.143392
1,933,0,1,1638.802648
1,934,0,1,1571.533156
1,935,0,1,1889.362684
1,936,0,1,1672.595949
1,937,0,1,1662.865766
1,938,0,1,1802.912714
1,939,0,1,1625.653548
1,940,0,1,1632.851789
1,941,0,1,1693.879263
1,942,0,1,1580.236099
1,943,0,1,1880.43828
1,944,0,1,1708.893655
1,945,0,1,1802.378918
1,946,0,1,1699.480376
1,947,0,1,1914.892889
1,948,0,1,1984.535459
1,949,0,1,1690.338834
1,950,0,1,1599.005591
1,951,0,1,1786.999212
1,952,0,1,1848.276136
1,953,0,1,1795.519151
1,954,0,1,1674.021342
1,955,0,1,1912.3606
1,956,0,1,1605.796903
1,957,0,1,1608.139689
1,958,0,1,1663.185887
1,959,0,1,1692.780737
1,960,0,1,1613.668932
1,961,0,1,1625.446348
1,962,0,1,1680.241596
1,963,0,1,1726.03007
1,964,0,1,1778.148931
1,965,0,1,1987.753501
1,966,0,1,1597.784733
1,967,0,1,1647.468784
1,968,0,1,1726.608111
1,969,0,1,1651.320622
1,970,0,1,1550.116338
1,971,0,1,1619.640666
1,972,0,1,1648.382752
1,973,0,1,1972.595325
1,974,0,1,1646.783859
1,975,0,1,1710.461581
1,976,0,1,1733.156754
1,977,0,1,1741.491892
1,978,0,1,1591.951938
1,979,0,1,1697.122056
1,980,0,1,1602.705545
1,981,0,1,1908.64612
1,982,0,1,1581.505065
1,983,0,1,1775.410316
1,984,0,1,1743.561658
1,985,0,1,1726.599296
1,986,0,1,1609.350501
1,987,0,1,1667.327383
1,988,0,1,1609.351562
1,989,0,1,1879.416112
1,990,0,1,1697.11823
1,991,0,1,1601.527704
1,992,0,1,1634.170215
1,993,0,1,1573.480713
1,994,0,1,1750.444077
1,995,0,1,1854.010537
1,996,0,1,1763.968468
1,997,0,1,1597.412553
1,998,0,1,1643.673459
1,999,0,1,1656.345734
2,0,0,1,1746.936867
2,1,0,1,1575.506383
2,2,0,1,1662.935718
2,3,0,1,1739.016235
2,4,0,1,1998.82819
2,5,0,1,1569.273985
2,6,0,1,1625.636117
2,7,0,1,1610.190387
2,8,0,1,1638.328006
2,9,0,1,1700.376586
2,10,0,1,1776.438814
2,11,0,1,1817.514084
2,12,0,1,1667.479511
2,13,0,1,2064.353364
2,14,0,1,1872.82817
2,15,0,1,1846.633827
2,16,0,1,1748.447685
2,17,0,1,1633.771146
2,18,0,1,1974.910249
2,19,0,1,1849.459035
2,20,0,1,1564.795497
2,21,0,1,1896.992425
2,22,0,1,1562.646293
2,23,0,1,1682.633001
2,24,0,1,1768.654406
2,25,0,1,1651.449575
2,26,0,1,1790.907503
2,27,0,1,1698.484265
2,28,0,1,1636.018377
2,29,0,1,1665.657744
2,30,0,1,1726.021702
2,31,0,1,1708.517503
2,32,0,1,1856.034758
2,33,0,1,1980.336145
2,34,0,1,1646.770787
2,35,0,1,2518.897134
2,36,0,1,1667.959562
2,37,0,1,1869.224407
2,38,0,1,1629.461163
2,39,0,1,1535.444471
2,40,0,1,1698.848211
2,41,0,1,1665.025976
2,42,0,1,1647.511036
2,43,0,1,1719.0282
2,44,0,1,1692.538712
2,45,0,1,1793.672342
2,46,0,1,1646.708596
2,47,0,1,1705.333843
2,48,0,1,1779.427534
2,49,0,1,1682.24943
2,50,0,1,1611.129442
2,51,0,1,1947.776187
2,52,0,1,1784.762432
2,53,0,1,1833.369558
2,54,0,1,1595.96228
2,55,0,1,1687.622821
2,56,0,1,1630.778327
2,57,0,1,1589.132417
2,58,0,1,1698.840237
2,59,0,1,1621.591738
2,60,0,1,1667.225781
2,61,0,1,1725.377716
2,62,0,1,1577.07853
2,63,0,1,1801.932139
2,64,0,1,1654.509251
2,65,0,1,1658.111134
2,66,0,1,1619.266739
2,67,0,1,1703.584795
2,68,0,1,1700.988583
2,69,0,1,1659.17223
2,70,0,1,1720.904355
2,71,0,1,1667.324572
2,72,0,1,1689.236528
2,73,0,1,1700.298346
2,74,0,1,1682.168616
2,75,0,1,1844.373707
2,76,0,1,1735.69708
2,77,0,1,1815.809104
2,78,0,1,1780.214683
2,79,0,1,1877.212805
2,80,0,1,1671.414171
2,81,0,1,1872.050689
2,82,0,1,1651.529291
2,83,0,1,1936.813644
2,84,0,1,1852.905782
2,85,0,1,1771.336491
2,86,0,1,1614.375137
2,87,0,1,1610.657027
2,88,0,1,1738.146517
2,89,0,1,1605.185663
2,90,0,1,1620.533715
2,91,0,1,1664.92025
2,92,0,1,1633.530721
2,93,0,1,1715.291535
2,94,0,1,1771.86468
2,95,0,1,1943.840322
2,96,0,1,1765.652542
2,97,0,1,1730.109807
2,98,0,1,1736.77528
2,99,0,1,1717.928435
2,100,0,1,1713.230749
2,101,0,1,1622.093719
2,102,0,1,1649.007688
2,103,0,1,1761.171264
2,104,0,1,1624.352504
2,105,0,1,1681.942755
2,106,0,1,1729.117137
2,107,0,1,1615.463367
2,108,0,1,1698.030679
2,109,0,1,1655.902374
2,110,0,1,1596.456466
2,111,0,1,1768.624587
2,112,0,1,1905.615628
2,113,0,1,1870.417762
2,114,0,1,1678.439552
2,115,0,1,1690.002469
2,116,0,1,1868.027846
2,117,0,1,1626.117734
2,118,0,1,1743.546143
2,119,0,1,1667.015137
2,120,0,1,1637.378767
2,121,0,1,1777.749846
2,122,0,1,1772.069971
2,123,0,1,1676.734974
2,124,0,1,1664.303309
2,125,0,1,1731.900772
2,126,0,1,1591.173231
2,127,0,1,1696.788209
2,128,0,1,1614.472506
2,129,0,1,1763.129934
2,130,0,1,1656.967284
2,131,0,1,1619.778464
2,132,0,1,1724.036591
2,133,0,1,1732.548363
2,134,0,1,1704.557999
2,135,0,1,1833.394114
2,136,0,1,1749.782871
2,137,0,1,1750.644628
2,138,0,1,1645.348671
2,139,0,1,1582.594394
2,140,0,1,1764.409841
2,141,0,1,1735.057249
2,142,0,1,1761.995219
2,143,0,1,1770.953015
2,144,0,1,1614.956151
2,145,0,1,1794.21996
2,146,0,1,1621.816704
2,147,0,1,1635.780706
2,148,0,1,1651.717105
2,149,0,1,1605.627299
2,150,0,1,1659.885271
2,151,0,1,1620.706852
2,152,0,1,1772.670362
2,153,0,1,1701.114873
2,154,0,1,1630.450479
2,155,0,1,1648.004358
2,156,0,1,1922.371908
2,157,0,1,1665.616862
2,158,0,1,1696.29528
2,159,0,1,1817.815718
2,160,0,1,1654.932024
2,161,0,1,1749.869744
2,162,0,1,1762.924534
2,163,0,1,1719.986002
2,164,0,1,1672.443081
2,165,0,1,1742.575399
2,166,0,1,1804.37672
2,167,0,1,1576.509335
2,168,0,1,1613.653887
2,169,0,1,1674.540147
2,170,0,1,1580.595417
2,171,0,1,1610.968477
2,172,0,1,1588.57847
2,173,0,1,1653.072569
2,174,0,1,1687.137489
2,175,0,1,1850.925595
2,176,0,1,1597.296009
2,177,0,1,1626.113081
2,178,0,1,1733.446377
2,179,0,1,1603.164608
2,180,0,1,1630.883627
2,181,0,1,1803.303722
2,182,0,1,1731.271256
2,183,0,1,1668.844488
2,184,0,1,1649.2774
2,185,0,1,1622.707997
2,186,0,1,1743.535096
2,187,0,1,1625.256831
2,188,0,1,1675.470647
2,189,0,1,1626.611447
2,190,0,1,1613.405011
2,191,0,1,1833.786357
2,192,0,1,1730.849399
2,193,0,1,1595.506501
2,194,0,1,1767.094624
2,195,0,1,1532.063429
2,196,0,1,1728.666914
2,197,0,1,1689.067674
2,198,0,1,1791.333452
2,199,0,1,1673.337438
2,200,0,1,1698.592268
2,201,0,1,1609.664933
2,202,0,1,1620.246357
2,203,0,1,1763.556974
2,204,0,1,1899.107085
2,205,0,1,1639.343843
2,206,0,1,1715.898075
2,207,0,1,1640.997822
2,208,0,1,1743.289806
2,209,0,1,1651.420239
2,210,0,1,1609.100098
2,211,0,1,1673.104474
2,212,0,1,1829.93164
2,213,0,1,1831.07509
2,214,0,1,1707.61114
2,215,0,1,1715.745061
2,216,0,1,1693.305575
2,217,0,1,1937.008472
2,218,0,1,1667.098125
2,219,0,1,1603.074378
2,220,0,1,1633.687527
2,221,0,1,1532.510225
2,222,0,1,1794.229496
2,223,0,1,1767.831552
2,224,0,1,1652.890854
2,225,0,1,1732.478455
2,226,0,1,1763.628485
2,227,0,1,1593.869343
2,228,0,1,1709.671797
2,229,0,1,1642.775581
2,230,0,1,1661.270539
2,231,0,1,1744.175353
2,232,0,1,1638.94481
2,233,0,1,1597.802755
2,234,0,1,1658.190945
2,235,0,1,1673.572982
2,236,0,1,1786.198031
2,237,0,1,1624.095016
2,238,0,1,1605.554685
2,239,0,1,2056.961378
2,240,0,1,1837.127888
2,241,0,1,1668.083547
2,242,0,1,1608.433192
2,243,0,1,1616.088433
2,244,0,1,1675.916348
2,245,0,1,1913.096413
2,246,0,1,1671.59625
2,247,0,1,1632.282818
2,248,0,1,1638.376834
2,249,0,1,1886.595514
2,250,0,1,1683.240656
2,251,0,1,1629.535523
2,252,0,1,1686.51806
2,253,0,1,1700.802405
2,254,0,1,1659.336392
2,255,0,1,1675.113254
2,256,0,1,1561.08313
2,257,0,1,1608.626516
2,258,0,1,1647.892901
2,259,0,1,1851.730439
2,260,0,1,1642.993765
2,261,0,1,1617.912739
2,262,0,1,1601.694919
2,263,0,1,1773.365578
2,264,0,1,1847.318538
2,265,0,1,1831.17941
2,266,0,1,1658.254031
2,267,0,1,1613.751297
2,268,0,1,1665.677593
2,269,0,1,1704.757616
2,270,0,1,1604.392836
2,271,0,1,1779.024046
2,272,0,1,1642.626648
2,273,0,1,1659.04251
2,274,0,1,1635.949357
2,275,0,1,1594.050707
2,276,0,1,1673.317989
2,277,0,1,1748.874258
2,278,0,1,1518.355017
2,279,0,1,1625.480341
2,280,0,1,1568.853115
2,281,0,1,1571.637215
2,282,0,1,1843.893551
2,283,0,1,1645.814242
2,284,0,1,1649.245352
2,285,0,1,1680.63215
2,286,0,1,1784.61696
2,287,0,1,1659.989329
2,288,0,1,1666.658102
2,289,0,1,1648.781966
2,290,0,1,1784.936653
2,291,0,1,1675.630314
2,292,0,1,1702.98518
2,293,0,1,1596.312774
2,294,0,1,1900.859734
2,295,0,1,1702.189292
2,296,0,1,1556.202844
2,297,0,1,1629.788966
2,298,0,1,1810.273082
2,299,0,1,1710.809639
2,300,0,1,1571.567849
2,301,0,1,1593.665041
2,302,0,1,1608.144106
2,303,0,1,1750.298911
2,304,0,1,1696.269873
2,305,0,1,1839.09345
2,306,0,1,1760.691905
2,307,0,1,1703.056607
2,308,0,1,1660.446349
2,309,0,1,1697.449414
2,310,0,1,1595.624207
2,311,0,1,1901.29482
2,312,0,1,1664.519059
2,313,0,1,1643.546637
2,314,0,1,1573.994479
2,315,0,1,1658.795602
2,316,0,1,1553.776465
2,317,0,1,1662.001045
2,318,0,1,1925.848836
2,319,0,1,1819.18246
2,320,0,1,1531.209007
2,321,0,1,1644.116793
2,322,0,1,1766.403991
2,323,0,1,1684.796323
2,324,0,1,1560.650961
2,325,0,1,1689.202456
2,326,0,1,1628.474274
2,327,0,1,1814.137953
2,328,0,1,1911.089832
2,329,0,1,1707.896391
2,330,0,1,1686.335484
2,331,0,1,1922.63191
2,332,0,1,1651.939537
2,333,0,1,1649.87821
2,334,0,1,1913.680204
2,335,0,1,1769.232338
2,336,0,1,1709.529222
2,337,0,1,1805.622646
2,338,0,1,1658.669073
2,339,0,1,1776.84641
2,340,0,1,1797.899311
2,341,0,1,1809.684274
2,342,0,1,1649.604168
2,343,0,1,1702.301175
2,344,0,1,1660.755462
2,345,0,1,1581.97402
2,346,0,1,1637.932957
2,347,0,1,1721.112491
2,348,0,1,1604.068478
2,349,0,1,1842.167193
2,350,0,1,1723.385585
2,351,0,1,1713.457658
2,352,0,1,1617.376135
2,353,0,1,1807.827559
2,354,0,1,1659.388485
2,355,0,1,1726.413613
2,356,0,1,1743.503714
2,357,0,1,1540.816095
2,358,0,1,1617.551169
2,359,0,1,1768.305613
2,360,0,1,1641.902833
2,361,0,1,1582.566756
2,362,0,1,1797.042656
2,363,0,1,1581.35016
2,364,0,1,1661.565526
2,365,0,1,1661.596847
2,366,0,1,1731.050399
2,367,0,1,1686.849846
2,368,0,1,1646.192668
2,369,0,1,1695.086817
2,370,0,1,1567.60767
2,371,0,1,1843.422739
2,372,0,1,1552.611415
2,373,0,1,1652.478595
2,374,0,1,1820.169375
2,375,0,1,1680.286539
2,376,0,1,1714.356691
2,377,0,1,1630.113732
2,378,0,1,1614.687809
2,379,0,1,1657.026163
2,380,0,1,1571.591951
2,381,0,1,1766.022006
2,382,0,1,1774.497783
2,383,0,1,1795.05599
2,384,0,1,1649.255377
2,385,0,1,2098.578358
2,386,0,1,1702.829935
2,387,0,1,1719.278091
2,388,0,1,1673.56355
2,389,0,1,1669.61161
2,390,0,1,1723.93481
2,391,0,1,1537.025803
2,392,0,1,1667.689554
2,393,0,1,1797.802483
2,394,0,1,1619.376727
2,395,0,1,1611.826003
2,396,0,1,1588.270145
2,397,0,1,1557.84717
2,398,0,1,1697.127841
2,399,0,1,1703.646755
2,400,0,1,1689.003577
2,401,0,1,1689.535008
2,402,0,1,1587.532117
2,403,0,1,1638.019266
2,404,0,1,1730.85214
2,405,0,1,1886.507456
2,406,0,1,1667.667674
2,407,0,1,1893.11363
2,408,0,1,1608.484248
2,409,0,1,1784.161539
2,410,0,1,1845.020982
2,411,0,1,1822.343349
2,412,0,1,1701.204922
2,413,0,1,1644.489056
2,414,0,1,1651.033948
2,415,0,1,1694.78237
2,416,0,1,1693.072076
2,417,0,1,1658.702144
2,418,0,1,1680.790694
2,419,0,1,1900.436583
2,420,0,1,1581.977609
2,421,0,1,1877.362892
2,422,0,1,1640.905095
2,423,0,1,1724.760044
2,424,0,1,1707.375313
2,425,0,1,1731.692184
2,426,0,1,1612.645824
2,427,0,1,1749.247944
2,428,0,1,2019.963758
2,429,0,1,1756.740947
2,430,0,1,1691.397139
2,431,0,1,1556.585088
2,432,0,1,1613.939766
2,433,0,1,1676.325952
2,434,0,1,1691.393207
2,435,0,1,1630.599415
2,436,0,1,1695.780214
2,437,0,1,1715.749396
2,438,0,1,1806.77884
2,439,0,1,1731.791416
2,440,0,1,1766.296974
2,441,0,1,1846.545083
2,442,0,1,1922.660926
2,443,0,1,1674.922577
2,444,0,1,1684.759653
2,445,0,1,1768.733763
2,446,0,1,1831.94514
2,447,0,1,1686.648541
2,448,0,1,1631.568387
2,449,0,1,1754.824977
2,450,0,1,1694.510314
2,451,0,1,2088.471647
2,452,0,1,1689.042
2,453,0,1,1631.457896
2,454,0,1,1563.611689
2,455,0,1,1606.505627
2,456,0,1,1709.282708
2,457,0,1,1692.027535
2,458,0,1,1609.171218
2,459,0,1,1619.666865
2,460,0,1,1669.37465
2,461,0,1,1759.680232
2,462,0,1,1850.396112
2,463,0,1,1735.543917
2,464,0,1,1662.359217
2,465,0,1,1592.483408
2,466,0,1,1589.50114
2,467,0,1,1750.354165
2,468,0,1,1596.36698
2,469,0,1,1662.961154
2,470,0,1,1663.303483
2,471,0,1,1899.097098
2,472,0,1,1885.097607
2,473,0,1,1632.99388
2,474,0,1,1640.630444
2,475,0,1,1633.514998
2,476,0,1,1673.769441
2,477,0,1,1687.03432
2,478,0,1,1802.329112
2,479,0,1,1856.417604
2,480,0,1,1578.529513
2,481,0,1,1687.147767
2,482,0,1,1619.647664
2,483,0,1,1807.451103
2,484,0,1,1796.148246
2,485,0,1,1909.259518
2,486,0,1,1776.677235
2,487,0,1,1707.048461
2,488,0,1,1673.339479
2,489,0,1,1881.946143
2,490,0,1,1624.008323
2,491,0,1,1572.470454
2,492,0,1,1658.473164
2,493,0,1,1771.228985
2,494,0,1,1680.833983
2,495,0,1,1639.384004
2,496,0,1,1819.747554
2,497,0,1,1663.581525
2,498,0,1,1600.071847
2,499,0,1,1638.468412
2,500,0,1,1565.347159
2,501,0,1,1669.120132
2,502,0,1,1686.879605
2,503,0,1,1603.297463
2,504,0,1,1574.225121
2,505,0,1,1791.044499
2,506,0,1,1657.37072
2,507,0,1,1890.352391
2,508,0,1,1776.038367
2,509,0,1,1759.449511
2,510,0,1,1838.904462
2,511,0,1,1597.923943
2,512,0,1,1851.524628
2,513,0,1,1976.511756
2,514,0,1,1703.682563
2,515,0,1,1698.972697
2,516,0,1,1684.981296
2,517,0,1,1920.611341
2,518,0,1,1714.892478
2,519,0,1,1655.776285
2,520,0,1,1700.750965
2,521,0,1,1813.229004
2,522,0,1,1631.700917
2,523,0,1,1826.276422
2,524,0,1,1842.981009
2,525,0,1,1789.249881
2,526,0,1,1677.133253
2,527,0,1,1612.239321
2,528,0,1,1741.955793
2,529,0,1,1777.092087
2,530,0,1,1701.202203
2,531,0,1,1814.624896
2,532,0,1,1884.031165
2,533,0,1,1615.655461
2,534,0,1,1655.860108
2,535,0,1,1805.71353
2,536,0,1,1590.784867
2,537,0,1,1576.947089
2,538,0,1,1730.193765
2,539,0,1,1824.626981
2,540,0,1,1707.27516
2,541,0,1,1639.004271
2,542,0,1,1625.016781
2,543,0,1,1745.036272
2,544,0,1,1801.726566
2,545,0,1,1801.436001
2,546,0,1,1734.063634
2,547,0,1,1788.534373
2,548,0,1,1665.581267
2,549,0,1,1689.071247
2,550,0,1,1753.506928
2,551,0,1,1787.331356
2,552,0,1,1781.940353
2,553,0,1,1669.874984
2,554,0,1,1720.446925
2,555,0,1,1725.104386
2,556,0,1,1658.582144
2,557,0,1,1585.853076
2,558,0,1,1628.291717
2,559,0,1,1699.734258
2,560,0,1,1786.183573
2,561,0,1,1634.537124
2,562,0,1,1769.709908
2,563,0,1,1788.434207
2,564,0,1,1705.547604
2,565,0,1,1609.275648
2,566,0,1,1591.879187
2,567,0,1,1753.796249
2,568,0,1,1827.400525
2,569,0,1,1597.101982
2,570,0,1,1661.798546
2,571,0,1,1746.424927
2,572,0,1,1691.327689
2,573,0,1,1629.678237
2,574,0,1,1653.054232
2,575,0,1,1688.293421
2,576,0,1,1781.991289
2,577,0,1,1845.222402
2,578,0,1,1721.185645
2,579,0,1,1661.437524
2,580,0,1,1801.950711
2,581,0,1,1681.154339
2,582,0,1,1615.919522
2,583,0,1,1751.638347
2,584,0,1,1586.233121
2,585,0,1,1619.758658
2,586,0,1,1727.923623
2,587,0,1,1776.338498
2,588,0,1,1736.364317
2,589,0,1,1702.250269
2,590,0,1,1544.529764
2,591,0,1,1604.695467
2,592,0,1,1759.851376
2,593,0,1,1740.697521
2,594,0,1,1671.265218
2,595,0,1,1554.980817
2,596,0,1,1689.834612
2,597,0,1,2050.18149
2,598,0,1,1660.782696
2,599,0,1,1579.922057
2,600,0,1,1703.245766
2,601,0,1,1681.03307
2,602,0,1,1671.106068
2,603,0,1,1607.158787
2,604,0,1,1716.784252
2,605,0,1,1698.091066
2,606,0,1,1649.367506
2,607,0,1,1626.543578
2,608,0,1,1793.80102
2,609,0,1,1605.771619
2,610,0,1,1674.327249
2,611,0,1,1774.858941
2,612,0,1,1664.236788
2,613,0,1,1800.464521
2,614,0,1,1683.845518
2,615,0,1,1674.248877
2,616,0,1,1664.110559
2,617,0,1,1616.573967
2,618,0,1,1739.177674
2,619,0,1,1757.452758
2,620,0,1,1694.941775
2,621,0,1,1801.775554
2,622,0,1,1749.711088
2,623,0,1,1624.142127
2,624,0,1,1561.928318
2,625,0,1,1621.97919
2,626,0,1,1606.444624
2,627,0,1,1678.543199
2,628,0,1,1605.542548
2,629,0,1,1589.747845
2,630,0,1,1696.822637
2,631,0,1,1863.439902
2,632,0,1,1881.849463
2,633,0,1,1777.363176
2,634,0,1,1860.452537
2,635,0,1,1667.039366
2,636,0,1,1708.671409
2,637,0,1,1543.354763
2,638,0,1,1610.421312
2,639,0,1,1765.474268
2,640,0,1,1626.623035
2,641,0,1,1712.734334
2,642,0,1,1689.728511
2,643,0,1,1562.876227
2,644,0,1,1733.956726
2,645,0,1,1849.590188
2,646,0,1,1566.451309
2,647,0,1,1845.034034
2,648,0,1,1707.874299
2,649,0,1,1939.169351
2,650,0,1,1831.760962
2,651,0,1,1681.859704
2,652,0,1,1797.599963
2,653,0,1,1588.7121
2,654,0,1,1760.876576
2,655,0,1,1795.05505
2,656,0,1,1621.524494
2,657,0,1,1664.855967
2,658,0,1,1633.64093
2,659,0,1,1646.168276
2,660,0,1,1616.800434
2,661,0,1,1578.571738
2,662,0,1,1589.350753
2,663,0,1,1800.459424
2,664,0,1,1825.553312
2,665,0,1,1615.450139
2,666,0,1,1656.273557
2,667,0,1,1765.082877
2,668,0,1,1744.100126
2,669,0,1,1617.368273
2,670,0,1,2052.967181
2,671,0,1,1783.742544
2,672,0,1,1518.541572
2,673,0,1,1880.645416
2,674,0,1,1856.3163
2,675,0,1,1775.805575
2,676,0,1,1681.389501
2,677,0,1,1665.099875
2,678,0,1,1612.920984
2,679,0,1,1765.783249
2,680,0,1,1580.254916
2,681,0,1,1644.141633
2,682,0,1,1724.236119
2,683,0,1,1839.501363
2,684,0,1,1742.003224
2,685,0,1,1693.581558
2,686,0,1,1732.337047
2,687,0,1,1701.371334
2,688,0,1,1677.069709
2,689,0,1,1726.591193
2,690,0,1,1718.562849
2,691,0,1,2073.843993
2,692,0,1,1618.11145
2,693,0,1,1762.080891
2,694,0,1,1662.972645
2,695,0,1,1664.110846
2,696,0,1,1742.689095
2,697,0,1,1893.732314
2,698,0,1,1679.26193
2,699,0,1,1733.547387
2,700,0,1,1682.291793
2,701,0,1,1805.721965
2,702,0,1,1624.254232
2,703,0,1,1756.320972
2,704,0,1,1755.727401
2,705,0,1,1655.163323
2,706,0,1,1651.921789
2,707,0,1,1722.600938
2,708,0,1,1715.324387
2,709,0,1,1623.19893
2,710,0,1,1751.992863
2,711,0,1,1668.334769
2,712,0,1,1667.593724
2,713,0,1,1671.283708
2,714,0,1,1673.226527
2,715,0,1,1753.526162
2,716,0,1,1920.719699
2,717,0,1,1646.21804
2,718,0,1,1551.629414
2,719,0,1,1722.106758
2,720,0,1,1648.565831
2,721,0,1,1657.702518
2,722,0,1,1667.437239
2,723,0,1,1741.589286
2,724,0,1,1689.789747
2,725,0,1,1650.810903
2,726,0,1,1693.443279
2,727,0,1,1653.575016
2,728,0,1,1591.914502
2,729,0,1,1776.944042
2,730,0,1,1706.758612
2,731,0,1,1636.562448
2,732,0,1,1626.048088
2,733,0,1,1635.601916
2,734,0,1,1616.646831
2,735,0,1,1536.968623
2,736,0,1,1690.960542
2,737,0,1,1770.998272
2,738,0,1,1588.669611
2,739,0,1,1662.942667
2,740,0,1,1791.41281
2,741,0,1,1597.510088
2,742,0,1,1867.964903
2,743,0,1,1602.917469
2,744,0,1,1836.62824
2,745,0,1,1800.539195
2,746,0,1,1605.660866
2,747,0,1,1600.52216
2,748,0,1,1780.523324
2,749,0,1,1671.384571
2,750,0,1,1574.623365
2,751,0,1,1692.301725
2,752,0,1,1903.613364
2,753,0,1,1801.794165
2,754,0,1,1914.760502
2,755,0,1,1626.358403
2,756,0,1,1679.903607
2,757,0,1,1789.33024
2,758,0,1,1637.832273
2,759,0,1,1786.209901
2,760,0,1,1704.194988
2,761,0,1,1617.853536
2,762,0,1,1636.489257
2,763,0,1,1694.814377
2,764,0,1,1674.285232
2,765,0,1,1805.577019
2,766,0,1,1742.394702
2,767,0,1,1626.652213
2,768,0,1,1598.624516
2,769,0,1,1783.008868
2,770,0,1,1706.403827
2,771,0,1,1925.338734
2,772,0,1,1752.856026
2,773,0,1,1803.713068
2,774,0,1,1601.761334
2,775,0,1,1835.029706
2,776,0,1,1569.319216
2,777,0,1,1622.659847
2,778,0,1,1890.815231
2,779,0,1,1716.169297
2,780,0,1,1751.925535
2,781,0,1,2080.317653
2,782,0,1,1793.312466
2,783,0,1,1622.97648
2,784,0,1,1592.311749
2,785,0,1,1583.729277
2,786,0,1,2025.763576
2,787,0,1,1621.242387
2,788,0,1,1656.200544
2,789,0,1,1738.647074
2,790,0,1,1789.052795
2,791,0,1,1925.824478
2,792,0,1,2067.283537
2,793,0,1,1624.243628
2,794,0,1,1641.263639
2,795,0,1,1668.056625
2,796,0,1,1560.687181
2,797,0,1,1618.622897
2,798,0,1,1624.380172
2,799,0,1,1624.520179
2,800,0,1,1602.352382
2,801,0,1,1859.946573
2,802,0,1,1895.863267
2,803,0,1,1727.347283
2,804,0,1,1584.250674
2,805,0,1,1563.48248
2,806,0,1,1768.70198
2,807,0,1,1686.796982
2,808,0,1,2064.640415
2,809,0,1,1832.247823
2,810,0,1,1744.618809
2,811,0,1,1739.293564
2,812,0,1,1714.343459
2,813,0,1,1654.768977
2,814,0,1,1667.760909
2,815,0,1,1573.261154
2,816,0,1,1746.400915
2,817,0,1,1708.699938
2,818,0,1,1666.528347
2,819,0,1,1820.505221
2,820,0,1,1601.520344
2,821,0,1,1726.504325
2,822,0,1,1613.375997
2,823,0,1,2015.637439
2,824,0,1,1654.616307
2,825,0,1,1880.949152
2,826,0,1,1733.569304
2,827,0,1,1814.367551
2,828,0,1,1828.411268
2,829,0,1,1742.087742
2,830,0,1,1582.196115
2,831,0,1,1695.856699
2,832,0,1,1666.410603
2,833,0,1,1729.414887
2,834,0,1,1773.692254
2,835,0,1,1619.192925
2,836,0,1,1710.441528
2,837,0,1,1673.318126
2,838,0,1,1666.652837
2,839,0,1,1614.334686
2,840,0,1,1644.58334
2,841,0,1,1673.524688
2,842,0,1,1813.866886
2,843,0,1,1821.087522
2,844,0,1,1779.449563
2,845,0,1,1636.368545
2,846,0,1,1617.885051
2,847,0,1,1854.415475
2,848,0,1,1611.732175
2,849,0,1,1583.384503
2,850,0,1,1612.623074
2,851,0,1,1750.123271
2,852,0,1,1596.422054
2,853,0,1,1616.332999
2,854,0,1,1690.476611
2,855,0,1,1708.791912
2,856,0,1,1609.680569
2,857,0,1,1663.96174
2,858,0,1,1694.766404
2,859,0,1,1743.008746
2,860,0,1,1634.743161
2,861,0,1,1789.267364
2,862,0,1,1596.104991
2,863,0,1,1645.640151
2,864,0,1,1676.919546
2,865,0,1,1727.849953
2,866,0,1,1724.920919
2,867,0,1,1616.314887
2,868,0,1,1671.345042
2,869,0,1,1752.786871
2,870,0,1,1854.093762
2,871,0,1,1683.806206
2,872,0,1,1568.08055
2,873,0,1,1624.291846
2,874,0,1,1623.041111
2,875,0,1,1695.260565
2,876,0,1,1673.613211
2,877,0,1,1741.708132
2,878,0,1,1583.282033
2,879,0,1,1909.296944
2,880,0,1,1770.062912
2,881,0,1,1598.475666
2,882,0,1,1633.515907
2,883,0,1,1661.478586
2,884,0,1,1694.282613
2,885,0,1,1791.649593
2,886,0,1,1734.948262
2,887,0,1,1840.888912
2,888,0,1,1566.511203
2,889,0,1,1748.060106
2,890,0,1,1811.317455
2,891,0,1,2085.655842
2,892,0,1,1771.492756
2,893,0,1,1847.171619
2,894,0,1,1680.06589
2,895,0,1,1757.883065
2,896,0,1,1617.466599
2,897,0,1,1667.149897
2,898,0,1,1693.195779
2,899,0,1,1767.125661
2,900,0,1,1761.172799
2,901,0,1,1637.001794
2,902,0,1,1618.327288
2,903,0,1,1691.858667
2,904,0,1,1610.031859
2,905,0,1,1594.554919
2,906,0,1,1640.86278
2,907,0,1,1632.864489
2,908,0,1,1647.755566
2,909,0,1,1667.398084
2,910,0,1,1595.73308
2,911,0,1,1721.299946
2,912,0,1,2076.728569
2,913,0,1,1608.99648
2,914,0,1,1698.807203
2,915,0,1,1635.586988
2,916,0,1,1626.300634
2,917,0,1,1620.039861
2,918,0,1,1786.694727
2,919,0,1,1577.64082
2,920,0,1,1693.329064
2,921,0,1,1721.655398
2,922,0,1,1679.967361
2,923,0,1,1668.410444
2,924,0,1,1788.821532
2,925,0,1,1905.796624
2,926,0,1,1855.735395
2,927,0,1,1722.501777
2,928,0,1,1627.098203
2,929,0,1,1592.42739
2,930,0,1,1657.701292
2,931,0,1,1716.873204
2,932,0,1,1546.77789
2,933,0,1,1664.291573
2,934,0,1,1662.147642
2,935,0,1,1553.150949
2,936,0,1,1703.75721
2,937,0,1,1542.526259
2,938,0,1,1756.273399
2,939,0,1,1628.042529
2,940,0,1,1932.506981
2,941,0,1,1757.52516
2,942,0,1,1615.935124
2,943,0,1,1699.265704
2,944,0,1,1527.391357
2,945,0,1,1668.617337
2,946,0,1,1628.837512
2,947,0,1,1620.315817
2,948,0,1,1693.919776
2,949,0,1,1630.74924
2,950,0,1,1647.537402
2,951,0,1,1670.379959
2,952,0,1,1590.321364
2,953,0,1,1645.988785
2,954,0,1,1699.995136
2,955,0,1,1552.703556
2,956,0,1,1922.230728
2,957,0,1,1771.69892
2,958,0,1,1956.619168
2,959,0,1,1580.771897
2,960,0,1,1693.985806
2,961,0,1,1693.262629
2,962,0,1,1766.58767
2,963,0,1,1796.924364
2,964,0,1,1684.870102
2,965,0,1,1678.025586
2,966,0,1,1591.008345
2,967,0,1,1857.229938
2,968,0,1,1737.855353
2,969,0,1,1620.680645
2,970,0,1,1884.443389
2,971,0,1,1607.296889
2,972,0,1,1650.407941
2,973,0,1,1732.132959
2,974,0,1,1747.806638
2,975,0,1,1652.975978
2,976,0,1,1970.655835
2,977,0,1,1649.992515
2,978,0,1,1653.635553
2,979,0,1,1747.595574
2,980,0,1,1989.319407
2,981,0,1,1726.689562
2,982,0,1,1649.701992
2,983,0,1,1881.986237
2,984,0,1,1696.430932
2,985,0,1,1766.576606
2,986,0,1,1661.755089
2,987,0,1,1682.084375
2,988,0,1,1842.147433
2,989,0,1,1900.620598
2,990,0,1,1775.583079
2,991,0,1,1690.462848
2,992,0,1,1635.580522
2,993,0,1,1690.938979
2,994,0,1,2028.411144
2,995,0,1,1970.687284
2,996,0,1,1763.207373
2,997,0,1,1832.327326
2,998,0,1,1653.417945
2,999,0,1,1683.246073
3,0,0,1,1952.342911
3,1,0,1,1691.814283
3,2,0,1,1638.067502
3,3,0,1,1669.196671
3,4,0,1,2076.829644
3,5,0,1,1682.547658
3,6,0,1,1807.257889
3,7,0,1,1583.055406
3,8,0,1,1527.673198
3,9,0,1,1681.062394
3,10,0,1,1624.217159
3,11,0,1,1703.90429
3,12,0,1,1788.680784
3,13,0,1,1746.651336
3,14,0,1,1755.014752
3,15,0,1,1585.886101
3,16,0,1,1746.195071
3,17,0,1,1690.003351
3,18,0,1,1747.86146
3,19,0,1,1580.369606
3,20,0,1,1775.732225
3,21,0,1,1694.37857
3,22,0,1,1720.121841
3,23,0,1,1831.256823
3,24,0,1,1632.087527
3,25,0,1,1706.206204
3,26,0,1,1993.697193
3,27,0,1,1753.245416
3,28,0,1,1734.585226
3,29,0,1,1769.476803
3,30,0,1,1701.571714
3,31,0,1,1586.735562
3,32,0,1,1770.211332
3,33,0,1,1715.690122
3,34,0,1,1862.997148
3,35,0,1,1698.572748
3,36,0,1,1808.134137
3,37,0,1,1874.169464
3,38,0,1,1651.824387
3,39,0,1,1814.59387
3,40,0,1,1701.067636
3,41,0,1,1728.055765
3,42,0,1,1665.214284
3,43,0,1,1647.651164
3,44,0,1,1886.174468
3,45,0,1,1612.653536
3,46,0,1,1761.119287
3,47,0,1,1810.046538
3,48,0,1,1605.935346
3,49,0,1,1563.260767
3,50,0,1,1853.56389
3,51,0,1,1572.892846
3,52,0,1,1803.789179
3,53,0,1,1684.296288
3,54,0,1,1601.034259
3,55,0,1,1724.208063
3,56,0,1,1678.956851
3,57,0,1,1536.142488
3,58,0,1,1794.191161
3,59,0,1,1649.748566
3,60,0,1,1673.312521
3,61,0,1,1651.414074
3,62,0,1,1547.051015
3,63,0,1,1642.460865
3,64,0,1,1678.534618
3,65,0,1,1765.861575
3,66,0,1,1771.772614
3,67,0,1,1656.100766
3,68,0,1,1598.11334
3,69,0,1,1747.810334
3,70,0,1,1556.490765
3,71,0,1,1595.169832
3,72,0,1,1931.47822
3,73,0,1,1838.541389
3,74,0,1,1673.693309
3,75,0,1,1627.854755
3,76,0,1,1670.068419
3,77,0,1,1692.198726
3,78,0,1,1602.161292
3,79,0,1,1756.220723
3,80,0,1,1588.408917
3,81,0,1,1784.81012
3,82,0,1,1696.790256
3,83,0,1,1781.978849
3,84,0,1,1773.884646
3,85,0,1,1932.84242
3,86,0,1,1706.800819
3,87,0,1,1568.317184
3,88,0,1,1659.181274
3,89,0,1,1586.195796
3,90,0,1,1639.091233
3,91,0,1,1695.375323
3,92,0,1,1655.42849
3,93,0,1,1782.938931
3,94,0,1,1878.078041
3,95,0,1,1656.101233
3,96,0,1,1757.668697
3,97,0,1,1618.092805
3,98,0,1,1633.308126
3,99,0,1,1654.314045
3,100,0,1,1739.143777
3,101,0,1,1715.757149
3,102,0,1,1862.588419
3,103,0,1,1748.063716
3,104,0,1,1688.804312
3,105,0,1,1662.841481
3,106,0,1,1765.678429
3,107,0,1,1633.402671
3,108,0,1,1637.82754
3,109,0,1,1609.576952
3,110,0,1,1637.651825
3,111,0,1,1647.650248
3,112,0,1,1730.992989
3,113,0,1,1560.609626
3,114,0,1,1856.02096
3,115,0,1,1665.050361
3,116,0,1,1735.370952
3,117,0,1,1678.129775
3,118,0,1,1697.584079
3,119,0,1,1605.354953
3,120,0,1,1744.778079
3,121,0,1,1796.302344
3,122,0,1,1700.54396
3,123,0,1,1658.436302
3,124,0,1,1698.907954
3,125,0,1,1807.550953
3,126,0,1,1709.326311
3,127,0,1,1632.45848
3,128,0,1,1769.357827
3,129,0,1,1586.56656
3,130,0,1,1622.329527
3,131,0,1,1800.310394
3,132,0,1,1691.477025
3,133,0,1,1861.087784
3,134,0,1,1691.685639
3,135,0,1,1724.274693
3,136,0,1,1642.249825
3,137,0,1,1746.289709
3,138,0,1,1625.897532
3,139,0,1,1797.425967
3,140,0,1,1677.989557
3,141,0,1,1641.126783
3,142,0,1,1633.036517
3,143,0,1,1813.23144
3,144,0,1,1625.563841
3,145,0,1,1625.110748
3,146,0,1,1786.257089
3,147,0,1,1820.484636
3,148,0,1,1879.745709
3,149,0,1,1640.730124
3,150,0,1,1619.662064
3,151,0,1,1693.174653
3,152,0,1,1690.845491
3,153,0,1,1734.728587
3,154,0,1,1667.291199
3,155,0,1,1667.030397
3,156,0,1,1564.588975
3,157,0,1,1625.341583
3,158,0,1,1663.180634
3,159,0,1,1723.113756
3,160,0,1,1839.518537
3,161,0,1,1806.06494
3,162,0,1,1618.585638
3,163,0,1,1772.977291
3,164,0,1,1736.32869
3,165,0,1,1664.278696
3,166,0,1,1673.680121
3,167,0,1,1610.622589
3,168,0,1,1656.149708
3,169,0,1,1684.172914
3,170,0,1,1743.726554
3,171,0,1,1671.973963
3,172,0,1,1571.024136
3,173,0,1,1822.665762
3,174,0,1,1562.09295
3,175,0,1,1613.91578
3,176,0,1,1688.400298
3,177,0,1,1733.639908
3,178,0,1,1740.053342
3,179,0,1,1611.896342
3,180,0,1,1693.916141
3,181,0,1,1758.091685
3,182,0,1,1799.595518
3,183,0,1,1785.609307
3,184,0,1,1708.720794
3,185,0,1,1666.477671
3,186,0,1,1672.365916
3,187,0,1,1644.772231
3,188,0,1,1796.108884
3,189,0,1,1633.405165
3,190,0,1,1858.081982
3,191,0,1,1754.475624
3,192,0,1,1616.676171
3,193,0,1,1760.402192
3,194,0,1,1658.130919
3,195,0,1,1681.264653
3,196,0,1,1627.03618
3,197,0,1,1586.056873
3,198,0,1,1715.004082
3,199,0,1,1618.307794
3,200,0,1,1686.170489
3,201,0,1,1749.936118
3,202,0,1,1686.434781
3,203,0,1,1668.49129
3,204,0,1,1665.090875
3,205,0,1,1756.016355
3,206,0,1,1539.621462
3,207,0,1,1606.617112
3,208,0,1,1701.501491
3,209,0,1,1800.353662
3,210,0,1,1751.849988
3,211,0,1,1666.156015
3,212,0,1,1570.290783
3,213,0,1,1831.260826
3,214,0,1,1833.583279
3,215,0,1,1701.882817
3,216,0,1,1569.911483
3,217,0,1,1722.723667
3,218,0,1,1775.778004
3,219,0,1,1631.69785
3,220,0,1,1686.377149
3,221,0,1,1742.102514
3,222,0,1,1734.763123
3,223,0,1,1721.998302
3,224,0,1,1690.505542
3,225,0,1,1671.986029
3,226,0,1,1622.53824
3,227,0,1,1706.752347
3,228,0,1,1660.032327
3,229,0,1,1689.51994
3,230,0,1,1774.240634
3,231,0,1,1650.341279
3,232,0,1,1700.128201
3,233,0,1,1659.176652
3,234,0,1,1717.271281
3,235,0,1,1680.224944
3,236,0,1,1670.752876
3,237,0,1,1574.053238
3,238,0,1,1769.630036
3,239,0,1,1640.036986
3,240,0,1,1840.783209
3,241,0,1,1697.895734
3,242,0,1,1601.331975
3,243,0,1,1769.211123
3,244,0,1,1660.27121
3,245,0,1,1774.516517
3,246,0,1,1753.282753
3,247,0,1,1754.483118
3,248,0,1,1739.931368
3,249,0,1,1788.423535
3,250,0,1,1585.365138
3,251,0,1,1703.873672
3,252,0,1,1643.781804
3,253,0,1,1696.682292
3,254,0,1,1976.24637
3,255,0,1,1615.266162
3,256,0,1,1669.41009
3,257,0,1,1636.633801
3,258,0,1,1772.289208
3,259,0,1,1565.929388
3,260,0,1,1936.2464
3,261,0,1,1658.986623
3,262,0,1,2058.112485
3,263,0,1,1585.64398
3,264,0,1,1705.861731
3,265,0,1,1704.813855
3,266,0,1,1748.370339
3,267,0,1,1741.636678
3,268,0,1,1536.461248
3,269,0,1,1659.399051
3,270,0,1,1732.237247
3,271,0,1,1735.635231
3,272,0,1,1745.795975
3,273,0,1,1629.677317
3,274,0,1,1600.270129
3,275,0,1,1757.215507
3,276,0,1,1761.281676
3,277,0,1,1601.35544
3,278,0,1,1623.990101
3,279,0,1,1728.839116
3,280,0,1,1798.886624
3,281,0,1,1644.374642
3,282,0,1,1655.280142
3,283,0,1,1665.242107
3,284,0,1,1630.04553
3,285,0,1,1658.144871
3,286,0,1,1867.730833
3,287,0,1,1727.540425
3,288,0,1,1741.564307
3,289,0,1,1703.44632
3,290,0,1,1810.287807
3,291,0,1,1876.278718
3,292,0,1,1587.867198
3,293,0,1,1707.333142
3,294,0,1,1576.302276
3,295,0,1,1726.269434
3,296,0,1,1683.986437
3,297,0,1,1592.734776
3,298,0,1,1681.04712
3,299,0,1,1641.365475
3,300,0,1,1618.395733
3,301,0,1,1778.214647
3,302,0,1,1656.388786
3,303,0,1,1650.730371
3,304,0,1,1645.515162
3,305,0,1,1706.91645
3,306,0,1,1647.816775
3,307,0,1,1636.322375
3,308,0,1,1783.140026
3,309,0,1,1983.261046
3,310,0,1,1824.915661
3,311,0,1,1832.168085
3,312,0,1,1873.693054
3,313,0,1,1937.938488
3,314,0,1,1625.496725
3,315,0,1,1680.395378
3,316,0,1,1830.13611
3,317,0,1,1623.89217
3,318,0,1,1661.665562
3,319,0,1,1752.279745
3,320,0,1,1837.467108
3,321,0,1,1585.560029
3,322,0,1,1631.462418
3,323,0,1,1647.755667
3,324,0,1,1805.951304
3,325,0,1,1694.202994
3,326,0,1,1934.310164
3,327,0,1,1724.557809
3,328,0,1,1586.391171
3,329,0,1,1776.726716
3,330,0,1,1718.264744
3,331,0,1,1658.655526
3,332,0,1,1696.121461
3,333,0,1,1661.945225
3,334,0,1,1702.747072
3,335,0,1,1743.470989
3,336,0,1,1633.943529
3,337,0,1,1741.598723
3,338,0,1,1609.913274
3,339,0,1,1846.696893
3,340,0,1,1701.892647
3,341,0,1,1950.544229
3,342,0,1,1927.652585
3,343,0,1,1611.925505
3,344,0,1,1743.127696
3,345,0,1,1700.296182
3,346,0,1,1600.837838
3,347,0,1,1758.250243
3,348,0,1,1679.854385
3,349,0,1,1717.212033
3,350,0,1,1795.37774
3,351,0,1,1691.974145
3,352,0,1,1867.546798
3,353,0,1,1680.797898
3,354,0,1,1626.01947
3,355,0,1,1602.561922
3,356,0,1,1689.127768
3,357,0,1,1721.685704
3,358,0,1,1589.058773
3,359,0,1,1746.717454
3,360,0,1,1666.636768
3,361,0,1,1765.953224
3,362,0,1,1709.143633
3,363,0,1,1901.620274
3,364,0,1,1785.220407
3,365,0,1,1666.679421
3,366,0,1,1843.115657
3,367,0,1,1849.400229
3,368,0,1,1601.443996
3,369,0,1,1679.125885
3,370,0,1,1645.023813
3,371,0,1,1657.997525
3,372,0,1,1789.087973
3,373,0,1,1642.100707
3,374,0,1,1631.309774
3,375,0,1,1590.100406
3,376,0,1,1645.410263
3,377,0,1,1622.166271
3,378,0,1,1797.844397
3,379,0,1,1779.285489
3,380,0,1,1598.523504
3,381,0,1,1697.734631
3,382,0,1,1688.826947
3,383,0,1,1659.471665
3,384,0,1,1607.839102
3,385,0,1,1587.131404
3,386,0,1,1645.160927
3,387,0,1,1601.815711
3,388,0,1,1651.287006
3,389,0,1,1830.902975
3,390,0,1,1795.116657
3,391,0,1,1803.774146
3,392,0,1,1610.420301
3,393,0,1,1613.364025
3,394,0,1,1823.211646
3,395,0,1,1620.671446
3,396,0,1,1768.188567
3,397,0,1,1779.449468
3,398,0,1,1814.752244
3,399,0,1,1646.886042
3,400,0,1,1616.38502
3,401,0,1,1649.660707
3,402,0,1,1699.036297
3,403,0,1,1641.599524
3,404,0,1,1575.132364
3,405,0,1,1642.980744
3,406,0,1,1635.014861
3,407,0,1,1653.460685
3,408,0,1,1692.396086
3,409,0,1,1709.161313
3,410,0,1,1702.157175
3,411,0,1,1854.902517
3,412,0,1,1762.517755
3,413,0,1,1772.208961
3,414,0,1,1509.643838
3,415,0,1,1599.115239
3,416,0,1,1792.052834
3,417,0,1,1545.654105
3,418,0,1,1633.327007
3,419,0,1,1698.308424
3,420,0,1,1756.557063
3,421,0,1,1672.525979
3,422,0,1,1753.090583
3,423,0,1,1913.735682
3,424,0,1,1722.619501
3,425,0,1,1659.181117
3,426,0,1,1757.97407
3,427,0,1,1548.062278
3,428,0,1,1758.369565
3,429,0,1,1757.816687
3,430,0,1,1692.148382
3,431,0,1,1819.536147
3,432,0,1,1728.406503
3,433,0,1,1881.858045
3,434,0,1,1596.944381
3,435,0,1,1563.025047
3,436,0,1,1726.205231
3,437,0,1,1725.653407
3,438,0,1,1856.017251
3,439,0,1,1621.34436
3,440,0,1,1676.442864
3,441,0,1,1641.621031
3,442,0,1,1724.338996
3,443,0,1,1685.382821
3,444,0,1,1659.129946
3,445,0,1,1700.079555
3,446,0,1,1626.08766
3,447,0,1,1593.446713
3,448,0,1,1655.385767
3,449,0,1,1737.400967
3,450,0,1,1618.972341
3,451,0,1,1802.622873
3,452,0,1,1753.92795
3,453,0,1,1553.66027
3,454,0,1,1595.591311
3,455,0,1,1665.321889
3,456,0,1,1600.926903
3,457,0,1,1653.731034
3,458,0,1,1585.618816
3,459,0,1,1564.143697
3,460,0,1,1673.359699
3,461,0,1,1648.341321
3,462,0,1,1597.003932
3,463,0,1,1642.521142
3,464,0,1,1958.479158
3,465,0,1,1731.076225
3,466,0,1,1586.155786
3,467,0,1,1616.223524
3,468,0,1,1609.704462
3,469,0,1,1694.696538
3,470,0,1,1758.328702
3,471,0,1,1943.274068
3,472,0,1,1605.525942
3,473,0,1,1639.918237
3,474,0,1,1768.345998
3,475,0,1,1634.94284
3,476,0,1,1629.640456
3,477,0,1,1650.716141
3,478,0,1,1709.244785
3,479,0,1,1639.035588
3,480,0,1,1759.1861
3,481,0,1,1552.081477
3,482,0,1,1663.415728
3,483,0,1,1610.934165
3,484,0,1,1715.730517
3,485,0,1,1903.777361
3,486,0,1,1697.125465
3,487,0,1,1705.296732
3,488,0,1,1705.624155
3,489,0,1,1640.313367
3,490,0,1,1806.799435
3,491,0,1,1718.394547
3,492,0,1,1566.06077
3,493,0,1,1704.889103
3,494,0,1,1727.196182
3,495,0,1,1678.874862
3,496,0,1,1702.515229
3,497,0,1,1685.163066
3,498,0,1,1798.236678
3,499,0,1,1781.863887
3,500,0,1,1742.953183
3,501,0,1,1808.482686
3,502,0,1,2121.531116
3,503,0,1,1783.743112
3,504,0,1,1714.139157
3,505,0,1,1621.976604
3,506,0,1,1831.717769
3,507,0,1,1592.960742
3,508,0,1,1632.841297
3,509,0,1,1680.178199
3,510,0,1,1606.3305
3,511,0,1,1711.914251
3,512,0,1,1777.258206
3,513,0,1,1650.592629
3,514,0,1,1626.180589
3,515,0,1,1928.978499
3,516,0,1,1673.457559
3,517,0,1,1807.344736
3,518,0,1,1806.381657
3,519,0,1,1706.32561
3,520,0,1,1918.815787
3,521,0,1,1661.801273
3,522,0,1,1576.443837
3,523,0,1,1627.660624
3,524,0,1,1649.189188
3,525,0,1,1861.682065
3,526,0,1,1599.683428
3,527,0,1,1710.709553
3,528,0,1,1718.325137
3,529,0,1,1781.339216
3,530,0,1,1700.040369
3,531,0,1,1781.323579
3,532,0,1,1963.064273
3,533,0,1,1983.845891
3,534,0,1,1746.951271
3,535,0,1,1909.326786
3,536,0,1,1754.32662
3,537,0,1,1619.512221
3,538,0,1,1668.887384
3,539,0,1,1700.19336
3,540,0,1,1598.051368
3,541,0,1,1690.080647
3,542,0,1,1695.875272
3,543,0,1,1733.970671
3,544,0,1,1805.87183
3,545,0,1,1569.752137
3,546,0,1,1769.803111
3,547,0,1,1744.360679
3,548,0,1,1934.86168
3,549,0,1,1614.786601
3,550,0,1,1733.400223
3,551,0,1,1740.51128
3,552,0,1,1985.345941
3,553,0,1,1741.802262
3,554,0,1,1786.914675
3,555,0,1,1655.276575
3,556,0,1,1702.349015
3,557,0,1,1674.624526
3,558,0,1,1690.448642
3,559,0,1,1692.254202
3,560,0,1,1594.308849
3,561,0,1,1628.172643
3,562,0,1,1853.865016
3,563,0,1,1601.304233
3,564,0,1,1609.865047
3,565,0,1,1783.869655
3,566,0,1,1686.155779
3,567,0,1,1701.081536
3,568,0,1,1678.650779
3,569,0,1,1693.581005
3,570,0,1,1748.343235
3,571,0,1,1917.988139
3,572,0,1,1688.892609
3,573,0,1,1753.875058
3,574,0,1,1694.071425
3,575,0,1,1619.936469
3,576,0,1,1830.154939
3,577,0,1,1681.148582
3,578,0,1,1635.233535
3,579,0,1,1785.576384
3,580,0,1,1673.47177
3,581,0,1,1712.862711
3,582,0,1,1703.056796
3,583,0,1,1840.152231
3,584,0,1,1577.616904
3,585,0,1,1579.318453
3,586,0,1,1636.735749
3,587,0,1,1686.836409
3,588,0,1,1661.190348
3,589,0,1,2096.951372
3,590,0,1,1712.045517
3,591,0,1,1540.866706
3,592,0,1,1665.860688
3,593,0,1,1674.390909
3,594,0,1,1731.137505
3,595,0,1,1801.645461
3,596,0,1,1724.615199
3,597,0,1,1590.622218
3,598,0,1,1642.970861
3,599,0,1,1850.926173
3,600,0,1,1780.248646
3,601,0,1,1731.39876
3,602,0,1,1795.835069
3,603,0,1,1768.474496
3,604,0,1,1578.335815
3,605,0,1,1698.502305
3,606,0,1,1643.835023
3,607,0,1,1591.952675
3,608,0,1,1796.733076
3,609,0,1,1656.84705
3,610,0,1,1661.201169
3,611,0,1,1621.5135
3,612,0,1,1908.717323
3,613,0,1,1575.855617
3,614,0,1,1685.850242
3,615,0,1,1643.26981
3,616,0,1,1610.807798
3,617,0,1,1690.579942
3,618,0,1,1673.988425
3,619,0,1,1804.990216
3,620,0,1,1627.839764
3,621,0,1,1794.273982
3,622,0,1,2004.628977
3,623,0,1,1681.216042
3,624,0,1,1673.898413
3,625,0,1,1561.77325
3,626,0,1,1651.713418
3,627,0,1,1821.357332
3,628,0,1,1671.98706
3,629,0,1,1630.783124
3,630,0,1,1690.357782
3,631,0,1,1807.593063
3,632,0,1,1759.822596
3,633,0,1,1584.433612
3,634,0,1,1578.922198
3,635,0,1,1652.58791
3,636,0,1,1646.559958
3,637,0,1,1567.15978
3,638,0,1,1739.957136
3,639,0,1,1651.173644
3,640,0,1,1750.286436
3,641,0,1,1887.104031
3,642,0,1,1835.506641
3,643,0,1,1963.153451
3,644,0,1,1605.876714
3,645,0,1,1726.461811
3,646,0,1,1631.987223
3,647,0,1,1763.986398
3,648,0,1,1677.809209
3,649,0,1,1703.079643
3,650,0,1,1689.299496
3,651,0,1,1868.998755
3,652,0,1,2059.94696
3,653,0,1,1789.987949
3,654,0,1,1735.76203
3,655,0,1,1677.777428
3,656,0,1,1785.168627
3,657,0,1,1763.868996
3,658,0,1,1755.469801
3,659,0,1,1691.059705
3,660,0,1,1892.342147
3,661,0,1,1841.03697
3,662,0,1,2020.637244
3,663,0,1,1616.451338
3,664,0,1,1718.861496
3,665,0,1,1734.62545
3,666,0,1,1628.053552
3,667,0,1,1908.269915
3,668,0,1,1808.739762
3,669,0,1,1675.674805
3,670,0,1,1657.748605
3,671,0,1,1969.675875
3,672,0,1,1514.699324
3,673,0,1,1696.473105
3,674,0,1,1821.158213
3,675,0,1,1757.192083
3,676,0,1,1677.58255
3,677,0,1,1952.30187
3,678,0,1,1595.790562
3,679,0,1,1683.175183
3,680,0,1,1740.016766
3,681,0,1,1785.043375
3,682,0,1,1542.958596
3,683,0,1,1579.423695
3,684,0,1,1737.664933
3,685,0,1,1720.239761
3,686,0,1,1900.253335
3,687,0,1,1595.367869
3,688,0,1,1621.227708
3,689,0,1,1694.057785
3,690,0,1,1538.687948
3,691,0,1,1661.98742
3,692,0,1,1664.809713
3,693,0,1,1570.334473
3,694,0,1,1835.682198
3,695,0,1,1635.227815
3,696,0,1,1568.294228
3,697,0,1,1667.700082
3,698,0,1,1581.478836
3,699,0,1,1747.187827
3,700,0,1,1739.133979
3,701,0,1,1728.522111
3,702,0,1,1844.095931
3,703,0,1,1697.063776
3,704,0,1,1746.900478
3,705,0,1,1686.375047
3,706,0,1,1891.575858
3,707,0,1,1612.97871
3,708,0,1,1593.534118
3,709,0,1,2035.704258
3,710,0,1,1880.289578
3,711,0,1,1689.371903
3,712,0,1,1567.080891
3,713,0,1,1566.893033
3,714,0,1,1800.534675
3,715,0,1,1788.634331
3,716,0,1,1781.522175
3,717,0,1,1679.780551
3,718,0,1,2073.65773
3,719,0,1,1791.76898
3,720,0,1,1821.743379
3,721,0,1,2018.29931
3,722,0,1,1680.851459
3,723,0,1,1740.923561
3,724,0,1,1855.508172
3,725,0,1,1973.318466
3,726,0,1,1620.920943
3,727,0,1,1584.714576
3,728,0,1,1702.753291
3,729,0,1,1629.622843
3,730,0,1,1788.639019
3,731,0,1,1730.608852
3,732,0,1,2081.033255
3,733,0,1,1620.945559
3,734,0,1,1692.980368
3,735,0,1,1621.640759
3,736,0,1,1947.31956
3,737,0,1,1722.651531
3,738,0,1,1814.168186
3,739,0,1,1716.55928
3,740,0,1,1668.664871
3,741,0,1,1769.029079
3,742,0,1,1710.155973
3,743,0,1,1611.58835
3,744,0,1,1611.810989
3,745,0,1,1785.514603
3,746,0,1,1619.703434
3,747,0,1,1711.376694
3,748,0,1,1714.055
3,749,0,1,1973.475469
3,750,0,1,1673.825326
3,751,0,1,1646.709713
3,752,0,1,1798.418574
3,753,0,1,1718.361359
3,754,0,1,1764.476313
3,755,0,1,1586.875496
3,756,0,1,1561.839073
3,757,0,1,1783.014544
3,758,0,1,1662.973388
3,759,0,1,1538.056651
3,760,0,1,1779.202419
3,761,0,1,1750.196222
3,762,0,1,1857.748642
3,763,0,1,1627.236914
3,764,0,1,1845.358646
3,765,0,1,1791.280849
3,766,0,1,1672.257986
3,767,0,1,1978.000047
3,768,0,1,1670.129767
3,769,0,1,1632.785244
3,770,0,1,1715.9109
3,771,0,1,1783.845585
3,772,0,1,1683.99327
3,773,0,1,1591.445361
3,774,0,1,1832.881184
3,775,0,1,1803.544357
3,776,0,1,1694.383343
3,777,0,1,1899.952549
3,778,0,1,1737.350263
3,779,0,1,1611.929255
3,780,0,1,1718.365101
3,781,0,1,1772.320267
3,782,0,1,1600.523728
3,783,0,1,1628.466404
3,784,0,1,1710.127829
3,785,0,1,1510.785288
3,786,0,1,1591.032805
3,787,0,1,1830.902573
3,788,0,1,1664.996283
3,789,0,1,1622.72334
3,790,0,1,1759.143521
3,791,0,1,1766.331907
3,792,0,1,1639.504065
3,793,0,1,1610.370041
3,794,0,1,1949.895326
3,795,0,1,1589.595615
3,796,0,1,1805.444754
3,797,0,1,1711.603337
3,798,0,1,1653.334627
3,799,0,1,1619.786088
3,800,0,1,1926.48277
3,801,0,1,1775.967413
3,802,0,1,1691.964546
3,803,0,1,1749.10959
3,804,0,1,1668.714068
3,805,0,1,1677.926869
3,806,0,1,1796.698346
3,807,0,1,1602.761607
3,808,0,1,1607.904376
3,809,0,1,1635.275021
3,810,0,1,1806.782699
3,811,0,1,1564.813434
3,812,0,1,1718.443347
3,813,0,1,1562.446811
3,814,0,1,1749.776295
3,815,0,1,1760.267362
3,816,0,1,1795.52867
3,817,0,1,1733.830359
3,818,0,1,1698.445193
3,819,0,1,1660.747629
3,820,0,1,1621.978497
3,821,0,1,1723.53709
3,822,0,1,1687.708394
3,823,0,1,1679.825316
3,824,0,1,1810.653734
3,825,0,1,1700.256449
3,826,0,1,1605.932755
3,827,0,1,1548.423471
3,828,0,1,1835.070658
3,829,0,1,1711.106641
3,830,0,1,1652.409715
3,831,0,1,1883.188299
3,832,0,1,1691.264233
3,833,0,1,1529.429545
3,834,0,1,1688.494141
3,835,0,1,1719.052622
3,836,0,1,1614.430326
3,837,0,1,1650.347982
3,838,0,1,1814.967421
3,839,0,1,1817.726676
3,840,0,1,1664.551463
3,841,0,1,1574.568806
3,842,0,1,1651.574856
3,843,0,1,1786.928124
3,844,0,1,1620.475609
3,845,0,1,1657.171359
3,846,0,1,1760.842316
3,847,0,1,1708.041224
3,848,0,1,1663.530495
3,849,0,1,1700.751184
3,850,0,1,1700.522127
3,851,0,1,1664.335416
3,852,0,1,1772.535757
3,853,0,1,2294.829755
3,854,0,1,1789.953446
3,855,0,1,1724.185475
3,856,0,1,1793.59688
3,857,0,1,1622.690674
3,858,0,1,1637.836823
3,859,0,1,1682.996583
3,860,0,1,1605.832297
3,861,0,1,1807.387125
3,862,0,1,1675.383833
3,863,0,1,1678.77304
3,864,0,1,1676.233672
3,865,0,1,1705.47133
3,866,0,1,1699.998519
3,867,0,1,1689.169803
3,868,0,1,1627.377143
3,869,0,1,1736.752255
3,870,0,1,1626.391388
3,871,0,1,1640.881834
3,872,0,1,1878.912919
3,873,0,1,2066.886822
3,874,0,1,1614.739022
3,875,0,1,1622.788358
3,876,0,1,1671.364338
3,877,0,1,1648.339392
3,878,0,1,1727.505898
3,879,0,1,2002.223878
3,880,0,1,1624.505655
3,881,0,1,1672.351531
3,882,0,1,1667.293759
3,883,0,1,1716.355561
3,884,0,1,1634.313487
3,885,0,1,1680.243848
3,886,0,1,1707.990498
3,887,0,1,1666.910796
3,888,0,1,1779.405393
3,889,0,1,1639.838689
3,890,0,1,2094.158513
3,891,0,1,1622.36417
3,892,0,1,1818.664946
3,893,0,1,1644.873843
3,894,0,1,1676.79287
3,895,0,1,1730.738906
3,896,0,1,1665.260205
3,897,0,1,1900.541997
3,898,0,1,1835.410761
3,899,0,1,1697.95741
3,900,0,1,1648.332355
3,901,0,1,1798.387075
3,902,0,1,1719.407731
3,903,0,1,1620.311066
3,904,0,1,1731.507651
3,905,0,1,1778.195944
3,906,0,1,1679.298462
3,907,0,1,1741.989916
3,908,0,1,1734.189346
3,909,0,1,1722.531728
3,910,0,1,1655.049191
3,911,0,1,1603.754719
3,912,0,1,1682.320618
3,913,0,1,1624.016271
3,914,0,1,1801.148111
3,915,0,1,1667.229672
3,916,0,1,1626.345587
3,917,0,1,2022.796199
3,918,0,1,1793.941198
3,919,0,1,1852.535592
3,920,0,1,1826.205525
3,921,0,1,1672.452425
3,922,0,1,1812.059553
3,923,0,1,1546.065891
3,924,0,1,1708.967788
3,925,0,1,1830.517476
3,926,0,1,1588.502172
3,927,0,1,1669.099388
3,928,0,1,1649.227592
3,929,0,1,1619.089773
3,930,0,1,1630.331325
3,931,0,1,1571.534734
3,932,0,1,1732.664846
3,933,0,1,1697.570907
3,934,0,1,1766.76379
3,935,0,1,1630.221787
3,936,0,1,1609.56354
3,937,0,1,1678.031271
3,938,0,1,1624.076842
3,939,0,1,1717.260577
3,940,0,1,1856.193822
3,941,0,1,1795.901114
3,942,0,1,1700.790131
3,943,0,1,1800.628085
3,944,0,1,1846.051621
3,945,0,1,1680.386437
3,946,0,1,1746.068806
3,947,0,1,1851.258625
3,948,0,1,1636.084284
3,949,0,1,1785.533048
3,950,0,1,1779.541561
3,951,0,1,1659.981307
3,952,0,1,1755.736041
3,953,0,1,1557.086932
3,954,0,1,1609.379015
3,955,0,1,1731.93194
3,956,0,1,1645.127406
3,957,0,1,1643.674968
3,958,0,1,1764.274698
3,959,0,1,1703.576521
3,960,0,1,1664.074668
3,961,0,1,1656.367844
3,962,0,1,1674.019024
3,963,0,1,1947.683542
3,964,0,1,1738.827332
3,965,0,1,1618.068335
3,966,0,1,1637.550632
3,967,0,1,1552.295699
3,968,0,1,1723.101687
3,969,0,1,1663.573387
3,970,0,1,1708.281966
3,971,0,1,1777.807373
3,972,0,1,1668.915513
3,973,0,1,1661.437003
3,974,0,1,1800.838222
3,975,0,1,1664.425307
3,976,0,1,1741.301326
3,977,0,1,1651.363411
3,978,0,1,1668.306118
3,979,0,1,1721.367608
3,980,0,1,1730.435142
3,981,0,1,1813.057367
3,982,0,1,1746.967956
3,983,0,1,1653.392935
3,984,0,1,1684.927714
3,985,0,1,1605.17811
3,986,0,1,1605.768381
3,987,0,1,1793.562131
3,988,0,1,1711.784118
3,989,0,1,1595.46116
3,990,0,1,1598.671676
3,991,0,1,1697.724648
3,992,0,1,1816.622766
3,993,0,1,1847.259675
3,994,0,1,1834.34288
3,995,0,1,1648.633749
3,996,0,1,1711.934472
3,997,0,1,1784.901082
3,998,0,1,1655.938093
3,999,0,1,1720.929582
4,0,0,1,1638.150977
4,1,0,1,1933.96363
4,2,0,1,1691.847642
4,3,0,1,1779.063271
4,4,0,1,1593.098421
4,5,0,1,1813.452137
4,6,0,1,1700.259388
4,7,0,1,1744.837403
4,8,0,1,1680.95446
4,9,0,1,1842.02854
4,10,0,1,1679.616694
4,11,0,1,1733.32562
4,12,0,1,1719.80677
4,13,0,1,1882.187263
4,14,0,1,1675.166118
4,15,0,1,1665.739359
4,16,0,1,1684.780839
4,17,0,1,1777.440006
4,18,0,1,1640.575338
4,19,0,1,1660.883197
4,20,0,1,1815.720282
4,21,0,1,1678.69417
4,22,0,1,1597.751475
4,23,0,1,1566.911792
4,24,0,1,1781.462358
4,25,0,1,1783.325637
4,26,0,1,1644.294235
4,27,0,1,1661.611769
4,28,0,1,1578.76475
4,29,0,1,1821.910722
4,30,0,1,1680.36135
4,31,0,1,1776.014554
4,32,0,1,1569.504755
4,33,0,1,1650.909753
4,34,0,1,1620.905994
4,35,0,1,1623.385859
4,36,0,1,1611.748531
4,37,0,1,1697.265668
4,38,0,1,1581.094183
4,39,0,1,1651.564903
4,40,0,1,1765.290893
4,41,0,1,1635.377547
4,42,0,1,1641.280954
4,43,0,1,1759.616464
4,44,0,1,1705.161965
4,45,0,1,1678.482908
4,46,0,1,1665.505876
4,47,0,1,1657.516953
4,48,0,1,1558.832721
4,49,0,1,1861.83225
4,50,0,1,1709.452125
4,51,0,1,1897.464497
4,52,0,1,1726.479239
4,53,0,1,1603.104302
4,54,0,1,1593.335278
4,55,0,1,1714.663787
4,56,0,1,1674.284532
4,57,0,1,1700.349189
4,58,0,1,1694.546946
4,59,0,1,1725.225459
4,60,0,1,1715.042589
4,61,0,1,1662.422757
4,62,0,1,1575.254051
4,63,0,1,1604.264024
4,64,0,1,1674.51995
4,65,0,1,1782.361926
4,66,0,1,1717.671003
4,67,0,1,1779.040891
4,68,0,1,1784.644747
4,69,0,1,1639.353961
4,70,0,1,1641.359759
4,71,0,1,1730.204093
4,72,0,1,1762.237819
4,73,0,1,1690.610413
4,74,0,1,1616.200489
4,75,0,1,1665.724566
4,76,0,1,1803.24651
4,77,0,1,1646.92135
4,78,0,1,1796.600226
4,79,0,1,1735.367407
4,80,0,1,1730.243764
4,81,0,1,1746.902759
4,82,0,1,1637.742511
4,83,0,1,1925.971115
4,84,0,1,1608.805174
4,85,0,1,1668.226194
4,86,0,1,1613.445556
4,87,0,1,1607.099607
4,88,0,1,1718.707585
4,89,0,1,1757.369934
4,90,0,1,1734.454282
4,91,0,1,1589.748756
4,92,0,1,1649.086761
4,93,0,1,1672.788365
4,94,0,1,1531.745892
4,95,0,1,1805.346997
4,96,0,1,1679.495125
4,97,0,1,1583.048187
4,98,0,1,1652.490359
4,99,0,1,1568.161511
4,100,0,1,1699.29406
4,101,0,1,1705.261854
4,102,0,1,1715.584884
4,103,0,1,1687.702128
4,104,0,1,1614.500404
4,105,0,1,1678.993914
4,106,0,1,1831.845735
4,107,0,1,1678.854409
4,108,0,1,1677.307511
4,109,0,1,1606.234825
4,110,0,1,1638.848184
4,111,0,1,1812.983491
4,112,0,1,1781.278585
4,113,0,1,1610.626862
4,114,0,1,1711.815289
4,115,0,1,1931.309828
4,116,0,1,1681.137541
4,117,0,1,1623.356385
4,118,0,1,1676.409114
4,119,0,1,1603.79068
4,120,0,1,1809.235996
4,121,0,1,1933.386698
4,122,0,1,2001.067897
4,123,0,1,1712.857791
4,124,0,1,1722.168198
4,125,0,1,1836.327595
4,126,0,1,1694.513449
4,127,0,1,1723.648781
4,128,0,1,1759.330215
4,129,0,1,1713.98117
4,130,0,1,2344.028619
4,131,0,1,1586.74763
4,132,0,1,1603.771824
4,133,0,1,1661.640754
4,134,0,1,1727.040645
4,135,0,1,1657.029878
4,136,0,1,1679.994382
4,137,0,1,1666.554668
4,138,0,1,1783.459898
4,139,0,1,1847.337607
4,140,0,1,1712.409759
4,141,0,1,1803.344849
4,142,0,1,1638.579819
4,143,0,1,1628.127855
4,144,0,1,1710.853109
4,145,0,1,1661.230226
4,146,0,1,1967.240719
4,147,0,1,1641.657463
4,148,0,1,1736.911419
4,149,0,1,1559.871122
4,150,0,1,1642.668374
4,151,0,1,1999.376437
4,152,0,1,1655.38034
4,153,0,1,1709.125046
4,154,0,1,1663.181593
4,155,0,1,1915.136841
4,156,0,1,1641.840228
4,157,0,1,1728.833195
4,158,0,1,1658.443813
4,159,0,1,1689.920326
4,160,0,1,1859.657863
4,161,0,1,1602.936397
4,162,0,1,1752.053441
4,163,0,1,1805.25563
4,164,0,1,1918.969152
4,165,0,1,1825.196388
4,166,0,1,1667.337843
4,167,0,1,1618.244688
4,168,0,1,1558.484698
4,169,0,1,1621.543278
4,170,0,1,1640.856124
4,171,0,1,1755.852323
4,172,0,1,1737.310843
4,173,0,1,1537.937452
4,174,0,1,1619.546934
4,175,0,1,1977.397794
4,176,0,1,1720.603301
4,177,0,1,1594.359831
4,178,0,1,1755.077276
4,179,0,1,1711.843341
4,180,0,1,1666.126523
4,181,0,1,1796.389359
4,182,0,1,1762.244617
4,183,0,1,1733.431383
4,184,0,1,1817.486551
4,185,0,1,1915.786284
4,186,0,1,1580.22098
4,187,0,1,1534.041287
4,188,0,1,1590.960721
4,189,0,1,1623.486156
4,190,0,1,1724.303085
4,191,0,1,1796.896861
4,192,0,1,1699.923215
4,193,0,1,1658.081549
4,194,0,1,1597.114953
4,195,0,1,1600.706319
4,196,0,1,1622.44304
4,197,0,1,1672.319203
4,198,0,1,1624.120525
4,199,0,1,1663.361313
4,200,0,1,1990.584264
4,201,0,1,1798.370469
4,202,0,1,1675.412657
4,203,0,1,1622.815205
4,204,0,1,1786.216299
4,205,0,1,1573.136559
4,206,0,1,1716.282371
4,207,0,1,1695.878447
4,208,0,1,1638.435112
4,209,0,1,1649.64999
4,210,0,1,1736.649156
4,211,0,1,1617.282523
4,212,0,1,1679.791978
4,213,0,1,1744.727764
4,214,0,1,1573.942785
4,215,0,1,1634.539984
4,216,0,1,1678.982621
4,217,0,1,1813.416371
4,218,0,1,1762.618091
4,219,0,1,1600.346073
4,220,0,1,1780.62947
4,221,0,1,1700.751301
4,222,0,1,1732.696515
4,223,0,1,1692.655117
4,224,0,1,1745.003182
4,225,0,1,1679.802441
4,226,0,1,1633.097466
4,227,0,1,1803.522752
4,228,0,1,1600.18779
4,229,0,1,1827.645318
4,230,0,1,1706.030027
4,231,0,1,1650.097002
4,232,0,1,1753.094985
4,233,0,1,1714.501726
4,234,0,1,1711.641743
4,235,0,1,1584.271805
4,236,0,1,1717.259741
4,237,0,1,1627.066321
4,238,0,1,1672.145024
4,239,0,1,1714.077773
4,240,0,1,1735.863419
4,241,0,1,1638.783507
4,242,0,1,1660.579273
4,243,0,1,1799.961737
4,244,0,1,1657.187967
4,245,0,1,1710.998342
4,246,0,1,1818.522257
4,247,0,1,1756.53161
4,248,0,1,1793.962158
4,249,0,1,1675.644103
4,250,0,1,1758.583005
4,251,0,1,1597.419726
4,252,0,1,1725.231523
4,253,0,1,1548.770549
4,254,0,1,1689.959591
4,255,0,1,1728.647722
4,256,0,1,1699.455282
4,257,0,1,1768.266675
4,258,0,1,1767.985988
4,259,0,1,1654.931098
4,260,0,1,1652.817102
4,261,0,1,1590.477136
4,262,0,1,1766.729011
4,263,0,1,1807.675083
4,264,0,1,1659.661932
4,265,0,1,1909.630065
4,266,0,1,1762.34572
4,267,0,1,1667.714087
4,268,0,1,1725.653964
4,269,0,1,1705.096255
4,270,0,1,1636.865989
4,271,0,1,1643.660547
4,272,0,1,1585.528245
4,273,0,1,1793.38195
4,274,0,1,1775.109526
4,275,0,1,1634.980579
4,276,0,1,1745.452456
4,277,0,1,1595.995158
4,278,0,1,1649.620539
4,279,0,1,1738.754745
4,280,0,1,1594.540609
4,281,0,1,1579.259601
4,282,0,1,1628.341077
4,283,0,1,1640.344269
4,284,0,1,1677.176532
4,285,0,1,1715.988645
4,286,0,1,1685.685305
4,287,0,1,1652.534976
4,288,0,1,1741.87958
4,289,0,1,1597.536657
4,290,0,1,1831.468947
4,291,0,1,1667.619393
4,292,0,1,1627.17557
4,293,0,1,1639.180394
4,294,0,1,1695.940245
4,295,0,1,1609.537518
4,296,0,1,1755.582818
4,297,0,1,1643.051321
4,298,0,1,1615.765873
4,299,0,1,1668.832707
4,300,0,1,1645.348875
4,301,0,1,1667.106291
4,302,0,1,1842.669442
4,303,0,1,1944.174128
4,304,0,1,1763.925015
4,305,0,1,1669.70039
4,306,0,1,1610.524273
4,307,0,1,1738.680543
4,308,0,1,1576.963997
4,309,0,1,1620.208955
4,310,0,1,1653.577435
4,311,0,1,1854.950946
4,312,0,1,1739.355529
4,313,0,1,1687.622742
4,314,0,1,1594.425924
4,315,0,1,1685.363154
4,316,0,1,1601.330911
4,317,0,1,1719.152701
4,318,0,1,1630.24562
4,319,0,1,1701.726914
4,320,0,1,1721.284379
4,321,0,1,1714.966536
4,322,0,1,1748.562049
4,323,0,1,1952.442516
4,324,0,1,1857.100946
4,325,0,1,1677.374776
4,326,0,1,1757.603114
4,327,0,1,1756.185458
4,328,0,1,1679.171681
4,329,0,1,1832.02458
4,330,0,1,1647.766779
4,331,0,1,1619.815356
4,332,0,1,1701.099191
4,333,0,1,1708.04152
4,334,0,1,1617.22508
4,335,0,1,1666.217878
4,336,0,1,1941.232522
4,337,0,1,1722.793371
4,338,0,1,1868.227374
4,339,0,1,1879.121392
4,340,0,1,1627.56174
4,341,0,1,1762.391962
4,342,0,1,1673.068451
4,343,0,1,1669.017219
4,344,0,1,1738.906357
4,345,0,1,1845.79678
4,346,0,1,1723.548886
4,347,0,1,1648.63666
4,348,0,1,1590.391255
4,349,0,1,1562.246904
4,350,0,1,1711.364496
4,351,0,1,1676.338618
4,352,0,1,1848.106761
4,353,0,1,1654.605293
4,354,0,1,1969.437686
4,355,0,1,1616.684723
4,356,0,1,1769.962944
4,357,0,1,1780.448656
4,358,0,1,1709.319442
4,359,0,1,1586.553007
4,360,0,1,1984.444789
4,361,0,1,1743.999142
4,362,0,1,1685.91447
4,363,0,1,1912.422597
4,364,0,1,2019.586807
4,365,0,1,1676.131998
4,366,0,1,1777.434255
4,367,0,1,1655.39168
4,368,0,1,1682.450032
4,369,0,1,1784.255616
4,370,0,1,1693.0222
4,371,0,1,1709.239742
4,372,0,1,1671.982559
4,373,0,1,1932.657594
4,374,0,1,1707.047543
4,375,0,1,1674.686071
4,376,0,1,1759.38321
4,377,0,1,1748.845862
4,378,0,1,1684.187516
4,379,0,1,1752.201187
4,380,0,1,1802.359744
4,381,0,1,1689.575726
4,382,0,1,1907.664838
4,383,0,1,1679.642268
4,384,0,1,1653.316137
4,385,0,1,1782.969333
4,386,0,1,1828.843489
4,387,0,1,1818.99534
4,388,0,1,1975.906973
4,389,0,1,1618.793729
4,390,0,1,1629.16387
4,391,0,1,1602.34419
4,392,0,1,1933.484454
4,393,0,1,1686.199599
4,394,0,1,1737.474843
4,395,0,1,1653.039074
4,396,0,1,1963.749322
4,397,0,1,1812.598692
4,398,0,1,1786.330593
4,399,0,1,1800.763375
4,400,0,1,1614.413408
4,401,0,1,1659.935158
4,402,0,1,1728.015646
4,403,0,1,1719.090759
4,404,0,1,1599.157627
4,405,0,1,1560.218469
4,406,0,1,1656.352978
4,407,0,1,1653.794112
4,408,0,1,1793.530207
4,409,0,1,1827.513318
4,410,0,1,1751.686285
4,411,0,1,1915.766286
4,412,0,1,1616.203755
4,413,0,1,1611.986224
4,414,0,1,1661.610668
4,415,0,1,1723.564567
4,416,0,1,1964.156838
4,417,0,1,1846.642644
4,418,0,1,1668.093336
4,419,0,1,1667.656813
4,420,0,1,1707.12895
4,421,0,1,1786.924915
4,422,0,1,1834.757123
4,423,0,1,1729.412771
4,424,0,1,1708.782062
4,425,0,1,1584.892397
4,426,0,1,1953.143482
4,427,0,1,1608.909598
4,428,0,1,1689.533319
4,429,0,1,1667.167358
4,430,0,1,1641.908197
4,431,0,1,1594.821542
4,432,0,1,1904.354408
4,433,0,1,1590.079633
4,434,0,1,1665.338626
4,435,0,1,1827.915415
4,436,0,1,1741.57691
4,437,0,1,1702.857505
4,438,0,1,1666.717467
4,439,0,1,1689.911029
4,440,0,1,1573.586977
4,441,0,1,1698.779132
4,442,0,1,1666.439876
4,443,0,1,1770.298714
4,444,0,1,1867.233224
4,445,0,1,1725.935048
4,446,0,1,1734.158262
4,447,0,1,1731.304912
4,448,0,1,1672.34649
4,449,0,1,1628.611104
4,450,0,1,1575.319036
4,451,0,1,1671.320927
4,452,0,1,1864.859325
4,453,0,1,2023.446409
4,454,0,1,1670.470501
4,455,0,1,1758.724569
4,456,0,1,1783.209158
4,457,0,1,1782.31997
4,458,0,1,1650.852122
4,459,0,1,1645.557677
4,460,0,1,1617.731439
4,461,0,1,1622.84789
4,462,0,1,1697.865311
4,463,0,1,1756.555586
4,464,0,1,1579.045125
4,465,0,1,1599.91271
4,466,0,1,1643.413416
4,467,0,1,2058.286612
4,468,0,1,1574.134406
4,469,0,1,1689.108947
4,470,0,1,1706.882402
4,471,0,1,1636.020654
4,472,0,1,1698.780077
4,473,0,1,1812.282546
4,474,0,1,1764.457375
4,475,0,1,1645.222786
4,476,0,1,1709.932386
4,477,0,1,1824.144013
4,478,0,1,1634.704059
4,479,0,1,1791.013674
4,480,0,1,1604.432265
4,481,0,1,1749.057766
4,482,0,1,1596.257754
4,483,0,1,1654.577209
4,484,0,1,1672.377994
4,485,0,1,1590.398049
4,486,0,1,1822.390944
4,487,0,1,1668.866906
4,488,0,1,1662.045633
4,489,0,1,1671.225469
4,490,0,1,1726.936052
4,491,0,1,1815.906442
4,492,0,1,1679.216765
4,493,0,1,1682.389379
4,494,0,1,2017.236141
4,495,0,1,1597.465611
4,496,0,1,1786.16327
4,497,0,1,1921.040905
4,498,0,1,1718.119181
4,499,0,1,1762.16722
4,500,0,1,1773.313069
4,501,0,1,1825.020268
4,502,0,1,1726.844752
4,503,0,1,1779.144524
4,504,0,1,1867.290145
4,505,0,1,1816.576198
4,506,0,1,1676.868288
4,507,0,1,1778.328834
4,508,0,1,1767.241529
4,509,0,1,1560.637363
4,510,0,1,1679.17189
4,511,0,1,1786.147487
4,512,0,1,1786.753221
4,513,0,1,1770.223411
4,514,0,1,1742.947677
4,515,0,1,1701.647147
4,516,0,1,1572.027208
4,517,0,1,1658.352022
4,518,0,1,1692.602229
4,519,0,1,1688.783982
4,520,0,1,1800.159289
4,521,0,1,1737.328523
4,522,0,1,1652.820127
4,523,0,1,1686.875638
4,524,0,1,1706.641199
4,525,0,1,1585.164614
4,526,0,1,1581.696053
4,527,0,1,1713.967606
4,528,0,1,1673.69734
4,529,0,1,1636.22023
4,530,0,1,1795.508773
4,531,0,1,1608.687242
4,532,0,1,1677.253458
4,533,0,1,1789.90308
4,534,0,1,1626.103149
4,535,0,1,1723.015
4,536,0,1,1817.031465
4,537,0,1,1672.388722
4,538,0,1,1777.909636
4,539,0,1,1577.046189
4,540,0,1,1550.858236
4,541,0,1,1918.086365
4,542,0,1,1625.863682
4,543,0,1,1578.856391
4,544,0,1,1634.283685
4,545,0,1,1610.572413
4,546,0,1,1769.755727
4,547,0,1,1695.061637
4,548,0,1,1713.624181
4,549,0,1,1676.978217
4,550,0,1,1593.7967
4,551,0,1,1692.623078
4,552,0,1,1907.277055
4,553,0,1,1629.862063
4,554,0,1,1616.525806
4,555,0,1,1732.097547
4,556,0,1,1852.166455
4,557,0,1,1594.475179
4,558,0,1,1643.398229
4,559,0,1,1648.093988
4,560,0,1,1654.07563
4,561,0,1,1716.281103
4,562,0,1,1841.679065
4,563,0,1,1617.27057
4,564,0,1,1701.499771
4,565,0,1,1635.436106
4,566,0,1,1677.986657
4,567,0,1,1642.4063
4,568,0,1,1816.953891
4,569,0,1,1664.130932
4,570,0,1,1795.534796
4,571,0,1,2042.048843
4,572,0,1,1643.763901
4,573,0,1,1612.84224
4,574,0,1,1801.288162
4,575,0,1,1779.881194
4,576,0,1,1650.868732
4,577,0,1,1760.944161
4,578,0,1,1817.231688
4,579,0,1,1659.064097
4,580,0,1,1652.8079
4,581,0,1,1665.689185
4,582,0,1,1560.703739
4,583,0,1,1536.874411
4,584,0,1,1696.373456
4,585,0,1,1684.410261
4,586,0,1,1877.842196
4,587,0,1,1667.06688
4,588,0,1,1809.06193
4,589,0,1,1752.491193
4,590,0,1,1789.532508
4,591,0,1,1551.876162
4,592,0,1,1651.689222
4,593,0,1,1620.684366
4,594,0,1,1656.791919
4,595,0,1,1713.730983
4,596,0,1,1845.523959
4,597,0,1,1690.543077
4,598,0,1,1775.71556
4,599,0,1,1703.721736
4,600,0,1,1714.574287
4,601,0,1,1597.047339
4,602,0,1,1607.10655
4,603,0,1,1593.900834
4,604,0,1,1670.90211
4,605,0,1,1683.015834
4,606,0,1,1664.951656
4,607,0,1,1546.345568
4,608,0,1,1783.744519
4,609,0,1,1631.792354
4,610,0,1,1724.068884
4,611,0,1,1876.960728
4,612,0,1,1751.389328
4,613,0,1,1569.641755
4,614,0,1,1649.690128
4,615,0,1,1748.456911
4,616,0,1,1944.064454
4,617,0,1,1703.512529
4,618,0,1,1578.740685
4,619,0,1,1708.717328
4,620,0,1,1758.136371
4,621,0,1,1667.593915
4,622,0,1,1752.987542
4,623,0,1,1680.535147
4,624,0,1,1855.377438
4,625,0,1,1638.470985
4,626,0,1,1612.164807
4,627,0,1,1614.448558
4,628,0,1,1848.568019
4,629,0,1,1711.150284
4,630,0,1,1796.271729
4,631,0,1,1550.448734
4,632,0,1,1546.652368
4,633,0,1,1754.993911
4,634,0,1,1646.460326
4,635,0,1,1666.77819
4,636,0,1,1874.505059
4,637,0,1,1714.394032
4,638,0,1,1565.573389
4,639,0,1,1835.261261
4,640,0,1,1704.71039
4,641,0,1,1641.72581
4,642,0,1,1634.163454
4,643,0,1,1600.163902
4,644,0,1,1668.867791
4,645,0,1,1706.768051
4,646,0,1,1640.935445
4,647,0,1,1657.168136
4,648,0,1,1741.792437
4,649,0,1,1591.304258
4,650,0,1,1633.16865
4,651,0,1,1692.396832
4,652,0,1,2020.403315
4,653,0,1,1733.333899
4,654,0,1,1681.713096
4,655,0,1,1528.389499
4,656,0,1,1869.547016
4,657,0,1,1711.822541
4,658,0,1,1634.023799
4,659,0,1,1629.59008
4,660,0,1,1871.16873
4,661,0,1,1747.392946
4,662,0,1,1598.001371
4,663,0,1,1714.509976
4,664,0,1,1893.126067
4,665,0,1,1645.428148
4,666,0,1,1801.949191
4,667,0,1,1571.277532
4,668,0,1,1638.136903
4,669,0,1,1759.633302
4,670,0,1,1620.147898
4,671,0,1,1694.15512
4,672,0,1,1819.092648
4,673,0,1,1593.969173
4,674,0,1,1978.31038
4,675,0,1,1624.816562
4,676,0,1,1621.282
4,677,0,1,1730.711713
4,678,0,1,1803.458557
4,679,0,1,1644.19901
4,680,0,1,1691.830376
4,681,0,1,1736.2128
4,682,0,1,1612.910781
4,683,0,1,1657.035928
4,684,0,1,1692.28236
4,685,0,1,1719.491461
4,686,0,1,1795.418472
4,687,0,1,1671.287926
4,688,0,1,1711.755856
4,689,0,1,1711.096123
4,690,0,1,1616.428691
4,691,0,1,1638.295378
4,692,0,1,1760.583102
4,693,0,1,1670.1708
4,694,0,1,1621.05036
4,695,0,1,1786.030247
4,696,0,1,1679.451759
4,697,0,1,1632.382546
4,698,0,1,1697.491071
4,699,0,1,1779.790058
4,700,0,1,1597.428386
4,701,0,1,1765.708183
4,702,0,1,1572.455654
4,703,0,1,1815.518834
4,704,0,1,1637.345561
4,705,0,1,1668.573053
4,706,0,1,1647.114168
4,707,0,1,1839.522956
4,708,0,1,1648.479992
4,709,0,1,1586.138969
4,710,0,1,1822.569377
4,711,0,1,1625.320029
4,712,0,1,1663.833047
4,713,0,1,1676.149795
4,714,0,1,1778.189839
4,715,0,1,1721.043199
4,716,0,1,1625.120389
4,717,0,1,1619.598167
4,718,0,1,1737.323638
4,719,0,1,1614.533045
4,720,0,1,1629.412028
4,721,0,1,1695.584687
4,722,0,1,1677.448613
4,723,0,1,1810.719223
4,724,0,1,1871.293131
4,725,0,1,1816.783647
4,726,0,1,1774.697935
4,727,0,1,1709.515866
4,728,0,1,1714.634309
4,729,0,1,1717.262439
4,730,0,1,1596.10932
4,731,0,1,1768.597438
4,732,0,1,1813.123434
4,733,0,1,1647.468855
4,734,0,1,1755.705397
4,735,0,1,1571.419175
4,736,0,1,1595.814139
4,737,0,1,1657.447238
4,738,0,1,1788.552264
4,739,0,1,1615.690195
4,740,0,1,1687.174939
4,741,0,1,1783.480759
4,742,0,1,1862.033968
4,743,0,1,1552.899843
4,744,0,1,1763.798708
4,745,0,1,1622.182134
4,746,0,1,1628.425828
4,747,0,1,1572.434641
4,748,0,1,1755.06355
4,749,0,1,1670.480414
4,750,0,1,1589.044349
4,751,0,1,1852.383943
4,752,0,1,1703.22096
4,753,0,1,1907.925431
4,754,0,1,1881.188934
4,755,0,1,1866.874501
4,756,0,1,1664.433088
4,757,0,1,1629.428974
4,758,0,1,1844.112735
4,759,0,1,1673.581854
4,760,0,1,1666.619266
4,761,0,1,1586.752718
4,762,0,1,1588.024534
4,763,0,1,1916.99378
4,764,0,1,1576.641981
4,765,0,1,1998.617817
4,766,0,1,1680.511219
4,767,0,1,1632.548117
4,768,0,1,1624.895852
4,769,0,1,1734.467643
4,770,0,1,1737.268121
4,771,0,1,1692.513258
4,772,0,1,1749.16553
4,773,0,1,1835.935036
4,774,0,1,1771.669151
4,775,0,1,1655.666431
4,776,0,1,1810.687008
4,777,0,1,1837.610043
4,778,0,1,1700.891413
4,779,0,1,1641.444179
4,780,0,1,1694.559512
4,781,0,1,1716.356719
4,782,0,1,1825.896576
4,783,0,1,1599.584548
4,784,0,1,1744.115787
4,785,0,1,1620.715236
4,786,0,1,1725.67936
4,787,0,1,1752.90697
4,788,0,1,1750.199821
4,789,0,1,1806.751831
4,790,0,1,1685.10358
4,791,0,1,1906.107068
4,792,0,1,1610.347383
4,793,0,1,1639.967691
4,794,0,1,1935.233783
4,795,0,1,1627.288765
4,796,0,1,1751.445092
4,797,0,1,1589.101294
4,798,0,1,1622.44801
4,799,0,1,1558.468997
4,800,0,1,1779.758386
4,801,0,1,1596.267606
4,802,0,1,1644.364929
4,803,0,1,1903.86
4,804,0,1,1593.201748
4,805,0,1,1630.004828
4,806,0,1,1845.935774
4,807,0,1,1609.03406
4,808,0,1,1656.283885
4,809,0,1,2010.929446
4,810,0,1,1892.155228
4,811,0,1,1727.744341
4,812,0,1,1637.633404
4,813,0,1,1799.153598
4,814,0,1,1732.75875
4,815,0,1,1722.868501
4,816,0,1,1695.93767
4,817,0,1,1591.586771
4,818,0,1,1683.027674
4,819,0,1,1755.810466
4,820,0,1,1767.583551
4,821,0,1,1692.936574
4,822,0,1,1814.04966
4,823,0,1,1685.499918
4,824,0,1,1643.23881
4,825,0,1,1743.358473
4,826,0,1,1797.387983
4,827,0,1,1717.610416
4,828,0,1,1760.740754
4,829,0,1,1939.421236
4,830,0,1,1632.035737
4,831,0,1,1712.977343
4,832,0,1,1777.900318
4,833,0,1,1942.055666
4,834,0,1,1614.200128
4,835,0,1,1643.746627
4,836,0,1,1579.739918
4,837,0,1,1602.081849
4,838,0,1,1681.046648
4,839,0,1,1934.721739
4,840,0,1,1641.730072
4,841,0,1,1687.950699
4,842,0,1,1695.982323
4,843,0,1,1610.831747
4,844,0,1,1657.020536
4,845,0,1,1727.039826
4,846,0,1,1687.696462
4,847,0,1,1653.810792
4,848,0,1,1726.884369
4,849,0,1,1795.309829
4,850,0,1,1709.901133
4,851,0,1,1643.616203
4,852,0,1,1522.938377
4,853,0,1,1714.570529
4,854,0,1,1690.277756
4,855,0,1,1686.16342
4,856,0,1,1549.80638
4,857,0,1,1698.576664
4,858,0,1,1535.153128
4,859,0,1,1595.524742
4,860,0,1,1578.962326
4,861,0,1,1779.381951
4,862,0,1,1817.214904
4,863,0,1,1708.489782
4,864,0,1,1857.227862
4,865,0,1,1715.932706
4,866,0,1,1620.541415
4,867,0,1,1606.1052
4,868,0,1,1861.370512
4,869,0,1,1600.997967
4,870,0,1,1941.468676
4,871,0,1,1811.709101
4,872,0,1,1650.935199
4,873,0,1,1804.619957
4,874,0,1,1667.018254
4,875,0,1,1701.998408
4,876,0,1,1651.892717
4,877,0,1,1827.343369
4,878,0,1,1783.771592
4,879,0,1,1643.741767
4,880,0,1,1756.938955
4,881,0,1,1842.456537
4,882,0,1,1593.887304
4,883,0,1,1636.985233
4,884,0,1,1911.393743
4,885,0,1,1812.16893
4,886,0,1,1620.848977
4,887,0,1,1616.656813
4,888,0,1,1566.334156
4,889,0,1,1681.764759
4,890,0,1,1589.185288
4,891,0,1,1753.620254
4,892,0,1,1631.316799
4,893,0,1,1593.001428
4,894,0,1,1590.433083
4,895,0,1,1577.134489
4,896,0,1,1638.374978
4,897,0,1,1546.970824
4,898,0,1,1615.083717
4,899,0,1,1602.47639
4,900,0,1,1560.746322
4,901,0,1,1875.88719
4,902,0,1,1750.41303
4,903,0,1,1698.420042
4,904,0,1,1611.848566
4,905,0,1,1780.712233
4,906,0,1,1861.742408
4,907,0,1,1900.785567
4,908,0,1,1659.733603
4,909,0,1,1584.694154
4,910,0,1,1644.407905
4,911,0,1,1620.815873
4,912,0,1,1698.709063
4,913,0,1,1810.422415
4,914,0,1,1680.923164
4,915,0,1,1610.365505
4,916,0,1,1780.992662
4,917,0,1,1591.736415
4,918,0,1,1775.132457
4,919,0,1,1848.183225
4,920,0,1,1609.616653
4,921,0,1,1976.282745
4,922,0,1,1699.644886
4,923,0,1,1683.935687
4,924,0,1,1810.483074
4,925,0,1,1833.393219
4,926,0,1,1865.998744
4,927,0,1,1721.994088
4,928,0,1,1700.495212
4,929,0,1,1605.595324
4,930,0,1,1661.49439
4,931,0,1,1592.100627
4,932,0,1,1753.689894
4,933,0,1,1696.216442
4,934,0,1,1612.491489
4,935,0,1,1686.692743
4,936,0,1,1715.708356
4,937,0,1,1697.992942
4,938,0,1,1759.695821
4,939,0,1,1680.630911
4,940,0,1,1868.039966
4,941,0,1,1596.523126
4,942,0,1,1631.874072
4,943,0,1,1621.066201
4,944,0,1,1818.248844
4,945,0,1,1825.264172
4,946,0,1,1783.525789
4,947,0,1,1730.248629
4,948,0,1,1786.936939
4,949,0,1,1686.49781
4,950,0,1,1564.345758
4,951,0,1,1646.423939
4,952,0,1,1778.574514
4,953,0,1,1666.464401
4,954,0,1,1545.532619
4,955,0,1,1972.979052
4,956,0,1,1570.500323
4,957,0,1,1587.626018
4,958,0,1,1531.316244
4,959,0,1,1717.508286
4,960,0,1,1676.42915
4,961,0,1,1614.922559
4,962,0,1,1979.402753
4,963,0,1,1813.727101
4,964,0,1,1697.769783
4,965,0,1,1604.511368
4,966,0,1,1738.854495
4,967,0,1,1812.291472
4,968,0,1,1752.833198
4,969,0,1,1611.502191
4,970,0,1,1732.616229
4,971,0,1,1698.033833
4,972,0,1,1815.952159
4,973,0,1,1817.87642
4,974,0,1,2035.313968
4,975,0,1,1774.020439
4,976,0,1,1681.874307
4,977,0,1,1760.828932
4,978,0,1,1797.480343
4,979,0,1,1831.170755
4,980,0,1,1609.649208
4,981,0,1,1567.131291
4,982,0,1,1686.001245
4,983,0,1,1634.395462
4,984,0,1,1712.463797
4,985,0,1,1667.57874
4,986,0,1,1564.655882
4,987,0,1,1781.480081
4,988,0,1,1656.937997
4,989,0,1,1755.619066
4,990,0,1,1618.655766
4,991,0,1,1794.022889
4,992,0,1,1809.019126
4,993,0,1,1762.291054
4,994,0,1,1631.191905
4,995,0,1,1793.57
4,996,0,1,1695.648268
4,997,0,1,1654.906907
4,998,0,1,1642.086546
4,999,0,1,1638.362971
5,0,0,1,1644.588859
5,1,0,1,1766.30591
5,2,0,1,1614.517925
5,3,0,1,1667.700671
5,4,0,1,1605.317258
5,5,0,1,1813.752234
5,6,0,1,1651.322985
5,7,0,1,1652.776112
5,8,0,1,1671.349672
5,9,0,1,1659.237911
5,10,0,1,1940.213488
5,11,0,1,1766.176141
5,12,0,1,1665.51698
5,13,0,1,1647.749033
5,14,0,1,1894.944585
5,15,0,1,1817.641701
5,16,0,1,1674.942851
5,17,0,1,1586.663804
5,18,0,1,1649.542338
5,19,0,1,1621.118573
5,20,0,1,1636.578569
5,21,0,1,1600.719358
5,22,0,1,1675.90154
5,23,0,1,1716.182315
5,24,0,1,1640.636576
5,25,0,1,1646.19295
5,26,0,1,1855.331135
5,27,0,1,1600.022972
5,28,0,1,1608.381843
5,29,0,1,1731.441496
5,30,0,1,1677.429374
5,31,0,1,1602.857908
5,32,0,1,1912.533179
5,33,0,1,2001.606174
5,34,0,1,1634.597439
5,35,0,1,1554.05061
5,36,0,1,1638.569628
5,37,0,1,1677.828271
5,38,0,1,1722.453007
5,39,0,1,1686.068775
5,40,0,1,1650.229455
5,41,0,1,1623.330774
5,42,0,1,1813.600054
5,43,0,1,1633.847273
5,44,0,1,1682.2515
5,45,0,1,1610.085353
5,46,0,1,1712.103882
5,47,0,1,1612.265713
5,48,0,1,1857.565992
5,49,0,1,1634.138426
5,50,0,1,1622.890962
5,51,0,1,1882.651866
5,52,0,1,1620.554157
5,53,0,1,1626.387053
5,54,0,1,1696.049425
5,55,0,1,1749.912584
5,56,0,1,1682.871707
5,57,0,1,1619.805325
5,58,0,1,1687.468971
5,59,0,1,1657.41634
5,60,0,1,1640.248955
5,61,0,1,1794.543031
5,62,0,1,1808.060923
5,63,0,1,1651.221969
5,64,0,1,1585.436208
5,65,0,1,1616.456582
5,66,0,1,1877.95774
5,67,0,1,1823.196586
5,68,0,1,1826.912266
5,69,0,1,1612.783954
5,70,0,1,1745.309951
5,71,0,1,1617.277311
5,72,0,1,1660.963065
5,73,0,1,2036.74608
5,74,0,1,1671.008134
5,75,0,1,1748.999781
5,76,0,1,1746.386751
5,77,0,1,1975.725094
5,78,0,1,1675.482131
5,79,0,1,1631.156156
5,80,0,1,1717.792433
5,81,0,1,1634.205543
5,82,0,1,1732.432474
5,83,0,1,1726.061015
5,84,0,1,1909.402002
5,85,0,1,1656.170029
5,86,0,1,1645.35873
5,87,0,1,1654.849016
5,88,0,1,1597.380993
5,89,0,1,1670.395008
5,90,0,1,1659.725596
5,91,0,1,1684.066795
5,92,0,1,1654.902331
5,93,0,1,1817.837026
5,94,0,1,1781.430827
5,95,0,1,1713.230865
5,96,0,1,1678.544035
5,97,0,1,1706.545254
5,98,0,1,1609.473153
5,99,0,1,1633.678237
5,100,0,1,1657.863888
5,101,0,1,1800.642822
5,102,0,1,1635.120682
5,103,0,1,1787.053885
5,104,0,1,1802.293374
5,105,0,1,1556.844667
5,106,0,1,1621.808361
5,107,0,1,1742.435953
5,108,0,1,1817.862295
5,109,0,1,1686.742219
5,110,0,1,1660.412437
5,111,0,1,1544.344461
5,112,0,1,1768.235072
5,113,0,1,1727.195725
5,114,0,1,1760.616485
5,115,0,1,1654.384511
5,116,0,1,1730.941007
5,117,0,1,1669.108728
5,118,0,1,1709.559079
5,119,0,1,1869.73007
5,120,0,1,1737.628967
5,121,0,1,1659.429008
5,122,0,1,1670.50502
5,123,0,1,1593.013173
5,124,0,1,1795.046147
5,125,0,1,1690.723659
5,126,0,1,1527.742782
5,127,0,1,1747.514606
5,128,0,1,1585.436672
5,129,0,1,1885.882608
5,130,0,1,1675.919391
5,131,0,1,1557.638223
5,132,0,1,1691.887193
5,133,0,1,1578.807596
5,134,0,1,1877.711307
5,135,0,1,1709.146021
5,136,0,1,1886.207745
5,137,0,1,1675.251242
5,138,0,1,1835.431439
5,139,0,1,1650.414979
5,140,0,1,1649.542535
5,141,0,1,1641.065248
5,142,0,1,1956.957218
5,143,0,1,1636.697532
5,144,0,1,1592.852754
5,145,0,1,1656.809131
5,146,0,1,1716.741166
5,147,0,1,1816.959924
5,148,0,1,1648.206616
5,149,0,1,1549.424889
5,150,0,1,1790.527633
5,151,0,1,1623.345602
5,152,0,1,1672.343322
5,153,0,1,1661.024453
5,154,0,1,1820.421089
5,155,0,1,1809.545424
5,156,0,1,1786.894472
5,157,0,1,1760.840322
5,158,0,1,1951.624615
5,159,0,1,1579.03981
5,160,0,1,1556.454558
5,161,0,1,1714.73187
5,162,0,1,1640.30867
5,163,0,1,1620.357519
5,164,0,1,1548.516358
5,165,0,1,1740.447526
5,166,0,1,1495.147981
5,167,0,1,1734.006223
5,168,0,1,1899.18861
5,169,0,1,1715.538644
5,170,0,1,1624.150446
5,171,0,1,1589.907371
5,172,0,1,1589.5834
5,173,0,1,1612.772144
5,174,0,1,1697.164009
5,175,0,1,1810.347556
5,176,0,1,1682.519322
5,177,0,1,1540.698196
5,178,0,1,1614.349599
5,179,0,1,1797.17994
5,180,0,1,1683.112942
5,181,0,1,1567.933576
5,182,0,1,1602.35913
5,183,0,1,1681.83147
5,184,0,1,1656.574087
5,185,0,1,1720.059835
5,186,0,1,1672.133789
5,187,0,1,1608.030324
5,188,0,1,1708.169949
5,189,0,1,1591.505571
5,190,0,1,1838.521549
5,191,0,1,1650.70631
5,192,0,1,1599.43995
5,193,0,1,1837.597518
5,194,0,1,1507.408857
5,195,0,1,1763.088737
5,196,0,1,1699.532652
5,197,0,1,1822.433191
5,198,0,1,1765.571653
5,199,0,1,1602.136376
5,200,0,1,1660.989003
5,201,0,1,1717.527873
5,202,0,1,1588.85073
5,203,0,1,1689.081044
5,204,0,1,1705.072158
5,205,0,1,1629.721084
5,206,0,1,1720.122942
5,207,0,1,1667.326417
5,208,0,1,1875.940532
5,209,0,1,1887.505097
5,210,0,1,1592.165
5,211,0,1,1760.91465
5,212,0,1,1737.324282
5,213,0,1,1718.129014
5,214,0,1,1717.562559
5,215,0,1,1770.01331
5,216,0,1,1679.250479
5,217,0,1,1584.470867
5,218,0,1,1685.800487
5,219,0,1,1761.115212
5,220,0,1,1922.488094
5,221,0,1,1651.336712
5,222,0,1,1829.002232
5,223,0,1,1680.28178
5,224,0,1,1728.375842
5,225,0,1,1650.910937
5,226,0,1,1796.895339
5,227,0,1,1631.830794
5,228,0,1,1654.906619
5,229,0,1,1704.634646
5,230,0,1,1653.872252
5,231,0,1,1878.191569
5,232,0,1,1632.416999
5,233,0,1,1627.397872
5,234,0,1,1760.213386
5,235,0,1,1767.391546
5,236,0,1,1710.204263
5,237,0,1,1717.674819
5,238,0,1,1629.456348
5,239,0,1,1722.555478
5,240,0,1,1762.021694
5,241,0,1,1775.136251
5,242,0,1,1699.380334
5,243,0,1,1759.123904
5,244,0,1,2235.881166
5,245,0,1,1884.741505
5,246,0,1,1580.762451
5,247,0,1,1610.752723
5,248,0,1,1820.0904
5,249,0,1,1605.243602
5,250,0,1,1611.400838
5,251,0,1,1691.176905
5,252,0,1,1641.078222
5,253,0,1,1761.000309
5,254,0,1,1791.369939
5,255,0,1,1868.704915
5,256,0,1,1652.64595
5,257,0,1,1631.445775
5,258,0,1,1726.686139
5,259,0,1,1781.604587
5,260,0,1,1655.581899
5,261,0,1,1689.650579
5,262,0,1,1653.746325
5,263,0,1,1674.353309
5,264,0,1,1744.120302
5,265,0,1,1630.390883
5,266,0,1,1758.873868
5,267,0,1,1763.762344
5,268,0,1,1641.82362
5,269,0,1,1760.95237
5,270,0,1,1608.635868
5,271,0,1,1617.882486
5,272,0,1,1587.912789
5,273,0,1,1593.672814
5,274,0,1,1614.288184
5,275,0,1,1660.646057
5,276,0,1,1700.044533
5,277,0,1,1704.42624
5,278,0,1,1713.60273
5,279,0,1,1773.552376
5,280,0,1,1670.667326
5,281,0,1,1674.90387
5,282,0,1,1563.593744
5,283,0,1,1792.109203
5,284,0,1,1666.953058
5,285,0,1,1797.223272
5,286,0,1,2027.755735
5,287,0,1,1617.021548
5,288,0,1,1670.927003
5,289,0,1,1822.026476
5,290,0,1,1585.203994
5,291,0,1,1858.678433
5,292,0,1,1617.475546
5,293,0,1,1630.636402
5,294,0,1,1633.933514
5,295,0,1,1765.552615
5,296,0,1,1595.972188
5,297,0,1,1998.834379
5,298,0,1,1689.346113
5,299,0,1,1709.332959
5,300,0,1,1649.395805
5,301,0,1,1863.196586
5,302,0,1,1622.366079
5,303,0,1,1628.052936
5,304,0,1,1761.057886
5,305,0,1,1743.459103
5,306,0,1,1687.509642
5,307,0,1,1705.126643
5,308,0,1,1726.789475
5,309,0,1,1683.132015
5,310,0,1,1647.919494
5,311,0,1,1704.098003
5,312,0,1,1647.522921
5,313,0,1,1696.929744
5,314,0,1,1725.806197
5,315,0,1,1783.429167
5,316,0,1,1652.958012
5,317,0,1,1666.209527
5,318,0,1,1653.250727
5,319,0,1,1636.414339
5,320,0,1,1670.543875
5,321,0,1,1750.12353
5,322,0,1,1727.877411
5,323,0,1,1699.990163
5,324,0,1,1555.369439
5,325,0,1,1660.01998
5,326,0,1,1735.129982
5,327,0,1,1661.462752
5,328,0,1,1594.326851
5,329,0,1,1660.893776
5,330,0,1,1670.534439
5,331,0,1,1636.259188
5,332,0,1,1822.55608
5,333,0,1,1638.861198
5,334,0,1,1757.352267
5,335,0,1,1747.668486
5,336,0,1,1703.058973
5,337,0,1,1763.450024
5,338,0,1,1706.836989
5,339,0,1,1584.990032
5,340,0,1,1722.490021
5,341,0,1,1561.972516
5,342,0,1,1585.041867
5,343,0,1,1793.905199
5,344,0,1,1769.373661
5,345,0,1,1758.121097
5,346,0,1,1780.509947
5,347,0,1,1697.839824
5,348,0,1,1708.14284
5,349,0,1,1614.318144
5,350,0,1,1659.793208
5,351,0,1,1862.97907
5,352,0,1,1668.356945
5,353,0,1,1881.205433
5,354,0,1,1764.093492
5,355,0,1,1748.310536
5,356,0,1,1541.086027
5,357,0,1,1945.307403
5,358,0,1,1780.300858
5,359,0,1,1652.496483
5,360,0,1,1535.774648
5,361,0,1,1716.162065
5,362,0,1,1610.853498
5,363,0,1,1945.804189
5,364,0,1,1746.251521
5,365,0,1,1678.585046
5,366,0,1,1692.324112
5,367,0,1,1912.359333
5,368,0,1,1636.500725
5,369,0,1,1876.496512
5,370,0,1,1656.579237
5,371,0,1,1658.579042
5,372,0,1,1677.568052
5,373,0,1,1673.031504
5,374,0,1,1729.059306
5,375,0,1,1580.320475
5,376,0,1,1551.721784
5,377,0,1,1676.816943
5,378,0,1,1708.508334
5,379,0,1,2129.336493
5,380,0,1,1615.108573
5,381,0,1,1604.159844
5,382,0,1,1655.606582
5,383,0,1,1697.054047
5,384,0,1,1722.076637
5,385,0,1,1774.178368
5,386,0,1,1721.807348
5,387,0,1,1776.87192
5,388,0,1,1769.596682
5,389,0,1,1612.145416
5,390,0,1,1783.30447
5,391,0,1,1650.71725
5,392,0,1,1645.365341
5,393,0,1,1890.257887
5,394,0,1,1751.975003
5,395,0,1,1676.535223
5,396,0,1,1630.583493
5,397,0,1,1678.724013
5,398,0,1,1638.010782
5,399,0,1,1662.443912
5,400,0,1,1833.840588
5,401,0,1,1813.780697
5,402,0,1,1626.134439
5,403,0,1,1781.720766
5,404,0,1,1723.334799
5,405,0,1,1687.176442
5,406,0,1,1705.598241
5,407,0,1,1737.520479
5,408,0,1,1768.402289
5,409,0,1,1690.195048
5,410,0,1,1668.721728
5,411,0,1,1683.919869
5,412,0,1,1547.384526
5,413,0,1,1605.393383
5,414,0,1,1757.366231
5,415,0,1,1786.077393
5,416,0,1,1632.319115
5,417,0,1,1805.998482
5,418,0,1,1652.129783
5,419,0,1,1911.792646
5,420,0,1,1676.534969
5,421,0,1,1653.88828
5,422,0,1,1951.397329
5,423,0,1,1773.615025
5,424,0,1,1730.567263
5,425,0,1,1801.724504
5,426,0,1,1696.629741
5,427,0,1,1614.537611
5,428,0,1,1684.694052
5,429,0,1,1567.219858
5,430,0,1,1955.740089
5,431,0,1,1604.351959
5,432,0,1,1768.291546
5,433,0,1,1623.485828
5,434,0,1,1591.436093
5,435,0,1,1623.556045
5,436,0,1,1613.840117
5,437,0,1,1779.221718
5,438,0,1,1728.945472
5,439,0,1,1717.732487
5,440,0,1,1719.777532
5,441,0,1,1711.601963
5,442,0,1,1786.059017
5,443,0,1,1877.011582
5,444,0,1,1624.369999
5,445,0,1,1752.193448
5,446,0,1,2027.500173
5,447,0,1,1705.319245
5,448,0,1,1906.34838
5,449,0,1,1620.255087
5,450,0,1,1642.504358
5,451,0,1,1640.539243
5,452,0,1,1667.517892
5,453,0,1,1538.204958
5,454,0,1,1607.908985
5,455,0,1,1766.313816
5,456,0,1,1599.491285
5,457,0,1,1630.024004
5,458,0,1,1753.724334
5,459,0,1,1660.00272
5,460,0,1,1615.678477
5,461,0,1,1588.979709
5,462,0,1,1739.772647
5,463,0,1,1765.952572
5,464,0,1,1821.811836
5,465,0,1,1799.894216
5,466,0,1,1668.415517
5,467,0,1,1666.153407
5,468,0,1,1707.993866
5,469,0,1,1900.340431
5,470,0,1,1810.468652
5,471,0,1,1786.55798
5,472,0,1,1700.389115
5,473,0,1,1670.596988
5,474,0,1,1658.561905
5,475,0,1,1681.710117
5,476,0,1,1945.353406
5,477,0,1,1682.672495
5,478,0,1,1690.743826
5,479,0,1,1701.368729
5,480,0,1,1653.873215
5,481,0,1,1739.488242
5,482,0,1,1893.842936
5,483,0,1,1661.008228
5,484,0,1,1670.1918
5,485,0,1,1849.753213
5,486,0,1,1628.853635
5,487,0,1,1657.226678
5,488,0,1,1879.805608
5,489,0,1,1740.816854
5,490,0,1,1603.999953
5,491,0,1,1628.700357
5,492,0,1,1578.047629
5,493,0,1,1924.268996
5,494,0,1,1798.952
5,495,0,1,1718.351658
5,496,0,1,1734.616755
5,497,0,1,1654.184224
5,498,0,1,1670.05111
5,499,0,1,1681.066643
5,500,0,1,1730.312811
5,501,0,1,1671.934488
5,502,0,1,1669.212092
5,503,0,1,1618.602745
5,504,0,1,1867.546737
5,505,0,1,1610.847173
5,506,0,1,1848.403792
5,507,0,1,1768.754474
5,508,0,1,1913.828843
5,509,0,1,1804.991491
5,510,0,1,1683.51967
5,511,0,1,1538.279871
5,512,0,1,1664.120683
5,513,0,1,1730.575572
5,514,0,1,1721.008385
5,515,0,1,1760.572341
5,516,0,1,1700.58391
5,517,0,1,1615.568187
5,518,0,1,1760.251357
5,519,0,1,2203.362046
5,520,0,1,1723.825204
5,521,0,1,1620.828693
5,522,0,1,1677.626816
5,523,0,1,1623.587097
5,524,0,1,1564.550994
5,525,0,1,1741.889707
5,526,0,1,1636.09189
5,527,0,1,1812.466004
5,528,0,1,1840.737159
5,529,0,1,1692.566617
5,530,0,1,1777.981085
5,531,0,1,1774.605201
5,532,0,1,1663.79686
5,533,0,1,1683.158989
5,534,0,1,1794.761081
5,535,0,1,1578.00341
5,536,0,1,1605.107281
5,537,0,1,1604.824572
5,538,0,1,1780.515886
5,539,0,1,1597.197818
5,540,0,1,1633.265462
5,541,0,1,1561.47052
5,542,0,1,1861.744533
5,543,0,1,1608.799517
5,544,0,1,1651.160199
5,545,0,1,1836.182143
5,546,0,1,1648.018115
5,547,0,1,1823.000806
5,548,0,1,1586.45972
5,549,0,1,1691.539234
5,550,0,1,1594.743367
5,551,0,1,1726.126307
5,552,0,1,1712.128513
5,553,0,1,1727.118082
5,554,0,1,1712.180669
5,555,0,1,1742.376497
5,556,0,1,1609.932653
5,557,0,1,1574.199386
5,558,0,1,1765.02918
5,559,0,1,1551.026087
5,560,0,1,1717.975478
5,561,0,1,1668.899722
5,562,0,1,1723.961542
5,563,0,1,2031.836908
5,564,0,1,1551.596739
5,565,0,1,1669.663097
5,566,0,1,1577.998024
5,567,0,1,1632.451672
5,568,0,1,1580.684658
5,569,0,1,1690.378929
5,570,0,1,1683.306901
5,571,0,1,1554.752119
5,572,0,1,1874.241935
5,573,0,1,1788.065012
5,574,0,1,1568.897474
5,575,0,1,1864.074479
5,576,0,1,2002.86282
5,577,0,1,1667.653811
5,578,0,1,1687.740323
5,579,0,1,1627.282497
5,580,0,1,1752.439631
5,581,0,1,1795.193562
5,582,0,1,1617.076131
5,583,0,1,1807.30568
5,584,0,1,1613.777235
5,585,0,1,1726.810494
5,586,0,1,1673.655333
5,587,0,1,1707.515447
5,588,0,1,1712.812852
5,589,0,1,1670.804848
5,590,0,1,1665.39309
5,591,0,1,1655.854075
5,592,0,1,1626.945102
5,593,0,1,1704.012672
5,594,0,1,1668.137006
5,595,0,1,1649.264404
5,596,0,1,1758.766331
5,597,0,1,1809.416513
5,598,0,1,2019.760968
5,599,0,1,1731.079772
5,600,0,1,1728.687097
5,601,0,1,1715.101801
5,602,0,1,1679.319691
5,603,0,1,1702.114523
5,604,0,1,1725.364918
5,605,0,1,1745.278136
5,606,0,1,1707.155303
5,607,0,1,1781.762336
5,608,0,1,1885.408924
5,609,0,1,1643.959416
5,610,0,1,1682.878424
5,611,0,1,1746.901807
5,612,0,1,1745.255093
5,613,0,1,1601.223281
5,614,0,1,1791.653172
5,615,0,1,1575.945651
5,616,0,1,1687.494184
5,617,0,1,1754.035736
5,618,0,1,1733.916465
5,619,0,1,1807.708167
5,620,0,1,1742.572602
5,621,0,1,1623.618902
5,622,0,1,1735.353918
5,623,0,1,1674.661474
5,624,0,1,1664.45708
5,625,0,1,1575.615493
5,626,0,1,1522.198865
5,627,0,1,1681.919061
5,628,0,1,1631.747015
5,629,0,1,1702.366361
5,630,0,1,1871.064304
5,631,0,1,1701.782397
5,632,0,1,1662.072556
5,633,0,1,1654.317151
5,634,0,1,1728.167074
5,635,0,1,1631.0819
5,636,0,1,1786.375053
5,637,0,1,1698.237635
5,638,0,1,1554.883851
5,639,0,1,1782.786924
5,640,0,1,1701.500898
5,641,0,1,1605.666745
5,642,0,1,1591.832718
5,643,0,1,1747.117839
5,644,0,1,1578.55034
5,645,0,1,1595.23368
5,646,0,1,1656.293822
5,647,0,1,1733.12792
5,648,0,1,1792.172393
5,649,0,1,1669.932152
5,650,0,1,1620.56927
5,651,0,1,1726.749617
5,652,0,1,1719.438525
5,653,0,1,1634.615882
5,654,0,1,1525.442378
5,655,0,1,1945.359545
5,656,0,1,1566.680405
5,657,0,1,1670.479971
5,658,0,1,1657.21956
5,659,0,1,1676.385133
5,660,0,1,1661.040268
5,661,0,1,1734.173433
5,662,0,1,1612.940198
5,663,0,1,1762.891155
5,664,0,1,1668.766054
5,665,0,1,1724.397977
5,666,0,1,1939.327899
5,667,0,1,1809.105126
5,668,0,1,1935.569764
5,669,0,1,1672.525147
5,670,0,1,1732.651882
5,671,0,1,1653.289376
5,672,0,1,1666.043321
5,673,0,1,1608.921746
5,674,0,1,1746.972929
5,675,0,1,1761.606994
5,676,0,1,1862.270284
5,677,0,1,1601.125844
5,678,0,1,1679.463739
5,679,0,1,1734.481809
5,680,0,1,1697.041525
5,681,0,1,1735.715591
5,682,0,1,1616.510252
5,683,0,1,1817.355212
5,684,0,1,1753.132022
5,685,0,1,1712.834197
5,686,0,1,1709.235145
5,687,0,1,1748.589832
5,688,0,1,1654.890881
5,689,0,1,1622.857127
5,690,0,1,1674.7749
5,691,0,1,1686.98486
5,692,0,1,1862.322268
5,693,0,1,1684.007623
5,694,0,1,1861.879175
5,695,0,1,1679.495756
5,696,0,1,1955.441046
5,697,0,1,1614.764721
5,698,0,1,1555.520871
5,699,0,1,1703.760637
5,700,0,1,1800.565882
5,701,0,1,1943.418216
5,702,0,1,1633.790699
5,703,0,1,1751.687922
5,704,0,1,1569.309595
5,705,0,1,1608.279785
5,706,0,1,1660.731192
5,707,0,1,1638.196546
5,708,0,1,1925.651769
5,709,0,1,1707.704137
5,710,0,1,1581.447787
5,711,0,1,1596.520741
5,712,0,1,1608.29882
5,713,0,1,1681.444815
5,714,0,1,1888.504714
5,715,0,1,1596.821408
5,716,0,1,1731.662302
5,717,0,1,1575.20606
5,718,0,1,1673.999217
5,719,0,1,1710.715442
5,720,0,1,1680.249376
5,721,0,1,1696.624956
5,722,0,1,1639.670834
5,723,0,1,1758.002748
5,724,0,1,1682.081561
5,725,0,1,1758.20914
5,726,0,1,1713.77886
5,727,0,1,1833.736102
5,728,0,1,1817.72707
5,729,0,1,1699.192382
5,730,0,1,1640.979316
5,731,0,1,1763.545154
5,732,0,1,1685.093905
5,733,0,1,1628.06764
5,734,0,1,1704.1517
5,735,0,1,1600.262557
5,736,0,1,1832.043067
5,737,0,1,1763.044235
5,738,0,1,1925.209912
5,739,0,1,1861.859827
5,740,0,1,1769.954522
5,741,0,1,1552.644025
5,742,0,1,1998.219044
5,743,0,1,1625.495781
5,744,0,1,1630.231027
5,745,0,1,1734.043113
5,746,0,1,1606.067074
5,747,0,1,1673.012287
5,748,0,1,1678.897329
5,749,0,1,1654.201164
5,750,0,1,1616.306075
5,751,0,1,1919.673761
5,752,0,1,1607.265767
5,753,0,1,1839.399304
5,754,0,1,1611.068007
5,755,0,1,1877.448445
5,756,0,1,1783.631586
5,757,0,1,1623.212669
5,758,0,1,1728.824879
5,759,0,1,1701.241928
5,760,0,1,1556.45
5,761,0,1,1707.857713
5,762,0,1,1625.882189
5,763,0,1,1615.225717
5,764,0,1,1615.379451
5,765,0,1,1611.62579
5,766,0,1,1678.65826
5,767,0,1,1625.135554
5,768,0,1,1634.770223
5,769,0,1,1642.628022
5,770,0,1,1582.172175
5,771,0,1,1556.526853
5,772,0,1,1607.158094
5,773,0,1,1792.979423
5,774,0,1,1669.538688
5,775,0,1,1844.938818
5,776,0,1,1832.161825
5,777,0,1,1725.601027
5,778,0,1,1625.391933
5,779,0,1,1702.255063
5,780,0,1,1754.139557
5,781,0,1,1739.633139
5,782,0,1,1615.150919
5,783,0,1,1583.928877
5,784,0,1,1692.234094
5,785,0,1,1626.494722
5,786,0,1,1760.423919
5,787,0,1,1869.8255
5,788,0,1,1782.677795
5,789,0,1,1692.247007
5,790,0,1,1661.415247
5,791,0,1,1852.823697
5,792,0,1,1620.934481
5,793,0,1,1656.936051
5,794,0,1,1857.032031
5,795,0,1,1702.845765
5,796,0,1,1719.950632
5,797,0,1,1695.558178
5,798,0,1,1790.106827
5,799,0,1,1695.582053
5,800,0,1,1738.799879
5,801,0,1,1577.151737
5,802,0,1,1587.941665
5,803,0,1,1684.371197
5,804,0,1,1678.559983
5,805,0,1,1606.81196
5,806,0,1,1854.306616
5,807,0,1,1674.664692
5,808,0,1,1865.394249
5,809,0,1,1707.453786
5,810,0,1,1811.171051
5,811,0,1,1644.407602
5,812,0,1,1653.563125
5,813,0,1,1872.477852
5,814,0,1,1666.060054
5,815,0,1,1762.785408
5,816,0,1,1660.449754
5,817,0,1,1772.591183
5,818,0,1,2034.074483
5,819,0,1,1688.006058
5,820,0,1,1627.38615
5,821,0,1,1662.153974
5,822,0,1,1616.119023
5,823,0,1,1695.194336
5,824,0,1,1766.428732
5,825,0,1,1681.070623
5,826,0,1,1623.812612
5,827,0,1,1682.499211
5,828,0,1,1622.67127
5,829,0,1,1684.587523
5,830,0,1,1654.852978
5,831,0,1,1631.075377
5,832,0,1,1706.330918
5,833,0,1,1625.81638
5,834,0,1,1655.585333
5,835,0,1,1620.390936
5,836,0,1,1580.4657
5,837,0,1,1633.30782
5,838,0,1,1770.947416
5,839,0,1,1643.183416
5,840,0,1,1680.018267
5,841,0,1,1713.598616
5,842,0,1,1658.829003
5,843,0,1,1674.088856
5,844,0,1,1693.737999
5,845,0,1,1604.23071
5,846,0,1,1724.041721
5,847,0,1,1559.24789
5,848,0,1,1665.270842
5,849,0,1,1633.941807
5,850,0,1,1665.470236
5,851,0,1,1733.582556
5,852,0,1,1806.884566
5,853,0,1,1705.886745
5,854,0,1,1643.946389
5,855,0,1,1720.830865
5,856,0,1,1660.202302
5,857,0,1,1625.412552
5,858,0,1,1795.733598
5,859,0,1,1966.5711
5,860,0,1,1928.447393
5,861,0,1,1937.782748
5,862,0,1,1663.93799
5,863,0,1,1593.811481
5,864,0,1,1693.805295
5,865,0,1,1670.873694
5,866,0,1,1584.611235
5,867,0,1,1615.784473
5,868,0,1,1616.560104
5,869,0,1,1629.534758
5,870,0,1,1896.211535
5,871,0,1,2116.931461
5,872,0,1,1658.19772
5,873,0,1,1698.539014
5,874,0,1,1679.131228
5,875,0,1,1762.306568
5,876,0,1,1760.913577
5,877,0,1,1613.226905
5,878,0,1,1668.476523
5,879,0,1,1736.496581
5,880,0,1,1922.627532
5,881,0,1,1595.048689
5,882,0,1,1873.468494
5,883,0,1,1611.546445
5,884,0,1,1706.561115
5,885,0,1,1708.006351
5,886,0,1,1753.745008
5,887,0,1,1626.987059
5,888,0,1,1710.931896
5,889,0,1,1693.721015
5,890,0,1,1861.054833
5,891,0,1,1632.630825
5,892,0,1,1599.701614
5,893,0,1,1638.52062
5,894,0,1,1840.207034
5,895,0,1,1978.114619
5,896,0,1,1612.362265
5,897,0,1,1716.045017
5,898,0,1,1738.857458
5,899,0,1,1655.487481
5,900,0,1,1804.0774
5,901,0,1,1831.605336
5,902,0,1,1873.919103
5,903,0,1,1674.030992
5,904,0,1,1656.288023
5,905,0,1,1699.751111
5,906,0,1,1650.324903
5,907,0,1,1806.474338
5,908,0,1,1663.606056
5,909,0,1,1643.965046
5,910,0,1,1722.198343
5,911,0,1,1636.482279
5,912,0,1,1914.594087
5,913,0,1,1695.863337
5,914,0,1,1675.03314
5,915,0,1,1865.829663
5,916,0,1,1594.446476
5,917,0,1,1710.014021
5,918,0,1,1689.384924
5,919,0,1,1796.810107
5,920,0,1,1604.152001
5,921,0,1,1574.165227
5,922,0,1,1617.201146
5,923,0,1,1673.525653
5,924,0,1,1554.286358
5,925,0,1,1668.676521
5,926,0,1,1621.770255
5,927,0,1,1785.179096
5,928,0,1,1768.672439
5,929,0,1,1817.99074
5,930,0,1,1773.636185
5,931,0,1,1854.797009
5,932,0,1,1763.693577
5,933,0,1,1692.293798
5,934,0,1,1661.217726
5,935,0,1,1766.356582
5,936,0,1,2046.748863
5,937,0,1,1753.447303
5,938,0,1,1732.935318
5,939,0,1,1686.351389
5,940,0,1,1546.854534
5,941,0,1,1708.624756
5,942,0,1,1638.64246
5,943,0,1,1731.081737
5,944,0,1,2024.896117
5,945,0,1,1644.855741
5,946,0,1,1554.323651
5,947,0,1,1659.281095
5,948,0,1,1754.882807
5,949,0,1,1713.93464
5,950,0,1,1601.137452
5,951,0,1,1671.079751
5,952,0,1,1701.032624
5,953,0,1,1680.417932
5,954,0,1,1710.106098
5,955,0,1,1620.651546
5,956,0,1,1657.152609
5,957,0,1,1678.356423
5,958,0,1,1645.576626
5,959,0,1,1669.259971
5,960,0,1,1851.37687
5,961,0,1,1583.97212
5,962,0,1,1617.176645
5,963,0,1,1844.128006
5,964,0,1,1693.493058
5,965,0,1,1756.096119
5,966,0,1,1641.925477
5,967,0,1,1672.520032
5,968,0,1,1767.941464
5,969,0,1,1846.701542
5,970,0,1,1733.784708
5,971,0,1,1596.004144
5,972,0,1,1559.940564
5,973,0,1,1664.573711
5,974,0,1,1730.489793
5,975,0,1,1655.644791
5,976,0,1,1676.889141
5,977,0,1,1593.484363
5,978,0,1,1705.130662
5,979,0,1,1740.481351
5,980,0,1,1826.111663
5,981,0,1,1722.706495
5,982,0,1,1583.378922
5,983,0,1,1669.260787
5,984,0,1,1791.434587
5,985,0,1,1800.389828
5,986,0,1,1747.210869
5,987,0,1,1629.59246
5,988,0,1,1594.970114
5,989,0,1,1548.867742
5,990,0,1,1680.960692
5,991,0,1,1627.861426
5,992,0,1,1669.533107
5,993,0,1,1757.365915
5,994,0,1,1736.747398
5,995,0,1,1783.223307
5,996,0,1,1715.927429
5,997,0,1,1666.649519
5,998,0,1,1718.805723
5,999,0,1,1538.061976
6,0,0,1,1678.130223
6,1,0,1,1513.611456
6,2,0,1,1638.999641
6,3,0,1,1777.931106
6,4,0,1,1615.188858
6,5,0,1,1842.192018
6,6,0,1,1750.02971
6,7,0,1,1617.277683
6,8,0,1,1640.163156
6,9,0,1,1653.302971
6,10,0,1,1622.251228
6,11,0,1,1662.241737
6,12,0,1,1629.906944
6,13,0,1,1712.49764
6,14,0,1,1618.497161
6,15,0,1,1629.222435
6,16,0,1,1643.211696
6,17,0,1,1730.024312
6,18,0,1,1672.820298
6,19,0,1,1651.984078
6,20,0,1,1699.925114
6,21,0,1,1604.297551
6,22,0,1,1693.031257
6,23,0,1,1644.727116
6,24,0,1,1664.131128
6,25,0,1,1804.137678
6,26,0,1,1681.475302
6,27,0,1,1546.541668
6,28,0,1,1850.476255
6,29,0,1,1705.811361
6,30,0,1,1840.321861
6,31,0,1,1706.075336
6,32,0,1,1756.2756
6,33,0,1,1588.180913
6,34,0,1,1668.666843
6,35,0,1,1766.61871
6,36,0,1,1643.334229
6,37,0,1,1608.45985
6,38,0,1,1693.083787
6,39,0,1,1778.61194
6,40,0,1,1593.041135
6,41,0,1,1628.381104
6,42,0,1,1814.085834
6,43,0,1,1578.345065
6,44,0,1,1714.63034
6,45,0,1,1725.215721
6,46,0,1,1639.015415
6,47,0,1,1701.092036
6,48,0,1,1690.266363
6,49,0,1,1662.415516
6,50,0,1,1574.520122
6,51,0,1,1750.718891
6,52,0,1,1591.753276
6,53,0,1,1664.875576
6,54,0,1,1833.867953
6,55,0,1,1914.495914
6,56,0,1,1701.337994
6,57,0,1,1811.897281
6,58,0,1,1805.706946
6,59,0,1,1554.713097
6,60,0,1,1658.199402
6,61,0,1,1696.229438
6,62,0,1,1678.422431
6,63,0,1,1662.836883
6,64,0,1,1764.333529
6,65,0,1,1678.147531
6,66,0,1,1591.980714
6,67,0,1,1765.770256
6,68,0,1,1635.965109
6,69,0,1,1782.362904
6,70,0,1,1641.797127
6,71,0,1,1716.381508
6,72,0,1,1610.460848
6,73,0,1,1748.498324
6,74,0,1,1757.061632
6,75,0,1,1568.538566
6,76,0,1,1638.746911
6,77,0,1,1788.919722
6,78,0,1,1629.350533
6,79,0,1,1592.153913
6,80,0,1,1645.235079
6,81,0,1,1684.531034
6,82,0,1,1766.372838
6,83,0,1,1654.962118
6,84,0,1,1796.61696
6,85,0,1,1721.285401
6,86,0,1,1913.109832
6,87,0,1,1622.523813
6,88,0,1,1817.822245
6,89,0,1,1703.348642
6,90,0,1,1621.836625
6,91,0,1,1713.956133
6,92,0,1,1684.077834
6,93,0,1,1762.862856
6,94,0,1,1702.998171
6,95,0,1,1636.3363
6,96,0,1,1658.991616
6,97,0,1,1831.50665
6,98,0,1,1722.663156
6,99,0,1,1673.242721
6,100,0,1,1605.329243
6,101,0,1,1637.627445
6,102,0,1,1731.143778
6,103,0,1,1836.91837
6,104,0,1,1737.048146
6,105,0,1,1742.868422
6,106,0,1,1661.868477
6,107,0,1,1791.700859
6,108,0,1,1741.685175
6,109,0,1,1663.166568
6,110,0,1,1575.983465
6,111,0,1,1723.906352
6,112,0,1,1662.562147
6,113,0,1,1551.384185
6,114,0,1,1744.098359
6,115,0,1,1681.634681
6,116,0,1,1711.112103
6,117,0,1,1708.296824
6,118,0,1,1598.869335
6,119,0,1,1680.927303
6,120,0,1,1638.858567
6,121,0,1,1608.449594
6,122,0,1,1732.374076
6,123,0,1,1704.383626
6,124,0,1,1678.512887
6,125,0,1,1868.648686
6,126,0,1,1752.059382
6,127,0,1,1679.506795
6,128,0,1,1715.48708
6,129,0,1,1768.887607
6,130,0,1,1645.22546
6,131,0,1,1904.76822
6,132,0,1,1584.027084
6,133,0,1,1643.598145
6,134,0,1,1732.389761
6,135,0,1,1873.522568
6,136,0,1,1616.973151
6,137,0,1,1857.200101
6,138,0,1,1669.779455
6,139,0,1,1683.031792
6,140,0,1,1703.768668
6,141,0,1,1632.049625
6,142,0,1,1726.964358
6,143,0,1,1846.911398
6,144,0,1,1684.187869
6,145,0,1,1772.364718
6,146,0,1,1690.993884
6,147,0,1,1919.728897
6,148,0,1,1660.475257
6,149,0,1,1576.863306
6,150,0,1,1728.52361
6,151,0,1,1758.802904
6,152,0,1,1712.322001
6,153,0,1,1656.938633
6,154,0,1,1593.354909
6,155,0,1,1682.249336
6,156,0,1,1913.721403
6,157,0,1,1529.185355
6,158,0,1,1671.140257
6,159,0,1,1653.41572
6,160,0,1,1828.125548
6,161,0,1,1633.365196
6,162,0,1,1808.85092
6,163,0,1,1559.147235
6,164,0,1,1689.717344
6,165,0,1,1650.66391
6,166,0,1,1736.321483
6,167,0,1,1710.922432
6,168,0,1,1793.410581
6,169,0,1,1766.475429
6,170,0,1,1821.2213
6,171,0,1,1606.326247
6,172,0,1,2077.397164
6,173,0,1,1711.626802
6,174,0,1,1746.93566
6,175,0,1,1681.429583
6,176,0,1,1641.20732
6,177,0,1,1735.083514
6,178,0,1,1662.123669
6,179,0,1,1559.251396
6,180,0,1,1746.006326
6,181,0,1,1763.594113
6,182,0,1,1642.752417
6,183,0,1,1937.072435
6,184,0,1,1606.953575
6,185,0,1,1581.355354
6,186,0,1,1640.173293
6,187,0,1,1600.34334
6,188,0,1,1599.192265
6,189,0,1,1690.767096
6,190,0,1,1679.234952
6,191,0,1,1620.230264
6,192,0,1,1662.285072
6,193,0,1,1770.909095
6,194,0,1,1785.926319
6,195,0,1,1612.113096
6,196,0,1,1722.826591
6,197,0,1,1634.183285
6,198,0,1,1670.001974
6,199,0,1,1814.563026
6,200,0,1,1738.151871
6,201,0,1,1822.451459
6,202,0,1,1783.745092
6,203,0,1,1637.404563
6,204,0,1,2362.736461
6,205,0,1,1747.24137
6,206,0,1,1800.968441
6,207,0,1,1655.982357
6,208,0,1,1760.406056
6,209,0,1,1647.371122
6,210,0,1,1600.775675
6,211,0,1,1715.126703
6,212,0,1,1625.665842
6,213,0,1,1629.941341
6,214,0,1,1593.966156
6,215,0,1,1923.347318
6,216,0,1,1666.607256
6,217,0,1,1760.103952
6,218,0,1,1762.819972
6,219,0,1,1753.05946
6,220,0,1,1719.701581
6,221,0,1,1592.019571
6,222,0,1,1729.392922
6,223,0,1,1644.866674
6,224,0,1,1773.835106
6,225,0,1,1710.330688
6,226,0,1,1736.993582
6,227,0,1,1830.520135
6,228,0,1,2073.057578
6,229,0,1,1727.660308
6,230,0,1,1746.904606
6,231,0,1,1717.296044
6,232,0,1,1813.634929
6,233,0,1,1786.931524
6,234,0,1,1631.84606
6,235,0,1,1808.136272
6,236,0,1,1601.381475
6,237,0,1,1668.950799
6,238,0,1,1766.030091
6,239,0,1,1648.313556
6,240,0,1,1546.51085
6,241,0,1,1661.976278
6,242,0,1,1703.342357
6,243,0,1,1757.660559
6,244,0,1,1709.949441
6,245,0,1,1709.768961
6,246,0,1,1749.940822
6,247,0,1,1926.95186
6,248,0,1,1793.069354
6,249,0,1,1512.863931
6,250,0,1,1779.322366
6,251,0,1,1640.789044
6,252,0,1,1786.715286
6,253,0,1,1694.317857
6,254,0,1,1689.724153
6,255,0,1,1859.731155
6,256,0,1,1698.046513
6,257,0,1,1690.449116
6,258,0,1,1700.919515
6,259,0,1,1638.400308
6,260,0,1,1660.759702
6,261,0,1,1648.552035
6,262,0,1,1688.509117
6,263,0,1,1772.73986
6,264,0,1,1592.667148
6,265,0,1,1843.478006
6,266,0,1,1765.516223
6,267,0,1,1679.885385
6,268,0,1,1587.485583
6,269,0,1,1898.76778
6,270,0,1,1720.488932
6,271,0,1,1856.113567
6,272,0,1,1750.053718
6,273,0,1,1633.756528
6,274,0,1,1584.67691
6,275,0,1,1659.348984
6,276,0,1,1834.110374
6,277,0,1,1608.145384
6,278,0,1,1749.828298
6,279,0,1,1585.521666
6,280,0,1,1801.407423
6,281,0,1,1696.083581
6,282,0,1,1632.388591
6,283,0,1,1627.123745
6,284,0,1,1580.744594
6,285,0,1,1783.720429
6,286,0,1,1657.106997
6,287,0,1,1602.412676
6,288,0,1,1805.795796
6,289,0,1,1813.189015
6,290,0,1,1594.692049
6,291,0,1,1673.26846
6,292,0,1,1762.742001
6,293,0,1,1680.045711
6,294,0,1,1613.318819
6,295,0,1,2325.688911
6,296,0,1,1738.32041
6,297,0,1,1646.600773
6,298,0,1,1707.043231
6,299,0,1,1608.654186
6,300,0,1,1700.367061
6,301,0,1,1578.069139
6,302,0,1,1732.280923
6,303,0,1,1895.547847
6,304,0,1,1637.112363
6,305,0,1,1740.328101
6,306,0,1,1833.571066
6,307,0,1,1714.523811
6,308,0,1,1671.034536
6,309,0,1,1572.560257
6,310,0,1,1800.244535
6,311,0,1,1734.608495
6,312,0,1,1651.854448
6,313,0,1,1786.590224
6,314,0,1,1551.887686
6,315,0,1,1615.618446
6,316,0,1,1679.439614
6,317,0,1,1596.278331
6,318,0,1,1700.101871
6,319,0,1,1751.618952
6,320,0,1,1689.707794
6,321,0,1,1635.140716
6,322,0,1,1577.096507
6,323,0,1,1969.98755
6,324,0,1,1713.694935
6,325,0,1,1591.990052
6,326,0,1,1806.082062
6,327,0,1,1719.807479
6,328,0,1,1622.831796
6,329,0,1,1635.585336
6,330,0,1,1731.358618
6,331,0,1,1619.448175
6,332,0,1,1622.310221
6,333,0,1,1667.742208
6,334,0,1,1837.263695
6,335,0,1,1609.361428
6,336,0,1,1592.696728
6,337,0,1,1596.656426
6,338,0,1,1840.199827
6,339,0,1,1605.806637
6,340,0,1,1715.237549
6,341,0,1,1638.008626
6,342,0,1,1909.69966
6,343,0,1,1555.708369
6,344,0,1,1698.893434
6,345,0,1,1613.527708
6,346,0,1,1617.620783
6,347,0,1,1817.757887
6,348,0,1,1786.585046
6,349,0,1,1669.023069
6,350,0,1,1697.562991
6,351,0,1,1702.443703
6,352,0,1,1686.924558
6,353,0,1,1702.521403
6,354,0,1,1621.544228
6,355,0,1,1616.87762
6,356,0,1,1844.218487
6,357,0,1,1660.759118
6,358,0,1,1682.207361
6,359,0,1,1872.922009
6,360,0,1,1640.331535
6,361,0,1,1645.289839
6,362,0,1,1575.820953
6,363,0,1,1614.627029
6,364,0,1,1763.781633
6,365,0,1,1695.289599
6,366,0,1,1712.250129
6,367,0,1,1666.743894
6,368,0,1,1804.267094
6,369,0,1,1735.000261
6,370,0,1,1745.613229
6,371,0,1,1839.231402
6,372,0,1,1771.399134
6,373,0,1,1635.480526
6,374,0,1,1769.003384
6,375,0,1,1758.539064
6,376,0,1,1713.046283
6,377,0,1,1800.070969
6,378,0,1,1830.945133
6,379,0,1,1702.66842
6,380,0,1,1547.326192
6,381,0,1,1663.425672
6,382,0,1,1596.353766
6,383,0,1,1769.311614
6,384,0,1,1576.759497
6,385,0,1,1629.463687
6,386,0,1,1837.590887
6,387,0,1,2484.815572
6,388,0,1,1649.209197
6,389,0,1,1614.358548
6,390,0,1,1680.376639
6,391,0,1,1944.591689
6,392,0,1,1710.294062
6,393,0,1,1807.423601
6,394,0,1,1669.983741
6,395,0,1,1733.08435
6,396,0,1,1607.053908
6,397,0,1,1612.122463
6,398,0,1,1914.821093
6,399,0,1,1630.720904
6,400,0,1,1818.908808
6,401,0,1,1706.466393
6,402,0,1,1772.928227
6,403,0,1,1774.117665
6,404,0,1,1780.535975
6,405,0,1,1662.974313
6,406,0,1,1579.740669
6,407,0,1,1557.168083
6,408,0,1,1658.815278
6,409,0,1,1756.784212
6,410,0,1,1735.154616
6,411,0,1,1799.494632
6,412,0,1,1547.546591
6,413,0,1,1731.482172
6,414,0,1,1801.984817
6,415,0,1,1617.656159
6,416,0,1,1686.277512
6,417,0,1,1746.127276
6,418,0,1,1647.452023
6,419,0,1,1588.670067
6,420,0,1,1662.335175
6,421,0,1,1669.109669
6,422,0,1,1677.863037
6,423,0,1,1722.271785
6,424,0,1,1690.339164
6,425,0,1,1651.95281
6,426,0,1,1783.768322
6,427,0,1,1690.063356
6,428,0,1,1719.915584
6,429,0,1,1787.807477
6,430,0,1,1665.464491
6,431,0,1,1644.380356
6,432,0,1,1613.298943
6,433,0,1,1782.899278
6,434,0,1,1846.951202
6,435,0,1,1795.219236
6,436,0,1,1833.760524
6,437,0,1,1538.72797
6,438,0,1,1598.569793
6,439,0,1,1761.72426
6,440,0,1,1735.807676
6,441,0,1,1609.276027
6,442,0,1,1657.153494
6,443,0,1,1650.495716
6,444,0,1,1904.686203
6,445,0,1,1727.18177
6,446,0,1,1678.172473
6,447,0,1,1644.565765
6,448,0,1,1714.251577
6,449,0,1,1639.878938
6,450,0,1,1675.94572
6,451,0,1,1638.624169
6,452,0,1,1670.702267
6,453,0,1,1640.048631
6,454,0,1,1637.319618
6,455,0,1,1692.062454
6,456,0,1,1707.924796
6,457,0,1,1905.480201
6,458,0,1,1897.623289
6,459,0,1,1615.48898
6,460,0,1,1855.713059
6,461,0,1,1595.739639
6,462,0,1,1795.089524
6,463,0,1,1767.10604
6,464,0,1,1823.766935
6,465,0,1,1757.557341
6,466,0,1,1779.174686
6,467,0,1,1641.45145
6,468,0,1,1760.732286
6,469,0,1,1893.146874
6,470,0,1,1659.484397
6,471,0,1,1658.960937
6,472,0,1,1674.612189
6,473,0,1,1651.429551
6,474,0,1,2108.781453
6,475,0,1,1692.88013
6,476,0,1,1747.53472
6,477,0,1,1713.814111
6,478,0,1,2003.973275
6,479,0,1,1697.88976
6,480,0,1,1791.505791
6,481,0,1,1631.059689
6,482,0,1,1697.437882
6,483,0,1,1635.225426
6,484,0,1,1734.382671
6,485,0,1,1696.07404
6,486,0,1,1617.18276
6,487,0,1,1608.547316
6,488,0,1,1718.610042
6,489,0,1,1569.916403
6,490,0,1,1694.147746
6,491,0,1,1777.408931
6,492,0,1,1656.002575
6,493,0,1,1659.036701
6,494,0,1,1717.66759
6,495,0,1,1783.558668
6,496,0,1,1684.509268
6,497,0,1,1766.270708
6,498,0,1,1738.699998
6,499,0,1,1618.153025
6,500,0,1,1774.137939
6,501,0,1,1584.23253
6,502,0,1,1953.111225
6,503,0,1,1832.429989
6,504,0,1,1651.126091
6,505,0,1,1739.683688
6,506,0,1,1625.531669
6,507,0,1,1655.703
6,508,0,1,1803.787568
6,509,0,1,1809.744608
6,510,0,1,1664.427776
6,511,0,1,1624.984439
6,512,0,1,1800.889664
6,513,0,1,1885.298253
6,514,0,1,1718.196146
6,515,0,1,1798.175176
6,516,0,1,1812.922356
6,517,0,1,1600.920522
6,518,0,1,1817.849506
6,519,0,1,1800.650724
6,520,0,1,1731.615107
6,521,0,1,1751.269767
6,522,0,1,1850.691507
6,523,0,1,1656.870728
6,524,0,1,1696.085542
6,525,0,1,1563.439898
6,526,0,1,1738.198919
6,527,0,1,1643.497999
6,528,0,1,1852.617596
6,529,0,1,1699.5348
6,530,0,1,1668.40022
6,531,0,1,1787.722424
6,532,0,1,1549.62479
6,533,0,1,2114.258108
6,534,0,1,1798.87573
6,535,0,1,1790.398869
6,536,0,1,1908.18181
6,537,0,1,1804.897534
6,538,0,1,1731.042299
6,539,0,1,1812.127738
6,540,0,1,1756.136511
6,541,0,1,1603.642848
6,542,0,1,1691.930962
6,543,0,1,1709.36628
6,544,0,1,1651.548882
6,545,0,1,1636.870836
6,546,0,1,1588.732814
6,547,0,1,1728.068544
6,548,0,1,1761.857986
6,549,0,1,1800.475204
6,550,0,1,1798.346246
6,551,0,1,1738.359445
6,552,0,1,1613.148965
6,553,0,1,1755.106485
6,554,0,1,1758.001547
6,555,0,1,1578.140883
6,556,0,1,1738.96256
6,557,0,1,1617.655687
6,558,0,1,1733.295102
6,559,0,1,1786.886048
6,560,0,1,1625.314455
6,561,0,1,1626.980385
6,562,0,1,1746.780037
6,563,0,1,1662.076043
6,564,0,1,1560.184226
6,565,0,1,1698.137766
6,566,0,1,1827.394756
6,567,0,1,1860.279385
6,568,0,1,1674.869962
6,569,0,1,1667.246904
6,570,0,1,1723.157157
6,571,0,1,1649.943534
6,572,0,1,1678.896375
6,573,0,1,1682.307627
6,574,0,1,1607.459728
6,575,0,1,1633.608484
6,576,0,1,1619.207676
6,577,0,1,1772.532372
6,578,0,1,1842.255963
6,579,0,1,1616.223393
6,580,0,1,1846.990599
6,581,0,1,1639.29822
6,582,0,1,1557.127631
6,583,0,1,1773.064204
6,584,0,1,1790.288481
6,585,0,1,1780.280332
6,586,0,1,1627.630924
6,587,0,1,1740.922468
6,588,0,1,1605.196951
6,589,0,1,1613.789915
6,590,0,1,1616.203097
6,591,0,1,1678.352471
6,592,0,1,1658.704432
6,593,0,1,2208.81301
6,594,0,1,1792.958325
6,595,0,1,1716.161254
6,596,0,1,1641.590434
6,597,0,1,1609.501692
6,598,0,1,1553.639372
6,599,0,1,1570.295713
6,600,0,1,1778.814317
6,601,0,1,1704.190073
6,602,0,1,1718.069759
6,603,0,1,1567.185218
6,604,0,1,1665.563812
6,605,0,1,1807.001446
6,606,0,1,1759.49736
6,607,0,1,1758.177018
6,608,0,1,1706.278547
6,609,0,1,1644.325503
6,610,0,1,1648.926045
6,611,0,1,1773.041241
6,612,0,1,1591.078214
6,613,0,1,1527.369187
6,614,0,1,1700.042493
6,615,0,1,1645.559093
6,616,0,1,1601.956319
6,617,0,1,1687.989086
6,618,0,1,1668.140115
6,619,0,1,1618.175457
6,620,0,1,1678.846178
6,621,0,1,1573.190257
6,622,0,1,1577.252298
6,623,0,1,1694.945097
6,624,0,1,1742.569895
6,625,0,1,1634.726621
6,626,0,1,1539.608198
6,627,0,1,1662.477287
6,628,0,1,1693.237637
6,629,0,1,1740.092075
6,630,0,1,1577.502381
6,631,0,1,1640.517729
6,632,0,1,1685.975034
6,633,0,1,1565.703427
6,634,0,1,1789.059202
6,635,0,1,1721.002727
6,636,0,1,1889.801239
6,637,0,1,1612.161702
6,638,0,1,1867.843446
6,639,0,1,1739.302257
6,640,0,1,1819.447759
6,641,0,1,1642.939755
6,642,0,1,1935.715324
6,643,0,1,1648.926873
6,644,0,1,1754.796096
6,645,0,1,1750.447029
6,646,0,1,1651.642527
6,647,0,1,1652.401749
6,648,0,1,1778.177845
6,649,0,1,1799.040501
6,650,0,1,1679.628858
6,651,0,1,1937.227394
6,652,0,1,1564.10984
6,653,0,1,1650.418795
6,654,0,1,1540.502065
6,655,0,1,1636.036202
6,656,0,1,1556.839124
6,657,0,1,1785.321097
6,658,0,1,1571.000497
6,659,0,1,1610.379449
6,660,0,1,1707.562998
6,661,0,1,2135.540363
6,662,0,1,1590.569398
6,663,0,1,1635.87823
6,664,0,1,1974.2893
6,665,0,1,1594.657403
6,666,0,1,1793.951356
6,667,0,1,2030.961199
6,668,0,1,1704.879594
6,669,0,1,1617.007983
6,670,0,1,1821.502387
6,671,0,1,1646.983421
6,672,0,1,1650.603148
6,673,0,1,1820.677949
6,674,0,1,1565.311797
6,675,0,1,1715.224723
6,676,0,1,1813.093581
6,677,0,1,1715.31301
6,678,0,1,1685.90758
6,679,0,1,1554.547303
6,680,0,1,1657.037817
6,681,0,1,1713.045797
6,682,0,1,1847.676115
6,683,0,1,1588.350311
6,684,0,1,1633.044256
6,685,0,1,1624.032875
6,686,0,1,1650.822929
6,687,0,1,1810.356887
6,688,0,1,1705.939242
6,689,0,1,1692.478556
6,690,0,1,1678.677162
6,691,0,1,1585.239093
6,692,0,1,1838.251977
6,693,0,1,1563.569486
6,694,0,1,1677.890654
6,695,0,1,1878.926673
6,696,0,1,1661.18226
6,697,0,1,1771.713646
6,698,0,1,1641.367361
6,699,0,1,1610.106318
6,700,0,1,1738.113657
6,701,0,1,1685.261819
6,702,0,1,1588.255267
6,703,0,1,1816.177325
6,704,0,1,1693.070537
6,705,0,1,1610.173114
6,706,0,1,1851.695872
6,707,0,1,1551.345736
6,708,0,1,1713.30773
6,709,0,1,1629.645332
6,710,0,1,2182.488689
6,711,0,1,1656.772364
6,712,0,1,1610.548859
6,713,0,1,1699.247502
6,714,0,1,1762.406528
6,715,0,1,1539.482319
6,716,0,1,1584.51768
6,717,0,1,1761.951926
6,718,0,1,1635.520896
6,719,0,1,1668.440381
6,720,0,1,1790.819211
6,721,0,1,1661.032365
6,722,0,1,1585.209079
6,723,0,1,1741.968572
6,724,0,1,1552.724739
6,725,0,1,1594.957478
6,726,0,1,1579.514622
6,727,0,1,1561.863701
6,728,0,1,1648.030594
6,729,0,1,1676.451794
6,730,0,1,1714.450931
6,731,0,1,1632.787854
6,732,0,1,1765.251016
6,733,0,1,1650.819995
6,734,0,1,1827.709751
6,735,0,1,1756.635373
6,736,0,1,1652.817407
6,737,0,1,1680.592651
6,738,0,1,1737.283125
6,739,0,1,1663.846698
6,740,0,1,1897.247173
6,741,0,1,1726.529348
6,742,0,1,1692.396567
6,743,0,1,1699.444349
6,744,0,1,1579.001374
6,745,0,1,1785.440974
6,746,0,1,1698.052903
6,747,0,1,1583.544686
6,748,0,1,1553.542613
6,749,0,1,1867.9938
6,750,0,1,1645.168251
6,751,0,1,1796.187304
6,752,0,1,1676.173538
6,753,0,1,1729.700223
6,754,0,1,1691.556409
6,755,0,1,1607.348709
6,756,0,1,1681.595764
6,757,0,1,1639.248619
6,758,0,1,1640.271256
6,759,0,1,1810.470376
6,760,0,1,1753.680024
6,761,0,1,1721.910848
6,762,0,1,1730.345416
6,763,0,1,1757.310908
6,764,0,1,1642.737082
6,765,0,1,1629.685838
6,766,0,1,1643.966147
6,767,0,1,1728.388491
6,768,0,1,1641.247246
6,769,0,1,1717.277064
6,770,0,1,1853.929144
6,771,0,1,1712.921165
6,772,0,1,1792.69673
6,773,0,1,1750.576645
6,774,0,1,1818.189367
6,775,0,1,1612.739063
6,776,0,1,1733.500764
6,777,0,1,1724.530294
6,778,0,1,1669.958891
6,779,0,1,1755.515553
6,780,0,1,1768.468417
6,781,0,1,1628.801394
6,782,0,1,1722.18532
6,783,0,1,1768.262517
6,784,0,1,1636.594999
6,785,0,1,1744.744534
6,786,0,1,1762.857063
6,787,0,1,1592.865958
6,788,0,1,1674.877216
6,789,0,1,1632.046808
6,790,0,1,1682.906891
6,791,0,1,1720.645337
6,792,0,1,1654.282538
6,793,0,1,1767.452405
6,794,0,1,1693.221088
6,795,0,1,1637.281806
6,796,0,1,1664.622601
6,797,0,1,1671.064182
6,798,0,1,1736.391734
6,799,0,1,1838.434806
6,800,0,1,1625.357422
6,801,0,1,1718.64234
6,802,0,1,1634.209436
6,803,0,1,1624.918774
6,804,0,1,1678.964637
6,805,0,1,1724.756728
6,806,0,1,1543.330486
6,807,0,1,1714.728482
6,808,0,1,1674.537928
6,809,0,1,1849.827634
6,810,0,1,1704.902668
6,811,0,1,1714.898049
6,812,0,1,1801.899173
6,813,0,1,1847.859038
6,814,0,1,1764.754088
6,815,0,1,1572.386377
6,816,0,1,1605.746721
6,817,0,1,1607.363284
6,818,0,1,1529.570794
6,819,0,1,1793.33445
6,820,0,1,1620.434468
6,821,0,1,1708.937129
6,822,0,1,1610.29879
6,823,0,1,1648.643467
6,824,0,1,1832.915315
6,825,0,1,1888.904247
6,826,0,1,1831.312169
6,827,0,1,1681.459306
6,828,0,1,1748.378787
6,829,0,1,1851.308038
6,830,0,1,1640.105843
6,831,0,1,1679.518685
6,832,0,1,1937.682156
6,833,0,1,1661.928351
6,834,0,1,1616.708621
6,835,0,1,1539.298125
6,836,0,1,1583.304251
6,837,0,1,1663.057235
6,838,0,1,1672.66259
6,839,0,1,1669.132406
6,840,0,1,1636.339927
6,841,0,1,1609.823853
6,842,0,1,2040.414009
6,843,0,1,1614.41462
6,844,0,1,1649.238533
6,845,0,1,1755.62798
6,846,0,1,1625.742024
6,847,0,1,1579.637256
6,848,0,1,1779.913633
6,849,0,1,1686.192903
6,850,0,1,1736.208472
6,851,0,1,1780.299491
6,852,0,1,1675.685021
6,853,0,1,1682.432448
6,854,0,1,1677.834931
6,855,0,1,1645.425205
6,856,0,1,1665.114781
6,857,0,1,1777.894535
6,858,0,1,1686.743671
6,859,0,1,1676.211435
6,860,0,1,1595.291162
6,861,0,1,1746.564516
6,862,0,1,1791.936536
6,863,0,1,1558.865297
6,864,0,1,1755.840546
6,865,0,1,1629.516503
6,866,0,1,1681.822663
6,867,0,1,1732.521275
6,868,0,1,1778.216397
6,869,0,1,1548.39892
6,870,0,1,1701.115141
6,871,0,1,1715.014425
6,872,0,1,1557.604876
6,873,0,1,1629.776427
6,874,0,1,1693.812425
6,875,0,1,1828.780194
6,876,0,1,1592.662398
6,877,0,1,1686.691164
6,878,0,1,1885.35748
6,879,0,1,1568.04661
6,880,0,1,1594.261323
6,881,0,1,1550.83397
6,882,0,1,1866.097187
6,883,0,1,1767.800117
6,884,0,1,1703.256004
6,885,0,1,1734.451189
6,886,0,1,1746.274727
6,887,0,1,1651.301766
6,888,0,1,1658.286307
6,889,0,1,1753.579898
6,890,0,1,1778.258732
6,891,0,1,1602.741628
6,892,0,1,1771.478829
6,893,0,1,1596.137376
6,894,0,1,1604.014227
6,895,0,1,1582.965553
6,896,0,1,1623.922405
6,897,0,1,1735.378926
6,898,0,1,1596.03201
6,899,0,1,1665.357606
6,900,0,1,1703.406376
6,901,0,1,1574.396835
6,902,0,1,1673.159035
6,903,0,1,1613.666744
6,904,0,1,1698.370773
6,905,0,1,1622.924714
6,906,0,1,1640.262952
6,907,0,1,1659.642967
6,908,0,1,1789.153133
6,909,0,1,1656.469563
6,910,0,1,1536.901598
6,911,0,1,1593.937287
6,912,0,1,1632.837567
6,913,0,1,2043.924983
6,914,0,1,1746.466923
6,915,0,1,1734.809586
6,916,0,1,1902.195944
6,917,0,1,1715.667779
6,918,0,1,1768.25631
6,919,0,1,1688.476548
6,920,0,1,1603.258112
6,921,0,1,1597.78501
6,922,0,1,1651.499224
6,923,0,1,1782.259677
6,924,0,1,1603.5721
6,925,0,1,1846.049409
6,926,0,1,1765.068417
6,927,0,1,1730.795237
6,928,0,1,1635.439796
6,929,0,1,2171.529306
6,930,0,1,1616.25164
6,931,0,1,1730.762661
6,932,0,1,1668.294045
6,933,0,1,1581.966777
6,934,0,1,1560.079956
6,935,0,1,1676.657693
6,936,0,1,1645.311397
6,937,0,1,1645.691446
6,938,0,1,1648.659211
6,939,0,1,1649.871663
6,940,0,1,1887.487299
6,941,0,1,1666.72928
6,942,0,1,1669.215986
6,943,0,1,1545.65082
6,944,0,1,2042.264346
6,945,0,1,1924.578072
6,946,0,1,1653.136363
6,947,0,1,1852.195719
6,948,0,1,1544.370627
6,949,0,1,1638.189883
6,950,0,1,1658.721674
6,951,0,1,1689.590776
6,952,0,1,1756.562307
6,953,0,1,1715.559694
6,954,0,1,1704.386187
6,955,0,1,1637.893837
6,956,0,1,1708.248014
6,957,0,1,1693.588386
6,958,0,1,1778.139191
6,959,0,1,1595.1571
6,960,0,1,1637.752339
6,961,0,1,1615.923148
6,962,0,1,1559.506039
6,963,0,1,1721.672337
6,964,0,1,1715.492315
6,965,0,1,1623.996232
6,966,0,1,1662.561673
6,967,0,1,1662.178997
6,968,0,1,1612.43941
6,969,0,1,1738.367578
6,970,0,1,1689.67348
6,971,0,1,1652.841953
6,972,0,1,1629.887192
6,973,0,1,1721.524544
6,974,0,1,1681.44312
6,975,0,1,1790.97936
6,976,0,1,1806.582081
6,977,0,1,1669.872562
6,978,0,1,1624.234893
6,979,0,1,1634.054349
6,980,0,1,1881.734769
6,981,0,1,1552.154133
6,982,0,1,1686.909575
6,983,0,1,1592.981179
6,984,0,1,1560.854662
6,985,0,1,1658.368977
6,986,0,1,1578.245039
6,987,0,1,1565.94447
6,988,0,1,1705.738884
6,989,0,1,1640.992498
6,990,0,1,1710.879917
6,991,0,1,1863.050815
6,992,0,1,1723.366095
6,993,0,1,1726.128181
6,994,0,1,1753.017836
6,995,0,1,1687.295102
6,996,0,1,1733.524038
6,997,0,1,1587.477608
6,998,0,1,2027.830029
6,999,0,1,1764.065172
7,0,0,1,1746.943022
7,1,0,1,1614.443842
7,2,0,1,1722.39511
7,3,0,1,1686.943792
7,4,0,1,1599.441978
7,5,0,1,1659.128718
7,6,0,1,1744.574917
7,7,0,1,1624.689793
7,8,0,1,1687.961546
7,9,0,1,1778.146738
7,10,0,1,1647.863647
7,11,0,1,1820.780773
7,12,0,1,1657.08754
7,13,0,1,1609.728377
7,14,0,1,1706.076766
7,15,0,1,1577.029312
7,16,0,1,1729.657016
7,17,0,1,1605.383007
7,18,0,1,1793.021
7,19,0,1,1749.152326
7,20,0,1,1884.092872
7,21,0,1,1585.633656
7,22,0,1,1760.675436
7,23,0,1,1665.347443
7,24,0,1,1623.282386
7,25,0,1,1732.371302
7,26,0,1,1676.783623
7,27,0,1,1782.173711
7,28,0,1,1647.502901
7,29,0,1,1623.37178
7,30,0,1,1645.385187
7,31,0,1,1681.937949
7,32,0,1,1565.602275
7,33,0,1,1594.207273
7,34,0,1,1770.110203
7,35,0,1,1758.964109
7,36,0,1,1631.153149
7,37,0,1,1705.66949
7,38,0,1,1683.00573
7,39,0,1,1587.420008
7,40,0,1,1824.354032
7,41,0,1,1643.249206
7,42,0,1,1643.85067
7,43,0,1,1683.907075
7,44,0,1,1570.328989
7,45,0,1,1608.583948
7,46,0,1,1752.448902
7,47,0,1,1677.769085
7,48,0,1,1686.238261
7,49,0,1,1889.323354
7,50,0,1,1704.885728
7,51,0,1,1766.039827
7,52,0,1,1837.185907
7,53,0,1,1724.62793
7,54,0,1,1699.020022
7,55,0,1,1793.756184
7,56,0,1,1945.210675
7,57,0,1,1735.46603
7,58,0,1,1648.868671
7,59,0,1,1659.289041
7,60,0,1,1674.15564
7,61,0,1,1716.328214
7,62,0,1,1641.974414
7,63,0,1,1821.518059
7,64,0,1,1668.191917
7,65,0,1,1861.418872
7,66,0,1,1681.797497
7,67,0,1,1641.161139
7,68,0,1,1809.778549
7,69,0,1,1628.439494
7,70,0,1,1833.815653
7,71,0,1,1614.835699
7,72,0,1,1736.591756
7,73,0,1,1694.301587
7,74,0,1,1591.544171
7,75,0,1,1790.979893
7,76,0,1,1720.170824
7,77,0,1,1601.448518
7,78,0,1,1603.311495
7,79,0,1,1726.878325
7,80,0,1,1840.092868
7,81,0,1,1847.705928
7,82,0,1,1698.205116
7,83,0,1,1759.400579
7,84,0,1,1696.646694
7,85,0,1,1968.685957
7,86,0,1,1636.821889
7,87,0,1,1722.125506
7,88,0,1,1678.354864
7,89,0,1,1594.798771
7,90,0,1,1689.070649
7,91,0,1,1723.83301
7,92,0,1,1560.362355
7,93,0,1,1580.141359
7,94,0,1,1875.144674
7,95,0,1,1725.848516
7,96,0,1,1780.826455
7,97,0,1,1742.994335
7,98,0,1,1649.798173
7,99,0,1,1674.187725
7,100,0,1,1779.813668
7,101,0,1,1641.016925
7,102,0,1,1783.448256
7,103,0,1,1657.814414
7,104,0,1,1769.284799
7,105,0,1,1635.818904
7,106,0,1,1694.400778
7,107,0,1,1772.978317
7,108,0,1,1676.443496
7,109,0,1,1779.966192
7,110,0,1,1619.615058
7,111,0,1,1584.596505
7,112,0,1,1897.795488
7,113,0,1,1768.528795
7,114,0,1,1593.280991
7,115,0,1,1587.100986
7,116,0,1,1668.427056
7,117,0,1,1704.617903
7,118,0,1,1629.730921
7,119,0,1,1580.435279
7,120,0,1,1750.3782
7,121,0,1,1732.336455
7,122,0,1,1668.563211
7,123,0,1,1829.086161
7,124,0,1,1705.065102
7,125,0,1,1966.791678
7,126,0,1,1645.883982
7,127,0,1,1602.774464
7,128,0,1,1645.154722
7,129,0,1,1660.43927
7,130,0,1,1692.642136
7,131,0,1,1707.448242
7,132,0,1,1574.101927
7,133,0,1,1725.491308
7,134,0,1,1671.661174
7,135,0,1,1692.102544
7,136,0,1,1650.462434
7,137,0,1,1720.144521
7,138,0,1,1687.608375
7,139,0,1,1628.839189
7,140,0,1,2013.064553
7,141,0,1,1694.917528
7,142,0,1,1703.828953
7,143,0,1,1736.067987
7,144,0,1,1763.726888
7,145,0,1,1778.409935
7,146,0,1,1755.018696
7,147,0,1,1521.302041
7,148,0,1,1634.611773
7,149,0,1,1674.185492
7,150,0,1,1566.110306
7,151,0,1,1628.447862
7,152,0,1,1601.572757
7,153,0,1,1559.661367
7,154,0,1,1556.871674
7,155,0,1,1590.506361
7,156,0,1,1700.851613
7,157,0,1,1731.236897
7,158,0,1,1778.322665
7,159,0,1,1746.962267
7,160,0,1,1634.41563
7,161,0,1,1717.333939
7,162,0,1,1763.777049
7,163,0,1,1553.087325
7,164,0,1,1594.796105
7,165,0,1,1700.19437
7,166,0,1,1562.346418
7,167,0,1,1667.58781
7,168,0,1,1867.003811
7,169,0,1,1632.538729
7,170,0,1,1737.482649
7,171,0,1,1663.293529
7,172,0,1,1699.72918
7,173,0,1,1705.634558
7,174,0,1,1711.542258
7,175,0,1,1717.30228
7,176,0,1,1709.707489
7,177,0,1,1842.888573
7,178,0,1,1924.125411
7,179,0,1,1829.617566
7,180,0,1,1633.182198
7,181,0,1,1765.395633
7,182,0,1,1624.938969
7,183,0,1,1622.355531
7,184,0,1,1771.189633
7,185,0,1,1658.352444
7,186,0,1,1657.583419
7,187,0,1,1622.702319
7,188,0,1,1759.675087
7,189,0,1,1598.01766
7,190,0,1,1659.545698
7,191,0,1,1631.284887
7,192,0,1,1750.052346
7,193,0,1,1673.686777
7,194,0,1,1617.224679
7,195,0,1,1655.148189
7,196,0,1,1613.479157
7,197,0,1,1765.186798
7,198,0,1,1812.307803
7,199,0,1,1752.766748
7,200,0,1,1774.349153
7,201,0,1,1787.840708
7,202,0,1,1883.456966
7,203,0,1,1990.15593
7,204,0,1,1717.293125
7,205,0,1,1760.659118
7,206,0,1,1767.04806
7,207,0,1,1573.56264
7,208,0,1,1586.051087
7,209,0,1,1698.111859
7,210,0,1,1792.148791
7,211,0,1,1830.402855
7,212,0,1,1744.43861
7,213,0,1,1716.308192
7,214,0,1,1641.131802
7,215,0,1,1766.961926
7,216,0,1,2110.73651
7,217,0,1,1592.469231
7,218,0,1,1607.262814
7,219,0,1,1718.024833
7,220,0,1,1588.311223
7,221,0,1,1649.37334
7,222,0,1,1632.81206
7,223,0,1,1622.68757
7,224,0,1,1804.71357
7,225,0,1,1704.068397
7,226,0,1,1642.273929
7,227,0,1,1747.419691
7,228,0,1,1598.078109
7,229,0,1,1767.911383
7,230,0,1,1599.669687
7,231,0,1,1759.712641
7,232,0,1,1593.533024
7,233,0,1,1832.017769
7,234,0,1,1907.440683
7,235,0,1,1621.480051
7,236,0,1,1812.316302
7,237,0,1,1659.195942
7,238,0,1,1645.670422
7,239,0,1,1808.689183
7,240,0,1,1606.977286
7,241,0,1,1838.644512
7,242,0,1,1884.588136
7,243,0,1,1719.803658
7,244,0,1,1688.271355
7,245,0,1,1845.518499
7,246,0,1,1728.33689
7,247,0,1,1794.037812
7,248,0,1,1621.324651
7,249,0,1,1611.755349
7,250,0,1,1882.506202
7,251,0,1,1600.107949
7,252,0,1,1636.159197
7,253,0,1,1700.479687
7,254,0,1,1719.427336
7,255,0,1,1738.599789
7,256,0,1,1778.585069
7,257,0,1,1565.316832
7,258,0,1,1747.840808
7,259,0,1,1695.082416
7,260,0,1,1637.18998
7,261,0,1,1651.271026
7,262,0,1,1726.012202
7,263,0,1,1646.831241
7,264,0,1,1650.169414
7,265,0,1,1856.024943
7,266,0,1,1646.453599
7,267,0,1,1739.812223
7,268,0,1,1808.360973
7,269,0,1,1805.574711
7,270,0,1,1716.02042
7,271,0,1,1757.883124
7,272,0,1,1812.946659
7,273,0,1,1596.844719
7,274,0,1,1681.900565
7,275,0,1,1676.291984
7,276,0,1,1897.301528
7,277,0,1,1636.09034
7,278,0,1,1744.586384
7,279,0,1,1839.503213
7,280,0,1,1627.250126
7,281,0,1,1857.931794
7,282,0,1,1643.251084
7,283,0,1,1640.948083
7,284,0,1,1672.63688
7,285,0,1,1751.483486
7,286,0,1,1622.745093
7,287,0,1,1669.430096
7,288,0,1,2027.363332
7,289,0,1,1783.020143
7,290,0,1,1612.027988
7,291,0,1,1749.729439
7,292,0,1,1702.793579
7,293,0,1,2001.222904
7,294,0,1,1532.042373
7,295,0,1,1722.52691
7,296,0,1,1667.487058
7,297,0,1,1659.885539
7,298,0,1,1784.915285
7,299,0,1,1702.156336
7,300,0,1,1712.471158
7,301,0,1,1834.140551
7,302,0,1,1675.929936
7,303,0,1,2051.652399
7,304,0,1,1836.939407
7,305,0,1,2016.177579
7,306,0,1,1755.224472
7,307,0,1,1613.532249
7,308,0,1,1696.06894
7,309,0,1,1838.839592
7,310,0,1,1605.63086
7,311,0,1,1687.854405
7,312,0,1,1705.219309
7,313,0,1,1970.225871
7,314,0,1,1821.198035
7,315,0,1,1675.17146
7,316,0,1,1670.43938
7,317,0,1,1632.760093
7,318,0,1,1603.470521
7,319,0,1,1918.038765
7,320,0,1,1630.776935
7,321,0,1,1618.944448
7,322,0,1,1624.721123
7,323,0,1,1687.97671
7,324,0,1,1708.630668
7,325,0,1,1864.726645
7,326,0,1,1792.105984
7,327,0,1,1703.153582
7,328,0,1,1870.661957
7,329,0,1,1788.344544
7,330,0,1,1857.759592
7,331,0,1,1730.512984
7,332,0,1,1883.456432
7,333,0,1,1563.255301
7,334,0,1,1567.165909
7,335,0,1,1674.667978
7,336,0,1,1926.456118
7,337,0,1,1836.911056
7,338,0,1,1731.158898
7,339,0,1,1814.639436
7,340,0,1,1704.803596
7,341,0,1,1743.467549
7,342,0,1,1661.820407
7,343,0,1,1680.78337
7,344,0,1,1842.771872
7,345,0,1,1814.45368
7,346,0,1,1800.591685
7,347,0,1,1561.986782
7,348,0,1,1990.090152
7,349,0,1,1645.497367
7,350,0,1,1654.088757
7,351,0,1,1796.511089
7,352,0,1,1668.11349
7,353,0,1,1688.326431
7,354,0,1,1737.656479
7,355,0,1,1609.8783
7,356,0,1,1686.094977
7,357,0,1,1864.191196
7,358,0,1,1669.968442
7,359,0,1,1653.423672
7,360,0,1,1664.854111
7,361,0,1,1684.876209
7,362,0,1,1713.593111
7,363,0,1,1772.65332
7,364,0,1,1724.906111
7,365,0,1,1707.140389
7,366,0,1,1879.875348
7,367,0,1,1703.803033
7,368,0,1,1735.285665
7,369,0,1,1812.932819
7,370,0,1,1751.084518
7,371,0,1,1671.473305
7,372,0,1,1711.67909
7,373,0,1,1673.834411
7,374,0,1,1845.74478
7,375,0,1,1728.346659
7,376,0,1,1947.718142
7,377,0,1,1645.337887
7,378,0,1,1756.902188
7,379,0,1,1779.7937
7,380,0,1,1891.517675
7,381,0,1,1691.846214
7,382,0,1,2020.368629
7,383,0,1,1567.194347
7,384,0,1,1757.933277
7,385,0,1,1792.628344
7,386,0,1,1648.644392
7,387,0,1,1731.116107
7,388,0,1,1700.409597
7,389,0,1,1613.763188
7,390,0,1,1651.226237
7,391,0,1,1678.183202
7,392,0,1,1664.981552
7,393,0,1,1589.169186
7,394,0,1,1623.091473
7,395,0,1,1610.676299
7,396,0,1,1547.605569
7,397,0,1,1680.730953
7,398,0,1,1681.353412
7,399,0,1,1678.608417
7,400,0,1,1674.936278
7,401,0,1,1686.443475
7,402,0,1,1844.461587
7,403,0,1,1603.78235
7,404,0,1,1863.969087
7,405,0,1,1711.244605
7,406,0,1,1693.714404
7,407,0,1,1696.708421
7,408,0,1,1647.15844
7,409,0,1,1763.1954
7,410,0,1,1648.207825
7,411,0,1,1811.508361
7,412,0,1,1702.45609
7,413,0,1,1828.731063
7,414,0,1,1611.393942
7,415,0,1,1685.751226
7,416,0,1,1728.643269
7,417,0,1,1772.887768
7,418,0,1,1854.15645
7,419,0,1,1715.086482
7,420,0,1,1838.808115
7,421,0,1,1692.748107
7,422,0,1,1734.073813
7,423,0,1,1670.686833
7,424,0,1,1720.792516
7,425,0,1,1902.960497
7,426,0,1,1715.054401
7,427,0,1,1739.868745
7,428,0,1,1743.663552
7,429,0,1,1718.377057
7,430,0,1,1694.056097
7,431,0,1,1618.645825
7,432,0,1,1745.661156
7,433,0,1,1724.527774
7,434,0,1,1699.160455
7,435,0,1,1660.48505
7,436,0,1,1602.260684
7,437,0,1,1607.611097
7,438,0,1,1718.31635
7,439,0,1,1625.589112
7,440,0,1,1670.430029
7,441,0,1,1656.091441
7,442,0,1,1636.418006
7,443,0,1,2137.842631
7,444,0,1,2034.75018
7,445,0,1,1723.129552
7,446,0,1,1729.044395
7,447,0,1,1573.939755
7,448,0,1,1614.673435
7,449,0,1,1637.571588
7,450,0,1,1674.049933
7,451,0,1,1616.831756
7,452,0,1,1626.810223
7,453,0,1,1683.438136
7,454,0,1,1823.537764
7,455,0,1,2028.585372
7,456,0,1,1604.921779
7,457,0,1,1673.67403
7,458,0,1,1736.967391
7,459,0,1,1790.437032
7,460,0,1,1618.750622
7,461,0,1,1680.741852
7,462,0,1,1665.940284
7,463,0,1,1571.777755
7,464,0,1,1561.815891
7,465,0,1,1610.970633
7,466,0,1,1922.010324
7,467,0,1,2053.844771
7,468,0,1,1658.077245
7,469,0,1,1639.683696
7,470,0,1,1816.954985
7,471,0,1,1846.455441
7,472,0,1,1656.012228
7,473,0,1,1821.771879
7,474,0,1,1688.883241
7,475,0,1,1656.706315
7,476,0,1,1583.040301
7,477,0,1,1833.505983
7,478,0,1,1731.060914
7,479,0,1,2056.124608
7,480,0,1,1737.679309
7,481,0,1,1642.882482
7,482,0,1,1780.52035
7,483,0,1,1861.014675
7,484,0,1,1793.371703
7,485,0,1,1562.484617
7,486,0,1,1722.490279
7,487,0,1,1635.686487
7,488,0,1,1837.906891
7,489,0,1,1798.891548
7,490,0,1,1795.108861
7,491,0,1,1782.363438
7,492,0,1,1630.915563
7,493,0,1,1756.171254
7,494,0,1,1624.204237
7,495,0,1,1618.166031
7,496,0,1,1696.566686
7,497,0,1,2081.762754
7,498,0,1,2024.434562
7,499,0,1,1698.386372
7,500,0,1,1672.836615
7,501,0,1,1715.148888
7,502,0,1,1666.098482
7,503,0,1,1625.32507
7,504,0,1,1801.463828
7,505,0,1,1627.020595
7,506,0,1,1648.902188
7,507,0,1,1581.853566
7,508,0,1,1620.336182
7,509,0,1,1650.741105
7,510,0,1,1601.449455
7,511,0,1,1609.534254
7,512,0,1,1779.906973
7,513,0,1,1856.642287
7,514,0,1,1895.290445
7,515,0,1,1610.393265
7,516,0,1,1622.653575
7,517,0,1,1750.870165
7,518,0,1,1688.196777
7,519,0,1,1587.218419
7,520,0,1,1696.586253
7,521,0,1,1760.118439
7,522,0,1,1713.985615
7,523,0,1,2045.602423
7,524,0,1,1604.037642
7,525,0,1,1789.999515
7,526,0,1,1710.860513
7,527,0,1,1753.752619
7,528,0,1,1846.535022
7,529,0,1,1693.632725
7,530,0,1,1556.781391
7,531,0,1,1541.186535
7,532,0,1,1712.38708
7,533,0,1,1901.975699
7,534,0,1,1733.915284
7,535,0,1,1825.313965
7,536,0,1,2039.919961
7,537,0,1,1640.208244
7,538,0,1,1607.408689
7,539,0,1,1690.70591
7,540,0,1,1657.65503
7,541,0,1,1652.540475
7,542,0,1,1773.456037
7,543,0,1,1694.255183
7,544,0,1,1758.258332
7,545,0,1,1560.202081
7,546,0,1,1655.517296
7,547,0,1,1696.888837
7,548,0,1,1669.58625
7,549,0,1,1622.014779
7,550,0,1,1754.253314
7,551,0,1,1804.082453
7,552,0,1,1781.113138
7,553,0,1,1921.448921
7,554,0,1,1876.232914
7,555,0,1,1786.058288
7,556,0,1,1680.870036
7,557,0,1,1819.906929
7,558,0,1,1654.364509
7,559,0,1,1814.936259
7,560,0,1,1778.970973
7,561,0,1,1667.732731
7,562,0,1,1636.887017
7,563,0,1,1603.662581
7,564,0,1,1653.660134
7,565,0,1,1712.529611
7,566,0,1,1773.669991
7,567,0,1,1869.642742
7,568,0,1,1708.280465
7,569,0,1,1838.050176
7,570,0,1,1649.630817
7,571,0,1,1608.033785
7,572,0,1,1938.707531
7,573,0,1,1597.944692
7,574,0,1,1865.59769
7,575,0,1,1899.314592
7,576,0,1,1822.563468
7,577,0,1,1793.055794
7,578,0,1,1731.637398
7,579,0,1,1792.531889
7,580,0,1,1747.964537
7,581,0,1,1733.548179
7,582,0,1,1643.947153
7,583,0,1,1639.150474
7,584,0,1,1717.466613
7,585,0,1,1760.004852
7,586,0,1,1691.673217
7,587,0,1,1605.04307
7,588,0,1,1647.311108
7,589,0,1,1631.755737
7,590,0,1,1614.084621
7,591,0,1,1574.722728
7,592,0,1,1703.180131
7,593,0,1,1693.132795
7,594,0,1,1691.890033
7,595,0,1,1667.103133
7,596,0,1,1646.255452
7,597,0,1,1712.701986
7,598,0,1,1732.583412
7,599,0,1,1548.234115
7,600,0,1,1546.020635
7,601,0,1,1580.627483
7,602,0,1,1680.310884
7,603,0,1,1731.685103
7,604,0,1,1608.142787
7,605,0,1,1693.823464
7,606,0,1,1674.837327
7,607,0,1,1853.439359
7,608,0,1,1658.944984
7,609,0,1,1677.190025
7,610,0,1,1614.670721
7,611,0,1,1609.454921
7,612,0,1,1617.192389
7,613,0,1,1708.261613
7,614,0,1,1801.778543
7,615,0,1,1562.144795
7,616,0,1,1684.063838
7,617,0,1,1613.392531
7,618,0,1,1676.806238
7,619,0,1,1628.872274
7,620,0,1,1616.407762
7,621,0,1,1633.338941
7,622,0,1,1935.827899
7,623,0,1,1688.011298
7,624,0,1,1767.235444
7,625,0,1,1698.217971
7,626,0,1,1956.720978
7,627,0,1,1855.06084
7,628,0,1,1747.085063
7,629,0,1,1662.64039
7,630,0,1,1774.062706
7,631,0,1,1659.685827
7,632,0,1,1617.19112
7,633,0,1,1790.271442
7,634,0,1,1729.151605
7,635,0,1,1736.249526
7,636,0,1,1636.745364
7,637,0,1,1773.974621
7,638,0,1,1627.270702
7,639,0,1,1668.032414
7,640,0,1,1592.303865
7,641,0,1,1641.407343
7,642,0,1,1604.710439
7,643,0,1,1919.803071
7,644,0,1,1784.024015
7,645,0,1,1859.822675
7,646,0,1,1765.973391
7,647,0,1,1685.592299
7,648,0,1,1657.667231
7,649,0,1,1827.224811
7,650,0,1,1712.45236
7,651,0,1,1697.405913
7,652,0,1,1593.530331
7,653,0,1,1893.063572
7,654,0,1,1695.071127
7,655,0,1,1732.332946
7,656,0,1,1721.584615
7,657,0,1,1751.07455
7,658,0,1,1595.92213
7,659,0,1,1595.18972
7,660,0,1,1708.542902
7,661,0,1,1756.040048
7,662,0,1,1618.474176
7,663,0,1,2193.653048
7,664,0,1,2044.471618
7,665,0,1,1734.437416
7,666,0,1,1621.448105
7,667,0,1,1734.51765
7,668,0,1,1922.564364
7,669,0,1,1818.091338
7,670,0,1,1636.12329
7,671,0,1,1783.96559
7,672,0,1,1635.880524
7,673,0,1,1585.654538
7,674,0,1,1792.568293
7,675,0,1,1620.466179
7,676,0,1,1667.865812
7,677,0,1,1769.61675
7,678,0,1,1930.395979
7,679,0,1,1666.745823
7,680,0,1,1551.336943
7,681,0,1,1674.709181
7,682,0,1,1616.396072
7,683,0,1,1618.234453
7,684,0,1,1761.62032
7,685,0,1,1649.251969
7,686,0,1,1672.581845
7,687,0,1,1564.740942
7,688,0,1,1541.959808
7,689,0,1,1760.207308
7,690,0,1,1639.687839
7,691,0,1,1914.124324
7,692,0,1,1578.000554
7,693,0,1,1624.574209
7,694,0,1,1733.414821
7,695,0,1,1581.995994
7,696,0,1,1681.133499
7,697,0,1,1614.672927
7,698,0,1,1674.144373
7,699,0,1,1874.387884
7,700,0,1,1706.871059
7,701,0,1,1649.495211
7,702,0,1,1675.516686
7,703,0,1,1543.089372
7,704,0,1,1736.134273
7,705,0,1,1688.563928
7,706,0,1,1986.348143
7,707,0,1,1803.821128
7,708,0,1,1760.193906
7,709,0,1,1631.428832
7,710,0,1,1669.092101
7,711,0,1,1700.335877
7,712,0,1,1765.11507
7,713,0,1,1673.48563
7,714,0,1,1772.974653
7,715,0,1,1769.822492
7,716,0,1,1596.572836
7,717,0,1,1720.429722
7,718,0,1,1712.141857
7,719,0,1,1710.40346
7,720,0,1,1673.97218
7,721,0,1,1619.636157
7,722,0,1,1782.606883
7,723,0,1,1717.783052
7,724,0,1,1719.015831
7,725,0,1,1594.842319
7,726,0,1,1627.90045
7,727,0,1,1817.362046
7,728,0,1,1724.102882
7,729,0,1,1710.113448
7,730,0,1,1722.782044
7,731,0,1,1733.555666
7,732,0,1,1732.156312
7,733,0,1,1683.262501
7,734,0,1,1597.091573
7,735,0,1,2070.83549
7,736,0,1,1983.749733
7,737,0,1,1703.945081
7,738,0,1,1642.986163
7,739,0,1,1737.331662
7,740,0,1,1603.115169
7,741,0,1,1741.398515
7,742,0,1,1646.178962
7,743,0,1,1705.824747
7,744,0,1,1742.780536
7,745,0,1,1631.879823
7,746,0,1,1701.732962
7,747,0,1,1578.05201
7,748,0,1,1655.29697
7,749,0,1,1656.903501
7,750,0,1,1710.767561
7,751,0,1,1531.855551
7,752,0,1,1814.898176
7,753,0,1,1669.735591
7,754,0,1,1646.353618
7,755,0,1,1772.244828
7,756,0,1,1718.453836
7,757,0,1,1709.822488
7,758,0,1,1689.665652
7,759,0,1,1723.107557
7,760,0,1,1569.658594
7,761,0,1,1674.056956
7,762,0,1,1787.459238
7,763,0,1,1693.794545
7,764,0,1,1638.532206
7,765,0,1,1644.1487
7,766,0,1,1624.66844
7,767,0,1,1913.487015
7,768,0,1,1790.511102
7,769,0,1,1615.586682
7,770,0,1,1789.536314
7,771,0,1,1691.541207
7,772,0,1,1768.321387
7,773,0,1,1727.67599
7,774,0,1,1761.479456
7,775,0,1,2021.851348
7,776,0,1,1857.190764
7,777,0,1,1630.120532
7,778,0,1,1640.165705
7,779,0,1,1747.386578
7,780,0,1,1792.973438
7,781,0,1,1650.543397
7,782,0,1,1633.191235
7,783,0,1,1716.706764
7,784,0,1,2018.915915
7,785,0,1,1783.002577
7,786,0,1,1868.767968
7,787,0,1,1659.311688
7,788,0,1,1750.550162
7,789,0,1,1720.510767
7,790,0,1,1649.225342
7,791,0,1,1788.622718
7,792,0,1,1871.282394
7,793,0,1,1807.228415
7,794,0,1,1598.411386
7,795,0,1,1719.504495
7,796,0,1,1700.744936
7,797,0,1,1617.075181
7,798,0,1,1831.959629
7,799,0,1,1630.789744
7,800,0,1,1803.782331
7,801,0,1,1728.51039
7,802,0,1,1733.286499
7,803,0,1,1661.791787
7,804,0,1,1702.649176
7,805,0,1,1740.174912
7,806,0,1,1666.602666
7,807,0,1,1664.304994
7,808,0,1,1931.045377
7,809,0,1,1725.53654
7,810,0,1,1666.516628
7,811,0,1,1869.590293
7,812,0,1,1732.488678
7,813,0,1,1621.22303
7,814,0,1,1742.793991
7,815,0,1,1875.142721
7,816,0,1,1889.105149
7,817,0,1,1679.685972
7,818,0,1,1834.506572
7,819,0,1,1663.443487
7,820,0,1,1748.345206
7,821,0,1,1702.449143
7,822,0,1,2044.194078
7,823,0,1,1780.916978
7,824,0,1,1702.177366
7,825,0,1,1638.521057
7,826,0,1,1803.754391
7,827,0,1,1759.309875
7,828,0,1,1588.759396
7,829,0,1,1594.181595
7,830,0,1,1576.982161
7,831,0,1,1902.945049
7,832,0,1,1784.208823
7,833,0,1,1687.449523
7,834,0,1,1828.602146
7,835,0,1,1656.978922
7,836,0,1,2026.758965
7,837,0,1,1634.741997
7,838,0,1,1608.940809
7,839,0,1,1817.845894
7,840,0,1,1684.579304
7,841,0,1,1796.258658
7,842,0,1,1628.736952
7,843,0,1,1658.643066
7,844,0,1,1533.758082
7,845,0,1,1613.127462
7,846,0,1,1690.890017
7,847,0,1,1717.708879
7,848,0,1,1716.686009
7,849,0,1,1673.751402
7,850,0,1,1691.596186
7,851,0,1,1630.540802
7,852,0,1,1667.198038
7,853,0,1,1654.715652
7,854,0,1,1866.179932
7,855,0,1,1555.111798
7,856,0,1,1668.858199
7,857,0,1,1618.970752
7,858,0,1,1760.748539
7,859,0,1,1791.88445
7,860,0,1,1777.368761
7,861,0,1,1750.99939
7,862,0,1,1866.359404
7,863,0,1,1684.13863
7,864,0,1,1758.305869
7,865,0,1,1579.008109
7,866,0,1,1606.032091
7,867,0,1,1687.010828
7,868,0,1,1623.926334
7,869,0,1,1526.629068
7,870,0,1,1650.320288
7,871,0,1,1850.627961
7,872,0,1,1703.724234
7,873,0,1,1623.906853
7,874,0,1,1731.563531
7,875,0,1,1684.965653
7,876,0,1,1827.803069
7,877,0,1,1721.925746
7,878,0,1,1563.555051
7,879,0,1,1796.198032
7,880,0,1,1670.454002
7,881,0,1,1706.37205
7,882,0,1,1601.033919
7,883,0,1,1599.882769
7,884,0,1,1618.553387
7,885,0,1,1625.160148
7,886,0,1,1565.97939
7,887,0,1,1667.62035
7,888,0,1,1719.331444
7,889,0,1,1696.886117
7,890,0,1,1718.322143
7,891,0,1,1802.977178
7,892,0,1,1564.847168
7,893,0,1,1553.47471
7,894,0,1,1668.233637
7,895,0,1,1809.612584
7,896,0,1,1637.833184
7,897,0,1,1578.31786
7,898,0,1,1771.530017
7,899,0,1,1676.473988
7,900,0,1,1877.268111
7,901,0,1,1757.902178
7,902,0,1,1692.709812
7,903,0,1,1726.675421
7,904,0,1,1653.987748
7,905,0,1,1661.788074
7,906,0,1,1967.361812
7,907,0,1,1597.627459
7,908,0,1,1974.026609
7,909,0,1,1747.502524
7,910,0,1,1586.881993
7,911,0,1,1767.032898
7,912,0,1,1707.138487
7,913,0,1,1812.235404
7,914,0,1,1695.01737
7,915,0,1,1946.298922
7,916,0,1,1818.966945
7,917,0,1,1600.313832
7,918,0,1,1687.622647
7,919,0,1,1652.849526
7,920,0,1,1683.266266
7,921,0,1,1795.309882
7,922,0,1,1955.670275
7,923,0,1,1663.975553
7,924,0,1,1880.396106
7,925,0,1,1677.465808
7,926,0,1,1704.116315
7,927,0,1,1663.020501
7,928,0,1,1599.499222
7,929,0,1,1684.717495
7,930,0,1,1655.049707
7,931,0,1,1595.915162
7,932,0,1,1820.280419
7,933,0,1,1741.348693
7,934,0,1,1617.287429
7,935,0,1,1701.148559
7,936,0,1,1789.942073
7,937,0,1,1551.190378
7,938,0,1,1843.631516
7,939,0,1,1667.024741
7,940,0,1,1534.986241
7,941,0,1,1612.66384
7,942,0,1,1869.532944
7,943,0,1,1749.05694
7,944,0,1,1601.568138
7,945,0,1,1891.388475
7,946,0,1,1628.057437
7,947,0,1,1701.122306
7,948,0,1,1788.293316
7,949,0,1,1594.363377
7,950,0,1,1704.935794
7,951,0,1,2012.026203
7,952,0,1,1879.194415
7,953,0,1,1663.375137
7,954,0,1,1700.952293
7,955,0,1,1737.162953
7,956,0,1,1595.812003
7,957,0,1,1638.357851
7,958,0,1,1569.769747
7,959,0,1,1575.392173
7,960,0,1,1783.102543
7,961,0,1,1710.387673
7,962,0,1,1658.654291
7,963,0,1,1633.724873
7,964,0,1,1740.230313
7,965,0,1,1640.496338
7,966,0,1,1774.681309
7,967,0,1,1594.216727
7,968,0,1,1670.085675
7,969,0,1,1789.560531
7,970,0,1,1925.69238
7,971,0,1,2053.911332
7,972,0,1,1650.321705
7,973,0,1,1646.185693
7,974,0,1,1802.64786
7,975,0,1,1681.735944
7,976,0,1,1688.689693
7,977,0,1,1635.34323
7,978,0,1,1828.790915
7,979,0,1,1627.27816
7,980,0,1,1730.546419
7,981,0,1,1661.571748
7,982,0,1,1754.324197
7,983,0,1,1890.900764
7,984,0,1,1699.47716
7,985,0,1,1786.844606
7,986,0,1,1631.436568
7,987,0,1,1671.478545
7,988,0,1,1688.843185
7,989,0,1,1796.270308
7,990,0,1,1706.506662
7,991,0,1,1751.777495
7,992,0,1,1609.780345
7,993,0,1,1716.384744
7,994,0,1,1616.894107
7,995,0,1,1777.012669
7,996,0,1,1535.94392
7,997,0,1,1644.383501
7,998,0,1,1716.809979
7,999,0,1,1624.91408
8,0,0,1,1709.998772
8,1,0,1,1608.401417
8,2,0,1,1587.641247
8,3,0,1,1938.82686
8,4,0,1,1738.617807
8,5,0,1,1687.22769
8,6,0,1,1653.493825
8,7,0,1,1963.812633
8,8,0,1,1958.482754
8,9,0,1,1694.718484
8,10,0,1,1606.444348
8,11,0,1,1617.512259
8,12,0,1,1708.69172
8,13,0,1,1867.908954
8,14,0,1,1659.529212
8,15,0,1,1686.245917
8,16,0,1,1681.96844
8,17,0,1,1728.19089
8,18,0,1,1885.580352
8,19,0,1,1907.525251
8,20,0,1,1580.660003
8,21,0,1,1651.072252
8,22,0,1,1634.416003
8,23,0,1,1895.597286
8,24,0,1,1643.499051
8,25,0,1,1672.495454
8,26,0,1,1796.389101
8,27,0,1,1592.74036
8,28,0,1,1755.250985
8,29,0,1,1668.273283
8,30,0,1,1733.176817
8,31,0,1,1664.172956
8,32,0,1,1584.144791
8,33,0,1,1676.211348
8,34,0,1,1684.858545
8,35,0,1,1747.075539
8,36,0,1,1716.082817
8,37,0,1,1759.218073
8,38,0,1,1626.822128
8,39,0,1,1735.275823
8,40,0,1,1609.966078
8,41,0,1,1636.25592
8,42,0,1,1593.502887
8,43,0,1,1702.186434
8,44,0,1,1890.342956
8,45,0,1,1604.712003
8,46,0,1,1640.165714
8,47,0,1,1642.80492
8,48,0,1,1671.301775
8,49,0,1,1752.14019
8,50,0,1,1745.069137
8,51,0,1,1599.92953
8,52,0,1,1942.135331
8,53,0,1,1682.289258
8,54,0,1,1841.202548
8,55,0,1,1711.581037
8,56,0,1,1750.446032
8,57,0,1,1594.485047
8,58,0,1,1781.826083
8,59,0,1,1796.822814
8,60,0,1,1739.960785
8,61,0,1,1684.675771
8,62,0,1,1842.728545
8,63,0,1,1761.492276
8,64,0,1,1825.735692
8,65,0,1,1585.813312
8,66,0,1,1603.695948
8,67,0,1,1987.525663
8,68,0,1,1672.082416
8,69,0,1,1697.909546
8,70,0,1,1654.837845
8,71,0,1,1680.754414
8,72,0,1,1807.663064
8,73,0,1,1578.485539
8,74,0,1,1615.665817
8,75,0,1,1756.184702
8,76,0,1,1675.490099
8,77,0,1,1588.429735
8,78,0,1,1758.784466
8,79,0,1,1603.328156
8,80,0,1,1702.70489
8,81,0,1,1756.539358
8,82,0,1,1996.882565
8,83,0,1,1552.169784
8,84,0,1,1716.939629
8,85,0,1,1611.722947
8,86,0,1,1702.264091
8,87,0,1,1661.694457
8,88,0,1,1759.293324
8,89,0,1,1940.31591
8,90,0,1,1566.131927
8,91,0,1,1662.910024
8,92,0,1,1669.883951
8,93,0,1,1690.19389
8,94,0,1,1682.046746
8,95,0,1,1696.507543
8,96,0,1,1671.449114
8,97,0,1,1905.373505
8,98,0,1,1698.071885
8,99,0,1,1715.380759
8,100,0,1,1763.852404
8,101,0,1,1725.601623
8,102,0,1,1857.66213
8,103,0,1,1590.609124
8,104,0,1,1718.174735
8,105,0,1,1640.412898
8,106,0,1,1604.735851
8,107,0,1,1671.23829
8,108,0,1,1962.134407
8,109,0,1,1688.124371
8,110,0,1,1748.800761
8,111,0,1,1682.374273
8,112,0,1,1645.946609
8,113,0,1,1609.706792
8,114,0,1,1538.95252
8,115,0,1,1768.446535
8,116,0,1,1594.342594
8,117,0,1,1669.603452
8,118,0,1,1750.093627
8,119,0,1,1592.213322
8,120,0,1,1687.620172
8,121,0,1,1715.870608
8,122,0,1,1539.05411
8,123,0,1,1610.945619
8,124,0,1,1594.06251
8,125,0,1,1745.882644
8,126,0,1,1738.014071
8,127,0,1,1664.619619
8,128,0,1,1659.179267
8,129,0,1,1736.39384
8,130,0,1,1753.97097
8,131,0,1,1531.813719
8,132,0,1,1584.413603
8,133,0,1,1626.922925
8,134,0,1,1664.775531
8,135,0,1,1615.990378
8,136,0,1,1663.651666
8,137,0,1,1635.625999
8,138,0,1,1600.725689
8,139,0,1,1693.369192
8,140,0,1,1644.553784
8,141,0,1,1603.531648
8,142,0,1,1612.094794
8,143,0,1,1866.026655
8,144,0,1,1677.337903
8,145,0,1,1848.979682
8,146,0,1,1663.354055
8,147,0,1,1663.301253
8,148,0,1,1668.442336
8,149,0,1,1579.243961
8,150,0,1,1584.855606
8,151,0,1,1781.88974
8,152,0,1,1743.029539
8,153,0,1,1739.948869
8,154,0,1,1804.140261
8,155,0,1,1621.749287
8,156,0,1,1508.760471
8,157,0,1,1685.621948
8,158,0,1,1739.541961
8,159,0,1,1702.339177
8,160,0,1,1664.139789
8,161,0,1,1695.184293
8,162,0,1,1683.891908
8,163,0,1,1556.244651
8,164,0,1,1647.54241
8,165,0,1,1836.512917
8,166,0,1,1621.17507
8,167,0,1,1666.448088
8,168,0,1,1728.135707
8,169,0,1,1711.061948
8,170,0,1,1544.851281
8,171,0,1,1562.550459
8,172,0,1,1739.231489
8,173,0,1,1624.674148
8,174,0,1,1668.098324
8,175,0,1,1591.720312
8,176,0,1,1650.723053
8,177,0,1,1618.728663
8,178,0,1,1815.381342
8,179,0,1,1629.348254
8,180,0,1,1711.93164
8,181,0,1,1891.293114
8,182,0,1,1802.693489
8,183,0,1,1616.643865
8,184,0,1,1705.974861
8,185,0,1,1730.372637
8,186,0,1,1651.567549
8,187,0,1,1719.986699
8,188,0,1,1656.279876
8,189,0,1,1726.635015
8,190,0,1,1755.756097
8,191,0,1,1708.32895
8,192,0,1,1617.705275
8,193,0,1,1635.881365
8,194,0,1,2109.739836
8,195,0,1,1666.720841
8,196,0,1,2089.521069
8,197,0,1,1764.05113
8,198,0,1,1931.462702
8,199,0,1,1644.021656
8,200,0,1,1674.066162
8,201,0,1,1639.434569
8,202,0,1,1746.900367
8,203,0,1,1625.042562
8,204,0,1,1655.343175
8,205,0,1,1736.501976
8,206,0,1,1620.494996
8,207,0,1,1694.327543
8,208,0,1,1573.869522
8,209,0,1,1774.977056
8,210,0,1,1756.983018
8,211,0,1,1747.853419
8,212,0,1,1610.008632
8,213,0,1,1689.706901
8,214,0,1,1755.429447
8,215,0,1,1625.933708
8,216,0,1,1642.119523
8,217,0,1,1831.672139
8,218,0,1,1955.836189
8,219,0,1,1805.767214
8,220,0,1,1617.936472
8,221,0,1,1655.862941
8,222,0,1,1706.838319
8,223,0,1,1683.224842
8,224,0,1,1743.834488
8,225,0,1,1650.978068
8,226,0,1,1738.40846
8,227,0,1,1774.53272
8,228,0,1,1659.146545
8,229,0,1,1548.755068
8,230,0,1,1682.874468
8,231,0,1,1641.446245
8,232,0,1,1927.934884
8,233,0,1,1771.467007
8,234,0,1,1706.610701
8,235,0,1,1709.99334
8,236,0,1,1648.561749
8,237,0,1,1663.790662
8,238,0,1,1706.666467
8,239,0,1,1846.854057
8,240,0,1,1774.222568
8,241,0,1,1557.736415
8,242,0,1,1769.844121
8,243,0,1,1647.652474
8,244,0,1,1782.475073
8,245,0,1,1597.672828
8,246,0,1,1664.146451
8,247,0,1,1887.838942
8,248,0,1,1635.050489
8,249,0,1,1611.816771
8,250,0,1,1694.632484
8,251,0,1,1765.648099
8,252,0,1,1646.52497
8,253,0,1,1737.65843
8,254,0,1,1728.956998
8,255,0,1,1828.798228
8,256,0,1,1682.463553
8,257,0,1,1655.453766
8,258,0,1,1604.799961
8,259,0,1,1651.645077
8,260,0,1,1715.170275
8,261,0,1,1729.985076
8,262,0,1,1905.290294
8,263,0,1,1626.205144
8,264,0,1,1554.782698
8,265,0,1,1751.761867
8,266,0,1,1951.455643
8,267,0,1,1624.12165
8,268,0,1,1764.692375
8,269,0,1,2255.504529
8,270,0,1,1707.262455
8,271,0,1,1574.648954
8,272,0,1,1608.101442
8,273,0,1,1813.92427
8,274,0,1,1652.584899
8,275,0,1,1677.695051
8,276,0,1,1673.122405
8,277,0,1,1771.384159
8,278,0,1,1614.640076
8,279,0,1,1559.432296
8,280,0,1,1577.362036
8,281,0,1,1624.104678
8,282,0,1,1624.824621
8,283,0,1,1702.566017
8,284,0,1,1661.744965
8,285,0,1,1643.938277
8,286,0,1,1936.350518
8,287,0,1,1628.917632
8,288,0,1,1711.195088
8,289,0,1,1996.365703
8,290,0,1,1597.62345
8,291,0,1,1645.6164
8,292,0,1,1678.345696
8,293,0,1,1794.23833
8,294,0,1,1620.549954
8,295,0,1,1602.852385
8,296,0,1,1606.795814
8,297,0,1,1715.416164
8,298,0,1,1638.222131
8,299,0,1,1626.423762
8,300,0,1,1644.214615
8,301,0,1,1633.040016
8,302,0,1,1646.322609
8,303,0,1,1591.346709
8,304,0,1,1742.297328
8,305,0,1,1675.45332
8,306,0,1,1728.675284
8,307,0,1,1695.393847
8,308,0,1,1699.999687
8,309,0,1,1837.868023
8,310,0,1,1801.969859
8,311,0,1,1650.606231
8,312,0,1,1561.744908
8,313,0,1,2248.90944
8,314,0,1,2161.07334
8,315,0,1,1681.374078
8,316,0,1,1829.961789
8,317,0,1,1778.178526
8,318,0,1,1813.117761
8,319,0,1,1683.437994
8,320,0,1,1680.339883
8,321,0,1,1617.41206
8,322,0,1,1603.018187
8,323,0,1,1704.990607
8,324,0,1,1704.981835
8,325,0,1,1717.683607
8,326,0,1,1699.379184
8,327,0,1,1697.061379
8,328,0,1,1823.214026
8,329,0,1,1913.337234
8,330,0,1,1920.228573
8,331,0,1,1606.110214
8,332,0,1,1870.405109
8,333,0,1,1629.000093
8,334,0,1,1696.169234
8,335,0,1,1671.564201
8,336,0,1,1720.070582
8,337,0,1,1567.952963
8,338,0,1,1656.727174
8,339,0,1,1821.347956
8,340,0,1,1626.791787
8,341,0,1,1670.91235
8,342,0,1,1578.377441
8,343,0,1,1679.925466
8,344,0,1,1594.23497
8,345,0,1,1656.64766
8,346,0,1,1832.695013
8,347,0,1,1670.48499
8,348,0,1,1883.389245
8,349,0,1,1684.340414
8,350,0,1,1621.582937
8,351,0,1,1879.60745
8,352,0,1,1635.284634
8,353,0,1,1686.895619
8,354,0,1,1695.344934
8,355,0,1,1612.147933
8,356,0,1,1977.984063
8,357,0,1,1660.866273
8,358,0,1,1653.423276
8,359,0,1,1744.189125
8,360,0,1,1683.980847
8,361,0,1,1715.978299
8,362,0,1,1541.504437
8,363,0,1,1779.906469
8,364,0,1,1744.08792
8,365,0,1,1665.224102
8,366,0,1,1631.55092
8,367,0,1,1674.138219
8,368,0,1,1573.630378
8,369,0,1,1661.644225
8,370,0,1,1753.371389
8,371,0,1,1613.198026
8,372,0,1,1612.804929
8,373,0,1,1693.824046
8,374,0,1,1637.873213
8,375,0,1,1735.339437
8,376,0,1,1603.010793
8,377,0,1,1555.772258
8,378,0,1,1637.603221
8,379,0,1,1759.030792
8,380,0,1,1745.499472
8,381,0,1,1569.034943
8,382,0,1,1794.722539
8,383,0,1,1797.525627
8,384,0,1,1722.313012
8,385,0,1,1907.140036
8,386,0,1,1727.358468
8,387,0,1,1602.515181
8,388,0,1,1613.990883
8,389,0,1,1769.639098
8,390,0,1,1779.056726
8,391,0,1,1691.296422
8,392,0,1,1657.510457
8,393,0,1,1688.807788
8,394,0,1,1721.328273
8,395,0,1,1606.708899
8,396,0,1,1780.471185
8,397,0,1,1677.969162
8,398,0,1,1599.415197
8,399,0,1,1763.389819
8,400,0,1,1945.885937
8,401,0,1,1788.252494
8,402,0,1,1639.528214
8,403,0,1,1622.621019
8,404,0,1,1845.022253
8,405,0,1,1752.885204
8,406,0,1,1599.654345
8,407,0,1,1682.656785
8,408,0,1,1637.371938
8,409,0,1,2037.167168
8,410,0,1,1779.23627
8,411,0,1,1770.574926
8,412,0,1,1620.380151
8,413,0,1,1874.375907
8,414,0,1,1644.496716
8,415,0,1,1766.847516
8,416,0,1,1709.480938
8,417,0,1,1688.153182
8,418,0,1,1741.132204
8,419,0,1,1842.462775
8,420,0,1,1665.242788
8,421,0,1,1659.885914
8,422,0,1,1755.31256
8,423,0,1,1791.109081
8,424,0,1,1684.232336
8,425,0,1,1568.798296
8,426,0,1,1651.550981
8,427,0,1,1667.429971
8,428,0,1,1568.173114
8,429,0,1,1986.874625
8,430,0,1,1557.37454
8,431,0,1,1588.958275
8,432,0,1,1696.942656
8,433,0,1,1626.88132
8,434,0,1,1652.040108
8,435,0,1,1687.416109
8,436,0,1,1705.340415
8,437,0,1,1538.68601
8,438,0,1,1658.396857
8,439,0,1,1632.697986
8,440,0,1,1662.456478
8,441,0,1,1714.140916
8,442,0,1,1693.007388
8,443,0,1,1651.838196
8,444,0,1,1742.951492
8,445,0,1,1646.615608
8,446,0,1,1596.302101
8,447,0,1,1717.546596
8,448,0,1,1581.279716
8,449,0,1,1907.825121
8,450,0,1,1545.435323
8,451,0,1,1838.649231
8,452,0,1,1644.90989
8,453,0,1,1597.935701
8,454,0,1,1928.878621
8,455,0,1,1772.157964
8,456,0,1,1892.230862
8,457,0,1,1753.500423
8,458,0,1,1813.946342
8,459,0,1,1719.976427
8,460,0,1,1676.810684
8,461,0,1,1603.987473
8,462,0,1,2014.633755
8,463,0,1,1618.588774
8,464,0,1,1568.064607
8,465,0,1,1732.597307
8,466,0,1,1819.482345
8,467,0,1,1638.098234
8,468,0,1,1775.148698
8,469,0,1,1789.790419
8,470,0,1,1724.660451
8,471,0,1,1665.722501
8,472,0,1,1661.083526
8,473,0,1,1661.100179
8,474,0,1,1624.147466
8,475,0,1,1617.536231
8,476,0,1,1619.641357
8,477,0,1,1638.328926
8,478,0,1,1665.139403
8,479,0,1,1829.34003
8,480,0,1,1642.084734
8,481,0,1,1673.708768
8,482,0,1,1722.765287
8,483,0,1,1584.800906
8,484,0,1,1765.179748
8,485,0,1,1664.871871
8,486,0,1,1588.811629
8,487,0,1,1863.380424
8,488,0,1,1633.271559
8,489,0,1,1799.772955
8,490,0,1,1541.432464
8,491,0,1,1742.26345
8,492,0,1,1625.418943
8,493,0,1,1754.879078
8,494,0,1,1615.359627
8,495,0,1,1821.809223
8,496,0,1,1652.414938
8,497,0,1,1754.159413
8,498,0,1,1623.898675
8,499,0,1,1661.555812
8,500,0,1,1689.719591
8,501,0,1,1624.58514
8,502,0,1,1652.446955
8,503,0,1,1598.504694
8,504,0,1,1732.689157
8,505,0,1,1665.151326
8,506,0,1,1614.617694
8,507,0,1,1654.309072
8,508,0,1,1529.806562
8,509,0,1,1694.743321
8,510,0,1,1647.860022
8,511,0,1,1890.234316
8,512,0,1,1677.94801
8,513,0,1,1694.246209
8,514,0,1,1785.475231
8,515,0,1,2067.447635
8,516,0,1,1734.822111
8,517,0,1,1577.64549
8,518,0,1,1638.744706
8,519,0,1,1639.678442
8,520,0,1,1703.149038
8,521,0,1,1834.664829
8,522,0,1,2153.856672
8,523,0,1,1646.761086
8,524,0,1,1604.152504
8,525,0,1,1692.311026
8,526,0,1,1708.722532
8,527,0,1,1701.288762
8,528,0,1,1909.929623
8,529,0,1,1677.932328
8,530,0,1,1567.829725
8,531,0,1,1639.727959
8,532,0,1,1794.763087
8,533,0,1,1642.197367
8,534,0,1,1883.075555
8,535,0,1,1691.03468
8,536,0,1,1637.020752
8,537,0,1,1708.066852
8,538,0,1,1745.30584
8,539,0,1,1800.775753
8,540,0,1,1723.574173
8,541,0,1,1618.033363
8,542,0,1,1754.75512
8,543,0,1,1620.093317
8,544,0,1,1603.605833
8,545,0,1,1865.387701
8,546,0,1,1694.363461
8,547,0,1,1756.193241
8,548,0,1,1722.31136
8,549,0,1,1662.486584
8,550,0,1,1682.758375
8,551,0,1,1660.4668
8,552,0,1,1747.150363
8,553,0,1,1833.93092
8,554,0,1,1863.659413
8,555,0,1,1659.772278
8,556,0,1,1736.884074
8,557,0,1,1751.291173
8,558,0,1,1697.345154
8,559,0,1,1910.227621
8,560,0,1,1795.449068
8,561,0,1,1661.931891
8,562,0,1,1822.077486
8,563,0,1,1691.423461
8,564,0,1,1652.657887
8,565,0,1,1763.693033
8,566,0,1,1881.802157
8,567,0,1,1899.155027
8,568,0,1,1812.200429
8,569,0,1,1606.780217
8,570,0,1,1669.656706
8,571,0,1,1821.119158
8,572,0,1,1656.221717
8,573,0,1,1642.817299
8,574,0,1,1645.374878
8,575,0,1,1596.468058
8,576,0,1,1733.332716
8,577,0,1,1615.785045
8,578,0,1,1591.5632
8,579,0,1,1843.244063
8,580,0,1,1667.725217
8,581,0,1,1731.400641
8,582,0,1,1771.961739
8,583,0,1,1707.375981
8,584,0,1,1689.534691
8,585,0,1,1715.093988
8,586,0,1,1889.896149
8,587,0,1,1928.222459
8,588,0,1,1778.708436
8,589,0,1,1829.512618
8,590,0,1,1593.249416
8,591,0,1,1711.248642
8,592,0,1,1519.741701
8,593,0,1,1711.277548
8,594,0,1,1708.652732
8,595,0,1,1812.347352
8,596,0,1,1606.478864
8,597,0,1,1717.147066
8,598,0,1,1644.201304
8,599,0,1,1679.753865
8,600,0,1,1673.536153
8,601,0,1,1714.252222
8,602,0,1,1637.463366
8,603,0,1,1652.29335
8,604,0,1,1605.419609
8,605,0,1,1717.433251
8,606,0,1,1534.322298
8,607,0,1,1737.64645
8,608,0,1,1783.794511
8,609,0,1,1790.777022
8,610,0,1,1646.932609
8,611,0,1,1687.966852
8,612,0,1,1690.75216
8,613,0,1,1769.57022
8,614,0,1,1796.781752
8,615,0,1,1750.31377
8,616,0,1,1601.626707
8,617,0,1,1637.400073
8,618,0,1,1659.381093
8,619,0,1,1613.776557
8,620,0,1,1616.233837
8,621,0,1,1606.277519
8,622,0,1,1709.784083
8,623,0,1,1730.384096
8,624,0,1,1637.343763
8,625,0,1,1726.245606
8,626,0,1,1767.850823
8,627,0,1,1609.095567
8,628,0,1,1573.930499
8,629,0,1,1579.763656
8,630,0,1,1708.67761
8,631,0,1,1676.153193
8,632,0,1,1570.973591
8,633,0,1,1667.471194
8,634,0,1,1556.879048
8,635,0,1,1791.967164
8,636,0,1,1723.191241
8,637,0,1,1721.492083
8,638,0,1,1890.260272
8,639,0,1,1675.277112
8,640,0,1,1705.88546
8,641,0,1,1844.794498
8,642,0,1,1509.857699
8,643,0,1,1597.590099
8,644,0,1,1652.807919
8,645,0,1,1744.301456
8,646,0,1,1675.379274
8,647,0,1,1644.849205
8,648,0,1,1880.067392
8,649,0,1,1788.739904
8,650,0,1,1771.458593
8,651,0,1,1567.502675
8,652,0,1,2045.131298
8,653,0,1,1675.932696
8,654,0,1,1693.705828
8,655,0,1,1777.296162
8,656,0,1,1530.3972
8,657,0,1,1779.151533
8,658,0,1,1656.648682
8,659,0,1,1941.693508
8,660,0,1,1642.497644
8,661,0,1,1759.455874
8,662,0,1,1965.847745
8,663,0,1,1725.831494
8,664,0,1,1642.581489
8,665,0,1,1677.411745
8,666,0,1,1631.393698
8,667,0,1,1749.639471
8,668,0,1,1576.126674
8,669,0,1,1664.005249
8,670,0,1,1625.127741
8,671,0,1,1660.055032
8,672,0,1,1679.772544
8,673,0,1,1609.030954
8,674,0,1,1787.766813
8,675,0,1,1639.278291
8,676,0,1,1727.836637
8,677,0,1,1627.682591
8,678,0,1,1754.310655
8,679,0,1,1704.151495
8,680,0,1,1682.669545
8,681,0,1,1754.477885
8,682,0,1,1716.386462
8,683,0,1,1625.534973
8,684,0,1,1650.852593
8,685,0,1,1682.73286
8,686,0,1,1619.135002
8,687,0,1,1577.144862
8,688,0,1,1784.121999
8,689,0,1,1647.655649
8,690,0,1,1651.651696
8,691,0,1,1690.24883
8,692,0,1,1681.781721
8,693,0,1,1596.980953
8,694,0,1,1622.909557
8,695,0,1,1721.696658
8,696,0,1,1816.873787
8,697,0,1,1660.470028
8,698,0,1,1732.463314
8,699,0,1,1669.703186
8,700,0,1,1602.741848
8,701,0,1,1694.716985
8,702,0,1,1569.910638
8,703,0,1,1718.7493
8,704,0,1,1627.845583
8,705,0,1,1758.188671
8,706,0,1,1573.854369
8,707,0,1,1645.152541
8,708,0,1,1588.726732
8,709,0,1,1762.880089
8,710,0,1,1664.139509
8,711,0,1,1652.316815
8,712,0,1,1635.465445
8,713,0,1,1771.685372
8,714,0,1,1756.453333
8,715,0,1,1591.586717
8,716,0,1,1666.045149
8,717,0,1,1670.978735
8,718,0,1,1655.315266
8,719,0,1,1627.138214
8,720,0,1,1646.499223
8,721,0,1,1685.387308
8,722,0,1,1747.546651
8,723,0,1,1765.102645
8,724,0,1,1566.754535
8,725,0,1,1639.352556
8,726,0,1,1586.086429
8,727,0,1,1793.874867
8,728,0,1,1663.933637
8,729,0,1,1718.482557
8,730,0,1,1605.931448
8,731,0,1,1570.105592
8,732,0,1,1631.280854
8,733,0,1,1739.006626
8,734,0,1,1622.693471
8,735,0,1,1635.980652
8,736,0,1,1804.092144
8,737,0,1,1654.351311
8,738,0,1,1691.251002
8,739,0,1,1579.083833
8,740,0,1,1652.983416
8,741,0,1,2095.547129
8,742,0,1,1807.634779
8,743,0,1,1849.589426
8,744,0,1,1726.688643
8,745,0,1,1647.217163
8,746,0,1,1664.798741
8,747,0,1,1644.972741
8,748,0,1,1672.980179
8,749,0,1,1632.994094
8,750,0,1,1593.986852
8,751,0,1,1640.610651
8,752,0,1,1759.275283
8,753,0,1,1589.486859
8,754,0,1,1678.694834
8,755,0,1,1741.340521
8,756,0,1,1555.808354
8,757,0,1,1626.938093
8,758,0,1,1707.245192
8,759,0,1,1676.904228
8,760,0,1,1684.460096
8,761,0,1,1615.167925
8,762,0,1,1727.2082
8,763,0,1,1587.629289
8,764,0,1,1652.06968
8,765,0,1,1673.151372
8,766,0,1,1646.396249
8,767,0,1,1765.035681
8,768,0,1,1654.853309
8,769,0,1,1727.340286
8,770,0,1,1676.109464
8,771,0,1,1708.344002
8,772,0,1,1639.594272
8,773,0,1,1892.034087
8,774,0,1,1593.390079
8,775,0,1,1679.488539
8,776,0,1,1547.161613
8,777,0,1,1834.656915
8,778,0,1,1702.811749
8,779,0,1,1629.888885
8,780,0,1,1692.928322
8,781,0,1,1633.885692
8,782,0,1,1712.39462
8,783,0,1,1709.460604
8,784,0,1,1637.961388
8,785,0,1,1691.805738
8,786,0,1,1702.149126
8,787,0,1,1677.76824
8,788,0,1,1665.252012
8,789,0,1,1711.45163
8,790,0,1,1939.985703
8,791,0,1,1711.972136
8,792,0,1,1643.999266
8,793,0,1,1712.959906
8,794,0,1,1785.052344
8,795,0,1,1811.10189
8,796,0,1,1796.329722
8,797,0,1,1717.722647
8,798,0,1,1859.734471
8,799,0,1,1555.753581
8,800,0,1,1722.075881
8,801,0,1,1625.669034
8,802,0,1,1944.922612
8,803,0,1,1555.969795
8,804,0,1,1751.991076
8,805,0,1,1607.982629
8,806,0,1,1714.938995
8,807,0,1,1601.954605
8,808,0,1,1787.446001
8,809,0,1,1665.891215
8,810,0,1,1653.592612
8,811,0,1,1636.644791
8,812,0,1,1622.341477
8,813,0,1,1704.251893
8,814,0,1,1607.006928
8,815,0,1,1669.015832
8,816,0,1,1689.369661
8,817,0,1,2066.558176
8,818,0,1,1605.809825
8,819,0,1,1713.80841
8,820,0,1,1630.211306
8,821,0,1,1733.185281
8,822,0,1,1672.070925
8,823,0,1,1606.399804
8,824,0,1,1692.548605
8,825,0,1,1694.271248
8,826,0,1,1571.861174
8,827,0,1,1764.43658
8,828,0,1,1859.23833
8,829,0,1,1704.65835
8,830,0,1,1961.528916
8,831,0,1,1749.318783
8,832,0,1,1611.188032
8,833,0,1,1874.732295
8,834,0,1,1566.902365
8,835,0,1,1605.450151
8,836,0,1,1685.701059
8,837,0,1,1684.386478
8,838,0,1,1885.184242
8,839,0,1,1782.173128
8,840,0,1,1732.09561
8,841,0,1,1585.959942
8,842,0,1,1699.155981
8,843,0,1,1623.458467
8,844,0,1,1725.21089
8,845,0,1,1675.539223
8,846,0,1,1739.537834
8,847,0,1,1711.315177
8,848,0,1,1600.306419
8,849,0,1,1649.986096
8,850,0,1,1549.524123
8,851,0,1,1598.651202
8,852,0,1,1581.758775
8,853,0,1,1779.203314
8,854,0,1,1638.084949
8,855,0,1,1667.193139
8,856,0,1,1638.727172
8,857,0,1,1638.056424
8,858,0,1,1652.336909
8,859,0,1,1677.68925
8,860,0,1,1780.559744
8,861,0,1,1700.429493
8,862,0,1,1692.534391
8,863,0,1,1704.970484
8,864,0,1,1642.822832
8,865,0,1,1616.748746
8,866,0,1,1718.190461
8,867,0,1,1643.935773
8,868,0,1,1750.415824
8,869,0,1,1929.577977
8,870,0,1,1754.391248
8,871,0,1,1638.919429
8,872,0,1,1671.813159
8,873,0,1,1627.477682
8,874,0,1,1730.303846
8,875,0,1,1671.186145
8,876,0,1,1659.922373
8,877,0,1,1674.795544
8,878,0,1,1609.037537
8,879,0,1,1789.367365
8,880,0,1,1659.295801
8,881,0,1,1880.365799
8,882,0,1,1627.561746
8,883,0,1,1665.424994
8,884,0,1,1555.592614
8,885,0,1,1774.41156
8,886,0,1,1951.413857
8,887,0,1,1667.020371
8,888,0,1,1827.327336
8,889,0,1,1550.979626
8,890,0,1,1642.768319
8,891,0,1,1770.959722
8,892,0,1,1674.784511
8,893,0,1,1839.790794
8,894,0,1,1687.794854
8,895,0,1,1672.602727
8,896,0,1,1852.815425
8,897,0,1,1613.855241
8,898,0,1,1689.307561
8,899,0,1,1605.10841
8,900,0,1,1771.378437
8,901,0,1,1884.807235
8,902,0,1,1721.965327
8,903,0,1,1651.086879
8,904,0,1,1884.019874
8,905,0,1,1840.523446
8,906,0,1,1594.69079
8,907,0,1,1615.052123
8,908,0,1,1732.604017
8,909,0,1,1604.495625
8,910,0,1,1714.721889
8,911,0,1,1637.251408
8,912,0,1,1599.356275
8,913,0,1,1699.490485
8,914,0,1,1671.121058
8,915,0,1,1670.853025
8,916,0,1,1651.550666
8,917,0,1,1634.554845
8,918,0,1,1886.606053
8,919,0,1,1756.544988
8,920,0,1,1730.966964
8,921,0,1,1706.7528
8,922,0,1,1594.888135
8,923,0,1,1899.670634
8,924,0,1,1633.039019
8,925,0,1,1577.370364
8,926,0,1,1696.842663
8,927,0,1,1836.04656
8,928,0,1,1800.116089
8,929,0,1,1638.190287
8,930,0,1,1754.206291
8,931,0,1,1653.651142
8,932,0,1,1597.493249
8,933,0,1,1634.697825
8,934,0,1,1781.849197
8,935,0,1,1638.618267
8,936,0,1,1638.009667
8,937,0,1,1664.653216
8,938,0,1,1617.161239
8,939,0,1,1773.285608
8,940,0,1,2057.804332
8,941,0,1,1696.745002
8,942,0,1,1713.360994
8,943,0,1,1903.278406
8,944,0,1,1587.902663
8,945,0,1,1640.202983
8,946,0,1,1572.589141
8,947,0,1,1632.507531
8,948,0,1,1696.754974
8,949,0,1,1605.96435
8,950,0,1,1756.865372
8,951,0,1,1605.201717
8,952,0,1,1602.398126
8,953,0,1,1559.804071
8,954,0,1,1599.112001
8,955,0,1,1620.618771
8,956,0,1,1707.681516
8,957,0,1,1623.377061
8,958,0,1,1603.755744
8,959,0,1,2018.964445
8,960,0,1,1788.347273
8,961,0,1,1640.799489
8,962,0,1,1738.181522
8,963,0,1,1652.008514
8,964,0,1,1596.127669
8,965,0,1,1633.554589
8,966,0,1,1700.255149
8,967,0,1,1629.339555
8,968,0,1,1729.187147
8,969,0,1,1612.059067
8,970,0,1,1685.181731
8,971,0,1,1738.412144
8,972,0,1,1616.972822
8,973,0,1,1737.741534
8,974,0,1,1912.255646
8,975,0,1,1575.42101
8,976,0,1,1718.379716
8,977,0,1,1653.107581
8,978,0,1,1780.781527
8,979,0,1,1619.461158
8,980,0,1,1718.381391
8,981,0,1,1640.824082
8,982,0,1,1799.044383
8,983,0,1,1646.70986
8,984,0,1,1839.836027
8,985,0,1,1796.071667
8,986,0,1,1630.609541
8,987,0,1,1685.509195
8,988,0,1,1743.524044
8,989,0,1,1726.344228
8,990,0,1,1609.803115
8,991,0,1,1656.685612
8,992,0,1,1687.126279
8,993,0,1,1748.276446
8,994,0,1,1691.972076
8,995,0,1,1585.701767
8,996,0,1,1772.828996
8,997,0,1,1641.172388
8,998,0,1,1794.959697
8,999,0,1,1842.648338
9,0,0,1,1783.220923
9,1,0,1,1767.43186
9,2,0,1,1849.039519
9,3,0,1,1678.45682
9,4,0,1,1789.597016
9,5,0,1,1610.30269
9,6,0,1,1777.025965
9,7,0,1,1728.943461
9,8,0,1,1622.18047
9,9,0,1,1661.535686
9,10,0,1,1774.932648
9,11,0,1,1575.393888
9,12,0,1,1756.68301
9,13,0,1,1663.282021
9,14,0,1,1810.237128
9,15,0,1,1896.40295
9,16,0,1,1692.888375
9,17,0,1,1732.244623
9,18,0,1,1602.810187
9,19,0,1,1596.151813
9,20,0,1,1663.739918
9,21,0,1,1630.55565
9,22,0,1,1869.781193
9,23,0,1,1572.050957
9,24,0,1,1769.192511
9,25,0,1,1660.509076
9,26,0,1,1625.888874
9,27,0,1,1598.1536
9,28,0,1,1699.791978
9,29,0,1,1829.067801
9,30,0,1,1677.309156
9,31,0,1,1636.051663
9,32,0,1,1828.478901
9,33,0,1,1748.705486
9,34,0,1,1729.969383
9,35,0,1,1737.99409
9,36,0,1,1615.141481
9,37,0,1,1711.669233
9,38,0,1,1625.041765
9,39,0,1,1680.609441
9,40,0,1,1692.572765
9,41,0,1,1734.472678
9,42,0,1,1754.713461
9,43,0,1,1648.328584
9,44,0,1,1528.984056
9,45,0,1,1679.270443
9,46,0,1,1698.487938
9,47,0,1,1699.92907
9,48,0,1,1608.816118
9,49,0,1,1584.304042
9,50,0,1,1711.726009
9,51,0,1,1713.700151
9,52,0,1,1683.523727
9,53,0,1,1692.997714
9,54,0,1,1649.053606
9,55,0,1,1701.240055
9,56,0,1,1897.70809
9,57,0,1,1564.718338
9,58,0,1,1809.086584
9,59,0,1,1628.063058
9,60,0,1,1596.374637
9,61,0,1,1700.876192
9,62,0,1,1748.837118
9,63,0,1,1862.152553
9,64,0,1,1878.780845
9,65,0,1,1700.759397
9,66,0,1,1803.622984
9,67,0,1,1696.623989
9,68,0,1,1669.235101
9,69,0,1,1671.514661
9,70,0,1,1804.933475
9,71,0,1,1624.677917
9,72,0,1,1646.523775
9,73,0,1,1835.314635
9,74,0,1,1778.12257
9,75,0,1,1585.496741
9,76,0,1,1708.35484
9,77,0,1,1608.870766
9,78,0,1,1604.185729
9,79,0,1,1733.638185
9,80,0,1,1807.159459
9,81,0,1,1868.363466
9,82,0,1,1768.171227
9,83,0,1,1561.919183
9,84,0,1,1688.636898
9,85,0,1,1685.514707
9,86,0,1,1529.809949
9,87,0,1,1966.082022
9,88,0,1,1582.453974
9,89,0,1,1780.67262
9,90,0,1,1757.590521
9,91,0,1,1619.554569
9,92,0,1,1719.244794
9,93,0,1,1765.830061
9,94,0,1,1677.177073
9,95,0,1,1635.597156
9,96,0,1,1673.723676
9,97,0,1,1669.986372
9,98,0,1,1693.711368
9,99,0,1,1778.051571
9,100,0,1,1694.627273
9,101,0,1,1624.707438
9,102,0,1,1621.980826
9,103,0,1,1858.374634
9,104,0,1,1654.44416
9,105,0,1,1795.071081
9,106,0,1,1594.483544
9,107,0,1,1917.638894
9,108,0,1,1526.602797
9,109,0,1,1633.736957
9,110,0,1,1787.930248
9,111,0,1,1676.211236
9,112,0,1,1694.725509
9,113,0,1,1903.590517
9,114,0,1,1690.03854
9,115,0,1,1982.8955
9,116,0,1,1730.197992
9,117,0,1,1648.095342
9,118,0,1,1883.879184
9,119,0,1,1562.318438
9,120,0,1,1654.362357
9,121,0,1,1638.117698
9,122,0,1,1651.98385
9,123,0,1,1624.80152
9,124,0,1,1610.873479
9,125,0,1,1589.00372
9,126,0,1,1718.207455
9,127,0,1,1702.011314
9,128,0,1,1764.027222
9,129,0,1,1618.887636
9,130,0,1,1630.92223
9,131,0,1,1768.896905
9,132,0,1,1697.911684
9,133,0,1,1780.520209
9,134,0,1,1760.271599
9,135,0,1,1604.440563
9,136,0,1,1673.026317
9,137,0,1,1669.99388
9,138,0,1,1773.505804
9,139,0,1,1617.748537
9,140,0,1,1616.337334
9,141,0,1,1687.085976
9,142,0,1,1678.374146
9,143,0,1,1683.850635
9,144,0,1,1569.051349
9,145,0,1,1574.798986
9,146,0,1,1762.607085
9,147,0,1,1691.834503
9,148,0,1,1635.645896
9,149,0,1,1698.688365
9,150,0,1,1712.387125
9,151,0,1,1545.488773
9,152,0,1,1668.436564
9,153,0,1,1713.757361
9,154,0,1,1706.388179
9,155,0,1,1596.854525
9,156,0,1,1622.748186
9,157,0,1,1786.693603
9,158,0,1,1724.542756
9,159,0,1,1784.445966
9,160,0,1,1823.158477
9,161,0,1,1659.351513
9,162,0,1,1610.900673
9,163,0,1,2136.99068
9,164,0,1,1870.367256
9,165,0,1,1692.783594
9,166,0,1,1719.166243
9,167,0,1,1626.542467
9,168,0,1,1764.168296
9,169,0,1,1624.724062
9,170,0,1,1730.730826
9,171,0,1,1692.07212
9,172,0,1,1656.446685
9,173,0,1,1814.98089
9,174,0,1,1736.71133
9,175,0,1,1631.096693
9,176,0,1,1700.257309
9,177,0,1,1704.744482
9,178,0,1,1780.753924
9,179,0,1,1807.302676
9,180,0,1,1615.80596
9,181,0,1,1697.941071
9,182,0,1,1871.378571
9,183,0,1,1633.933929
9,184,0,1,1570.107346
9,185,0,1,1679.400782
9,186,0,1,1582.245628
9,187,0,1,1810.917116
9,188,0,1,1837.696871
9,189,0,1,2130.31123
9,190,0,1,1773.819687
9,191,0,1,1641.762744
9,192,0,1,1716.619411
9,193,0,1,1784.731631
9,194,0,1,1705.590627
9,195,0,1,1687.543844
9,196,0,1,1633.386519
9,197,0,1,1600.036663
9,198,0,1,1688.585958
9,199,0,1,1632.412815
9,200,0,1,1614.242869
9,201,0,1,1631.422868
9,202,0,1,1650.279233
9,203,0,1,1737.628788
9,204,0,1,1926.905131
9,205,0,1,1712.543135
9,206,0,1,1585.184461
9,207,0,1,1737.68307
9,208,0,1,1764.424393
9,209,0,1,1707.605483
9,210,0,1,1516.34573
9,211,0,1,1590.147006
9,212,0,1,1652.732088
9,213,0,1,1872.707562
9,214,0,1,1732.547801
9,215,0,1,1780.890894
9,216,0,1,1657.617627
9,217,0,1,1558.418616
9,218,0,1,1838.675647
9,219,0,1,1701.231087
9,220,0,1,1758.845961
9,221,0,1,1973.40374
9,222,0,1,1673.739293
9,223,0,1,1789.996233
9,224,0,1,1771.411092
9,225,0,1,1595.165086
9,226,0,1,1745.753105
9,227,0,1,1978.220396
9,228,0,1,1713.555063
9,229,0,1,1656.774291
9,230,0,1,1850.665134
9,231,0,1,1593.328441
9,232,0,1,1849.533692
9,233,0,1,1530.779209
9,234,0,1,1819.755106
9,235,0,1,1737.462395
9,236,0,1,1848.907794
9,237,0,1,1652.631322
9,238,0,1,1684.271008
9,239,0,1,1695.825161
9,240,0,1,1693.131841
9,241,0,1,1650.704577
9,242,0,1,1765.428322
9,243,0,1,1725.409828
9,244,0,1,1669.144886
9,245,0,1,1889.662609
9,246,0,1,1845.782779
9,247,0,1,1774.698592
9,248,0,1,1892.448048
9,249,0,1,1826.335904
9,250,0,1,1702.377978
9,251,0,1,1645.223175
9,252,0,1,1567.077752
9,253,0,1,1663.815307
9,254,0,1,1742.996418
9,255,0,1,1736.563544
9,256,0,1,1765.103859
9,257,0,1,1726.934726
9,258,0,1,1595.506501
9,259,0,1,1813.123192
9,260,0,1,1669.523695
9,261,0,1,1722.052041
9,262,0,1,1904.232826
9,263,0,1,1612.831543
9,264,0,1,1841.951869
9,265,0,1,1937.009142
9,266,0,1,1659.784585
9,267,0,1,1796.944376
9,268,0,1,1786.77282
9,269,0,1,1802.469858
9,270,0,1,1637.345041
9,271,0,1,1722.818054
9,272,0,1,1724.02482
9,273,0,1,1755.029788
9,274,0,1,1666.712645
9,275,0,1,1769.550996
9,276,0,1,1751.077955
9,277,0,1,1752.219336
9,278,0,1,1570.346418
9,279,0,1,1704.66756
9,280,0,1,1663.403157
9,281,0,1,1736.99961
9,282,0,1,1630.001079
9,283,0,1,1724.785141
9,284,0,1,1681.824959
9,285,0,1,1889.888629
9,286,0,1,1758.912785
9,287,0,1,1862.606464
9,288,0,1,1621.219414
9,289,0,1,1678.962262
9,290,0,1,1612.164374
9,291,0,1,1583.860728
9,292,0,1,1881.867499
9,293,0,1,1611.519852
9,294,0,1,1697.375681
9,295,0,1,1625.123253
9,296,0,1,1712.654167
9,297,0,1,1606.493772
9,298,0,1,1590.287589
9,299,0,1,1620.613551
9,300,0,1,1738.284987
9,301,0,1,1637.187886
9,302,0,1,1858.586063
9,303,0,1,1839.668595
9,304,0,1,1892.602106
9,305,0,1,2052.249949
9,306,0,1,1600.022795
9,307,0,1,1586.877658
9,308,0,1,1696.919622
9,309,0,1,1978.798389
9,310,0,1,1678.432797
9,311,0,1,1690.455232
9,312,0,1,1606.203391
9,313,0,1,1563.120096
9,314,0,1,1608.078946
9,315,0,1,1662.485043
9,316,0,1,1759.473653
9,317,0,1,1919.681118
9,318,0,1,1869.58755
9,319,0,1,1592.586863
9,320,0,1,1692.156853
9,321,0,1,1842.160709
9,322,0,1,1775.357162
9,323,0,1,1653.166429
9,324,0,1,1737.051059
9,325,0,1,1645.287132
9,326,0,1,1681.341651
9,327,0,1,1585.146666
9,328,0,1,1662.27498
9,329,0,1,1661.209136
9,330,0,1,1550.281427
9,331,0,1,1655.918393
9,332,0,1,1654.156429
9,333,0,1,1642.125418
9,334,0,1,1636.811816
9,335,0,1,1615.037825
9,336,0,1,1574.44747
9,337,0,1,1606.84119
9,338,0,1,1741.907289
9,339,0,1,1727.321594
9,340,0,1,1686.484865
9,341,0,1,1759.763002
9,342,0,1,1644.321256
9,343,0,1,1608.595996
9,344,0,1,2002.199199
9,345,0,1,1691.942519
9,346,0,1,1713.114782
9,347,0,1,1601.742229
9,348,0,1,1603.918216
9,349,0,1,1639.878771
9,350,0,1,1694.226777
9,351,0,1,1858.801387
9,352,0,1,1703.727156
9,353,0,1,1788.369198
9,354,0,1,1566.851277
9,355,0,1,1643.998682
9,356,0,1,1660.526878
9,357,0,1,1820.973911
9,358,0,1,1562.178995
9,359,0,1,1640.870786
9,360,0,1,1609.607049
9,361,0,1,1697.344786
9,362,0,1,1739.270489
9,363,0,1,1643.772627
9,364,0,1,2046.262626
9,365,0,1,1948.311828
9,366,0,1,1628.502412
9,367,0,1,1649.056433
9,368,0,1,1919.600846
9,369,0,1,1628.279177
9,370,0,1,1684.658849
9,371,0,1,1904.439011
9,372,0,1,1715.537279
9,373,0,1,1715.372085
9,374,0,1,1717.423175
9,375,0,1,1695.698159
9,376,0,1,1636.926055
9,377,0,1,1619.357401
9,378,0,1,1729.303652
9,379,0,1,1946.478038
9,380,0,1,1719.585556
9,381,0,1,1713.761272
9,382,0,1,1680.749148
9,383,0,1,1726.811836
9,384,0,1,1740.430724
9,385,0,1,1654.638826
9,386,0,1,1693.540565
9,387,0,1,1634.167109
9,388,0,1,1758.687745
9,389,0,1,1602.148171
9,390,0,1,1711.184684
9,391,0,1,1737.524326
9,392,0,1,1681.571028
9,393,0,1,1657.289528
9,394,0,1,1672.35653
9,395,0,1,1750.588626
9,396,0,1,1798.330598
9,397,0,1,1723.704064
9,398,0,1,1753.263606
9,399,0,1,1679.966228
9,400,0,1,1734.568365
9,401,0,1,1672.696462
9,402,0,1,1631.71835
9,403,0,1,1756.008366
9,404,0,1,1769.886035
9,405,0,1,1896.031021
9,406,0,1,1757.658204
9,407,0,1,1727.161789
9,408,0,1,1719.184774
9,409,0,1,1971.910673
9,410,0,1,1865.335515
9,411,0,1,1632.189576
9,412,0,1,1952.96294
9,413,0,1,1667.222727
9,414,0,1,1612.748317
9,415,0,1,1563.627988
9,416,0,1,1644.750326
9,417,0,1,1682.898219
9,418,0,1,1706.704166
9,419,0,1,1684.879296
9,420,0,1,1625.11509
9,421,0,1,1839.723021
9,422,0,1,1702.540955
9,423,0,1,1714.623362
9,424,0,1,1651.334664
9,425,0,1,1765.373807
9,426,0,1,1713.66788
9,427,0,1,1553.861008
9,428,0,1,1844.167
9,429,0,1,1829.723837
9,430,0,1,1613.282721
9,431,0,1,1786.066029
9,432,0,1,1678.931704
9,433,0,1,1794.979266
9,434,0,1,1587.3118
9,435,0,1,1658.131974
9,436,0,1,1601.353475
9,437,0,1,1746.266263
9,438,0,1,1667.558378
9,439,0,1,1636.200606
9,440,0,1,1606.960883
9,441,0,1,1773.408156
9,442,0,1,1671.754145
9,443,0,1,1674.301007
9,444,0,1,1630.291667
9,445,0,1,1754.043413
9,446,0,1,1785.05427
9,447,0,1,1681.172776
9,448,0,1,1757.597467
9,449,0,1,1706.963266
9,450,0,1,1625.637619
9,451,0,1,1898.143251
9,452,0,1,1648.402379
9,453,0,1,1579.507943
9,454,0,1,1643.33016
9,455,0,1,2315.357751
9,456,0,1,1620.708913
9,457,0,1,1830.523566
9,458,0,1,1649.972187
9,459,0,1,1669.803489
9,460,0,1,1735.802215
9,461,0,1,1853.508933
9,462,0,1,1712.353822
9,463,0,1,1907.359092
9,464,0,1,1700.373619
9,465,0,1,1545.217785
9,466,0,1,1589.384895
9,467,0,1,1691.076981
9,468,0,1,1613.929931
9,469,0,1,1678.202012
9,470,0,1,1779.074447
9,471,0,1,1661.81847
9,472,0,1,1797.937531
9,473,0,1,1550.220271
9,474,0,1,1631.160997
9,475,0,1,1642.382448
9,476,0,1,1687.1039
9,477,0,1,1922.979642
9,478,0,1,1933.939897
9,479,0,1,1749.845904
9,480,0,1,1754.441749
9,481,0,1,1594.665023
9,482,0,1,1678.574971
9,483,0,1,1729.634176
9,484,0,1,1653.421604
9,485,0,1,1642.157671
9,486,0,1,1705.455015
9,487,0,1,1895.06637
9,488,0,1,1805.233486
9,489,0,1,1601.776316
9,490,0,1,1619.383014
9,491,0,1,1671.845712
9,492,0,1,1643.022538
9,493,0,1,1548.811697
9,494,0,1,1699.567869
9,495,0,1,1849.869682
9,496,0,1,1653.939393
9,497,0,1,1732.513986
9,498,0,1,1667.095215
9,499,0,1,1856.150167
9,500,0,1,1713.808001
9,501,0,1,1876.693693
9,502,0,1,1796.569134
9,503,0,1,2065.734447
9,504,0,1,1889.332592
9,505,0,1,1851.947313
9,506,0,1,1743.725548
9,507,0,1,1632.848753
9,508,0,1,1693.336538
9,509,0,1,1658.599836
9,510,0,1,1654.192381
9,511,0,1,1648.753832
9,512,0,1,1650.592548
9,513,0,1,1680.825769
9,514,0,1,1652.509741
9,515,0,1,1638.1177
9,516,0,1,1558.565405
9,517,0,1,1684.127779
9,518,0,1,1713.724194
9,519,0,1,1710.840812
9,520,0,1,1800.450315
9,521,0,1,1637.50843
9,522,0,1,1660.390627
9,523,0,1,1716.560443
9,524,0,1,1975.236582
9,525,0,1,1919.556942
9,526,0,1,1664.223172
9,527,0,1,1611.255486
9,528,0,1,1735.402049
9,529,0,1,1627.586433
9,530,0,1,1744.170305
9,531,0,1,1666.760698
9,532,0,1,1763.189085
9,533,0,1,1634.176877
9,534,0,1,1667.380972
9,535,0,1,1592.876665
9,536,0,1,1599.040105
9,537,0,1,1641.803639
9,538,0,1,1644.001809
9,539,0,1,1718.243824
9,540,0,1,1638.631605
9,541,0,1,1620.70528
9,542,0,1,1651.317513
9,543,0,1,1588.030112
9,544,0,1,1576.069075
9,545,0,1,1624.074955
9,546,0,1,1758.614657
9,547,0,1,1918.997945
9,548,0,1,1817.263734
9,549,0,1,1728.819771
9,550,0,1,1739.060993
9,551,0,1,1884.045298
9,552,0,1,1715.082841
9,553,0,1,1662.612223
9,554,0,1,1723.546895
9,555,0,1,1723.296329
9,556,0,1,1677.444601
9,557,0,1,1663.256781
9,558,0,1,1711.253014
9,559,0,1,1833.768501
9,560,0,1,1627.162874
9,561,0,1,1740.106264
9,562,0,1,1735.67141
9,563,0,1,1583.451855
9,564,0,1,1859.63229
9,565,0,1,1712.836894
9,566,0,1,1729.792704
9,567,0,1,1595.206705
9,568,0,1,1730.659719
9,569,0,1,1660.764358
9,570,0,1,1687.141532
9,571,0,1,1720.692653
9,572,0,1,1557.899422
9,573,0,1,1846.319662
9,574,0,1,1835.694971
9,575,0,1,1931.995719
9,576,0,1,1703.924032
9,577,0,1,1928.756532
9,578,0,1,1636.289803
9,579,0,1,1806.353475
9,580,0,1,1546.392637
9,581,0,1,1640.183621
9,582,0,1,1672.747058
9,583,0,1,1706.609722
9,584,0,1,1687.496021
9,585,0,1,1551.541134
9,586,0,1,1599.690616
9,587,0,1,1746.238911
9,588,0,1,1767.021755
9,589,0,1,1641.71662
9,590,0,1,1621.160759
9,591,0,1,1754.322902
9,592,0,1,1776.908213
9,593,0,1,1738.038103
9,594,0,1,1807.33264
9,595,0,1,1718.090059
9,596,0,1,1657.360377
9,597,0,1,1748.707961
9,598,0,1,1818.127593
9,599,0,1,1804.203838
9,600,0,1,1753.948297
9,601,0,1,1628.427278
9,602,0,1,1630.100594
9,603,0,1,1759.966215
9,604,0,1,1710.363728
9,605,0,1,1752.163056
9,606,0,1,1821.234592
9,607,0,1,1665.927291
9,608,0,1,1657.37824
9,609,0,1,1679.220226
9,610,0,1,1667.296431
9,611,0,1,1537.738566
9,612,0,1,2020.735305
9,613,0,1,1718.318637
9,614,0,1,1741.315018
9,615,0,1,1715.863804
9,616,0,1,1753.18178
9,617,0,1,1692.762606
9,618,0,1,1809.063915
9,619,0,1,1853.53931
9,620,0,1,1622.222474
9,621,0,1,1709.147055
9,622,0,1,1857.688696
9,623,0,1,1728.485688
9,624,0,1,1655.598451
9,625,0,1,1741.789909
9,626,0,1,1652.228362
9,627,0,1,1611.548909
9,628,0,1,1635.702279
9,629,0,1,1597.224079
9,630,0,1,1674.785038
9,631,0,1,1587.263546
9,632,0,1,1582.713277
9,633,0,1,1682.187335
9,634,0,1,1656.566506
9,635,0,1,1849.979086
9,636,0,1,1626.384601
9,637,0,1,1588.00886
9,638,0,1,1811.771773
9,639,0,1,1783.293993
9,640,0,1,1737.157046
9,641,0,1,1770.672327
9,642,0,1,1796.580827
9,643,0,1,1605.963625
9,644,0,1,1746.77931
9,645,0,1,1734.604606
9,646,0,1,1721.619663
9,647,0,1,1914.175913
9,648,0,1,1646.596843
9,649,0,1,1943.799068
9,650,0,1,1821.31245
9,651,0,1,1842.719372
9,652,0,1,1857.398244
9,653,0,1,1770.78712
9,654,0,1,2131.604461
9,655,0,1,1643.517423
9,656,0,1,1614.926106
9,657,0,1,1777.791795
9,658,0,1,1758.362877
9,659,0,1,1622.142337
9,660,0,1,1645.216146
9,661,0,1,1737.599661
9,662,0,1,1697.576039
9,663,0,1,1867.433673
9,664,0,1,1723.794178
9,665,0,1,1720.116274
9,666,0,1,1820.726234
9,667,0,1,1956.855239
9,668,0,1,1877.20949
9,669,0,1,1607.661572
9,670,0,1,1600.891564
9,671,0,1,1699.693146
9,672,0,1,1704.556841
9,673,0,1,1695.02563
9,674,0,1,1820.954496
9,675,0,1,1984.833533
9,676,0,1,1732.454655
9,677,0,1,1626.853225
9,678,0,1,1638.509308
9,679,0,1,1666.678907
9,680,0,1,1770.163984
9,681,0,1,1578.59064
9,682,0,1,1654.196328
9,683,0,1,1696.890355
9,684,0,1,1612.363556
9,685,0,1,1692.005506
9,686,0,1,1847.980176
9,687,0,1,1795.763723
9,688,0,1,1619.173509
9,689,0,1,1899.416591
9,690,0,1,1741.182158
9,691,0,1,1732.979144
9,692,0,1,1844.167405
9,693,0,1,1554.764856
9,694,0,1,1659.103922
9,695,0,1,1580.85609
9,696,0,1,1735.82581
9,697,0,1,1677.953525
9,698,0,1,1601.574831
9,699,0,1,1721.42839
9,700,0,1,1626.028765
9,701,0,1,1656.175959
9,702,0,1,1806.395585
9,703,0,1,1593.268451
9,704,0,1,1740.832994
9,705,0,1,1549.108568
9,706,0,1,1687.624546
9,707,0,1,1744.467138
9,708,0,1,1620.216701
9,709,0,1,1792.060459
9,710,0,1,1864.541295
9,711,0,1,1797.491478
9,712,0,1,1713.724031
9,713,0,1,1670.220994
9,714,0,1,1631.968724
9,715,0,1,1706.484598
9,716,0,1,1693.91755
9,717,0,1,1712.216839
9,718,0,1,1695.483535
9,719,0,1,1780.278413
9,720,0,1,1770.87447
9,721,0,1,1642.272099
9,722,0,1,1675.483286
9,723,0,1,1711.107854
9,724,0,1,1638.80093
9,725,0,1,1833.367262
9,726,0,1,1789.674142
9,727,0,1,1814.022692
9,728,0,1,1754.852962
9,729,0,1,1755.983923
9,730,0,1,1688.416422
9,731,0,1,1677.800601
9,732,0,1,1615.906571
9,733,0,1,1637.786869
9,734,0,1,1740.088723
9,735,0,1,1701.486936
9,736,0,1,1573.061502
9,737,0,1,1783.888779
9,738,0,1,1756.198355
9,739,0,1,1880.934156
9,740,0,1,1755.911436
9,741,0,1,1734.989772
9,742,0,1,1755.959969
9,743,0,1,1701.342613
9,744,0,1,1618.049261
9,745,0,1,1797.529226
9,746,0,1,1864.443686
9,747,0,1,1645.805252
9,748,0,1,1611.247457
9,749,0,1,1636.061379
9,750,0,1,1576.029932
9,751,0,1,1634.008066
9,752,0,1,1740.440051
9,753,0,1,1691.487226
9,754,0,1,1587.301508
9,755,0,1,1719.009065
9,756,0,1,1686.817929
9,757,0,1,1586.353081
9,758,0,1,1693.480744
9,759,0,1,1663.789483
9,760,0,1,1684.015704
9,761,0,1,1790.073349
9,762,0,1,1765.569172
9,763,0,1,1599.264402
9,764,0,1,1660.723457
9,765,0,1,1802.01575
9,766,0,1,1779.559855
9,767,0,1,1782.775177
9,768,0,1,1635.059678
9,769,0,1,1621.323084
9,770,0,1,1770.425484
9,771,0,1,1986.72379
9,772,0,1,1762.172312
9,773,0,1,1776.309789
9,774,0,1,1715.784908
9,775,0,1,1714.118904
9,776,0,1,1591.401375
9,777,0,1,1644.770716
9,778,0,1,1635.190973
9,779,0,1,1590.729564
9,780,0,1,1601.861861
9,781,0,1,1722.726001
9,782,0,1,1822.884332
9,783,0,1,1684.735577
9,784,0,1,1636.139218
9,785,0,1,1569.462734
9,786,0,1,1704.084595
9,787,0,1,1892.302169
9,788,0,1,1705.672282
9,789,0,1,1604.064771
9,790,0,1,1645.276417
9,791,0,1,1663.103009
9,792,0,1,1709.493259
9,793,0,1,1901.994344
9,794,0,1,1594.419918
9,795,0,1,1877.042378
9,796,0,1,1651.551443
9,797,0,1,1646.224739
9,798,0,1,1599.133555
9,799,0,1,1694.682617
9,800,0,1,1696.882847
9,801,0,1,1802.733977
9,802,0,1,1583.251451
9,803,0,1,1606.684519
9,804,0,1,1768.427207
9,805,0,1,2017.709469
9,806,0,1,1806.713645
9,807,0,1,1749.284879
9,808,0,1,1916.017743
9,809,0,1,1903.9175
9,810,0,1,1640.243847
9,811,0,1,1628.317501
9,812,0,1,1736.633135
9,813,0,1,1732.021395
9,814,0,1,1549.791789
9,815,0,1,1668.918725
9,816,0,1,2030.341962
9,817,0,1,1583.977576
9,818,0,1,1730.227535
9,819,0,1,1689.130593
9,820,0,1,1744.177685
9,821,0,1,1831.511584
9,822,0,1,1696.929995
9,823,0,1,1721.832247
9,824,0,1,1670.099677
9,825,0,1,1703.275805
9,826,0,1,1751.13654
9,827,0,1,1682.37415
9,828,0,1,1600.300893
9,829,0,1,1692.602482
9,830,0,1,1736.290037
9,831,0,1,1686.112112
9,832,0,1,1566.81695
9,833,0,1,1575.333116
9,834,0,1,1753.968452
9,835,0,1,1563.106048
9,836,0,1,1743.868501
9,837,0,1,1655.401955
9,838,0,1,1673.477003
9,839,0,1,1630.571928
9,840,0,1,1632.814512
9,841,0,1,1745.562367
9,842,0,1,1734.42708
9,843,0,1,1716.120441
9,844,0,1,1535.569281
9,845,0,1,1565.364813
9,846,0,1,1789.660234
9,847,0,1,1632.538252
9,848,0,1,1664.809255
9,849,0,1,1716.548166
9,850,0,1,1719.350661
9,851,0,1,2172.2047
9,852,0,1,1806.995169
9,853,0,1,1747.548062
9,854,0,1,1610.09698
9,855,0,1,1780.646719
9,856,0,1,1647.334612
9,857,0,1,1787.806896
9,858,0,1,1625.240732
9,859,0,1,1724.348898
9,860,0,1,1726.762621
9,861,0,1,1615.975127
9,862,0,1,1809.830819
9,863,0,1,1754.495068
9,864,0,1,1752.102643
9,865,0,1,1737.833578
9,866,0,1,1730.282626
9,867,0,1,1754.654156
9,868,0,1,1692.510974
9,869,0,1,1755.77161
9,870,0,1,1528.33927
9,871,0,1,1664.475898
9,872,0,1,1600.853601
9,873,0,1,1684.066258
9,874,0,1,1642.718997
9,875,0,1,1560.967003
9,876,0,1,1695.285863
9,877,0,1,1606.65607
9,878,0,1,1714.397317
9,879,0,1,1680.585794
9,880,0,1,1691.93303
9,881,0,1,1820.256311
9,882,0,1,1845.708093
9,883,0,1,1733.616203
9,884,0,1,1700.188985
9,885,0,1,1665.950045
9,886,0,1,1763.856039
9,887,0,1,1718.345814
9,888,0,1,1997.101884
9,889,0,1,1624.711607
9,890,0,1,1530.657415
9,891,0,1,1758.184343
9,892,0,1,1672.099439
9,893,0,1,1857.609477
9,894,0,1,1632.425357
9,895,0,1,1737.236833
9,896,0,1,1645.86952
9,897,0,1,1831.809702
9,898,0,1,1641.657275
9,899,0,1,1719.954224
9,900,0,1,1604.848645
9,901,0,1,1634.463773
9,902,0,1,1678.385602
9,903,0,1,2104.894389
9,904,0,1,1760.509576
9,905,0,1,1732.13565
9,906,0,1,1844.546428
9,907,0,1,1795.606126
9,908,0,1,1756.0402
9,909,0,1,1641.758256
9,910,0,1,1668.668694
9,911,0,1,1710.954709
9,912,0,1,1687.400247
9,913,0,1,1585.957113
9,914,0,1,1700.24761
9,915,0,1,1751.959445
9,916,0,1,1589.593102
9,917,0,1,1676.908992
9,918,0,1,1835.364657
9,919,0,1,2010.247899
9,920,0,1,1616.321151
9,921,0,1,2273.289594
9,922,0,1,1711.588704
9,923,0,1,1812.510587
9,924,0,1,1550.711969
9,925,0,1,1812.322654
9,926,0,1,1623.060002
9,927,0,1,1594.371311
9,928,0,1,1602.130701
9,929,0,1,1665.684285
9,930,0,1,1768.858194
9,931,0,1,1635.714743
9,932,0,1,1563.479083
9,933,0,1,1710.237017
9,934,0,1,1557.702124
9,935,0,1,1702.730688
9,936,0,1,1655.00989
9,937,0,1,1555.515078
9,938,0,1,1732.178132
9,939,0,1,1609.537602
9,940,0,1,1798.796026
9,941,0,1,1776.098549
9,942,0,1,2062.725623
9,943,0,1,1933.324133
9,944,0,1,1747.931113
9,945,0,1,1836.399424
9,946,0,1,1659.165187
9,947,0,1,1797.654495
9,948,0,1,1743.389339
9,949,0,1,1748.399239
9,950,0,1,1792.034564
9,951,0,1,1702.030933
9,952,0,1,2016.551074
9,953,0,1,1743.228897
9,954,0,1,1819.706726
9,955,0,1,1693.273789
9,956,0,1,1674.515794
9,957,0,1,1618.445803
9,958,0,1,1620.419125
9,959,0,1,1720.168793
9,960,0,1,1883.42435
9,961,0,1,1610.622472
9,962,0,1,1746.85552
9,963,0,1,2338.771517
9,964,0,1,1685.007202
9,965,0,1,1806.883183
9,966,0,1,1740.661266
9,967,0,1,1703.606023
9,968,0,1,1578.981598
9,969,0,1,1587.427426
9,970,0,1,1641.655889
9,971,0,1,1639.798677
9,972,0,1,1612.014572
9,973,0,1,1742.634745
9,974,0,1,1808.056984
9,975,0,1,1775.033047
9,976,0,1,1614.104321
9,977,0,1,1572.318347
9,978,0,1,1773.099356
9,979,0,1,1579.124825
9,980,0,1,1614.195694
9,981,0,1,1584.708284
9,982,0,1,1640.751058
9,983,0,1,1866.163778
9,984,0,1,1828.198775
9,985,0,1,1827.200433
9,986,0,1,1604.12801
9,987,0,1,1836.41897
9,988,0,1,1615.168152
9,989,0,1,1711.792598
9,990,0,1,1623.059411
9,991,0,1,1815.340709
9,992,0,1,1853.139136
9,993,0,1,1691.140507
9,994,0,1,1668.154408
9,995,0,1,1678.278415
9,996,0,1,1709.178489
9,997,0,1,1566.43545
9,998,0,1,1720.398354
9,999,0,1,1960.326397
10,0,0,1,1665.291903
10,1,0,1,1609.776489
10,2,0,1,1926.425888
10,3,0,1,1574.389106
10,4,0,1,1683.786757
10,5,0,1,1788.045074
10,6,0,1,1631.273337
10,7,0,1,1910.202668
10,8,0,1,1636.140482
10,9,0,1,1684.511031
10,10,0,1,1943.124923
10,11,0,1,1719.928083
10,12,0,1,1729.207469
10,13,0,1,1603.782373
10,14,0,1,1772.082513
10,15,0,1,1667.993553
10,16,0,1,1581.185901
10,17,0,1,1569.793465
10,18,0,1,1703.678766
10,19,0,1,1782.89135
10,20,0,1,2107.602513
10,21,0,1,1574.486962
10,22,0,1,1621.678046
10,23,0,1,1681.590918
10,24,0,1,1704.906046
10,25,0,1,1658.977251
10,26,0,1,1678.83017
10,27,0,1,1667.491472
10,28,0,1,1691.253782
10,29,0,1,1535.568471
10,30,0,1,1754.569914
10,31,0,1,1945.713148
10,32,0,1,1608.834186
10,33,0,1,1807.046377
10,34,0,1,1614.35924
10,35,0,1,1830.713498
10,36,0,1,1699.3102
10,37,0,1,1688.69968
10,38,0,1,1802.688356
10,39,0,1,1715.57537
10,40,0,1,1666.447087
10,41,0,1,1705.182168
10,42,0,1,1772.833918
10,43,0,1,1755.937361
10,44,0,1,1797.00222
10,45,0,1,1805.384846
10,46,0,1,1790.251144
10,47,0,1,1573.382456
10,48,0,1,1688.794659
10,49,0,1,1659.284292
10,50,0,1,1774.126956
10,51,0,1,1731.208061
10,52,0,1,1959.554958
10,53,0,1,1713.882419
10,54,0,1,1810.930348
10,55,0,1,1720.395629
10,56,0,1,1599.068485
10,57,0,1,1595.481161
10,58,0,1,1676.255669
10,59,0,1,1886.449496
10,60,0,1,1727.183706
10,61,0,1,1665.140945
10,62,0,1,1767.792506
10,63,0,1,1831.741507
10,64,0,1,1674.107476
10,65,0,1,1705.595169
10,66,0,1,1591.622427
10,67,0,1,1616.210745
10,68,0,1,1761.941769
10,69,0,1,1912.563172
10,70,0,1,1702.185006
10,71,0,1,1613.662135
10,72,0,1,1697.027925
10,73,0,1,1579.058399
10,74,0,1,1648.543007
10,75,0,1,1661.012909
10,76,0,1,1754.217953
10,77,0,1,1731.400502
10,78,0,1,1705.404676
10,79,0,1,1650.654142
10,80,0,1,1659.073936
10,81,0,1,1750.144312
10,82,0,1,1718.720555
10,83,0,1,1599.644047
10,84,0,1,1727.250172
10,85,0,1,1637.816624
10,86,0,1,1732.13009
10,87,0,1,1843.19755
10,88,0,1,1766.324951
10,89,0,1,1570.838192
10,90,0,1,1931.06334
10,91,0,1,1762.261113
10,92,0,1,1803.009818
10,93,0,1,1693.972484
10,94,0,1,1746.392591
10,95,0,1,1673.909215
10,96,0,1,1835.967163
10,97,0,1,1587.919137
10,98,0,1,1675.180898
10,99,0,1,1669.80647
10,100,0,1,2021.015659
10,101,0,1,1560.729506
10,102,0,1,1580.646087
10,103,0,1,1762.036426
10,104,0,1,1719.263427
10,105,0,1,1663.089869
10,106,0,1,1593.831167
10,107,0,1,1793.877136
10,108,0,1,1621.587467
10,109,0,1,1875.355183
10,110,0,1,1705.626822
10,111,0,1,1765.655358
10,112,0,1,1706.322206
10,113,0,1,1700.677155
10,114,0,1,1698.970418
10,115,0,1,2181.028635
10,116,0,1,1738.834568
10,117,0,1,1658.300614
10,118,0,1,1677.868901
10,119,0,1,1767.675847
10,120,0,1,1905.228103
10,121,0,1,1695.242175
10,122,0,1,1655.547752
10,123,0,1,1572.49952
10,124,0,1,1637.215829
10,125,0,1,1675.506237
10,126,0,1,1802.67858
10,127,0,1,1874.000153
10,128,0,1,1618.809322
10,129,0,1,1845.424743
10,130,0,1,1929.953102
10,131,0,1,1674.301419
10,132,0,1,1699.943621
10,133,0,1,1795.222805
10,134,0,1,1568.996384
10,135,0,1,1594.327786
10,136,0,1,1736.285568
10,137,0,1,1593.656854
10,138,0,1,1945.701795
10,139,0,1,1639.45712
10,140,0,1,1776.78997
10,141,0,1,1919.863794
10,142,0,1,1825.325053
10,143,0,1,1751.658436
10,144,0,1,1642.7306
10,145,0,1,1623.062689
10,146,0,1,1664.474917
10,147,0,1,1682.586823
10,148,0,1,1631.899952
10,149,0,1,1593.048727
10,150,0,1,1669.679196
10,151,0,1,1650.641036
10,152,0,1,1780.533064
10,153,0,1,1613.934864
10,154,0,1,1613.374879
10,155,0,1,1744.24169
10,156,0,1,1759.560897
10,157,0,1,1762.165318
10,158,0,1,1648.575494
10,159,0,1,1666.542999
10,160,0,1,1649.635478
10,161,0,1,1611.892002
10,162,0,1,1718.641252
10,163,0,1,1699.428766
10,164,0,1,1618.027033
10,165,0,1,1820.434646
10,166,0,1,1903.23414
10,167,0,1,1774.239184
10,168,0,1,1702.141244
10,169,0,1,1675.497242
10,170,0,1,1648.870806
10,171,0,1,1602.040238
10,172,0,1,1852.488723
10,173,0,1,1945.006813
10,174,0,1,1787.609082
10,175,0,1,1706.044609
10,176,0,1,1628.068715
10,177,0,1,1782.091064
10,178,0,1,1872.721954
10,179,0,1,1587.406818
10,180,0,1,1789.990989
10,181,0,1,1741.199833
10,182,0,1,1809.229036
10,183,0,1,1711.642023
10,184,0,1,1681.622399
10,185,0,1,1547.101473
10,186,0,1,1763.230468
10,187,0,1,1866.306836
10,188,0,1,1999.547555
10,189,0,1,1627.872223
10,190,0,1,1724.372745
10,191,0,1,1684.14051
10,192,0,1,2080.489187
10,193,0,1,1787.542846
10,194,0,1,1806.239919
10,195,0,1,1589.036919
10,196,0,1,1798.690305
10,197,0,1,1864.67768
10,198,0,1,1755.628464
10,199,0,1,1672.471562
10,200,0,1,1721.304943
10,201,0,1,1699.503106
10,202,0,1,1614.480661
10,203,0,1,1812.444186
10,204,0,1,1686.15704
10,205,0,1,1772.818239
10,206,0,1,1625.902057
10,207,0,1,1779.159744
10,208,0,1,1800.356636
10,209,0,1,1694.453486
10,210,0,1,1815.046264
10,211,0,1,1682.15126
10,212,0,1,1704.415855
10,213,0,1,1956.149554
10,214,0,1,1660.505603
10,215,0,1,1661.609869
10,216,0,1,1639.835822
10,217,0,1,1684.879868
10,218,0,1,1719.331181
10,219,0,1,1702.733968
10,220,0,1,1725.484907
10,221,0,1,1810.541256
10,222,0,1,1771.752481
10,223,0,1,1957.93762
10,224,0,1,1609.964626
10,225,0,1,1658.45418
10,226,0,1,1715.976102
10,227,0,1,1655.726437
10,228,0,1,1716.093526
10,229,0,1,1761.129596
10,230,0,1,1878.301882
10,231,0,1,1713.085795
10,232,0,1,1600.112172
10,233,0,1,1620.601177
10,234,0,1,1670.658603
10,235,0,1,1747.654686
10,236,0,1,1835.49107
10,237,0,1,1586.223158
10,238,0,1,1780.176858
10,239,0,1,1684.742102
10,240,0,1,1595.389231
10,241,0,1,1688.14679
10,242,0,1,1601.38703
10,243,0,1,1744.488003
10,244,0,1,1776.692777
10,245,0,1,1641.631861
10,246,0,1,1713.557829
10,247,0,1,1662.647106
10,248,0,1,1763.654977
10,249,0,1,1649.811768
10,250,0,1,1800.383505
10,251,0,1,1747.047101
10,252,0,1,1693.092723
10,253,0,1,1719.477315
10,254,0,1,1653.43838
10,255,0,1,1624.517186
10,256,0,1,1903.480448
10,257,0,1,1814.213761
10,258,0,1,1751.774721
10,259,0,1,1758.644862
10,260,0,1,1732.22166
10,261,0,1,1643.109758
10,262,0,1,1748.946254
10,263,0,1,1720.292742
10,264,0,1,1701.84662
10,265,0,1,1557.313293
10,266,0,1,1635.8874
10,267,0,1,2197.710196
10,268,0,1,1520.667899
10,269,0,1,1666.207247
10,270,0,1,1716.239263
10,271,0,1,1758.793396
10,272,0,1,1817.679739
10,273,0,1,1916.321423
10,274,0,1,1709.688667
10,275,0,1,1622.101552
10,276,0,1,2087.322737
10,277,0,1,1836.315518
10,278,0,1,1717.04446
10,279,0,1,1821.715676
10,280,0,1,1669.715954
10,281,0,1,1800.379946
10,282,0,1,1713.144137
10,283,0,1,1556.816979
10,284,0,1,1606.371623
10,285,0,1,1640.508703
10,286,0,1,1858.770803
10,287,0,1,1748.659748
10,288,0,1,1801.134346
10,289,0,1,1701.234696
10,290,0,1,1652.947859
10,291,0,1,1681.95088
10,292,0,1,1733.430625
10,293,0,1,1699.617001
10,294,0,1,1598.23933
10,295,0,1,1864.572599
10,296,0,1,1671.660824
10,297,0,1,1630.396351
10,298,0,1,1604.175542
10,299,0,1,1680.880865
10,300,0,1,1699.406783
10,301,0,1,1789.025124
10,302,0,1,1569.004507
10,303,0,1,1672.048179
10,304,0,1,1701.576818
10,305,0,1,1919.319553
10,306,0,1,1574.2608
10,307,0,1,1726.533361
10,308,0,1,1622.461551
10,309,0,1,1673.735879
10,310,0,1,1640.302346
10,311,0,1,1998.360836
10,312,0,1,1661.834887
10,313,0,1,1679.672825
10,314,0,1,2122.536693
10,315,0,1,1708.480274
10,316,0,1,1672.304074
10,317,0,1,2005.043684
10,318,0,1,2126.132299
10,319,0,1,1679.142848
10,320,0,1,1723.221196
10,321,0,1,1856.982086
10,322,0,1,1667.995167
10,323,0,1,1639.545485
10,324,0,1,1663.350431
10,325,0,1,1656.135982
10,326,0,1,1636.154489
10,327,0,1,1854.784519
10,328,0,1,1624.157158
10,329,0,1,1900.622846
10,330,0,1,1799.286059
10,331,0,1,1650.411923
10,332,0,1,1760.544642
10,333,0,1,1627.814592
10,334,0,1,1823.14274
10,335,0,1,1709.435164
10,336,0,1,1602.224971
10,337,0,1,1840.453212
10,338,0,1,1698.505432
10,339,0,1,1567.357342
10,340,0,1,1748.984943
10,341,0,1,1768.795659
10,342,0,1,1621.075234
10,343,0,1,1639.249197
10,344,0,1,1732.716227
10,345,0,1,1755.725879
10,346,0,1,1857.096249
10,347,0,1,1922.079163
10,348,0,1,1717.289172
10,349,0,1,1643.181143
10,350,0,1,1645.833522
10,351,0,1,1636.020671
10,352,0,1,1701.442394
10,353,0,1,1996.631424
10,354,0,1,1822.470496
10,355,0,1,1656.528683
10,356,0,1,1737.999006
10,357,0,1,1730.334512
10,358,0,1,1556.11804
10,359,0,1,1643.303447
10,360,0,1,1611.368513
10,361,0,1,1642.147135
10,362,0,1,1840.182785
10,363,0,1,1693.118223
10,364,0,1,1737.961359
10,365,0,1,1590.72115
10,366,0,1,1594.198499
10,367,0,1,1629.716432
10,368,0,1,1654.352844
10,369,0,1,1667.422962
10,370,0,1,1670.218295
10,371,0,1,1617.042584
10,372,0,1,1597.204206
10,373,0,1,1623.813779
10,374,0,1,1758.895569
10,375,0,1,1676.367187
10,376,0,1,1990.197092
10,377,0,1,1600.381053
10,378,0,1,1726.66435
10,379,0,1,1568.484282
10,380,0,1,1654.875661
10,381,0,1,1563.777907
10,382,0,1,1739.047112
10,383,0,1,1697.051759
10,384,0,1,1613.842582
10,385,0,1,1667.556051
10,386,0,1,1762.705227
10,387,0,1,1717.620455
10,388,0,1,1964.183028
10,389,0,1,1702.58559
10,390,0,1,1969.51764
10,391,0,1,1768.313844
10,392,0,1,1704.292586
10,393,0,1,1560.39366
10,394,0,1,1597.180468
10,395,0,1,1556.378558
10,396,0,1,1756.999607
10,397,0,1,1775.330802
10,398,0,1,1810.347351
10,399,0,1,1746.469943
10,400,0,1,1685.7105
10,401,0,1,1775.103886
10,402,0,1,1577.31621
10,403,0,1,1705.627074
10,404,0,1,1708.30586
10,405,0,1,1788.741264
10,406,0,1,1745.471528
10,407,0,1,2115.22141
10,408,0,1,1714.90556
10,409,0,1,1756.512375
10,410,0,1,1764.668635
10,411,0,1,1731.847318
10,412,0,1,1725.062232
10,413,0,1,1643.507744
10,414,0,1,1785.661893
10,415,0,1,1800.283948
10,416,0,1,1610.617636
10,417,0,1,1615.057676
10,418,0,1,1645.264544
10,419,0,1,1662.309891
10,420,0,1,1704.265143
10,421,0,1,1570.753451
10,422,0,1,1711.449452
10,423,0,1,1633.30696
10,424,0,1,1598.531954
10,425,0,1,1647.005882
10,426,0,1,1760.008878
10,427,0,1,1730.390039
10,428,0,1,1686.601344
10,429,0,1,1678.764276
10,430,0,1,1690.882163
10,431,0,1,1682.698115
10,432,0,1,1567.192171
10,433,0,1,1824.860563
10,434,0,1,1700.602759
10,435,0,1,1705.599454
10,436,0,1,1876.706562
10,437,0,1,1770.872522
10,438,0,1,1681.830359
10,439,0,1,1631.134768
10,440,0,1,1719.878153
10,441,0,1,1798.852964
10,442,0,1,1629.937353
10,443,0,1,1620.465661
10,444,0,1,1976.765247
10,445,0,1,1665.146032
10,446,0,1,1796.164161
10,447,0,1,1603.653652
10,448,0,1,1627.435018
10,449,0,1,1630.903305
10,450,0,1,1664.148992
10,451,0,1,1681.296469
10,452,0,1,1601.922302
10,453,0,1,1633.651849
10,454,0,1,1751.187027
10,455,0,1,1681.321258
10,456,0,1,1664.539978
10,457,0,1,1569.333227
10,458,0,1,1689.226199
10,459,0,1,1630.846301
10,460,0,1,1682.354706
10,461,0,1,2084.459649
10,462,0,1,1657.934119
10,463,0,1,1714.606833
10,464,0,1,1987.738423
10,465,0,1,1711.769397
10,466,0,1,1669.561699
10,467,0,1,1883.107226
10,468,0,1,1620.070433
10,469,0,1,1747.379993
10,470,0,1,1542.94598
10,471,0,1,1636.438946
10,472,0,1,1681.615536
10,473,0,1,1673.768855
10,474,0,1,1753.960193
10,475,0,1,1664.794426
10,476,0,1,1648.47875
10,477,0,1,1850.152287
10,478,0,1,1688.057251
10,479,0,1,1690.916748
10,480,0,1,1759.715356
10,481,0,1,1594.690627
10,482,0,1,1595.602096
10,483,0,1,1644.986287
10,484,0,1,1952.812375
10,485,0,1,1621.940922
10,486,0,1,1581.740531
10,487,0,1,1640.388567
10,488,0,1,1932.245011
10,489,0,1,1642.670369
10,490,0,1,1599.020998
10,491,0,1,1720.934427
10,492,0,1,1990.453945
10,493,0,1,1652.933314
10,494,0,1,1620.760254
10,495,0,1,1623.396442
10,496,0,1,1881.396641
10,497,0,1,1714.236737
10,498,0,1,1737.240131
10,499,0,1,1658.705294
10,500,0,1,1693.194208
10,501,0,1,1710.937385
10,502,0,1,1703.859411
10,503,0,1,1789.593312
10,504,0,1,1693.423351
10,505,0,1,1662.442588
10,506,0,1,1594.456697
10,507,0,1,1927.406978
10,508,0,1,1682.802579
10,509,0,1,1808.980279
10,510,0,1,1738.993396
10,511,0,1,1623.907851
10,512,0,1,1675.62779
10,513,0,1,1953.8792
10,514,0,1,1813.692335
10,515,0,1,1752.202284
10,516,0,1,1629.722354
10,517,0,1,1819.096438
10,518,0,1,1631.066823
10,519,0,1,1684.325009
10,520,0,1,1674.318658
10,521,0,1,1764.204148
10,522,0,1,1600.09953
10,523,0,1,1727.668807
10,524,0,1,1714.34057
10,525,0,1,1616.271776
10,526,0,1,1608.340767
10,527,0,1,1567.319307
10,528,0,1,1755.807724
10,529,0,1,1688.358864
10,530,0,1,1589.530046
10,531,0,1,1683.237712
10,532,0,1,1588.490412
10,533,0,1,1613.038301
10,534,0,1,1849.154277
10,535,0,1,1673.976443
10,536,0,1,1733.966305
10,537,0,1,1674.732558
10,538,0,1,1629.668021
10,539,0,1,1724.321635
10,540,0,1,1642.864718
10,541,0,1,1770.605374
10,542,0,1,1605.325853
10,543,0,1,1568.396283
10,544,0,1,1585.659445
10,545,0,1,1608.019872
10,546,0,1,1703.229357
10,547,0,1,1722.861399
10,548,0,1,1564.351992
10,549,0,1,1995.12589
10,550,0,1,1634.218914
10,551,0,1,1709.140304
10,552,0,1,1911.273993
10,553,0,1,1613.846116
10,554,0,1,1639.491312
10,555,0,1,1739.27864
10,556,0,1,2033.773992
10,557,0,1,1680.794143
10,558,0,1,1663.106594
10,559,0,1,1938.748468
10,560,0,1,1656.78775
10,561,0,1,1639.377257
10,562,0,1,1558.305021
10,563,0,1,1851.39207
10,564,0,1,1650.093144
10,565,0,1,1801.154799
10,566,0,1,1651.353329
10,567,0,1,1768.098302
10,568,0,1,1785.247836
10,569,0,1,1619.124606
10,570,0,1,1630.42705
10,571,0,1,1783.529624
10,572,0,1,1643.464155
10,573,0,1,1669.909584
10,574,0,1,1649.586833
10,575,0,1,1794.49484
10,576,0,1,1648.879003
10,577,0,1,1590.894097
10,578,0,1,1691.827867
10,579,0,1,1638.135258
10,580,0,1,1746.795525
10,581,0,1,1719.491118
10,582,0,1,1681.485376
10,583,0,1,1883.180022
10,584,0,1,1674.872334
10,585,0,1,1595.957567
10,586,0,1,1606.801509
10,587,0,1,1623.049463
10,588,0,1,1915.682133
10,589,0,1,1872.88451
10,590,0,1,1704.587114
10,591,0,1,1762.067298
10,592,0,1,1766.78954
10,593,0,1,1627.662795
10,594,0,1,1701.559637
10,595,0,1,1678.040378
10,596,0,1,1668.017699
10,597,0,1,1589.239853
10,598,0,1,1855.252264
10,599,0,1,1590.68927
10,600,0,1,1688.56667
10,601,0,1,1684.291397
10,602,0,1,1849.26893
10,603,0,1,1751.768315
10,604,0,1,1699.095249
10,605,0,1,1850.55088
10,606,0,1,1722.664638
10,607,0,1,1823.019539
10,608,0,1,1699.05354
10,609,0,1,1602.286228
10,610,0,1,1745.42069
10,611,0,1,1733.579836
10,612,0,1,1810.021897
10,613,0,1,1561.037496
10,614,0,1,1708.401785
10,615,0,1,1596.69569
10,616,0,1,1558.093861
10,617,0,1,1924.872599
10,618,0,1,1670.232674
10,619,0,1,1708.315541
10,620,0,1,1618.039076
10,621,0,1,1674.594562
10,622,0,1,1610.063897
10,623,0,1,2080.742221
10,624,0,1,1703.255105
10,625,0,1,1677.297483
10,626,0,1,1759.665878
10,627,0,1,1621.490099
10,628,0,1,1616.400668
10,629,0,1,1711.634029
10,630,0,1,1786.858354
10,631,0,1,1715.266375
10,632,0,1,1662.289307
10,633,0,1,1843.245228
10,634,0,1,1508.103418
10,635,0,1,1699.397864
10,636,0,1,1627.069181
10,637,0,1,1772.496377
10,638,0,1,1720.154034
10,639,0,1,1944.631276
10,640,0,1,1545.911997
10,641,0,1,1619.417572
10,642,0,1,1888.212858
10,643,0,1,1685.384107
10,644,0,1,1596.559123
10,645,0,1,1855.73752
10,646,0,1,2096.098182
10,647,0,1,1743.732076
10,648,0,1,1671.126511
10,649,0,1,1697.243178
10,650,0,1,1713.663066
10,651,0,1,1703.671248
10,652,0,1,1604.381206
10,653,0,1,1733.442944
10,654,0,1,1620.512566
10,655,0,1,1680.885351
10,656,0,1,1619.452041
10,657,0,1,1794.806575
10,658,0,1,1729.566322
10,659,0,1,1754.450483
10,660,0,1,1752.082477
10,661,0,1,1708.105389
10,662,0,1,1634.084079
10,663,0,1,1624.602884
10,664,0,1,1680.436774
10,665,0,1,1595.357154
10,666,0,1,1682.880875
10,667,0,1,1680.831603
10,668,0,1,1527.900077
10,669,0,1,1642.666518
10,670,0,1,1593.267274
10,671,0,1,1619.731226
10,672,0,1,1649.575595
10,673,0,1,1590.165391
10,674,0,1,1857.059125
10,675,0,1,1524.735057
10,676,0,1,1845.42594
10,677,0,1,1632.280575
10,678,0,1,1881.188343
10,679,0,1,1831.291988
10,680,0,1,1830.639442
10,681,0,1,1599.233416
10,682,0,1,1634.153585
10,683,0,1,1578.932054
10,684,0,1,1661.369109
10,685,0,1,1670.676809
10,686,0,1,1565.52672
10,687,0,1,1737.42307
10,688,0,1,1770.021445
10,689,0,1,1634.595859
10,690,0,1,1769.355124
10,691,0,1,1656.286577
10,692,0,1,1679.335294
10,693,0,1,1725.54723
10,694,0,1,1694.165443
10,695,0,1,1888.000526
10,696,0,1,1674.592079
10,697,0,1,1694.490238
10,698,0,1,1744.750888
10,699,0,1,1718.278596
10,700,0,1,1739.160357
10,701,0,1,1663.640997
10,702,0,1,1629.960932
10,703,0,1,1646.689713
10,704,0,1,1933.251941
10,705,0,1,1822.096285
10,706,0,1,1623.241378
10,707,0,1,1698.024318
10,708,0,1,1687.058263
10,709,0,1,1712.752783
10,710,0,1,1944.0872
10,711,0,1,1614.3792
10,712,0,1,1579.398634
10,713,0,1,1709.105403
10,714,0,1,1659.389588
10,715,0,1,1652.234786
10,716,0,1,1645.803067
10,717,0,1,1606.179679
10,718,0,1,1665.757936
10,719,0,1,1746.459557
10,720,0,1,1735.409774
10,721,0,1,1628.62702
10,722,0,1,1667.019627
10,723,0,1,1682.440637
10,724,0,1,1740.50652
10,725,0,1,1655.332974
10,726,0,1,1700.276369
10,727,0,1,1678.98171
10,728,0,1,1573.988356
10,729,0,1,1970.138854
10,730,0,1,1828.943242
10,731,0,1,1889.651821
10,732,0,1,1756.789872
10,733,0,1,1812.157675
10,734,0,1,1696.964058
10,735,0,1,1638.071188
10,736,0,1,1749.265078
10,737,0,1,1698.607327
10,738,0,1,1608.440496
10,739,0,1,1584.584986
10,740,0,1,1689.81444
10,741,0,1,1690.093478
10,742,0,1,1631.875878
10,743,0,1,1638.708465
10,744,0,1,1644.386257
10,745,0,1,1607.798755
10,746,0,1,1694.82802
10,747,0,1,1765.119062
10,748,0,1,1759.587792
10,749,0,1,1636.04703
10,750,0,1,1705.846937
10,751,0,1,1661.155467
10,752,0,1,1684.415719
10,753,0,1,1703.482715
10,754,0,1,1660.020936
10,755,0,1,1963.942018
10,756,0,1,1604.050609
10,757,0,1,1691.42394
10,758,0,1,1757.193354
10,759,0,1,1757.512799
10,760,0,1,1657.719555
10,761,0,1,1609.133134
10,762,0,1,1666.829309
10,763,0,1,1768.539303
10,764,0,1,1649.880295
10,765,0,1,1640.478983
10,766,0,1,1711.568003
10,767,0,1,1563.318983
10,768,0,1,1576.482013
10,769,0,1,1584.032323
10,770,0,1,1732.709952
10,771,0,1,1799.813558
10,772,0,1,1778.376123
10,773,0,1,1753.389819
10,774,0,1,1623.766589
10,775,0,1,1771.147664
10,776,0,1,1908.501792
10,777,0,1,1804.950096
10,778,0,1,1726.697084
10,779,0,1,1662.71953
10,780,0,1,1791.334933
10,781,0,1,1745.575015
10,782,0,1,1671.262956
10,783,0,1,1886.216499
10,784,0,1,1655.97941
10,785,0,1,1818.456698
10,786,0,1,1669.130347
10,787,0,1,1604.365537
10,788,0,1,1619.699068
10,789,0,1,1622.401377
10,790,0,1,1620.952235
10,791,0,1,1772.240639
10,792,0,1,1608.410374
10,793,0,1,1637.541122
10,794,0,1,1571.905379
10,795,0,1,1634.447315
10,796,0,1,1857.296929
10,797,0,1,1750.868193
10,798,0,1,1632.78696
10,799,0,1,1650.934683
10,800,0,1,1607.038158
10,801,0,1,1616.873724
10,802,0,1,1776.444915
10,803,0,1,1672.106765
10,804,0,1,1683.362379
10,805,0,1,1744.282809
10,806,0,1,1896.981972
10,807,0,1,1832.413538
10,808,0,1,1939.323643
10,809,0,1,1616.972497
10,810,0,1,1741.618546
10,811,0,1,1700.361727
10,812,0,1,1820.491192
10,813,0,1,1640.133755
10,814,0,1,1805.889403
10,815,0,1,1581.084454
10,816,0,1,1556.613093
10,817,0,1,1670.83032
10,818,0,1,1753.829554
10,819,0,1,1653.290887
10,820,0,1,1676.350928
10,821,0,1,1625.627506
10,822,0,1,1748.442958
10,823,0,1,1755.382753
10,824,0,1,1731.508148
10,825,0,1,1660.299175
10,826,0,1,1645.127163
10,827,0,1,1578.311718
10,828,0,1,1670.256336
10,829,0,1,1605.632106
10,830,0,1,1747.796049
10,831,0,1,1707.28642
10,832,0,1,1698.970538
10,833,0,1,1764.043402
10,834,0,1,1586.748828
10,835,0,1,1771.083899
10,836,0,1,1703.271059
10,837,0,1,1736.71838
10,838,0,1,1571.416699
10,839,0,1,1672.876644
10,840,0,1,1658.342595
10,841,0,1,1661.706589
10,842,0,1,1692.333292
10,843,0,1,1681.259013
10,844,0,1,1602.397017
10,845,0,1,1628.087187
10,846,0,1,1704.98048
10,847,0,1,1795.473576
10,848,0,1,1733.705362
10,849,0,1,1725.572434
10,850,0,1,1772.535841
10,851,0,1,1623.174879
10,852,0,1,1579.122985
10,853,0,1,1606.025246
10,854,0,1,1561.532587
10,855,0,1,1735.264814
10,856,0,1,1699.425523
10,857,0,1,1687.553794
10,858,0,1,1629.513883
10,859,0,1,2040.719438
10,860,0,1,1735.774427
10,861,0,1,1563.763541
10,862,0,1,1691.363909
10,863,0,1,1642.45277
10,864,0,1,1684.293325
10,865,0,1,1663.187541
10,866,0,1,1554.56715
10,867,0,1,1732.955037
10,868,0,1,1651.813034
10,869,0,1,1767.815669
10,870,0,1,1847.882504
10,871,0,1,1740.53076
10,872,0,1,1685.776057
10,873,0,1,1688.06427
10,874,0,1,1744.290537
10,875,0,1,1815.957289
10,876,0,1,1581.610165
10,877,0,1,1598.636336
10,878,0,1,1675.806392
10,879,0,1,1705.896382
10,880,0,1,1974.228987
10,881,0,1,1778.519375
10,882,0,1,1837.717207
10,883,0,1,1660.814008
10,884,0,1,1579.015212
10,885,0,1,1755.460077
10,886,0,1,1591.986675
10,887,0,1,1701.407241
10,888,0,1,1577.622785
10,889,0,1,1564.073967
10,890,0,1,1568.930863
10,891,0,1,1800.88306
10,892,0,1,1673.446232
10,893,0,1,1885.616345
10,894,0,1,1946.55871
10,895,0,1,1740.365507
10,896,0,1,1720.294831
10,897,0,1,1768.867804
10,898,0,1,1595.83424
10,899,0,1,1744.208918
10,900,0,1,1770.272821
10,901,0,1,1666.402474
10,902,0,1,1909.946617
10,903,0,1,1835.71857
10,904,0,1,1693.241308
10,905,0,1,1714.26219
10,906,0,1,1699.994519
10,907,0,1,1600.187131
10,908,0,1,1680.887812
10,909,0,1,1936.012498
10,910,0,1,1667.779282
10,911,0,1,1747.040594
10,912,0,1,1694.292948
10,913,0,1,1538.355612
10,914,0,1,1828.835488
10,915,0,1,1560.611694
10,916,0,1,1603.373051
10,917,0,1,1914.473021
10,918,0,1,1806.882159
10,919,0,1,1722.326227
10,920,0,1,1687.630105
10,921,0,1,1589.233771
10,922,0,1,1581.472849
10,923,0,1,2054.421062
10,924,0,1,1723.583358
10,925,0,1,1672.074181
10,926,0,1,1759.605915
10,927,0,1,1698.969955
10,928,0,1,1733.393168
10,929,0,1,1630.010976
10,930,0,1,1688.040021
10,931,0,1,1764.102705
10,932,0,1,1613.644525
10,933,0,1,1691.062211
10,934,0,1,1899.504565
10,935,0,1,1701.339411
10,936,0,1,1698.306451
10,937,0,1,1645.095967
10,938,0,1,1901.868547
10,939,0,1,1687.819142
10,940,0,1,1607.860096
10,941,0,1,1681.50718
10,942,0,1,1767.434707
10,943,0,1,1696.036958
10,944,0,1,1643.122095
10,945,0,1,1599.500667
10,946,0,1,1685.250315
10,947,0,1,1720.185083
10,948,0,1,1632.775817
10,949,0,1,1644.143457
10,950,0,1,1776.124157
10,951,0,1,1759.758147
10,952,0,1,1681.764019
10,953,0,1,1741.893112
10,954,0,1,1597.359134
10,955,0,1,1777.596161
10,956,0,1,1771.439323
10,957,0,1,1798.86788
10,958,0,1,1693.949177
10,959,0,1,1612.322151
10,960,0,1,1704.831076
10,961,0,1,1743.325405
10,962,0,1,1668.530022
10,963,0,1,1704.567702
10,964,0,1,1773.789097
10,965,0,1,1797.291144
10,966,0,1,1916.862694
10,967,0,1,1597.542231
10,968,0,1,1765.711103
10,969,0,1,1704.221168
10,970,0,1,1764.701631
10,971,0,1,1600.842015
10,972,0,1,1824.054991
10,973,0,1,1645.86514
10,974,0,1,1633.915245
10,975,0,1,1740.09157
10,976,0,1,1682.180148
10,977,0,1,1764.681174
10,978,0,1,1763.505919
10,979,0,1,1874.312605
10,980,0,1,1657.034707
10,981,0,1,1814.564253
10,982,0,1,1718.136163
10,983,0,1,1724.585207
10,984,0,1,1627.788394
10,985,0,1,1581.685859
10,986,0,1,1654.71246
10,987,0,1,1682.869912
10,988,0,1,1655.625097
10,989,0,1,1678.20406
10,990,0,1,1543.010591
10,991,0,1,1594.890194
10,992,0,1,1768.959199
10,993,0,1,1670.423232
10,994,0,1,1576.360696
10,995,0,1,1690.300369
10,996,0,1,1633.11609
10,997,0,1,1712.091534
10,998,0,1,1854.628728
10,999,0,1,1835.241766
1,0,0,3,9215.805971
1,1,0,3,9033.481411
1,2,0,3,9185.379208
1,3,0,3,9197.69515
1,4,0,3,9330.781936
1,5,0,3,9126.585295
1,6,0,3,9100.713455
1,7,0,3,8929.076358
1,8,0,3,9377.699163
1,9,0,3,9125.828667
1,10,0,3,9365.49046
1,11,0,3,9063.63936
1,12,0,3,9098.31667
1,13,0,3,9161.718061
1,14,0,3,9164.6773
1,15,0,3,8907.89205
1,16,0,3,9067.488291
1,17,0,3,9023.817188
1,18,0,3,9232.197449
1,19,0,3,9193.439588
1,20,0,3,9137.564357
1,21,0,3,9125.564394
1,22,0,3,9160.591299
1,23,0,3,9364.495023
1,24,0,3,9315.74075
1,25,0,3,9292.788981
1,26,0,3,9133.764939
1,27,0,3,9186.422562
1,28,0,3,9128.069304
1,29,0,3,8896.90622
1,30,0,3,9148.464819
1,31,0,3,9368.331756
1,32,0,3,9228.024406
1,33,0,3,9193.951144
1,34,0,3,8905.120789
1,35,0,3,8953.68311
1,36,0,3,8967.932888
1,37,0,3,9023.138381
1,38,0,3,9125.945451
1,39,0,3,9119.839311
1,40,0,3,8987.13637
1,41,0,3,9440.722903
1,42,0,3,9170.225212
1,43,0,3,9346.654
1,44,0,3,9168.058943
1,45,0,3,9252.416519
1,46,0,3,9121.422693
1,47,0,3,9178.759897
1,48,0,3,8937.150866
1,49,0,3,9233.97606
1,50,0,3,9102.508508
1,51,0,3,8994.984053
1,52,0,3,9365.306405
1,53,0,3,9167.885818
1,54,0,3,8898.727116
1,55,0,3,9068.528034
1,56,0,3,9174.90615
1,57,0,3,9320.55458
1,58,0,3,9237.936348
1,59,0,3,9089.058084
1,60,0,3,9060.565177
1,61,0,3,9179.99506
1,62,0,3,9201.769607
1,63,0,3,9214.641528
1,64,0,3,9193.71867
1,65,0,3,9066.020697
1,66,0,3,9191.351577
1,67,0,3,9237.22661
1,68,0,3,9117.023112
1,69,0,3,8965.208177
1,70,0,3,9632.464483
1,71,0,3,9294.126625
1,72,0,3,9395.150894
1,73,0,3,9077.089147
1,74,0,3,9096.800329
1,75,0,3,9090.207423
1,76,0,3,9201.789728
1,77,0,3,9118.07785
1,78,0,3,9193.650038
1,79,0,3,9102.759089
1,80,0,3,9284.719264
1,81,0,3,9299.897387
1,82,0,3,9271.024135
1,83,0,3,9247.109774
1,84,0,3,9174.994749
1,85,0,3,9007.569048
1,86,0,3,9105.842781
1,87,0,3,9228.247779
1,88,0,3,9269.366269
1,89,0,3,9091.440551
1,90,0,3,9245.849124
1,91,0,3,9176.664752
1,92,0,3,9004.472132
1,93,0,3,9171.471733
1,94,0,3,9157.075777
1,95,0,3,9379.692671
1,96,0,3,8981.482573
1,97,0,3,9027.68091
1,98,0,3,9145.487965
1,99,0,3,8988.442862
1,100,0,3,9043.530086
1,101,0,3,9137.299467
1,102,0,3,9169.936614
1,103,0,3,9193.149994
1,104,0,3,9090.139846
1,105,0,3,9229.595275
1,106,0,3,9105.799131
1,107,0,3,9007.596535
1,108,0,3,9272.917914
1,109,0,3,8961.025284
1,110,0,3,9240.382708
1,111,0,3,9457.367
1,112,0,3,9395.680358
1,113,0,3,9026.629157
1,114,0,3,9045.963023
1,115,0,3,9220.079111
1,116,0,3,9142.177074
1,117,0,3,9086.634076
1,118,0,3,9188.750127
1,119,0,3,9086.908263
1,120,0,3,9160.188559
1,121,0,3,9235.970509
1,122,0,3,9045.861692
1,123,0,3,9268.393667
1,124,0,3,9217.64373
1,125,0,3,9151.644166
1,126,0,3,9091.719099
1,127,0,3,9170.096495
1,128,0,3,9213.416014
1,129,0,3,9142.40527
1,130,0,3,9090.023029
1,131,0,3,9330.192571
1,132,0,3,9092.214657
1,133,0,3,9442.197806
1,134,0,3,9233.446378
1,135,0,3,9103.198273
1,136,0,3,8978.260236
1,137,0,3,9056.496807
1,138,0,3,9132.258808
1,139,0,3,9016.371512
1,140,0,3,9067.566606
1,141,0,3,9130.859749
1,142,0,3,9268.73624
1,143,0,3,8862.836384
1,144,0,3,9151.623017
1,145,0,3,9272.714139
1,146,0,3,9039.415338
1,147,0,3,9409.864276
1,148,0,3,9125.802249
1,149,0,3,9037.724845
1,150,0,3,9125.885264
1,151,0,3,9116.99571
1,152,0,3,9369.743024
1,153,0,3,8988.011031
1,154,0,3,9134.430134
1,155,0,3,9065.486313
1,156,0,3,9055.584861
1,157,0,3,9392.122672
1,158,0,3,9046.480902
1,159,0,3,9089.205717
1,160,0,3,9095.212151
1,161,0,3,9136.328955
1,162,0,3,9068.987948
1,163,0,3,9040.485331
1,164,0,3,8995.649125
1,165,0,3,9056.912476
1,166,0,3,9139.211754
1,167,0,3,9294.821957
1,168,0,3,9468.098266
1,169,0,3,9135.803981
1,170,0,3,9194.827205
1,171,0,3,9224.941655
1,172,0,3,9021.287065
1,173,0,3,9079.069056
1,174,0,3,9119.988572
1,175,0,3,9260.961456
1,176,0,3,9226.56415
1,177,0,3,9236.346983
1,178,0,3,9043.105933
1,179,0,3,9163.170498
1,180,0,3,9149.327322
1,181,0,3,9138.480295
1,182,0,3,9100.324314
1,183,0,3,9245.210239
1,184,0,3,8963.631791
1,185,0,3,9249.654873
1,186,0,3,9094.864612
1,187,0,3,8986.141486
1,188,0,3,9231.770182
1,189,0,3,9035.5406
1,190,0,3,9337.877681
1,191,0,3,8982.215495
1,192,0,3,9413.265401
1,193,0,3,9386.347899
1,194,0,3,9004.728054
1,195,0,3,8925.924765
1,196,0,3,9138.71179
1,197,0,3,9442.219522
1,198,0,3,9152.61661
1,199,0,3,9074.680238
1,200,0,3,9198.107459
1,201,0,3,9142.02204
1,202,0,3,9129.395426
1,203,0,3,8876.069764
1,204,0,3,9040.348703
1,205,0,3,9188.479821
1,206,0,3,8944.441423
1,207,0,3,9193.760644
1,208,0,3,9089.021993
1,209,0,3,8992.733239
1,210,0,3,9121.49396
1,211,0,3,8961.936126
1,212,0,3,9193.930878
1,213,0,3,8972.425196
1,214,0,3,9275.119946
1,215,0,3,9194.364918
1,216,0,3,9029.557378
1,217,0,3,9078.74625
1,218,0,3,9319.752837
1,219,0,3,9225.673189
1,220,0,3,9008.400237
1,221,0,3,9095.430757
1,222,0,3,9282.890268
1,223,0,3,9270.746404
1,224,0,3,9025.553502
1,225,0,3,9114.527009
1,226,0,3,9289.905298
1,227,0,3,9079.982785
1,228,0,3,9080.982538
1,229,0,3,9122.876984
1,230,0,3,9085.336471
1,231,0,3,9295.549144
1,232,0,3,9083.993321
1,233,0,3,9235.927053
1,234,0,3,9442.110886
1,235,0,3,9181.99663
1,236,0,3,9158.424613
1,237,0,3,9094.578625
1,238,0,3,9064.373585
1,239,0,3,9200.810563
1,240,0,3,9433.428687
1,241,0,3,9181.246776
1,242,0,3,9103.977146
1,243,0,3,9021.41171
1,244,0,3,9285.670371
1,245,0,3,9436.165208
1,246,0,3,9155.860042
1,247,0,3,9233.764183
1,248,0,3,9241.097065
1,249,0,3,9022.222911
1,250,0,3,9337.515811
1,251,0,3,9017.487863
1,252,0,3,9152.06454
1,253,0,3,9240.01984
1,254,0,3,9226.142202
1,255,0,3,9460.916883
1,256,0,3,8931.920442
1,257,0,3,8934.24804
1,258,0,3,9282.011745
1,259,0,3,9001.728993
1,260,0,3,9185.269713
1,261,0,3,9013.204384
1,262,0,3,9002.149816
1,263,0,3,8911.801079
1,264,0,3,9098.53938
1,265,0,3,9139.558732
1,266,0,3,9095.143815
1,267,0,3,9073.175649
1,268,0,3,9124.400241
1,269,0,3,9181.786369
1,270,0,3,9422.425067
1,271,0,3,9249.519441
1,272,0,3,9112.188908
1,273,0,3,9388.042057
1,274,0,3,9036.023889
1,275,0,3,9005.23326
1,276,0,3,8891.724581
1,277,0,3,9147.087353
1,278,0,3,8922.896774
1,279,0,3,9206.196888
1,280,0,3,9041.966746
1,281,0,3,8966.761531
1,282,0,3,8952.459003
1,283,0,3,9017.769762
1,284,0,3,9015.969505
1,285,0,3,9151.815856
1,286,0,3,9287.041499
1,287,0,3,9439.349809
1,288,0,3,9176.307948
1,289,0,3,9144.218989
1,290,0,3,9414.819339
1,291,0,3,9107.261068
1,292,0,3,9081.498545
1,293,0,3,8971.565732
1,294,0,3,9263.735807
1,295,0,3,9176.056367
1,296,0,3,9258.914151
1,297,0,3,9073.660829
1,298,0,3,9381.383947
1,299,0,3,9024.631538
1,300,0,3,9050.881297
1,301,0,3,9114.790703
1,302,0,3,9199.554352
1,303,0,3,9243.032143
1,304,0,3,8804.102373
1,305,0,3,9045.354169
1,306,0,3,9067.440876
1,307,0,3,9060.24713
1,308,0,3,9083.037052
1,309,0,3,9145.639365
1,310,0,3,9404.260472
1,311,0,3,8916.254269
1,312,0,3,9257.627009
1,313,0,3,8980.431878
1,314,0,3,9032.187217
1,315,0,3,9126.853902
1,316,0,3,9102.085326
1,317,0,3,8943.363941
1,318,0,3,9228.107682
1,319,0,3,9111.194921
1,320,0,3,9432.496895
1,321,0,3,9006.334389
1,322,0,3,9311.369427
1,323,0,3,9353.472823
1,324,0,3,9153.749492
1,325,0,3,8981.920233
1,326,0,3,9229.279245
1,327,0,3,9034.099113
1,328,0,3,9039.535952
1,329,0,3,9097.029869
1,330,0,3,9078.964522
1,331,0,3,9085.628294
1,332,0,3,9161.016708
1,333,0,3,9253.788479
1,334,0,3,9296.24529
1,335,0,3,8952.136692
1,336,0,3,9112.337913
1,337,0,3,9304.227965
1,338,0,3,9044.087561
1,339,0,3,9112.041379
1,340,0,3,9295.61192
1,341,0,3,9127.519922
1,342,0,3,9134.684867
1,343,0,3,9264.170204
1,344,0,3,9030.650202
1,345,0,3,9138.295731
1,346,0,3,8978.836112
1,347,0,3,9028.172766
1,348,0,3,8953.565308
1,349,0,3,9532.775383
1,350,0,3,9218.589463
1,351,0,3,9057.214869
1,352,0,3,8971.394677
1,353,0,3,9065.060081
1,354,0,3,9317.41665
1,355,0,3,9062.485874
1,356,0,3,9066.072404
1,357,0,3,9095.462335
1,358,0,3,9120.797121
1,359,0,3,9044.845835
1,360,0,3,9402.402542
1,361,0,3,8912.537842
1,362,0,3,9173.229161
1,363,0,3,9109.787267
1,364,0,3,9014.89515
1,365,0,3,8941.63189
1,366,0,3,9465.812124
1,367,0,3,9091.712507
1,368,0,3,9174.030565
1,369,0,3,9097.094037
1,370,0,3,9097.210328
1,371,0,3,9252.007397
1,372,0,3,9142.366564
1,373,0,3,9120.163975
1,374,0,3,9119.11641
1,375,0,3,9070.879959
1,376,0,3,9091.296472
1,377,0,3,9181.348984
1,378,0,3,8893.037108
1,379,0,3,9336.649801
1,380,0,3,8882.926636
1,381,0,3,9404.622842
1,382,0,3,9512.817224
1,383,0,3,9088.897685
1,384,0,3,8976.253452
1,385,0,3,8998.885258
1,386,0,3,9224.575591
1,387,0,3,9028.674724
1,388,0,3,9380.94964
1,389,0,3,9285.856083
1,390,0,3,9043.916796
1,391,0,3,8967.905229
1,392,0,3,9161.273669
1,393,0,3,9196.254644
1,394,0,3,9022.078801
1,395,0,3,9238.479336
1,396,0,3,9003.033918
1,397,0,3,9164.335759
1,398,0,3,9051.189033
1,399,0,3,9337.023358
1,400,0,3,9107.833792
1,401,0,3,9214.318349
1,402,0,3,9421.907847
1,403,0,3,9244.67399
1,404,0,3,8986.043314
1,405,0,3,9039.570531
1,406,0,3,9266.922639
1,407,0,3,9168.00267
1,408,0,3,9042.732582
1,409,0,3,9169.92699
1,410,0,3,8962.576228
1,411,0,3,9019.744957
1,412,0,3,9215.000544
1,413,0,3,9083.185661
1,414,0,3,9201.691862
1,415,0,3,9432.10931
1,416,0,3,9165.776624
1,417,0,3,9095.19215
1,418,0,3,9315.568546
1,419,0,3,9381.139978
1,420,0,3,9114.142937
1,421,0,3,9058.241251
1,422,0,3,9026.370257
1,423,0,3,9059.157324
1,424,0,3,9303.816606
1,425,0,3,9159.644681
1,426,0,3,9035.802129
1,427,0,3,9222.940484
1,428,0,3,9397.657562
1,429,0,3,9269.602101
1,430,0,3,9010.634495
1,431,0,3,9198.66799
1,432,0,3,9169.493743
1,433,0,3,9206.317981
1,434,0,3,9130.345867
1,435,0,3,8990.762495
1,436,0,3,9060.777522
1,437,0,3,9081.371593
1,438,0,3,9071.370558
1,439,0,3,9046.227716
1,440,0,3,9073.692277
1,441,0,3,8957.731317
1,442,0,3,9181.614077
1,443,0,3,8973.858598
1,444,0,3,9283.2003
1,445,0,3,9132.572309
1,446,0,3,9259.055211
1,447,0,3,9372.442825
1,448,0,3,9305.12222
1,449,0,3,9078.45894
1,450,0,3,9363.526167
1,451,0,3,9097.21169
1,452,0,3,9236.99876
1,453,0,3,9264.763036
1,454,0,3,9062.920968
1,455,0,3,9010.194434
1,456,0,3,9180.640184
1,457,0,3,9586.040312
1,458,0,3,9054.762598
1,459,0,3,9262.578216
1,460,0,3,8947.880992
1,461,0,3,9181.01881
1,462,0,3,8933.769809
1,463,0,3,9148.305179
1,464,0,3,9263.094262
1,465,0,3,9171.339606
1,466,0,3,9069.20534
1,467,0,3,9317.668058
1,468,0,3,8954.593059
1,469,0,3,9138.305131
1,470,0,3,8941.255395
1,471,0,3,8950.489556
1,472,0,3,9141.90031
1,473,0,3,9114.846551
1,474,0,3,9347.434571
1,475,0,3,9188.588073
1,476,0,3,9147.629184
1,477,0,3,9039.445986
1,478,0,3,9095.792187
1,479,0,3,9088.805228
1,480,0,3,9149.1981
1,481,0,3,9682.662763
1,482,0,3,9226.321834
1,483,0,3,9277.811858
1,484,0,3,9247.384154
1,485,0,3,9388.138589
1,486,0,3,9068.261835
1,487,0,3,9231.797256
1,488,0,3,9258.146661
1,489,0,3,9072.072261
1,490,0,3,9258.379712
1,491,0,3,8947.394511
1,492,0,3,9104.603221
1,493,0,3,9312.602317
1,494,0,3,9196.247368
1,495,0,3,9019.130701
1,496,0,3,9300.59017
1,497,0,3,9215.624617
1,498,0,3,9116.148035
1,499,0,3,9196.840495
1,500,0,3,9014.034865
1,501,0,3,8965.080148
1,502,0,3,9242.29466
1,503,0,3,9180.562318
1,504,0,3,9085.042055
1,505,0,3,8916.050119
1,506,0,3,9058.435566
1,507,0,3,9168.356663
1,508,0,3,9280.771508
1,509,0,3,9116.819452
1,510,0,3,8987.407176
1,511,0,3,9007.595097
1,512,0,3,9152.825294
1,513,0,3,8982.930616
1,514,0,3,9234.072009
1,515,0,3,9032.374779
1,516,0,3,9373.087166
1,517,0,3,8923.445798
1,518,0,3,8966.068062
1,519,0,3,8919.545132
1,520,0,3,9302.736846
1,521,0,3,9108.569747
1,522,0,3,9289.493676
1,523,0,3,9099.586632
1,524,0,3,9140.947718
1,525,0,3,9208.376407
1,526,0,3,9035.081777
1,527,0,3,9123.52031
1,528,0,3,9114.961191
1,529,0,3,9145.376259
1,530,0,3,9195.021707
1,531,0,3,9020.335691
1,532,0,3,9048.697418
1,533,0,3,9250.623276
1,534,0,3,9068.961208
1,535,0,3,9035.887329
1,536,0,3,8951.507886
1,537,0,3,9225.674241
1,538,0,3,9161.950881
1,539,0,3,9016.008666
1,540,0,3,9294.361919
1,541,0,3,9189.267983
1,542,0,3,9063.254692
1,543,0,3,9088.915951
1,544,0,3,9194.088444
1,545,0,3,8991.167982
1,546,0,3,9122.064538
1,547,0,3,9038.648661
1,548,0,3,9010.795712
1,549,0,3,9220.343668
1,550,0,3,8955.577803
1,551,0,3,9002.905909
1,552,0,3,9008.090998
1,553,0,3,9160.107217
1,554,0,3,8972.588733
1,555,0,3,9168.518153
1,556,0,3,9134.740145
1,557,0,3,9083.640489
1,558,0,3,8992.330993
1,559,0,3,9143.891561
1,560,0,3,9272.963463
1,561,0,3,9375.67226
1,562,0,3,9080.443497
1,563,0,3,9345.802277
1,564,0,3,9148.421399
1,565,0,3,8976.557752
1,566,0,3,9143.633568
1,567,0,3,9019.04411
1,568,0,3,9081.421866
1,569,0,3,9004.837895
1,570,0,3,9209.161536
1,571,0,3,8950.939327
1,572,0,3,9120.025206
1,573,0,3,9056.602451
1,574,0,3,9012.032702
1,575,0,3,9045.822955
1,576,0,3,9285.608422
1,577,0,3,9060.963088
1,578,0,3,9034.679969
1,579,0,3,9327.990103
1,580,0,3,9173.329921
1,581,0,3,9524.329504
1,582,0,3,9030.151302
1,583,0,3,8965.763836
1,584,0,3,8997.320948
1,585,0,3,9244.021055
1,586,0,3,9124.365183
1,587,0,3,9089.228048
1,588,0,3,9046.559661
1,589,0,3,9089.84348
1,590,0,3,9262.759933
1,591,0,3,9149.803925
1,592,0,3,9008.765946
1,593,0,3,9165.705182
1,594,0,3,8938.23375
1,595,0,3,9118.026106
1,596,0,3,9067.486691
1,597,0,3,9244.232004
1,598,0,3,9062.164368
1,599,0,3,9029.752397
1,600,0,3,9439.871127
1,601,0,3,8989.365028
1,602,0,3,9112.743828
1,603,0,3,9330.15025
1,604,0,3,9056.007699
1,605,0,3,9105.795665
1,606,0,3,9504.788298
1,607,0,3,8989.650787
1,608,0,3,9014.645041
1,609,0,3,8996.855432
1,610,0,3,9283.526091
1,611,0,3,8977.992426
1,612,0,3,9026.886942
1,613,0,3,9182.183646
1,614,0,3,9034.371105
1,615,0,3,9400.478722
1,616,0,3,9273.263321
1,617,0,3,9099.84622
1,618,0,3,9439.084472
1,619,0,3,9110.703982
1,620,0,3,9432.729544
1,621,0,3,9143.578131
1,622,0,3,9192.900278
1,623,0,3,8911.873992
1,624,0,3,9054.617227
1,625,0,3,9097.589519
1,626,0,3,9011.765497
1,627,0,3,9205.819626
1,628,0,3,9256.265222
1,629,0,3,9101.029771
1,630,0,3,9235.217251
1,631,0,3,9069.733587
1,632,0,3,9214.859761
1,633,0,3,9057.648017
1,634,0,3,9123.590565
1,635,0,3,9027.377548
1,636,0,3,9177.93086
1,637,0,3,9126.19624
1,638,0,3,9045.10879
1,639,0,3,9045.020022
1,640,0,3,9128.873973
1,641,0,3,9070.820525
1,642,0,3,9036.218282
1,643,0,3,9141.012869
1,644,0,3,8998.46069
1,645,0,3,9069.310887
1,646,0,3,9166.094107
1,647,0,3,9243.725384
1,648,0,3,9227.152235
1,649,0,3,9019.161444
1,650,0,3,9062.169052
1,651,0,3,8974.520691
1,652,0,3,9077.208415
1,653,0,3,9153.018242
1,654,0,3,9043.831713
1,655,0,3,9209.348815
1,656,0,3,9059.740057
1,657,0,3,8934.891626
1,658,0,3,8962.066431
1,659,0,3,9219.769842
1,660,0,3,9120.244951
1,661,0,3,9085.655192
1,662,0,3,9254.334849
1,663,0,3,9186.139134
1,664,0,3,8879.920832
1,665,0,3,9007.533609
1,666,0,3,9180.599075
1,667,0,3,9129.215497
1,668,0,3,9053.151669
1,669,0,3,9085.181379
1,670,0,3,9324.345136
1,671,0,3,9770.387266
1,672,0,3,8948.433804
1,673,0,3,9102.202208
1,674,0,3,9074.644025
1,675,0,3,9200.8152
1,676,0,3,9082.303519
1,677,0,3,8962.54492
1,678,0,3,9159.608591
1,679,0,3,9093.730467
1,680,0,3,9332.356174
1,681,0,3,9058.979745
1,682,0,3,9096.627831
1,683,0,3,9310.129896
1,684,0,3,9278.554836
1,685,0,3,9086.822697
1,686,0,3,9070.971669
1,687,0,3,9340.885103
1,688,0,3,9139.0488
1,689,0,3,9134.076515
1,690,0,3,9068.051502
1,691,0,3,9085.896794
1,692,0,3,9137.818281
1,693,0,3,8945.53378
1,694,0,3,9110.026844
1,695,0,3,9160.204648
1,696,0,3,9163.198972
1,697,0,3,9034.905819
1,698,0,3,9090.39872
1,699,0,3,9063.646075
1,700,0,3,9375.947552
1,701,0,3,9187.718365
1,702,0,3,9093.90676
1,703,0,3,9229.474328
1,704,0,3,9013.283426
1,705,0,3,9335.071773
1,706,0,3,9158.375258
1,707,0,3,9321.680464
1,708,0,3,9073.137897
1,709,0,3,9064.074587
1,710,0,3,9400.958446
1,711,0,3,9239.179147
1,712,0,3,9374.21571
1,713,0,3,8974.740728
1,714,0,3,9091.052857
1,715,0,3,9073.374747
1,716,0,3,9325.666715
1,717,0,3,8973.283138
1,718,0,3,9369.864111
1,719,0,3,8945.099418
1,720,0,3,9103.899217
1,721,0,3,9421.623838
1,722,0,3,9370.443396
1,723,0,3,8923.801009
1,724,0,3,9085.41096
1,725,0,3,9382.035783
1,726,0,3,8897.091968
1,727,0,3,9299.823563
1,728,0,3,9122.633201
1,729,0,3,9215.931455
1,730,0,3,9103.42459
1,731,0,3,9122.497891
1,732,0,3,9097.991151
1,733,0,3,9021.448757
1,734,0,3,9317.125208
1,735,0,3,9050.892012
1,736,0,3,9108.827715
1,737,0,3,9299.136073
1,738,0,3,9095.027858
1,739,0,3,9464.448959
1,740,0,3,9099.47635
1,741,0,3,9138.70776
1,742,0,3,8990.36598
1,743,0,3,8981.438699
1,744,0,3,9195.906777
1,745,0,3,9126.622416
1,746,0,3,9161.465472
1,747,0,3,9179.699387
1,748,0,3,9110.032547
1,749,0,3,9275.353681
1,750,0,3,9479.394719
1,751,0,3,9093.369101
1,752,0,3,8988.109617
1,753,0,3,8978.324484
1,754,0,3,8949.003684
1,755,0,3,9103.349695
1,756,0,3,9025.812968
1,757,0,3,9236.077629
1,758,0,3,8924.331685
1,759,0,3,9047.727055
1,760,0,3,9318.917689
1,761,0,3,9008.724165
1,762,0,3,9328.081834
1,763,0,3,8997.154619
1,764,0,3,9305.600508
1,765,0,3,9223.603163
1,766,0,3,8978.205621
1,767,0,3,9065.997131
1,768,0,3,9221.883209
1,769,0,3,9443.09934
1,770,0,3,8979.835603
1,771,0,3,9090.081815
1,772,0,3,9024.361338
1,773,0,3,9081.266003
1,774,0,3,8987.032734
1,775,0,3,9298.096575
1,776,0,3,9374.878314
1,777,0,3,9119.508111
1,778,0,3,9229.202084
1,779,0,3,9011.946048
1,780,0,3,9172.345786
1,781,0,3,9149.232924
1,782,0,3,9088.552773
1,783,0,3,9213.615751
1,784,0,3,9188.402934
1,785,0,3,9252.101553
1,786,0,3,8991.641445
1,787,0,3,9089.330269
1,788,0,3,8959.17457
1,789,0,3,9179.404389
1,790,0,3,8883.261844
1,791,0,3,9072.969624
1,792,0,3,9220.954137
1,793,0,3,9040.463875
1,794,0,3,9304.831834
1,795,0,3,9146.515437
1,796,0,3,9124.866806
1,797,0,3,9237.146289
1,798,0,3,9241.216927
1,799,0,3,8915.062292
1,800,0,3,8956.193146
1,801,0,3,9091.845916
1,802,0,3,9081.948634
1,803,0,3,8975.426471
1,804,0,3,9182.338124
1,805,0,3,9107.662069
1,806,0,3,8879.781367
1,807,0,3,8969.518731
1,808,0,3,9064.1767
1,809,0,3,9234.753714
1,810,0,3,9114.085626
1,811,0,3,8970.169654
1,812,0,3,9088.97245
1,813,0,3,9213.937181
1,814,0,3,9194.78783
1,815,0,3,9155.73962
1,816,0,3,9027.923114
1,817,0,3,9320.995506
1,818,0,3,9089.266649
1,819,0,3,9259.415399
1,820,0,3,9174.272031
1,821,0,3,9222.911132
1,822,0,3,9008.874271
1,823,0,3,8975.603147
1,824,0,3,9058.742372
1,825,0,3,9091.176856
1,826,0,3,9232.524665
1,827,0,3,9016.821698
1,828,0,3,9247.318561
1,829,0,3,9054.536276
1,830,0,3,9053.76846
1,831,0,3,8935.739242
1,832,0,3,8919.192782
1,833,0,3,9407.732575
1,834,0,3,9451.433583
1,835,0,3,9259.870026
1,836,0,3,9008.205944
1,837,0,3,9105.238671
1,838,0,3,9105.773671
1,839,0,3,9350.013664
1,840,0,3,9387.091792
1,841,0,3,9028.204574
1,842,0,3,9099.609753
1,843,0,3,9067.561905
1,844,0,3,9420.503254
1,845,0,3,9361.192923
1,846,0,3,9058.423263
1,847,0,3,9145.90477
1,848,0,3,9031.271716
1,849,0,3,9184.981582
1,850,0,3,8893.982451
1,851,0,3,9158.932031
1,852,0,3,9078.124672
1,853,0,3,8906.441276
1,854,0,3,8894.336925
1,855,0,3,9157.293642
1,856,0,3,9101.78041
1,857,0,3,8993.803909
1,858,0,3,9394.2307
1,859,0,3,8936.855614
1,860,0,3,9065.356044
1,861,0,3,8882.339123
1,862,0,3,9201.899752
1,863,0,3,9073.856511
1,864,0,3,9072.129575
1,865,0,3,8932.349885
1,866,0,3,9284.736815
1,867,0,3,9069.565837
1,868,0,3,9027.397461
1,869,0,3,9002.659064
1,870,0,3,9097.930051
1,871,0,3,9090.110483
1,872,0,3,9115.544791
1,873,0,3,9247.403175
1,874,0,3,9143.273932
1,875,0,3,8918.858658
1,876,0,3,9073.926258
1,877,0,3,9223.772193
1,878,0,3,9160.789311
1,879,0,3,9163.940587
1,880,0,3,9232.413722
1,881,0,3,9155.040723
1,882,0,3,9237.158503
1,883,0,3,9258.536468
1,884,0,3,9286.89802
1,885,0,3,9196.184805
1,886,0,3,9198.4187
1,887,0,3,8947.664307
1,888,0,3,9232.337138
1,889,0,3,9104.641196
1,890,0,3,9108.06122
1,891,0,3,9218.023895
1,892,0,3,9414.956443
1,893,0,3,8807.480294
1,894,0,3,9148.474384
1,895,0,3,9222.610822
1,896,0,3,9301.542636
1,897,0,3,9155.761298
1,898,0,3,8907.439465
1,899,0,3,9125.288245
1,900,0,3,9428.262103
1,901,0,3,9270.457518
1,902,0,3,9124.319376
1,903,0,3,9000.400895
1,904,0,3,8952.84465
1,905,0,3,9210.440903
1,906,0,3,9149.03165
1,907,0,3,9125.578741
1,908,0,3,9249.223317
1,909,0,3,9143.901232
1,910,0,3,8857.143866
1,911,0,3,9084.795603
1,912,0,3,8980.7015
1,913,0,3,9002.691039
1,914,0,3,9265.105813
1,915,0,3,8999.147229
1,916,0,3,9409.864155
1,917,0,3,9170.140268
1,918,0,3,9420.243835
1,919,0,3,9365.486394
1,920,0,3,9004.130198
1,921,0,3,9244.32786
1,922,0,3,9242.565141
1,923,0,3,9256.84036
1,924,0,3,9152.71101
1,925,0,3,9068.868856
1,926,0,3,9102.357195
1,927,0,3,8980.517505
1,928,0,3,9340.146474
1,929,0,3,9069.487207
1,930,0,3,8947.084043
1,931,0,3,9317.223664
1,932,0,3,9026.583505
1,933,0,3,9732.510743
1,934,0,3,9505.310422
1,935,0,3,9171.404034
1,936,0,3,9066.674746
1,937,0,3,9023.985313
1,938,0,3,9146.371513
1,939,0,3,9288.018403
1,940,0,3,9236.002452
1,941,0,3,9288.929325
1,942,0,3,9025.699961
1,943,0,3,9087.419228
1,944,0,3,9211.709564
1,945,0,3,9291.703567
1,946,0,3,8975.132016
1,947,0,3,9018.893604
1,948,0,3,9073.883712
1,949,0,3,9052.62483
1,950,0,3,9005.079591
1,951,0,3,9075.377472
1,952,0,3,9102.398339
1,953,0,3,9181.128265
1,954,0,3,9289.790095
1,955,0,3,8881.821747
1,956,0,3,9205.110488
1,957,0,3,8969.698185
1,958,0,3,8907.207512
1,959,0,3,9242.007164
1,960,0,3,8931.378862
1,961,0,3,9428.322568
1,962,0,3,8984.214091
1,963,0,3,9104.639761
1,964,0,3,8936.365701
1,965,0,3,9138.79614
1,966,0,3,9123.737029
1,967,0,3,9268.102417
1,968,0,3,9067.255588
1,969,0,3,9364.730991
1,970,0,3,9154.253624
1,971,0,3,9130.009802
1,972,0,3,9077.07182
1,973,0,3,9085.495725
1,974,0,3,9214.315591
1,975,0,3,9258.666983
1,976,0,3,8973.291403
1,977,0,3,9152.365226
1,978,0,3,9150.58616
1,979,0,3,9167.336575
1,980,0,3,9028.144479
1,981,0,3,9273.220286
1,982,0,3,9339.348833
1,983,0,3,9140.312304
1,984,0,3,9259.367587
1,985,0,3,8977.540395
1,986,0,3,9007.810996
1,987,0,3,9185.996405
1,988,0,3,9170.168131
1,989,0,3,9090.332448
1,990,0,3,9294.925214
1,991,0,3,8825.71103
1,992,0,3,9306.366336
1,993,0,3,9256.258769
1,994,0,3,9407.619549
1,995,0,3,9041.626906
1,996,0,3,9163.576273
1,997,0,3,9077.351785
1,998,0,3,9338.366241
1,999,0,3,9211.096368
2,0,0,3,9238.432517
2,1,0,3,8989.018079
2,2,0,3,9067.905437
2,3,0,3,9138.983387
2,4,0,3,9157.313505
2,5,0,3,9002.541726
2,6,0,3,9447.647281
2,7,0,3,9254.194559
2,8,0,3,9251.156266
2,9,0,3,9130.972809
2,10,0,3,8972.688524
2,11,0,3,9047.407218
2,12,0,3,9184.50019
2,13,0,3,9008.353609
2,14,0,3,9164.135278
2,15,0,3,9307.305814
2,16,0,3,9143.936194
2,17,0,3,9189.818896
2,18,0,3,8946.282943
2,19,0,3,9139.251034
2,20,0,3,8999.577592
2,21,0,3,9159.34992
2,22,0,3,9290.82758
2,23,0,3,9301.491553
2,24,0,3,9019.362122
2,25,0,3,9030.198448
2,26,0,3,9076.246477
2,27,0,3,9124.017391
2,28,0,3,9371.132326
2,29,0,3,9117.93171
2,30,0,3,9188.123557
2,31,0,3,9209.906874
2,32,0,3,9039.189546
2,33,0,3,8988.645407
2,34,0,3,9123.786259
2,35,0,3,9006.686324
2,36,0,3,9286.754862
2,37,0,3,8983.956053
2,38,0,3,9054.793547
2,39,0,3,9063.102901
2,40,0,3,9315.481549
2,41,0,3,8971.11015
2,42,0,3,9283.034971
2,43,0,3,9234.24842
2,44,0,3,8902.470037
2,45,0,3,9074.210739
2,46,0,3,9039.41376
2,47,0,3,9501.578093
2,48,0,3,9214.335799
2,49,0,3,9310.881266
2,50,0,3,9256.028399
2,51,0,3,9131.650952
2,52,0,3,9063.114591
2,53,0,3,9281.622562
2,54,0,3,9189.503806
2,55,0,3,9234.298557
2,56,0,3,9042.392383
2,57,0,3,8943.993045
2,58,0,3,9094.274849
2,59,0,3,9133.837025
2,60,0,3,9138.444331
2,61,0,3,9154.976084
2,62,0,3,9257.589249
2,63,0,3,9189.83133
2,64,0,3,9062.213289
2,65,0,3,9313.16092
2,66,0,3,9130.976608
2,67,0,3,9111.797685
2,68,0,3,9011.585452
2,69,0,3,9183.744954
2,70,0,3,9316.633193
2,71,0,3,9121.286744
2,72,0,3,8977.271263
2,73,0,3,9111.16405
2,74,0,3,9132.32335
2,75,0,3,9165.130406
2,76,0,3,9226.645992
2,77,0,3,9072.944512
2,78,0,3,9124.151456
2,79,0,3,9197.717638
2,80,0,3,9073.243309
2,81,0,3,8954.096644
2,82,0,3,8996.072211
2,83,0,3,9028.457417
2,84,0,3,9299.248723
2,85,0,3,9427.74456
2,86,0,3,9171.366477
2,87,0,3,9019.381032
2,88,0,3,9421.090247
2,89,0,3,9013.90416
2,90,0,3,8977.684325
2,91,0,3,9239.058963
2,92,0,3,9073.092314
2,93,0,3,9200.160695
2,94,0,3,8963.781312
2,95,0,3,9124.8813
2,96,0,3,9182.172208
2,97,0,3,9100.252154
2,98,0,3,9388.999207
2,99,0,3,9317.318639
2,100,0,3,9284.618546
2,101,0,3,9232.469045
2,102,0,3,9247.183894
2,103,0,3,9226.951081
2,104,0,3,8989.09249
2,105,0,3,9087.323492
2,106,0,3,9222.728299
2,107,0,3,9016.39503
2,108,0,3,9274.233403
2,109,0,3,9114.881211
2,110,0,3,9360.007974
2,111,0,3,8922.299008
2,112,0,3,9113.920771
2,113,0,3,9138.188211
2,114,0,3,9131.799538
2,115,0,3,9049.50668
2,116,0,3,9053.077475
2,117,0,3,9222.957339
2,118,0,3,9007.553294
2,119,0,3,9172.732132
2,120,0,3,9028.545017
2,121,0,3,9151.084414
2,122,0,3,9018.765459
2,123,0,3,9170.677797
2,124,0,3,9365.631865
2,125,0,3,9017.487803
2,126,0,3,9233.963288
2,127,0,3,9119.320084
2,128,0,3,9246.404738
2,129,0,3,9263.397324
2,130,0,3,8911.921642
2,131,0,3,9041.804625
2,132,0,3,9245.05005
2,133,0,3,9286.385987
2,134,0,3,9219.627387
2,135,0,3,9289.179537
2,136,0,3,8996.158241
2,137,0,3,9270.696881
2,138,0,3,9180.885653
2,139,0,3,9046.013217
2,140,0,3,8963.41235
2,141,0,3,9384.378014
2,142,0,3,8971.650437
2,143,0,3,8965.697696
2,144,0,3,9072.806097
2,145,0,3,9007.648648
2,146,0,3,9044.67436
2,147,0,3,8928.990619
2,148,0,3,9000.551598
2,149,0,3,9444.488271
2,150,0,3,9106.662569
2,151,0,3,8878.485489
2,152,0,3,9273.871451
2,153,0,3,9135.100048
2,154,0,3,9108.524489
2,155,0,3,9000.912503
2,156,0,3,8897.147014
2,157,0,3,9141.870022
2,158,0,3,8981.044095
2,159,0,3,9017.107102
2,160,0,3,8958.02119
2,161,0,3,9079.057195
2,162,0,3,9049.900499
2,163,0,3,9214.94917
2,164,0,3,9269.826555
2,165,0,3,9219.291341
2,166,0,3,9157.409982
2,167,0,3,9051.011178
2,168,0,3,8950.693037
2,169,0,3,9499.619791
2,170,0,3,9025.300439
2,171,0,3,9131.016922
2,172,0,3,9156.97562
2,173,0,3,9079.325862
2,174,0,3,9437.389919
2,175,0,3,9420.603323
2,176,0,3,9185.230967
2,177,0,3,9019.61127
2,178,0,3,9090.856063
2,179,0,3,9076.879663
2,180,0,3,9110.525788
2,181,0,3,9442.697982
2,182,0,3,9275.492159
2,183,0,3,9046.309551
2,184,0,3,8998.304022
2,185,0,3,9108.133083
2,186,0,3,9156.507118
2,187,0,3,9211.979002
2,188,0,3,8996.896046
2,189,0,3,9023.79264
2,190,0,3,9179.438611
2,191,0,3,9112.950359
2,192,0,3,9098.302636
2,193,0,3,9207.355001
2,194,0,3,9173.825857
2,195,0,3,9160.609231
2,196,0,3,9183.694302
2,197,0,3,9404.974673
2,198,0,3,9156.806051
2,199,0,3,9080.637024
2,200,0,3,9055.604709
2,201,0,3,9160.066628
2,202,0,3,9398.416948
2,203,0,3,9371.439061
2,204,0,3,9199.454332
2,205,0,3,9179.621534
2,206,0,3,8942.616223
2,207,0,3,8992.111557
2,208,0,3,9132.571642
2,209,0,3,9233.697754
2,210,0,3,9361.317212
2,211,0,3,9029.095696
2,212,0,3,9020.332021
2,213,0,3,9232.426192
2,214,0,3,9345.589252
2,215,0,3,9327.338827
2,216,0,3,9306.658191
2,217,0,3,9114.956293
2,218,0,3,9167.212928
2,219,0,3,9350.575736
2,220,0,3,9013.068684
2,221,0,3,9244.903981
2,222,0,3,9004.949603
2,223,0,3,9118.949366
2,224,0,3,9010.802846
2,225,0,3,9083.011287
2,226,0,3,9096.601001
2,227,0,3,9194.44739
2,228,0,3,9081.519303
2,229,0,3,9254.47623
2,230,0,3,9405.3948
2,231,0,3,8928.26116
2,232,0,3,9308.872768
2,233,0,3,9001.83991
2,234,0,3,9036.327169
2,235,0,3,8980.053341
2,236,0,3,9083.706154
2,237,0,3,9271.523908
2,238,0,3,9047.044608
2,239,0,3,9168.27178
2,240,0,3,9325.365846
2,241,0,3,9204.587474
2,242,0,3,9055.452331
2,243,0,3,9076.967705
2,244,0,3,9099.964927
2,245,0,3,9120.793983
2,246,0,3,8959.984579
2,247,0,3,9067.62418
2,248,0,3,8860.200442
2,249,0,3,9292.347838
2,250,0,3,8984.693594
2,251,0,3,9010.666084
2,252,0,3,9068.750307
2,253,0,3,9176.145567
2,254,0,3,9133.762002
2,255,0,3,9359.508594
2,256,0,3,9050.605897
2,257,0,3,9282.229548
2,258,0,3,9126.074118
2,259,0,3,9037.871454
2,260,0,3,9129.524997
2,261,0,3,9216.185232
2,262,0,3,9226.298772
2,263,0,3,9336.680509
2,264,0,3,9186.633092
2,265,0,3,9355.867513
2,266,0,3,9021.608133
2,267,0,3,9090.067865
2,268,0,3,9133.109767
2,269,0,3,9216.254528
2,270,0,3,9231.721463
2,271,0,3,9125.109737
2,272,0,3,9056.335356
2,273,0,3,9048.461344
2,274,0,3,9239.267213
2,275,0,3,9076.82814
2,276,0,3,9058.499177
2,277,0,3,9201.591984
2,278,0,3,9090.574338
2,279,0,3,9083.599362
2,280,0,3,9327.283302
2,281,0,3,9179.697098
2,282,0,3,9223.634655
2,283,0,3,9077.48231
2,284,0,3,9215.096475
2,285,0,3,8982.535167
2,286,0,3,9126.530617
2,287,0,3,9178.134835
2,288,0,3,9072.282099
2,289,0,3,9100.386058
2,290,0,3,9351.121283
2,291,0,3,9108.469332
2,292,0,3,9065.951067
2,293,0,3,9355.679987
2,294,0,3,9531.489034
2,295,0,3,9117.912051
2,296,0,3,9129.169998
2,297,0,3,9253.912501
2,298,0,3,9067.188501
2,299,0,3,9229.937765
2,300,0,3,9028.197384
2,301,0,3,8973.40237
2,302,0,3,9519.085002
2,303,0,3,9038.109146
2,304,0,3,8980.112172
2,305,0,3,8959.528495
2,306,0,3,9142.492468
2,307,0,3,9179.667689
2,308,0,3,8970.005022
2,309,0,3,8785.213235
2,310,0,3,9001.588686
2,311,0,3,9000.708107
2,312,0,3,9082.850028
2,313,0,3,9084.303023
2,314,0,3,9009.796016
2,315,0,3,9057.13049
2,316,0,3,9136.181736
2,317,0,3,9042.193246
2,318,0,3,9105.50726
2,319,0,3,9239.461978
2,320,0,3,9002.065105
2,321,0,3,9107.541526
2,322,0,3,9401.894979
2,323,0,3,9295.382495
2,324,0,3,8941.346777
2,325,0,3,9103.589367
2,326,0,3,9124.789624
2,327,0,3,9107.814485
2,328,0,3,9086.467003
2,329,0,3,9282.248997
2,330,0,3,9142.622314
2,331,0,3,9207.363264
2,332,0,3,9199.414535
2,333,0,3,9455.196749
2,334,0,3,9061.685748
2,335,0,3,9368.567402
2,336,0,3,9111.804224
2,337,0,3,9045.93581
2,338,0,3,9144.422654
2,339,0,3,9227.191872
2,340,0,3,9105.168347
2,341,0,3,9355.809395
2,342,0,3,9128.511375
2,343,0,3,9317.860972
2,344,0,3,9212.233015
2,345,0,3,9063.443009
2,346,0,3,9160.370703
2,347,0,3,9206.194251
2,348,0,3,9258.118694
2,349,0,3,9094.811646
2,350,0,3,9183.280163
2,351,0,3,9252.608434
2,352,0,3,9157.670627
2,353,0,3,9110.578806
2,354,0,3,8900.327358
2,355,0,3,9150.800783
2,356,0,3,9040.258415
2,357,0,3,8954.319815
2,358,0,3,9248.490024
2,359,0,3,9032.975457
2,360,0,3,9030.553997
2,361,0,3,9098.818471
2,362,0,3,9166.474588
2,363,0,3,9045.684531
2,364,0,3,9095.705562
2,365,0,3,9152.801805
2,366,0,3,8931.871019
2,367,0,3,9154.607486
2,368,0,3,9102.597292
2,369,0,3,9004.76438
2,370,0,3,8965.580537
2,371,0,3,9337.219768
2,372,0,3,8859.600299
2,373,0,3,9224.09919
2,374,0,3,9161.420137
2,375,0,3,9155.83418
2,376,0,3,9050.775899
2,377,0,3,9081.631515
2,378,0,3,9256.161323
2,379,0,3,9194.032662
2,380,0,3,9114.131387
2,381,0,3,9148.844616
2,382,0,3,8956.739634
2,383,0,3,8976.584633
2,384,0,3,9394.720316
2,385,0,3,9406.615162
2,386,0,3,9024.828051
2,387,0,3,9208.262907
2,388,0,3,9061.337853
2,389,0,3,9056.65652
2,390,0,3,8982.825758
2,391,0,3,9072.69839
2,392,0,3,9037.028612
2,393,0,3,9060.306087
2,394,0,3,9040.635712
2,395,0,3,9178.85427
2,396,0,3,9068.839037
2,397,0,3,9116.114666
2,398,0,3,9249.466515
2,399,0,3,9041.282345
2,400,0,3,9214.550069
2,401,0,3,9085.922049
2,402,0,3,9076.372058
2,403,0,3,9216.063726
2,404,0,3,9039.428536
2,405,0,3,9002.56304
2,406,0,3,9002.701528
2,407,0,3,9438.81406
2,408,0,3,8874.906279
2,409,0,3,9067.397753
2,410,0,3,9268.108782
2,411,0,3,9381.296576
2,412,0,3,9188.340638
2,413,0,3,9078.662653
2,414,0,3,9288.099671
2,415,0,3,9202.204346
2,416,0,3,9252.935368
2,417,0,3,9134.752999
2,418,0,3,8949.90169
2,419,0,3,9068.707883
2,420,0,3,9166.189286
2,421,0,3,8972.193367
2,422,0,3,9254.823557
2,423,0,3,9222.3054
2,424,0,3,9298.015664
2,425,0,3,9027.301504
2,426,0,3,8914.403373
2,427,0,3,9176.403326
2,428,0,3,9354.233458
2,429,0,3,9086.067234
2,430,0,3,8893.921292
2,431,0,3,9226.657455
2,432,0,3,9135.128209
2,433,0,3,9120.193062
2,434,0,3,9086.818353
2,435,0,3,9118.277863
2,436,0,3,9032.138753
2,437,0,3,9393.218918
2,438,0,3,9092.596333
2,439,0,3,8978.011702
2,440,0,3,9019.204991
2,441,0,3,9164.702285
2,442,0,3,8946.524898
2,443,0,3,9068.206651
2,444,0,3,9277.376261
2,445,0,3,9090.308478
2,446,0,3,9208.572431
2,447,0,3,9003.884432
2,448,0,3,9373.496279
2,449,0,3,9252.681158
2,450,0,3,9051.593639
2,451,0,3,9056.917019
2,452,0,3,9446.783314
2,453,0,3,9326.102909
2,454,0,3,9110.077465
2,455,0,3,9263.151699
2,456,0,3,9099.374438
2,457,0,3,9082.886499
2,458,0,3,9063.888852
2,459,0,3,9056.789696
2,460,0,3,9150.949518
2,461,0,3,9026.289567
2,462,0,3,9109.923471
2,463,0,3,9211.176567
2,464,0,3,9053.973234
2,465,0,3,8995.598776
2,466,0,3,8994.299304
2,467,0,3,9218.777903
2,468,0,3,9235.399801
2,469,0,3,9310.231735
2,470,0,3,9233.345595
2,471,0,3,9052.051456
2,472,0,3,8989.506511
2,473,0,3,9195.398791
2,474,0,3,9065.929348
2,475,0,3,9151.868443
2,476,0,3,9270.129228
2,477,0,3,8969.650906
2,478,0,3,9177.295284
2,479,0,3,8928.578857
2,480,0,3,8993.618212
2,481,0,3,9437.340856
2,482,0,3,9233.840447
2,483,0,3,9171.819668
2,484,0,3,9206.184377
2,485,0,3,9156.581042
2,486,0,3,9191.535769
2,487,0,3,9037.871928
2,488,0,3,9080.657409
2,489,0,3,9111.836218
2,490,0,3,8924.351268
2,491,0,3,9291.851664
2,492,0,3,9326.881412
2,493,0,3,9029.355682
2,494,0,3,9181.547827
2,495,0,3,8933.090105
2,496,0,3,9232.101326
2,497,0,3,8991.331789
2,498,0,3,9181.575431
2,499,0,3,9269.381333
2,500,0,3,9128.228453
2,501,0,3,9331.814453
2,502,0,3,9435.926231
2,503,0,3,9264.662837
2,504,0,3,9075.777514
2,505,0,3,9166.808662
2,506,0,3,9303.417265
2,507,0,3,9127.514308
2,508,0,3,8982.255311
2,509,0,3,9058.291787
2,510,0,3,9182.629025
2,511,0,3,8903.341475
2,512,0,3,9206.182122
2,513,0,3,9165.914757
2,514,0,3,9131.123367
2,515,0,3,9165.570814
2,516,0,3,9075.246748
2,517,0,3,9327.248167
2,518,0,3,9264.077054
2,519,0,3,9287.258205
2,520,0,3,9009.837871
2,521,0,3,9284.312789
2,522,0,3,9028.793048
2,523,0,3,9046.749823
2,524,0,3,9180.302172
2,525,0,3,9261.369071
2,526,0,3,9019.332614
2,527,0,3,9295.261307
2,528,0,3,9112.651532
2,529,0,3,9059.599639
2,530,0,3,9421.520834
2,531,0,3,9217.805731
2,532,0,3,9079.047573
2,533,0,3,8986.978853
2,534,0,3,9170.718533
2,535,0,3,8943.940634
2,536,0,3,8948.775688
2,537,0,3,9173.705961
2,538,0,3,9073.127373
2,539,0,3,9073.013211
2,540,0,3,8964.848417
2,541,0,3,9152.82195
2,542,0,3,9003.362094
2,543,0,3,9255.708248
2,544,0,3,9129.942919
2,545,0,3,9439.023046
2,546,0,3,9216.756779
2,547,0,3,9255.155082
2,548,0,3,8960.404554
2,549,0,3,9063.537609
2,550,0,3,9421.876749
2,551,0,3,9295.570234
2,552,0,3,9101.901065
2,553,0,3,9133.63734
2,554,0,3,9456.328756
2,555,0,3,9160.670531
2,556,0,3,9047.200689
2,557,0,3,9052.213828
2,558,0,3,8907.010171
2,559,0,3,9097.603685
2,560,0,3,9229.076946
2,561,0,3,9106.764771
2,562,0,3,9066.276595
2,563,0,3,9095.517837
2,564,0,3,9079.51802
2,565,0,3,9124.556505
2,566,0,3,9185.058907
2,567,0,3,9058.749896
2,568,0,3,9076.667971
2,569,0,3,9154.57594
2,570,0,3,9307.157497
2,571,0,3,9027.148249
2,572,0,3,9046.504034
2,573,0,3,9446.613718
2,574,0,3,9235.361599
2,575,0,3,9241.900025
2,576,0,3,9043.153405
2,577,0,3,9043.503241
2,578,0,3,9075.124255
2,579,0,3,9070.25124
2,580,0,3,9105.444788
2,581,0,3,9144.089578
2,582,0,3,9071.328692
2,583,0,3,9129.365481
2,584,0,3,8929.790222
2,585,0,3,9207.477467
2,586,0,3,9016.414288
2,587,0,3,9092.384696
2,588,0,3,9211.724501
2,589,0,3,9136.264254
2,590,0,3,9361.900214
2,591,0,3,9412.61225
2,592,0,3,9359.984628
2,593,0,3,9159.617847
2,594,0,3,9066.26174
2,595,0,3,9200.374246
2,596,0,3,8982.688363
2,597,0,3,9191.311652
2,598,0,3,9092.714223
2,599,0,3,8999.83141
2,600,0,3,9132.950026
2,601,0,3,9007.998379
2,602,0,3,9020.634354
2,603,0,3,9144.81803
2,604,0,3,9135.756188
2,605,0,3,9074.874522
2,606,0,3,9146.646812
2,607,0,3,9119.981035
2,608,0,3,8960.199325
2,609,0,3,8872.364339
2,610,0,3,9199.5719
2,611,0,3,9161.885092
2,612,0,3,9216.321571
2,613,0,3,9010.989208
2,614,0,3,9466.363869
2,615,0,3,9085.539156
2,616,0,3,9032.758577
2,617,0,3,9055.919954
2,618,0,3,9040.853534
2,619,0,3,9513.01623
2,620,0,3,9093.738487
2,621,0,3,9312.748762
2,622,0,3,9303.174188
2,623,0,3,8966.160437
2,624,0,3,9089.253011
2,625,0,3,9004.166291
2,626,0,3,9039.614005
2,627,0,3,9426.482111
2,628,0,3,9263.856547
2,629,0,3,9273.253903
2,630,0,3,9326.37135
2,631,0,3,9154.341543
2,632,0,3,9144.124825
2,633,0,3,9050.186409
2,634,0,3,8937.22376
2,635,0,3,9118.321659
2,636,0,3,9474.140856
2,637,0,3,9023.640775
2,638,0,3,9127.951201
2,639,0,3,9171.052179
2,640,0,3,9087.92046
2,641,0,3,9239.208851
2,642,0,3,9230.254128
2,643,0,3,8899.596484
2,644,0,3,9266.966072
2,645,0,3,9360.632403
2,646,0,3,9052.357993
2,647,0,3,9191.610031
2,648,0,3,9276.820564
2,649,0,3,9171.903469
2,650,0,3,9238.541506
2,651,0,3,9103.110972
2,652,0,3,9244.657707
2,653,0,3,9018.397396
2,654,0,3,9174.94031
2,655,0,3,9005.141916
2,656,0,3,9299.612446
2,657,0,3,9186.651542
2,658,0,3,9043.396071
2,659,0,3,9248.293285
2,660,0,3,9090.550663
2,661,0,3,9125.226186
2,662,0,3,9078.978336
2,663,0,3,8985.155296
2,664,0,3,9187.601555
2,665,0,3,9026.653715
2,666,0,3,9125.367399
2,667,0,3,9159.605185
2,668,0,3,9355.526009
2,669,0,3,9276.028725
2,670,0,3,9119.720111
2,671,0,3,9155.492597
2,672,0,3,9207.982126
2,673,0,3,9243.807717
2,674,0,3,8912.04199
2,675,0,3,8976.724582
2,676,0,3,9354.872433
2,677,0,3,9134.925485
2,678,0,3,9199.22239
2,679,0,3,9161.946009
2,680,0,3,9125.953673
2,681,0,3,9169.488388
2,682,0,3,9452.694159
2,683,0,3,9002.760623
2,684,0,3,9114.449373
2,685,0,3,9101.953829
2,686,0,3,9350.4872
2,687,0,3,9158.382227
2,688,0,3,9000.830891
2,689,0,3,9153.697364
2,690,0,3,8988.922311
2,691,0,3,9404.679372
2,692,0,3,9465.869364
2,693,0,3,9155.971325
2,694,0,3,9442.80103
2,695,0,3,8962.587699
2,696,0,3,9226.000328
2,697,0,3,9302.995217
2,698,0,3,9220.606599
2,699,0,3,9061.08259
2,700,0,3,9255.636809
2,701,0,3,9119.18254
2,702,0,3,8981.997875
2,703,0,3,9528.540199
2,704,0,3,9074.785821
2,705,0,3,9070.025118
2,706,0,3,9282.073081
2,707,0,3,9301.55231
2,708,0,3,8895.360983
2,709,0,3,8965.593415
2,710,0,3,9162.883071
2,711,0,3,9208.241015
2,712,0,3,9232.697855
2,713,0,3,8949.765606
2,714,0,3,9059.769179
2,715,0,3,9118.729545
2,716,0,3,9315.112776
2,717,0,3,8939.394214
2,718,0,3,8933.867267
2,719,0,3,8976.810022
2,720,0,3,9030.680295
2,721,0,3,9055.414643
2,722,0,3,8975.037673
2,723,0,3,9425.749138
2,724,0,3,9431.475645
2,725,0,3,9474.028171
2,726,0,3,9327.560157
2,727,0,3,9173.299945
2,728,0,3,9116.401935
2,729,0,3,9009.672852
2,730,0,3,9260.53616
2,731,0,3,9025.678276
2,732,0,3,8923.069355
2,733,0,3,9185.37172
2,734,0,3,9104.215759
2,735,0,3,8936.284991
2,736,0,3,9316.368814
2,737,0,3,9005.984903
2,738,0,3,8991.792618
2,739,0,3,9303.061766
2,740,0,3,9115.983795
2,741,0,3,9051.70002
2,742,0,3,9364.81535
2,743,0,3,9025.565674
2,744,0,3,8959.579415
2,745,0,3,9095.886301
2,746,0,3,9161.374792
2,747,0,3,8950.04353
2,748,0,3,9189.970623
2,749,0,3,9215.570741
2,750,0,3,9110.87362
2,751,0,3,9257.539443
2,752,0,3,9030.279254
2,753,0,3,8914.15104
2,754,0,3,9099.269627
2,755,0,3,9037.467344
2,756,0,3,9146.889569
2,757,0,3,9072.118815
2,758,0,3,9033.476454
2,759,0,3,9121.353131
2,760,0,3,9188.258158
2,761,0,3,9067.615536
2,762,0,3,9056.995198
2,763,0,3,9089.425884
2,764,0,3,9033.46028
2,765,0,3,9049.777483
2,766,0,3,9217.656781
2,767,0,3,8991.138199
2,768,0,3,9317.331524
2,769,0,3,9153.306578
2,770,0,3,9545.709492
2,771,0,3,9048.776511
2,772,0,3,9257.342982
2,773,0,3,8995.341765
2,774,0,3,9036.23352
2,775,0,3,9086.871736
2,776,0,3,9181.512339
2,777,0,3,8996.052253
2,778,0,3,8985.821397
2,779,0,3,8916.10646
2,780,0,3,9115.554182
2,781,0,3,8951.300976
2,782,0,3,9102.265801
2,783,0,3,9179.010194
2,784,0,3,8994.714224
2,785,0,3,9150.77198
2,786,0,3,9328.109797
2,787,0,3,9528.932378
2,788,0,3,9052.433486
2,789,0,3,9199.363316
2,790,0,3,8974.583028
2,791,0,3,9180.961186
2,792,0,3,9262.464843
2,793,0,3,9136.367442
2,794,0,3,8991.757665
2,795,0,3,9244.113624
2,796,0,3,8944.829943
2,797,0,3,9445.508285
2,798,0,3,9108.011817
2,799,0,3,9066.14807
2,800,0,3,8952.652215
2,801,0,3,9171.744686
2,802,0,3,9158.830817
2,803,0,3,9216.745267
2,804,0,3,8946.640902
2,805,0,3,9145.290011
2,806,0,3,9239.067606
2,807,0,3,9047.03416
2,808,0,3,9195.506398
2,809,0,3,9094.91995
2,810,0,3,9077.856272
2,811,0,3,9327.555379
2,812,0,3,9299.14351
2,813,0,3,9102.001357
2,814,0,3,9289.922799
2,815,0,3,9332.677962
2,816,0,3,9165.273697
2,817,0,3,9145.772129
2,818,0,3,9033.956664
2,819,0,3,9160.69326
2,820,0,3,9101.898111
2,821,0,3,8985.899964
2,822,0,3,9005.678354
2,823,0,3,9353.444202
2,824,0,3,9012.060387
2,825,0,3,9121.956064
2,826,0,3,9051.027617
2,827,0,3,9067.391231
2,828,0,3,9366.072672
2,829,0,3,8961.041794
2,830,0,3,9052.742158
2,831,0,3,9030.904078
2,832,0,3,9053.598918
2,833,0,3,9142.045209
2,834,0,3,9099.699683
2,835,0,3,8867.848448
2,836,0,3,9133.254007
2,837,0,3,9104.509215
2,838,0,3,9109.2936
2,839,0,3,8987.583708
2,840,0,3,9317.087603
2,841,0,3,9109.918314
2,842,0,3,9007.320377
2,843,0,3,9022.782978
2,844,0,3,9269.656391
2,845,0,3,8905.513664
2,846,0,3,9022.713899
2,847,0,3,9145.567214
2,848,0,3,9090.906935
2,849,0,3,9184.33027
2,850,0,3,9065.190859
2,851,0,3,9407.37013
2,852,0,3,8935.099781
2,853,0,3,9049.716915
2,854,0,3,9211.674688
2,855,0,3,9054.101833
2,856,0,3,9115.341744
2,857,0,3,8973.576353
2,858,0,3,9086.510601
2,859,0,3,9069.328544
2,860,0,3,9429.522018
2,861,0,3,9249.769828
2,862,0,3,9002.302648
2,863,0,3,8931.18312
2,864,0,3,9057.907857
2,865,0,3,9096.500554
2,866,0,3,9287.866391
2,867,0,3,9090.590722
2,868,0,3,8930.033858
2,869,0,3,9074.149313
2,870,0,3,9306.550048
2,871,0,3,9163.781715
2,872,0,3,9261.452518
2,873,0,3,8945.096313
2,874,0,3,9179.546491
2,875,0,3,9247.133976
2,876,0,3,9588.820767
2,877,0,3,9115.0616
2,878,0,3,9087.606782
2,879,0,3,8956.809387
2,880,0,3,9215.822091
2,881,0,3,9272.81019
2,882,0,3,9207.584103
2,883,0,3,9128.953039
2,884,0,3,9281.304735
2,885,0,3,9429.867676
2,886,0,3,9168.392231
2,887,0,3,8976.664788
2,888,0,3,9315.974178
2,889,0,3,9184.980736
2,890,0,3,9071.94623
2,891,0,3,9271.168952
2,892,0,3,9254.472678
2,893,0,3,9149.341542
2,894,0,3,9019.950135
2,895,0,3,9211.92491
2,896,0,3,8913.577974
2,897,0,3,8931.780453
2,898,0,3,9218.65716
2,899,0,3,9114.192813
2,900,0,3,9600.026553
2,901,0,3,9146.989351
2,902,0,3,9350.141201
2,903,0,3,8936.575009
2,904,0,3,9073.723457
2,905,0,3,9025.031749
2,906,0,3,9068.286834
2,907,0,3,9345.607654
2,908,0,3,9083.859313
2,909,0,3,8964.229523
2,910,0,3,9029.15279
2,911,0,3,9088.014339
2,912,0,3,9359.17801
2,913,0,3,9155.155674
2,914,0,3,9198.161415
2,915,0,3,8997.765004
2,916,0,3,9250.596189
2,917,0,3,9258.034446
2,918,0,3,9177.400501
2,919,0,3,9142.428709
2,920,0,3,9077.259925
2,921,0,3,9018.584348
2,922,0,3,9217.341046
2,923,0,3,9088.775583
2,924,0,3,9131.530724
2,925,0,3,9171.859526
2,926,0,3,9032.09554
2,927,0,3,9026.463114
2,928,0,3,9050.460786
2,929,0,3,9163.408401
2,930,0,3,9069.352508
2,931,0,3,9135.440398
2,932,0,3,9138.450447
2,933,0,3,9444.27694
2,934,0,3,9100.575867
2,935,0,3,9091.768113
2,936,0,3,8979.688129
2,937,0,3,9116.535445
2,938,0,3,9100.483876
2,939,0,3,9247.600315
2,940,0,3,8928.112943
2,941,0,3,9143.252432
2,942,0,3,9186.748818
2,943,0,3,8997.083422
2,944,0,3,9132.782836
2,945,0,3,9202.397885
2,946,0,3,8984.709709
2,947,0,3,8912.450454
2,948,0,3,9109.29151
2,949,0,3,8968.382372
2,950,0,3,9092.19529
2,951,0,3,9186.805143
2,952,0,3,8885.4977
2,953,0,3,9001.77443
2,954,0,3,9048.427925
2,955,0,3,8940.266474
2,956,0,3,9095.144518
2,957,0,3,9159.305774
2,958,0,3,8967.310856
2,959,0,3,9113.688336
2,960,0,3,9013.059084
2,961,0,3,9120.249358
2,962,0,3,9107.302644
2,963,0,3,9086.992591
2,964,0,3,9128.476328
2,965,0,3,9016.527375
2,966,0,3,9272.186542
2,967,0,3,9055.048231
2,968,0,3,9118.558167
2,969,0,3,9015.19909
2,970,0,3,9339.361141
2,971,0,3,9054.256545
2,972,0,3,9133.902614
2,973,0,3,9021.239894
2,974,0,3,8992.937922
2,975,0,3,9396.535114
2,976,0,3,9147.157782
2,977,0,3,9044.487715
2,978,0,3,9118.428964
2,979,0,3,9047.131368
2,980,0,3,9143.121135
2,981,0,3,9206.83644
2,982,0,3,9392.839887
2,983,0,3,9171.329903
2,984,0,3,9168.389059
2,985,0,3,9038.749836
2,986,0,3,8970.049721
2,987,0,3,8979.827253
2,988,0,3,9004.022852
2,989,0,3,9176.679598
2,990,0,3,9041.563807
2,991,0,3,9040.311495
2,992,0,3,9495.987217
2,993,0,3,8958.266631
2,994,0,3,8969.308513
2,995,0,3,8941.139559
2,996,0,3,9039.468651
2,997,0,3,9100.059549
2,998,0,3,9063.537028
2,999,0,3,9151.958449
3,0,0,3,9126.125112
3,1,0,3,9229.435263
3,2,0,3,9140.989217
3,3,0,3,9289.758031
3,4,0,3,9108.127691
3,5,0,3,9181.412672
3,6,0,3,9208.654177
3,7,0,3,9157.838097
3,8,0,3,9221.402072
3,9,0,3,9062.814349
3,10,0,3,9034.734357
3,11,0,3,9024.442819
3,12,0,3,9370.59358
3,13,0,3,9117.877921
3,14,0,3,9000.134953
3,15,0,3,8914.792856
3,16,0,3,9120.513467
3,17,0,3,9261.217382
3,18,0,3,9335.041976
3,19,0,3,9101.962115
3,20,0,3,8938.653226
3,21,0,3,9113.724216
3,22,0,3,9229.407696
3,23,0,3,9057.491246
3,24,0,3,9248.710771
3,25,0,3,9112.747882
3,26,0,3,8972.789316
3,27,0,3,9280.468036
3,28,0,3,9054.161228
3,29,0,3,9291.572497
3,30,0,3,9030.09661
3,31,0,3,8941.906574
3,32,0,3,9238.577438
3,33,0,3,9056.190584
3,34,0,3,9327.579729
3,35,0,3,9086.741398
3,36,0,3,9204.201855
3,37,0,3,9360.221831
3,38,0,3,8855.745891
3,39,0,3,9333.198965
3,40,0,3,9115.557574
3,41,0,3,9102.048843
3,42,0,3,9246.343457
3,43,0,3,8976.76523
3,44,0,3,9072.585887
3,45,0,3,9189.317549
3,46,0,3,9154.428214
3,47,0,3,8994.896063
3,48,0,3,9217.827473
3,49,0,3,9013.625656
3,50,0,3,9038.376487
3,51,0,3,9094.474138
3,52,0,3,9146.610454
3,53,0,3,8944.89214
3,54,0,3,9234.819653
3,55,0,3,9184.610193
3,56,0,3,9107.053753
3,57,0,3,8937.502027
3,58,0,3,8861.620191
3,59,0,3,9125.962495
3,60,0,3,9235.955116
3,61,0,3,9025.88025
3,62,0,3,9227.603538
3,63,0,3,9122.404911
3,64,0,3,9059.560889
3,65,0,3,9167.570475
3,66,0,3,9043.597002
3,67,0,3,9028.466844
3,68,0,3,9530.230014
3,69,0,3,9203.258062
3,70,0,3,9216.218126
3,71,0,3,8969.327413
3,72,0,3,8971.037028
3,73,0,3,9238.968233
3,74,0,3,9177.834018
3,75,0,3,9300.17079
3,76,0,3,8968.679401
3,77,0,3,9109.045236
3,78,0,3,9244.028602
3,79,0,3,9082.228988
3,80,0,3,9149.423079
3,81,0,3,9022.610175
3,82,0,3,9303.191724
3,83,0,3,9034.06916
3,84,0,3,9035.150387
3,85,0,3,8930.059061
3,86,0,3,9116.493344
3,87,0,3,9251.698297
3,88,0,3,9322.862503
3,89,0,3,9380.327716
3,90,0,3,9313.850187
3,91,0,3,9140.623429
3,92,0,3,9122.596729
3,93,0,3,9072.946019
3,94,0,3,9139.835419
3,95,0,3,8977.756479
3,96,0,3,8962.990893
3,97,0,3,8986.231556
3,98,0,3,9243.573391
3,99,0,3,9081.443466
3,100,0,3,9357.070064
3,101,0,3,9037.883817
3,102,0,3,9153.628098
3,103,0,3,9380.336705
3,104,0,3,9140.438893
3,105,0,3,9140.19259
3,106,0,3,9041.676313
3,107,0,3,9377.980276
3,108,0,3,8968.579492
3,109,0,3,9147.023832
3,110,0,3,9060.081647
3,111,0,3,9169.87599
3,112,0,3,9214.810455
3,113,0,3,9120.334117
3,114,0,3,9016.743553
3,115,0,3,9106.970546
3,116,0,3,9166.139521
3,117,0,3,9403.622071
3,118,0,3,9754.065085
3,119,0,3,9313.258822
3,120,0,3,9052.02944
3,121,0,3,9594.911567
3,122,0,3,9071.744363
3,123,0,3,9194.650726
3,124,0,3,9290.21468
3,125,0,3,9288.175794
3,126,0,3,9170.178627
3,127,0,3,9042.175198
3,128,0,3,9201.906866
3,129,0,3,9118.489415
3,130,0,3,8969.699324
3,131,0,3,9099.749689
3,132,0,3,9091.940747
3,133,0,3,9172.415523
3,134,0,3,9186.578143
3,135,0,3,9180.182876
3,136,0,3,9082.451191
3,137,0,3,9149.97091
3,138,0,3,9080.333353
3,139,0,3,9356.996901
3,140,0,3,9196.663692
3,141,0,3,9065.272729
3,142,0,3,9127.737928
3,143,0,3,9010.344531
3,144,0,3,8999.937951
3,145,0,3,8995.856461
3,146,0,3,9027.976961
3,147,0,3,9189.657291
3,148,0,3,9171.725648
3,149,0,3,9030.637034
3,150,0,3,9249.066021
3,151,0,3,9255.429089
3,152,0,3,9120.047779
3,153,0,3,8998.885497
3,154,0,3,9240.406272
3,155,0,3,9066.775978
3,156,0,3,9019.421939
3,157,0,3,8990.654369
3,158,0,3,9130.027193
3,159,0,3,9131.891162
3,160,0,3,9087.437986
3,161,0,3,9221.972424
3,162,0,3,9233.027251
3,163,0,3,9182.303244
3,164,0,3,9116.962783
3,165,0,3,9241.183255
3,166,0,3,9076.602295
3,167,0,3,9100.626162
3,168,0,3,9190.535158
3,169,0,3,9242.089186
3,170,0,3,9131.347537
3,171,0,3,9096.056543
3,172,0,3,9207.372182
3,173,0,3,9131.084675
3,174,0,3,9108.58762
3,175,0,3,9128.894789
3,176,0,3,9178.230483
3,177,0,3,9215.121119
3,178,0,3,9025.121499
3,179,0,3,9057.944265
3,180,0,3,9057.454016
3,181,0,3,9210.978065
3,182,0,3,9338.12405
3,183,0,3,9112.915065
3,184,0,3,9032.381546
3,185,0,3,9038.010878
3,186,0,3,9151.205151
3,187,0,3,9177.324911
3,188,0,3,9282.997525
3,189,0,3,9326.985877
3,190,0,3,9277.86906
3,191,0,3,8981.428252
3,192,0,3,9077.518213
3,193,0,3,9146.730169
3,194,0,3,9201.241147
3,195,0,3,9078.290544
3,196,0,3,8970.868892
3,197,0,3,8924.80524
3,198,0,3,9226.788794
3,199,0,3,9023.87683
3,200,0,3,9339.809054
3,201,0,3,8992.855805
3,202,0,3,9111.254693
3,203,0,3,9120.010487
3,204,0,3,9040.897211
3,205,0,3,9150.894387
3,206,0,3,8902.118985
3,207,0,3,9135.78546
3,208,0,3,9257.225012
3,209,0,3,8965.27423
3,210,0,3,8997.153009
3,211,0,3,9124.019935
3,212,0,3,9052.580763
3,213,0,3,8991.064984
3,214,0,3,9168.919385
3,215,0,3,9053.434515
3,216,0,3,9074.717568
3,217,0,3,9034.581712
3,218,0,3,9089.071204
3,219,0,3,8963.095568
3,220,0,3,9026.965038
3,221,0,3,9120.31012
3,222,0,3,9352.680834
3,223,0,3,9030.945999
3,224,0,3,9061.12134
3,225,0,3,9116.452828
3,226,0,3,9095.627032
3,227,0,3,9137.915446
3,228,0,3,9081.341267
3,229,0,3,8987.892595
3,230,0,3,9058.271637
3,231,0,3,9115.581626
3,232,0,3,9126.173408
3,233,0,3,9413.269966
3,234,0,3,8981.389367
3,235,0,3,8986.979485
3,236,0,3,9181.620185
3,237,0,3,8897.352638
3,238,0,3,9049.413529
3,239,0,3,9130.973281
3,240,0,3,8966.749585
3,241,0,3,9175.192484
3,242,0,3,9267.991343
3,243,0,3,9258.777183
3,244,0,3,9140.299992
3,245,0,3,9006.9591
3,246,0,3,9407.05902
3,247,0,3,9356.919314
3,248,0,3,8971.553821
3,249,0,3,9001.029174
3,250,0,3,9051.328089
3,251,0,3,9186.984612
3,252,0,3,9433.799207
3,253,0,3,9229.614125
3,254,0,3,8974.604754
3,255,0,3,9074.689922
3,256,0,3,9184.711917
3,257,0,3,8977.785303
3,258,0,3,9247.06467
3,259,0,3,9166.802656
3,260,0,3,8910.651643
3,261,0,3,9015.105155
3,262,0,3,9096.508073
3,263,0,3,9000.526534
3,264,0,3,9375.860044
3,265,0,3,9069.212561
3,266,0,3,9044.525781
3,267,0,3,9353.078694
3,268,0,3,9270.097247
3,269,0,3,9102.039051
3,270,0,3,9157.528459
3,271,0,3,8961.841423
3,272,0,3,9122.899195
3,273,0,3,9066.53809
3,274,0,3,9116.784649
3,275,0,3,9111.89953
3,276,0,3,8964.054843
3,277,0,3,8903.081358
3,278,0,3,9169.521769
3,279,0,3,9136.258982
3,280,0,3,9213.578062
3,281,0,3,9044.948309
3,282,0,3,9167.516349
3,283,0,3,9060.826072
3,284,0,3,9038.355032
3,285,0,3,9205.443844
3,286,0,3,9089.27442
3,287,0,3,9146.979586
3,288,0,3,9257.629977
3,289,0,3,9128.31391
3,290,0,3,9176.39307
3,291,0,3,9078.726329
3,292,0,3,8920.002424
3,293,0,3,9146.411931
3,294,0,3,9425.107659
3,295,0,3,8872.923348
3,296,0,3,9360.937273
3,297,0,3,8953.14699
3,298,0,3,9290.979584
3,299,0,3,9046.261893
3,300,0,3,8868.583429
3,301,0,3,9232.680484
3,302,0,3,9100.998795
3,303,0,3,9078.946534
3,304,0,3,9325.180077
3,305,0,3,9031.27944
3,306,0,3,9200.045558
3,307,0,3,9153.349626
3,308,0,3,9151.708787
3,309,0,3,9256.782839
3,310,0,3,9086.397879
3,311,0,3,9108.990522
3,312,0,3,8990.056132
3,313,0,3,9189.419929
3,314,0,3,9181.177933
3,315,0,3,9104.435509
3,316,0,3,9315.222334
3,317,0,3,9076.809483
3,318,0,3,9273.436955
3,319,0,3,9187.811725
3,320,0,3,8990.131098
3,321,0,3,9247.483609
3,322,0,3,9197.898937
3,323,0,3,8994.679392
3,324,0,3,9214.189497
3,325,0,3,9091.68831
3,326,0,3,9271.95147
3,327,0,3,9253.594226
3,328,0,3,8962.975591
3,329,0,3,9065.009649
3,330,0,3,9131.140782
3,331,0,3,8987.746015
3,332,0,3,9219.849197
3,333,0,3,8961.918172
3,334,0,3,8942.216517
3,335,0,3,9034.622549
3,336,0,3,9069.257424
3,337,0,3,9084.374615
3,338,0,3,9013.033075
3,339,0,3,9010.901683
3,340,0,3,9277.891616
3,341,0,3,9304.726949
3,342,0,3,9134.615903
3,343,0,3,9445.773
3,344,0,3,9159.972267
3,345,0,3,8973.168941
3,346,0,3,9046.828058
3,347,0,3,8993.579548
3,348,0,3,9163.473567
3,349,0,3,9058.565995
3,350,0,3,8961.139172
3,351,0,3,9111.635978
3,352,0,3,9163.968572
3,353,0,3,9296.818883
3,354,0,3,9246.635456
3,355,0,3,8952.90193
3,356,0,3,9095.462286
3,357,0,3,9108.397433
3,358,0,3,9225.165974
3,359,0,3,9007.224871
3,360,0,3,9011.779407
3,361,0,3,9398.049911
3,362,0,3,9143.862566
3,363,0,3,9318.396687
3,364,0,3,9110.450263
3,365,0,3,9051.910259
3,366,0,3,9153.913313
3,367,0,3,9005.024565
3,368,0,3,9187.2257
3,369,0,3,9394.409307
3,370,0,3,9219.86075
3,371,0,3,9048.36929
3,372,0,3,8920.034688
3,373,0,3,9032.654501
3,374,0,3,9214.177015
3,375,0,3,9117.816261
3,376,0,3,9074.956481
3,377,0,3,9185.698414
3,378,0,3,9303.073928
3,379,0,3,9150.406843
3,380,0,3,9094.715116
3,381,0,3,9254.844666
3,382,0,3,9035.079457
3,383,0,3,9069.26074
3,384,0,3,9046.358671
3,385,0,3,9224.623002
3,386,0,3,9252.50225
3,387,0,3,8883.815804
3,388,0,3,9132.278463
3,389,0,3,9113.989008
3,390,0,3,9129.366326
3,391,0,3,9234.227551
3,392,0,3,9303.525411
3,393,0,3,8886.776684
3,394,0,3,9323.314752
3,395,0,3,9159.432346
3,396,0,3,9131.697206
3,397,0,3,8993.566933
3,398,0,3,9172.05032
3,399,0,3,9085.854193
3,400,0,3,9087.594346
3,401,0,3,9013.283658
3,402,0,3,9170.027854
3,403,0,3,8948.161084
3,404,0,3,9032.58172
3,405,0,3,9104.861516
3,406,0,3,9064.419687
3,407,0,3,9024.092266
3,408,0,3,9164.571446
3,409,0,3,9091.325249
3,410,0,3,9140.222779
3,411,0,3,8920.366383
3,412,0,3,9011.541353
3,413,0,3,9209.142078
3,414,0,3,8931.007801
3,415,0,3,9091.232718
3,416,0,3,9069.94637
3,417,0,3,9282.334349
3,418,0,3,9203.448641
3,419,0,3,9002.96347
3,420,0,3,9313.271086
3,421,0,3,9199.45956
3,422,0,3,9344.514519
3,423,0,3,9053.151068
3,424,0,3,9241.879517
3,425,0,3,9113.663428
3,426,0,3,9045.018813
3,427,0,3,9098.149618
3,428,0,3,9192.448852
3,429,0,3,9012.197541
3,430,0,3,8986.704898
3,431,0,3,9136.551302
3,432,0,3,9124.235403
3,433,0,3,9225.058253
3,434,0,3,8925.240463
3,435,0,3,9106.290896
3,436,0,3,8962.391603
3,437,0,3,9162.617302
3,438,0,3,9060.768323
3,439,0,3,9021.575299
3,440,0,3,9133.355728
3,441,0,3,9235.534511
3,442,0,3,9020.544205
3,443,0,3,9269.185104
3,444,0,3,8907.375758
3,445,0,3,9049.053942
3,446,0,3,9326.56905
3,447,0,3,9056.590378
3,448,0,3,9090.475912
3,449,0,3,9303.441499
3,450,0,3,9145.78585
3,451,0,3,9086.836239
3,452,0,3,9112.30194
3,453,0,3,9201.88644
3,454,0,3,9122.300216
3,455,0,3,9167.415655
3,456,0,3,9137.125525
3,457,0,3,9053.491981
3,458,0,3,9254.424318
3,459,0,3,9173.982104
3,460,0,3,9238.450755
3,461,0,3,9122.140917
3,462,0,3,9059.241584
3,463,0,3,9072.841016
3,464,0,3,9229.976353
3,465,0,3,8982.327076
3,466,0,3,9141.942462
3,467,0,3,9028.20426
3,468,0,3,9227.554005
3,469,0,3,9325.447973
3,470,0,3,9181.709334
3,471,0,3,9161.379922
3,472,0,3,9008.500069
3,473,0,3,9025.670801
3,474,0,3,9320.769157
3,475,0,3,9197.585986
3,476,0,3,9120.875381
3,477,0,3,9156.51835
3,478,0,3,8960.855794
3,479,0,3,8977.222086
3,480,0,3,9023.87435
3,481,0,3,9249.774645
3,482,0,3,9290.519286
3,483,0,3,9008.588805
3,484,0,3,9280.106993
3,485,0,3,8970.792794
3,486,0,3,9289.635494
3,487,0,3,9353.078868
3,488,0,3,9417.555701
3,489,0,3,9136.805399
3,490,0,3,9005.240274
3,491,0,3,9048.187957
3,492,0,3,9272.042292
3,493,0,3,9235.964984
3,494,0,3,9075.646422
3,495,0,3,9493.311741
3,496,0,3,9115.14505
3,497,0,3,9107.85548
3,498,0,3,9040.394349
3,499,0,3,9038.166143
3,500,0,3,9288.180336
3,501,0,3,9025.383667
3,502,0,3,9028.177312
3,503,0,3,9098.011497
3,504,0,3,9249.879741
3,505,0,3,8958.442591
3,506,0,3,9287.998842
3,507,0,3,9183.305639
3,508,0,3,9077.984509
3,509,0,3,9014.000636
3,510,0,3,9318.76361
3,511,0,3,8863.676997
3,512,0,3,9159.827122
3,513,0,3,9176.33891
3,514,0,3,9040.952697
3,515,0,3,9140.695911
3,516,0,3,9134.643401
3,517,0,3,9167.023322
3,518,0,3,8973.241105
3,519,0,3,9179.190578
3,520,0,3,9022.803621
3,521,0,3,9200.182521
3,522,0,3,8907.081715
3,523,0,3,9290.93751
3,524,0,3,9170.287815
3,525,0,3,9151.712775
3,526,0,3,9083.58592
3,527,0,3,9026.2978
3,528,0,3,9015.54572
3,529,0,3,9062.853387
3,530,0,3,9519.872462
3,531,0,3,9089.438663
3,532,0,3,9083.750115
3,533,0,3,9084.563375
3,534,0,3,9149.326549
3,535,0,3,9055.311755
3,536,0,3,9135.827553
3,537,0,3,9067.78425
3,538,0,3,9088.838272
3,539,0,3,9035.101743
3,540,0,3,9091.018832
3,541,0,3,9252.627019
3,542,0,3,9105.912904
3,543,0,3,9123.201882
3,544,0,3,9064.798784
3,545,0,3,9088.308159
3,546,0,3,8904.076843
3,547,0,3,9185.540014
3,548,0,3,8884.876765
3,549,0,3,9017.117482
3,550,0,3,9008.570849
3,551,0,3,8984.199607
3,552,0,3,9073.979712
3,553,0,3,9062.452201
3,554,0,3,8928.739647
3,555,0,3,9239.258603
3,556,0,3,9040.638714
3,557,0,3,9089.500815
3,558,0,3,9286.77482
3,559,0,3,9025.095719
3,560,0,3,9098.614721
3,561,0,3,9118.461905
3,562,0,3,9216.337947
3,563,0,3,9423.561176
3,564,0,3,8947.407479
3,565,0,3,9232.664184
3,566,0,3,8897.439772
3,567,0,3,9086.818364
3,568,0,3,9208.647968
3,569,0,3,9100.60685
3,570,0,3,9007.884569
3,571,0,3,9404.938164
3,572,0,3,9066.227104
3,573,0,3,9065.694903
3,574,0,3,9295.39833
3,575,0,3,9112.470311
3,576,0,3,9025.144479
3,577,0,3,9183.327256
3,578,0,3,8959.135038
3,579,0,3,8937.624064
3,580,0,3,9024.751695
3,581,0,3,8961.463447
3,582,0,3,8973.050067
3,583,0,3,9009.685184
3,584,0,3,9235.91247
3,585,0,3,9118.686785
3,586,0,3,8997.427372
3,587,0,3,9038.844712
3,588,0,3,9271.065523
3,589,0,3,8913.400232
3,590,0,3,9044.340273
3,591,0,3,8915.154866
3,592,0,3,9040.284483
3,593,0,3,9299.573302
3,594,0,3,9095.774755
3,595,0,3,8990.335597
3,596,0,3,9021.72787
3,597,0,3,9239.340168
3,598,0,3,9403.696332
3,599,0,3,9118.540777
3,600,0,3,9207.333446
3,601,0,3,9269.020526
3,602,0,3,8992.468
3,603,0,3,9215.964735
3,604,0,3,9197.227281
3,605,0,3,9205.722709
3,606,0,3,9134.018914
3,607,0,3,9105.815388
3,608,0,3,9089.183077
3,609,0,3,8983.773285
3,610,0,3,9118.361574
3,611,0,3,8921.221731
3,612,0,3,8978.730464
3,613,0,3,9228.106659
3,614,0,3,9093.2268
3,615,0,3,9064.507625
3,616,0,3,9013.290357
3,617,0,3,9047.620478
3,618,0,3,9080.158663
3,619,0,3,9134.80868
3,620,0,3,9020.861246
3,621,0,3,9092.960316
3,622,0,3,9121.56814
3,623,0,3,9087.799576
3,624,0,3,9285.993719
3,625,0,3,8873.250484
3,626,0,3,9128.021831
3,627,0,3,9039.857003
3,628,0,3,9152.822746
3,629,0,3,9013.29874
3,630,0,3,9244.456083
3,631,0,3,8996.369049
3,632,0,3,9398.393305
3,633,0,3,8982.557848
3,634,0,3,9012.067675
3,635,0,3,9202.524959
3,636,0,3,9021.390602
3,637,0,3,9124.394818
3,638,0,3,9252.502381
3,639,0,3,9018.658076
3,640,0,3,9105.866799
3,641,0,3,9286.566171
3,642,0,3,9229.444446
3,643,0,3,9036.352192
3,644,0,3,9084.870859
3,645,0,3,8997.456103
3,646,0,3,9011.14801
3,647,0,3,9009.755418
3,648,0,3,9208.334272
3,649,0,3,9140.126327
3,650,0,3,9154.885384
3,651,0,3,9072.066637
3,652,0,3,9166.223637
3,653,0,3,8957.723376
3,654,0,3,9098.718755
3,655,0,3,9227.876026
3,656,0,3,9006.972914
3,657,0,3,9115.517286
3,658,0,3,9008.680086
3,659,0,3,9249.166687
3,660,0,3,9094.302452
3,661,0,3,9231.523054
3,662,0,3,9215.777968
3,663,0,3,9057.410529
3,664,0,3,9335.802191
3,665,0,3,9189.561283
3,666,0,3,9465.539704
3,667,0,3,9613.861588
3,668,0,3,9089.919952
3,669,0,3,9008.812233
3,670,0,3,9103.651301
3,671,0,3,9072.487198
3,672,0,3,9104.411284
3,673,0,3,8986.899718
3,674,0,3,9022.894322
3,675,0,3,9186.920165
3,676,0,3,8970.674323
3,677,0,3,9077.867236
3,678,0,3,9132.569579
3,679,0,3,9077.611992
3,680,0,3,9374.109282
3,681,0,3,9086.304479
3,682,0,3,9038.455763
3,683,0,3,8977.986562
3,684,0,3,8932.1307
3,685,0,3,9141.914242
3,686,0,3,9414.485495
3,687,0,3,9198.071171
3,688,0,3,9057.631841
3,689,0,3,9119.672039
3,690,0,3,9326.060104
3,691,0,3,8966.649414
3,692,0,3,9262.720602
3,693,0,3,9345.581259
3,694,0,3,9464.820106
3,695,0,3,8879.174413
3,696,0,3,9096.491572
3,697,0,3,9235.83732
3,698,0,3,9106.636909
3,699,0,3,9114.716619
3,700,0,3,9076.213266
3,701,0,3,9050.712531
3,702,0,3,9229.262891
3,703,0,3,8887.754239
3,704,0,3,9116.964186
3,705,0,3,9164.79935
3,706,0,3,9152.843662
3,707,0,3,9017.201059
3,708,0,3,8974.926601
3,709,0,3,9095.949944
3,710,0,3,9101.157978
3,711,0,3,9078.482724
3,712,0,3,9022.609485
3,713,0,3,9134.620351
3,714,0,3,9049.612192
3,715,0,3,9177.986269
3,716,0,3,9132.076824
3,717,0,3,8938.660562
3,718,0,3,9005.176555
3,719,0,3,9130.188339
3,720,0,3,8949.958019
3,721,0,3,8968.742177
3,722,0,3,9250.974165
3,723,0,3,8935.309224
3,724,0,3,9223.410344
3,725,0,3,9269.230416
3,726,0,3,9305.932198
3,727,0,3,9318.983745
3,728,0,3,8948.681272
3,729,0,3,9074.944555
3,730,0,3,8982.613985
3,731,0,3,9008.737219
3,732,0,3,9248.347179
3,733,0,3,9125.198041
3,734,0,3,9027.707819
3,735,0,3,9209.514408
3,736,0,3,9091.822122
3,737,0,3,9101.041393
3,738,0,3,8952.717944
3,739,0,3,8969.472596
3,740,0,3,9185.380014
3,741,0,3,9201.724819
3,742,0,3,9078.905127
3,743,0,3,9187.649272
3,744,0,3,9094.735033
3,745,0,3,8948.398322
3,746,0,3,9103.211263
3,747,0,3,9323.817465
3,748,0,3,9346.654611
3,749,0,3,9474.782534
3,750,0,3,9261.222626
3,751,0,3,9306.333484
3,752,0,3,8963.217156
3,753,0,3,9165.383018
3,754,0,3,8891.81952
3,755,0,3,9114.979701
3,756,0,3,9113.588325
3,757,0,3,9226.25818
3,758,0,3,8937.767081
3,759,0,3,9182.07797
3,760,0,3,9137.731137
3,761,0,3,9109.58311
3,762,0,3,9103.284181
3,763,0,3,9135.321691
3,764,0,3,9243.86285
3,765,0,3,9166.104727
3,766,0,3,9227.38527
3,767,0,3,9240.957515
3,768,0,3,9249.202777
3,769,0,3,9177.052787
3,770,0,3,9074.856313
3,771,0,3,9074.275259
3,772,0,3,9063.393941
3,773,0,3,9182.457885
3,774,0,3,9063.387076
3,775,0,3,9307.727548
3,776,0,3,9165.750681
3,777,0,3,8897.463639
3,778,0,3,9188.848901
3,779,0,3,9226.755219
3,780,0,3,9196.846238
3,781,0,3,9158.6057
3,782,0,3,9471.085281
3,783,0,3,9112.276829
3,784,0,3,9138.684858
3,785,0,3,9058.562164
3,786,0,3,9159.868269
3,787,0,3,9164.497397
3,788,0,3,9465.683945
3,789,0,3,9149.142212
3,790,0,3,9224.122763
3,791,0,3,9292.399484
3,792,0,3,9123.872071
3,793,0,3,8930.63793
3,794,0,3,9110.670044
3,795,0,3,9092.09125
3,796,0,3,8894.225863
3,797,0,3,9273.298997
3,798,0,3,9073.836477
3,799,0,3,9303.721069
3,800,0,3,9060.156042
3,801,0,3,9081.496308
3,802,0,3,9110.62953
3,803,0,3,9170.470024
3,804,0,3,8983.653515
3,805,0,3,9434.219203
3,806,0,3,9141.522234
3,807,0,3,9161.490594
3,808,0,3,9111.678991
3,809,0,3,9126.227037
3,810,0,3,9394.498848
3,811,0,3,9217.517853
3,812,0,3,9168.476717
3,813,0,3,9110.614259
3,814,0,3,9344.289825
3,815,0,3,9309.762738
3,816,0,3,9071.917208
3,817,0,3,9148.566056
3,818,0,3,9190.579417
3,819,0,3,9065.343791
3,820,0,3,9176.985621
3,821,0,3,9000.753194
3,822,0,3,9330.559193
3,823,0,3,9328.109924
3,824,0,3,9206.820531
3,825,0,3,9100.217169
3,826,0,3,8924.590067
3,827,0,3,9197.341284
3,828,0,3,8998.81643
3,829,0,3,9015.663087
3,830,0,3,9118.717981
3,831,0,3,8972.573905
3,832,0,3,9011.888813
3,833,0,3,9247.947707
3,834,0,3,9092.114128
3,835,0,3,9120.547825
3,836,0,3,9122.906373
3,837,0,3,9210.909756
3,838,0,3,8938.679637
3,839,0,3,9114.667236
3,840,0,3,8921.02865
3,841,0,3,8979.095636
3,842,0,3,9033.229078
3,843,0,3,9453.252796
3,844,0,3,9422.427853
3,845,0,3,9285.316165
3,846,0,3,9067.991704
3,847,0,3,9244.417541
3,848,0,3,9118.238241
3,849,0,3,9157.054831
3,850,0,3,9372.84278
3,851,0,3,9248.059946
3,852,0,3,9119.224637
3,853,0,3,9117.504722
3,854,0,3,9221.728734
3,855,0,3,8977.902142
3,856,0,3,8939.727018
3,857,0,3,9126.449083
3,858,0,3,9210.04114
3,859,0,3,8964.743567
3,860,0,3,9035.898352
3,861,0,3,9075.766638
3,862,0,3,9058.923838
3,863,0,3,8967.27939
3,864,0,3,9005.239883
3,865,0,3,9127.797284
3,866,0,3,9172.177803
3,867,0,3,8940.926049
3,868,0,3,9140.93157
3,869,0,3,9246.046884
3,870,0,3,8988.412304
3,871,0,3,9016.996054
3,872,0,3,8919.365365
3,873,0,3,8873.835616
3,874,0,3,9348.674619
3,875,0,3,9073.004511
3,876,0,3,9074.000064
3,877,0,3,9072.846193
3,878,0,3,8979.582566
3,879,0,3,9025.505999
3,880,0,3,8955.491616
3,881,0,3,8954.404674
3,882,0,3,9154.92643
3,883,0,3,9144.327974
3,884,0,3,9136.830208
3,885,0,3,9110.075096
3,886,0,3,9034.927332
3,887,0,3,9174.361179
3,888,0,3,9059.455385
3,889,0,3,9035.589343
3,890,0,3,9244.922416
3,891,0,3,9203.054292
3,892,0,3,9122.074705
3,893,0,3,9469.681168
3,894,0,3,9235.694995
3,895,0,3,9170.325
3,896,0,3,9149.380079
3,897,0,3,9071.469697
3,898,0,3,8955.429878
3,899,0,3,9142.350951
3,900,0,3,9117.318614
3,901,0,3,9179.596328
3,902,0,3,9089.179426
3,903,0,3,9055.191013
3,904,0,3,9064.305995
3,905,0,3,8849.71021
3,906,0,3,9017.579232
3,907,0,3,9081.023662
3,908,0,3,9249.496698
3,909,0,3,9170.978907
3,910,0,3,9249.982449
3,911,0,3,9281.329286
3,912,0,3,9270.203589
3,913,0,3,9061.543827
3,914,0,3,9438.001248
3,915,0,3,8947.136164
3,916,0,3,9079.696343
3,917,0,3,9307.904746
3,918,0,3,8983.378747
3,919,0,3,8980.857794
3,920,0,3,9315.29971
3,921,0,3,9034.994801
3,922,0,3,9278.299835
3,923,0,3,9255.943731
3,924,0,3,8896.022675
3,925,0,3,9224.911787
3,926,0,3,9081.244897
3,927,0,3,8943.464333
3,928,0,3,9045.221006
3,929,0,3,9196.833296
3,930,0,3,8985.360507
3,931,0,3,9218.460068
3,932,0,3,9043.317734
3,933,0,3,9128.621825
3,934,0,3,9004.108192
3,935,0,3,9055.914495
3,936,0,3,9153.977202
3,937,0,3,9110.634336
3,938,0,3,9264.656197
3,939,0,3,8996.911128
3,940,0,3,9014.020392
3,941,0,3,9074.647719
3,942,0,3,8964.062492
3,943,0,3,9019.337269
3,944,0,3,9124.126199
3,945,0,3,9123.258786
3,946,0,3,8901.875696
3,947,0,3,9057.697102
3,948,0,3,9155.106897
3,949,0,3,9031.141174
3,950,0,3,9170.113343
3,951,0,3,9512.169303
3,952,0,3,9051.38442
3,953,0,3,9036.347116
3,954,0,3,9255.496984
3,955,0,3,8980.513813
3,956,0,3,9258.373522
3,957,0,3,9119.516012
3,958,0,3,9132.380162
3,959,0,3,8951.336153
3,960,0,3,9356.528858
3,961,0,3,9108.20208
3,962,0,3,9160.755771
3,963,0,3,8921.120984
3,964,0,3,8968.121714
3,965,0,3,9090.381385
3,966,0,3,9100.319135
3,967,0,3,9047.793296
3,968,0,3,9180.757744
3,969,0,3,9245.536306
3,970,0,3,9024.024893
3,971,0,3,9135.614536
3,972,0,3,9345.366169
3,973,0,3,9135.0353
3,974,0,3,8968.538784
3,975,0,3,9122.814842
3,976,0,3,9397.438303
3,977,0,3,9018.653738
3,978,0,3,9023.00751
3,979,0,3,9111.802443
3,980,0,3,9291.30701
3,981,0,3,8955.999274
3,982,0,3,9056.894547
3,983,0,3,9143.354487
3,984,0,3,9053.703832
3,985,0,3,9182.663024
3,986,0,3,9241.320288
3,987,0,3,9028.643399
3,988,0,3,9206.239333
3,989,0,3,9264.109313
3,990,0,3,9198.151579
3,991,0,3,9142.811067
3,992,0,3,9039.347097
3,993,0,3,9130.861893
3,994,0,3,9292.346202
3,995,0,3,8908.827188
3,996,0,3,9095.173452
3,997,0,3,8885.081557
3,998,0,3,8907.116951
3,999,0,3,9064.629234
4,0,0,3,9148.331625
4,1,0,3,9390.543858
4,2,0,3,9193.956472
4,3,0,3,9110.166676
4,4,0,3,9292.33294
4,5,0,3,9159.052456
4,6,0,3,9482.273188
4,7,0,3,8964.934319
4,8,0,3,9134.932169
4,9,0,3,9127.905212
4,10,0,3,9157.841169
4,11,0,3,9307.662978
4,12,0,3,9138.149466
4,13,0,3,9190.561539
4,14,0,3,9116.509971
4,15,0,3,9120.497483
4,16,0,3,8983.311109
4,17,0,3,9124.851604
4,18,0,3,9138.230328
4,19,0,3,8981.602439
4,20,0,3,8990.904215
4,21,0,3,9012.945083
4,22,0,3,9243.54983
4,23,0,3,8955.60271
4,24,0,3,8944.635434
4,25,0,3,9217.578042
4,26,0,3,8896.978112
4,27,0,3,9075.266454
4,28,0,3,9203.981658
4,29,0,3,9355.880756
4,30,0,3,9125.428989
4,31,0,3,9071.856566
4,32,0,3,9237.828339
4,33,0,3,9325.852368
4,34,0,3,8953.545968
4,35,0,3,9172.555855
4,36,0,3,8958.059393
4,37,0,3,9063.191997
4,38,0,3,9253.239932
4,39,0,3,9221.61077
4,40,0,3,8952.251971
4,41,0,3,9239.245322
4,42,0,3,9249.350404
4,43,0,3,9170.814249
4,44,0,3,9163.846003
4,45,0,3,9079.614928
4,46,0,3,9159.322208
4,47,0,3,9126.840164
4,48,0,3,8976.488463
4,49,0,3,9101.033503
4,50,0,3,9236.956334
4,51,0,3,9076.60002
4,52,0,3,9046.539557
4,53,0,3,9055.708634
4,54,0,3,9228.732077
4,55,0,3,8907.05582
4,56,0,3,9253.258058
4,57,0,3,9008.934375
4,58,0,3,9095.688606
4,59,0,3,9294.142314
4,60,0,3,9112.955414
4,61,0,3,9044.036555
4,62,0,3,9230.062686
4,63,0,3,9146.997055
4,64,0,3,9072.557404
4,65,0,3,9138.334595
4,66,0,3,9149.145181
4,67,0,3,9275.591256
4,68,0,3,9193.750116
4,69,0,3,9080.650779
4,70,0,3,9076.57122
4,71,0,3,9022.5611
4,72,0,3,8964.504146
4,73,0,3,9001.481079
4,74,0,3,9249.96005
4,75,0,3,9122.524154
4,76,0,3,9011.9352
4,77,0,3,9223.34584
4,78,0,3,8979.619947
4,79,0,3,9087.713217
4,80,0,3,9308.288359
4,81,0,3,8979.634801
4,82,0,3,9405.885889
4,83,0,3,9287.486503
4,84,0,3,9003.841317
4,85,0,3,9171.057789
4,86,0,3,9296.50814
4,87,0,3,8982.573882
4,88,0,3,9030.678133
4,89,0,3,9204.509377
4,90,0,3,9013.368003
4,91,0,3,9019.476219
4,92,0,3,9176.589631
4,93,0,3,9179.548513
4,94,0,3,9154.969169
4,95,0,3,9298.124172
4,96,0,3,9100.784962
4,97,0,3,9098.556775
4,98,0,3,9325.704814
4,99,0,3,9097.005188
4,100,0,3,9094.875648
4,101,0,3,9132.864043
4,102,0,3,9155.418631
4,103,0,3,9155.806716
4,104,0,3,9061.760007
4,105,0,3,9027.417691
4,106,0,3,8978.920657
4,107,0,3,9265.486591
4,108,0,3,9073.878356
4,109,0,3,9047.080371
4,110,0,3,9119.826375
4,111,0,3,9165.032484
4,112,0,3,9061.913889
4,113,0,3,8963.565553
4,114,0,3,8889.432881
4,115,0,3,9158.013163
4,116,0,3,9188.808877
4,117,0,3,8927.663041
4,118,0,3,9020.274393
4,119,0,3,9077.576341
4,120,0,3,8989.085017
4,121,0,3,8965.97844
4,122,0,3,9080.2052
4,123,0,3,9242.655133
4,124,0,3,8989.561231
4,125,0,3,9254.141478
4,126,0,3,9181.293551
4,127,0,3,9034.929324
4,128,0,3,9194.546142
4,129,0,3,9153.739724
4,130,0,3,8956.132279
4,131,0,3,9160.525632
4,132,0,3,9077.504298
4,133,0,3,9354.034533
4,134,0,3,9115.254736
4,135,0,3,9395.571914
4,136,0,3,9343.031914
4,137,0,3,9192.642546
4,138,0,3,9312.333293
4,139,0,3,8978.327014
4,140,0,3,9080.73722
4,141,0,3,9173.123946
4,142,0,3,9165.938646
4,143,0,3,8954.082891
4,144,0,3,9109.202242
4,145,0,3,9186.721607
4,146,0,3,9033.745386
4,147,0,3,9013.594452
4,148,0,3,9226.002989
4,149,0,3,9222.414848
4,150,0,3,9035.123672
4,151,0,3,9045.088835
4,152,0,3,9026.461927
4,153,0,3,8931.423268
4,154,0,3,9175.265046
4,155,0,3,9023.316506
4,156,0,3,9213.787623
4,157,0,3,9179.875334
4,158,0,3,8977.617093
4,159,0,3,9348.978963
4,160,0,3,8921.022776
4,161,0,3,9236.399793
4,162,0,3,8985.520281
4,163,0,3,9074.281291
4,164,0,3,9078.319768
4,165,0,3,9123.542376
4,166,0,3,9123.493215
4,167,0,3,9027.52265
4,168,0,3,9088.700304
4,169,0,3,9272.225791
4,170,0,3,9261.037145
4,171,0,3,9085.65927
4,172,0,3,8863.102519
4,173,0,3,9209.722715
4,174,0,3,9147.249555
4,175,0,3,9118.243341
4,176,0,3,9225.829329
4,177,0,3,9040.957137
4,178,0,3,8894.721586
4,179,0,3,9218.520417
4,180,0,3,9186.174508
4,181,0,3,9333.141065
4,182,0,3,9034.898958
4,183,0,3,8917.954513
4,184,0,3,9014.811848
4,185,0,3,9053.656225
4,186,0,3,9068.028108
4,187,0,3,9003.776613
4,188,0,3,9144.496302
4,189,0,3,9168.197517
4,190,0,3,8930.856902
4,191,0,3,9068.7662
4,192,0,3,9170.390712
4,193,0,3,9015.571152
4,194,0,3,8992.87401
4,195,0,3,9290.6856
4,196,0,3,9144.397188
4,197,0,3,9197.985677
4,198,0,3,9212.642458
4,199,0,3,9078.850322
4,200,0,3,9404.056933
4,201,0,3,9578.632461
4,202,0,3,9038.911757
4,203,0,3,9000.629428
4,204,0,3,9255.499464
4,205,0,3,9070.420489
4,206,0,3,9094.052961
4,207,0,3,9009.579134
4,208,0,3,8989.944045
4,209,0,3,9017.842559
4,210,0,3,8901.223634
4,211,0,3,9097.379943
4,212,0,3,9028.482127
4,213,0,3,9151.51485
4,214,0,3,9013.99099
4,215,0,3,9193.108197
4,216,0,3,9122.907401
4,217,0,3,8937.174336
4,218,0,3,9061.319606
4,219,0,3,9264.140174
4,220,0,3,8950.597479
4,221,0,3,9081.626113
4,222,0,3,9175.186511
4,223,0,3,9105.565013
4,224,0,3,8938.777935
4,225,0,3,9134.068412
4,226,0,3,9180.594098
4,227,0,3,9136.395956
4,228,0,3,8976.442808
4,229,0,3,9122.855256
4,230,0,3,9289.331207
4,231,0,3,9100.730361
4,232,0,3,8990.741315
4,233,0,3,9454.808257
4,234,0,3,9024.384379
4,235,0,3,9211.111814
4,236,0,3,9339.383018
4,237,0,3,8898.217635
4,238,0,3,9204.385551
4,239,0,3,9249.597404
4,240,0,3,9140.824197
4,241,0,3,9091.648288
4,242,0,3,9131.326293
4,243,0,3,9065.719192
4,244,0,3,9160.423139
4,245,0,3,9129.603603
4,246,0,3,9249.289913
4,247,0,3,9247.914792
4,248,0,3,8951.533993
4,249,0,3,9272.095346
4,250,0,3,9201.205291
4,251,0,3,8996.280789
4,252,0,3,9041.974424
4,253,0,3,9194.028443
4,254,0,3,9214.223424
4,255,0,3,9104.259535
4,256,0,3,9090.705912
4,257,0,3,9315.55642
4,258,0,3,9042.302752
4,259,0,3,9042.748653
4,260,0,3,9243.612593
4,261,0,3,9135.242769
4,262,0,3,8938.520044
4,263,0,3,9037.81249
4,264,0,3,9081.950765
4,265,0,3,9590.251198
4,266,0,3,9130.265969
4,267,0,3,9070.992106
4,268,0,3,9150.706789
4,269,0,3,8909.699631
4,270,0,3,9063.791661
4,271,0,3,9240.267429
4,272,0,3,8923.809854
4,273,0,3,9231.39922
4,274,0,3,9164.286071
4,275,0,3,9789.171887
4,276,0,3,9141.670028
4,277,0,3,8933.398409
4,278,0,3,9004.275769
4,279,0,3,9077.190718
4,280,0,3,9055.451047
4,281,0,3,8992.729791
4,282,0,3,9377.275781
4,283,0,3,8974.291742
4,284,0,3,9025.358121
4,285,0,3,9185.492717
4,286,0,3,9042.050122
4,287,0,3,9003.891009
4,288,0,3,8931.9624
4,289,0,3,9047.932049
4,290,0,3,9068.368751
4,291,0,3,9148.820413
4,292,0,3,9106.600297
4,293,0,3,9113.732222
4,294,0,3,9224.735944
4,295,0,3,9098.665298
4,296,0,3,9088.035952
4,297,0,3,9012.435097
4,298,0,3,9086.416487
4,299,0,3,9173.444834
4,300,0,3,9167.348839
4,301,0,3,8966.275315
4,302,0,3,9103.923077
4,303,0,3,9081.562841
4,304,0,3,9323.244409
4,305,0,3,9093.372527
4,306,0,3,9221.088627
4,307,0,3,9182.806683
4,308,0,3,9018.907605
4,309,0,3,9454.757346
4,310,0,3,9223.390045
4,311,0,3,9004.076703
4,312,0,3,9104.726334
4,313,0,3,8970.135998
4,314,0,3,9087.871111
4,315,0,3,9243.813256
4,316,0,3,9351.084434
4,317,0,3,9035.384317
4,318,0,3,9087.137675
4,319,0,3,9174.305191
4,320,0,3,9108.274993
4,321,0,3,9212.460581
4,322,0,3,9142.4724
4,323,0,3,9459.148625
4,324,0,3,9358.667589
4,325,0,3,9039.158195
4,326,0,3,8874.121597
4,327,0,3,9004.131501
4,328,0,3,9151.37433
4,329,0,3,9209.966376
4,330,0,3,9037.937194
4,331,0,3,9122.597565
4,332,0,3,9377.304759
4,333,0,3,9017.561011
4,334,0,3,9018.150379
4,335,0,3,8935.022872
4,336,0,3,9575.779513
4,337,0,3,9060.381178
4,338,0,3,8978.270678
4,339,0,3,9216.441959
4,340,0,3,8999.99027
4,341,0,3,9012.843367
4,342,0,3,9246.407281
4,343,0,3,9062.949787
4,344,0,3,9040.534619
4,345,0,3,9206.684451
4,346,0,3,9016.55017
4,347,0,3,8928.258444
4,348,0,3,9244.933348
4,349,0,3,9148.447971
4,350,0,3,9154.85181
4,351,0,3,9136.554957
4,352,0,3,9113.68372
4,353,0,3,9210.385853
4,354,0,3,8954.203896
4,355,0,3,9257.995743
4,356,0,3,9360.681807
4,357,0,3,9081.214204
4,358,0,3,9158.053947
4,359,0,3,9073.252144
4,360,0,3,9049.265205
4,361,0,3,8994.433273
4,362,0,3,9270.033119
4,363,0,3,9071.421976
4,364,0,3,9006.545618
4,365,0,3,9292.985924
4,366,0,3,9343.920829
4,367,0,3,9005.815834
4,368,0,3,9238.209186
4,369,0,3,9275.4217
4,370,0,3,9012.453439
4,371,0,3,9072.019183
4,372,0,3,8967.155321
4,373,0,3,9176.191231
4,374,0,3,9156.203359
4,375,0,3,9239.481466
4,376,0,3,9024.477523
4,377,0,3,9557.91288
4,378,0,3,9127.05996
4,379,0,3,9049.175935
4,380,0,3,9228.042649
4,381,0,3,9088.126906
4,382,0,3,8948.328785
4,383,0,3,9049.053617
4,384,0,3,9474.38818
4,385,0,3,9426.14025
4,386,0,3,9128.659965
4,387,0,3,8948.513952
4,388,0,3,9120.545239
4,389,0,3,9135.095521
4,390,0,3,9364.132017
4,391,0,3,8952.348326
4,392,0,3,9105.689546
4,393,0,3,8949.44452
4,394,0,3,9226.375544
4,395,0,3,8946.13259
4,396,0,3,9250.037479
4,397,0,3,9330.01099
4,398,0,3,9196.409603
4,399,0,3,8950.489407
4,400,0,3,9091.368578
4,401,0,3,9197.578893
4,402,0,3,9294.463775
4,403,0,3,9127.751486
4,404,0,3,9335.693568
4,405,0,3,9018.495941
4,406,0,3,9076.667588
4,407,0,3,9082.461619
4,408,0,3,9232.36948
4,409,0,3,9050.328318
4,410,0,3,9151.28072
4,411,0,3,9116.085606
4,412,0,3,9027.751984
4,413,0,3,9071.353082
4,414,0,3,8982.496134
4,415,0,3,8944.821995
4,416,0,3,8895.315672
4,417,0,3,9022.176703
4,418,0,3,9026.684163
4,419,0,3,9066.195256
4,420,0,3,9072.478467
4,421,0,3,9072.006711
4,422,0,3,9295.842765
4,423,0,3,9391.600824
4,424,0,3,9228.991748
4,425,0,3,9133.601848
4,426,0,3,8977.034016
4,427,0,3,9255.887369
4,428,0,3,8976.808333
4,429,0,3,9160.123169
4,430,0,3,9014.298327
4,431,0,3,9084.274804
4,432,0,3,9073.907901
4,433,0,3,9052.089658
4,434,0,3,9128.155371
4,435,0,3,9060.801676
4,436,0,3,9363.526116
4,437,0,3,9181.850066
4,438,0,3,8955.012036
4,439,0,3,8921.46622
4,440,0,3,8933.686703
4,441,0,3,9025.75451
4,442,0,3,8902.626598
4,443,0,3,9287.223192
4,444,0,3,9062.884686
4,445,0,3,9511.465712
4,446,0,3,9157.783406
4,447,0,3,8886.067638
4,448,0,3,9075.208614
4,449,0,3,9121.604337
4,450,0,3,9159.464784
4,451,0,3,9074.461132
4,452,0,3,9367.736975
4,453,0,3,8988.143984
4,454,0,3,9072.488805
4,455,0,3,9013.235475
4,456,0,3,9170.746761
4,457,0,3,9074.452889
4,458,0,3,9031.24272
4,459,0,3,9275.483143
4,460,0,3,9036.87588
4,461,0,3,9213.269875
4,462,0,3,9177.141406
4,463,0,3,9209.418272
4,464,0,3,9206.154529
4,465,0,3,9156.678245
4,466,0,3,9005.894976
4,467,0,3,9303.822698
4,468,0,3,9085.00399
4,469,0,3,8934.505724
4,470,0,3,9345.419195
4,471,0,3,9008.669199
4,472,0,3,9318.35396
4,473,0,3,9100.928025
4,474,0,3,9149.88817
4,475,0,3,9269.942743
4,476,0,3,8996.538508
4,477,0,3,9050.568203
4,478,0,3,9003.305292
4,479,0,3,8991.855001
4,480,0,3,9239.604118
4,481,0,3,9376.614711
4,482,0,3,9044.485161
4,483,0,3,9135.187236
4,484,0,3,9099.835547
4,485,0,3,9068.03931
4,486,0,3,9131.620644
4,487,0,3,9304.647778
4,488,0,3,9039.856477
4,489,0,3,9060.515124
4,490,0,3,9152.694717
4,491,0,3,9308.4373
4,492,0,3,9009.0645
4,493,0,3,9008.842058
4,494,0,3,9074.794267
4,495,0,3,9041.039817
4,496,0,3,9132.082774
4,497,0,3,9249.702962
4,498,0,3,9148.394824
4,499,0,3,9087.972048
4,500,0,3,9161.953615
4,501,0,3,9193.894697
4,502,0,3,9116.610573
4,503,0,3,9117.215148
4,504,0,3,9132.204831
4,505,0,3,9173.265581
4,506,0,3,9190.705965
4,507,0,3,9401.43188
4,508,0,3,9043.646357
4,509,0,3,9174.922929
4,510,0,3,9410.231359
4,511,0,3,9324.196387
4,512,0,3,9094.967285
4,513,0,3,9515.687358
4,514,0,3,9181.401245
4,515,0,3,9288.867917
4,516,0,3,9109.659899
4,517,0,3,8954.256091
4,518,0,3,9066.749052
4,519,0,3,8997.093718
4,520,0,3,8949.494439
4,521,0,3,8977.370022
4,522,0,3,9283.546172
4,523,0,3,8980.36018
4,524,0,3,9151.144001
4,525,0,3,9085.818814
4,526,0,3,9067.701646
4,527,0,3,9119.164561
4,528,0,3,8986.234841
4,529,0,3,9027.923566
4,530,0,3,9257.555544
4,531,0,3,9262.392991
4,532,0,3,8964.555462
4,533,0,3,9278.410507
4,534,0,3,9059.517684
4,535,0,3,9019.409295
4,536,0,3,9186.930682
4,537,0,3,9164.672717
4,538,0,3,9064.074341
4,539,0,3,9064.131176
4,540,0,3,9089.116679
4,541,0,3,9521.375893
4,542,0,3,9011.77923
4,543,0,3,8955.813427
4,544,0,3,9353.86592
4,545,0,3,9021.54702
4,546,0,3,9045.704621
4,547,0,3,9091.664821
4,548,0,3,9136.268166
4,549,0,3,8926.975482
4,550,0,3,8898.904054
4,551,0,3,9099.146939
4,552,0,3,9092.223805
4,553,0,3,9121.326402
4,554,0,3,9120.273882
4,555,0,3,9197.891201
4,556,0,3,9175.519128
4,557,0,3,9018.973603
4,558,0,3,8933.994628
4,559,0,3,8956.865779
4,560,0,3,9099.367882
4,561,0,3,9137.225106
4,562,0,3,9158.310806
4,563,0,3,9117.876949
4,564,0,3,9028.933164
4,565,0,3,9126.490615
4,566,0,3,9133.903153
4,567,0,3,9071.32445
4,568,0,3,9130.418794
4,569,0,3,9137.672835
4,570,0,3,9096.84361
4,571,0,3,9335.132598
4,572,0,3,8987.621513
4,573,0,3,9041.970292
4,574,0,3,9054.831106
4,575,0,3,9006.352656
4,576,0,3,9030.407259
4,577,0,3,9327.694065
4,578,0,3,9103.248187
4,579,0,3,9075.091259
4,580,0,3,8971.691495
4,581,0,3,9020.703866
4,582,0,3,9199.514718
4,583,0,3,9082.066079
4,584,0,3,9194.872816
4,585,0,3,9434.701617
4,586,0,3,9248.156076
4,587,0,3,9044.860324
4,588,0,3,9009.108355
4,589,0,3,9193.838067
4,590,0,3,8967.046074
4,591,0,3,9009.268536
4,592,0,3,9161.541324
4,593,0,3,8991.230908
4,594,0,3,9096.09974
4,595,0,3,8980.973949
4,596,0,3,9275.81411
4,597,0,3,8960.008138
4,598,0,3,9086.191023
4,599,0,3,9402.392905
4,600,0,3,9196.224632
4,601,0,3,8966.850826
4,602,0,3,9280.85815
4,603,0,3,9073.435449
4,604,0,3,9143.907631
4,605,0,3,9077.567319
4,606,0,3,9189.585337
4,607,0,3,8984.279697
4,608,0,3,9026.672793
4,609,0,3,9142.086222
4,610,0,3,9175.726392
4,611,0,3,9075.133596
4,612,0,3,9208.883704
4,613,0,3,9047.682004
4,614,0,3,9128.614374
4,615,0,3,9133.741392
4,616,0,3,9021.345719
4,617,0,3,8916.870344
4,618,0,3,9084.783218
4,619,0,3,9164.445096
4,620,0,3,9141.869524
4,621,0,3,9002.902837
4,622,0,3,9123.791504
4,623,0,3,9192.618995
4,624,0,3,9164.950308
4,625,0,3,9484.025184
4,626,0,3,8999.622165
4,627,0,3,9215.415097
4,628,0,3,9055.843951
4,629,0,3,9198.736655
4,630,0,3,9037.057232
4,631,0,3,9216.52213
4,632,0,3,9143.404157
4,633,0,3,9011.992786
4,634,0,3,9108.615126
4,635,0,3,9087.063574
4,636,0,3,9238.619781
4,637,0,3,9098.490388
4,638,0,3,9029.081533
4,639,0,3,9035.667445
4,640,0,3,9012.950562
4,641,0,3,9158.982258
4,642,0,3,9185.288641
4,643,0,3,9211.874775
4,644,0,3,9020.19868
4,645,0,3,9103.068125
4,646,0,3,9468.839208
4,647,0,3,8900.546635
4,648,0,3,9213.287606
4,649,0,3,9191.470417
4,650,0,3,9003.068363
4,651,0,3,9070.474149
4,652,0,3,9521.071766
4,653,0,3,8935.396517
4,654,0,3,8939.8673
4,655,0,3,9010.235811
4,656,0,3,9205.283259
4,657,0,3,9119.731944
4,658,0,3,9132.069979
4,659,0,3,9390.596368
4,660,0,3,9370.939671
4,661,0,3,9195.167807
4,662,0,3,9130.234243
4,663,0,3,9046.743345
4,664,0,3,8957.924761
4,665,0,3,9151.631106
4,666,0,3,9341.411982
4,667,0,3,9102.535656
4,668,0,3,9083.939229
4,669,0,3,9221.75349
4,670,0,3,9153.260743
4,671,0,3,9127.977337
4,672,0,3,9113.340732
4,673,0,3,9217.702907
4,674,0,3,9112.204219
4,675,0,3,9017.769224
4,676,0,3,9125.942193
4,677,0,3,9046.783141
4,678,0,3,9209.958855
4,679,0,3,9069.917101
4,680,0,3,9078.197197
4,681,0,3,9072.261196
4,682,0,3,9166.975303
4,683,0,3,9063.630203
4,684,0,3,9300.646469
4,685,0,3,9081.839055
4,686,0,3,9202.249155
4,687,0,3,9117.198989
4,688,0,3,9388.825183
4,689,0,3,9085.118583
4,690,0,3,8982.281023
4,691,0,3,8999.820121
4,692,0,3,9221.342967
4,693,0,3,9097.879333
4,694,0,3,9180.105144
4,695,0,3,9089.265463
4,696,0,3,9026.537067
4,697,0,3,9171.803425
4,698,0,3,9024.383541
4,699,0,3,9167.011837
4,700,0,3,9166.819939
4,701,0,3,9068.714884
4,702,0,3,9213.339911
4,703,0,3,9039.704389
4,704,0,3,9190.949889
4,705,0,3,9228.563679
4,706,0,3,9290.865245
4,707,0,3,9205.342906
4,708,0,3,9122.027388
4,709,0,3,9244.689515
4,710,0,3,9150.569156
4,711,0,3,9075.554685
4,712,0,3,9072.5117
4,713,0,3,9209.150806
4,714,0,3,9111.323124
4,715,0,3,9061.468532
4,716,0,3,9036.087164
4,717,0,3,9156.881228
4,718,0,3,9257.015039
4,719,0,3,9089.67984
4,720,0,3,9182.78411
4,721,0,3,9034.92228
4,722,0,3,9313.129192
4,723,0,3,9216.915518
4,724,0,3,9065.033599
4,725,0,3,8966.50676
4,726,0,3,9310.376963
4,727,0,3,9012.738789
4,728,0,3,9122.629062
4,729,0,3,9110.155749
4,730,0,3,9163.685111
4,731,0,3,9084.112734
4,732,0,3,9258.628312
4,733,0,3,9275.378562
4,734,0,3,9023.193771
4,735,0,3,9206.408173
4,736,0,3,9339.596094
4,737,0,3,9248.613108
4,738,0,3,9179.478809
4,739,0,3,9115.365823
4,740,0,3,9058.821228
4,741,0,3,9247.544452
4,742,0,3,9036.520099
4,743,0,3,9109.61554
4,744,0,3,9127.799039
4,745,0,3,9161.553884
4,746,0,3,9037.051583
4,747,0,3,8908.548502
4,748,0,3,8946.246047
4,749,0,3,9102.562356
4,750,0,3,9654.405911
4,751,0,3,9113.933188
4,752,0,3,9140.094195
4,753,0,3,9073.631461
4,754,0,3,9169.25643
4,755,0,3,9035.702449
4,756,0,3,9076.559883
4,757,0,3,9356.338482
4,758,0,3,9057.303679
4,759,0,3,9102.861832
4,760,0,3,9053.705588
4,761,0,3,9392.708997
4,762,0,3,9446.299343
4,763,0,3,9198.020174
4,764,0,3,9080.467348
4,765,0,3,9110.785612
4,766,0,3,9282.410277
4,767,0,3,9301.836338
4,768,0,3,9230.74399
4,769,0,3,9617.810123
4,770,0,3,8996.745542
4,771,0,3,9068.830169
4,772,0,3,9200.539899
4,773,0,3,9095.115054
4,774,0,3,9216.068472
4,775,0,3,9410.150335
4,776,0,3,9051.508807
4,777,0,3,9043.124928
4,778,0,3,9255.983508
4,779,0,3,9433.582887
4,780,0,3,9482.076363
4,781,0,3,9035.836812
4,782,0,3,9231.683832
4,783,0,3,9070.226107
4,784,0,3,9131.834159
4,785,0,3,9178.508247
4,786,0,3,9138.368196
4,787,0,3,9029.363469
4,788,0,3,9021.754677
4,789,0,3,9175.126031
4,790,0,3,9061.820967
4,791,0,3,9186.278203
4,792,0,3,9309.104042
4,793,0,3,9057.10094
4,794,0,3,8971.366631
4,795,0,3,9013.016356
4,796,0,3,9331.112424
4,797,0,3,8927.297698
4,798,0,3,9144.341376
4,799,0,3,9268.503489
4,800,0,3,9216.306231
4,801,0,3,9117.257164
4,802,0,3,9160.542093
4,803,0,3,9184.585932
4,804,0,3,9009.191295
4,805,0,3,9186.767168
4,806,0,3,9086.890286
4,807,0,3,9173.697243
4,808,0,3,9017.234166
4,809,0,3,9213.732975
4,810,0,3,9021.641315
4,811,0,3,9393.739478
4,812,0,3,9456.365973
4,813,0,3,9149.302891
4,814,0,3,8984.130506
4,815,0,3,9431.203831
4,816,0,3,8980.444572
4,817,0,3,9538.405728
4,818,0,3,9030.718418
4,819,0,3,8999.585612
4,820,0,3,9071.787955
4,821,0,3,9000.257523
4,822,0,3,9194.433695
4,823,0,3,9240.95688
4,824,0,3,8889.341013
4,825,0,3,9342.654683
4,826,0,3,9114.383139
4,827,0,3,8980.625809
4,828,0,3,9281.020622
4,829,0,3,9219.756958
4,830,0,3,9486.623248
4,831,0,3,9128.730639
4,832,0,3,9326.538828
4,833,0,3,9064.841819
4,834,0,3,9052.486294
4,835,0,3,9097.885232
4,836,0,3,9276.041486
4,837,0,3,9071.696634
4,838,0,3,9035.989975
4,839,0,3,9018.870588
4,840,0,3,9006.989506
4,841,0,3,8845.321655
4,842,0,3,9079.553828
4,843,0,3,9148.454853
4,844,0,3,9186.647905
4,845,0,3,8979.535705
4,846,0,3,9134.900007
4,847,0,3,8920.292595
4,848,0,3,9158.614793
4,849,0,3,8995.905082
4,850,0,3,8987.40249
4,851,0,3,9376.684329
4,852,0,3,9058.20923
4,853,0,3,9095.509251
4,854,0,3,9084.738829
4,855,0,3,9042.66049
4,856,0,3,9087.58952
4,857,0,3,9197.764418
4,858,0,3,8967.60502
4,859,0,3,9186.550626
4,860,0,3,9027.057259
4,861,0,3,9090.441991
4,862,0,3,9042.598867
4,863,0,3,9212.525698
4,864,0,3,9427.587279
4,865,0,3,9090.224249
4,866,0,3,8895.287212
4,867,0,3,9084.502181
4,868,0,3,9250.280295
4,869,0,3,9234.076102
4,870,0,3,9212.336588
4,871,0,3,9209.55678
4,872,0,3,8954.009176
4,873,0,3,9092.911585
4,874,0,3,9035.68952
4,875,0,3,9048.006083
4,876,0,3,9072.792104
4,877,0,3,8970.838436
4,878,0,3,9215.440895
4,879,0,3,9009.458919
4,880,0,3,9198.678691
4,881,0,3,9314.466221
4,882,0,3,8932.319606
4,883,0,3,9298.680976
4,884,0,3,9046.278409
4,885,0,3,9130.682598
4,886,0,3,9187.38213
4,887,0,3,8904.723898
4,888,0,3,9043.093969
4,889,0,3,9085.444576
4,890,0,3,9069.217822
4,891,0,3,9036.624289
4,892,0,3,9032.461393
4,893,0,3,9000.017803
4,894,0,3,9154.610273
4,895,0,3,9082.879051
4,896,0,3,9165.007051
4,897,0,3,9289.070729
4,898,0,3,9216.28961
4,899,0,3,9163.63156
4,900,0,3,9088.1935
4,901,0,3,9035.290003
4,902,0,3,9042.495858
4,903,0,3,9145.975084
4,904,0,3,9151.434487
4,905,0,3,9078.310697
4,906,0,3,9134.110434
4,907,0,3,9287.354701
4,908,0,3,9405.613216
4,909,0,3,9140.247976
4,910,0,3,8960.223347
4,911,0,3,9336.474469
4,912,0,3,9046.211906
4,913,0,3,8838.680377
4,914,0,3,9377.9527
4,915,0,3,9074.709876
4,916,0,3,8970.094961
4,917,0,3,9290.702537
4,918,0,3,9095.871279
4,919,0,3,8887.663051
4,920,0,3,9176.3745
4,921,0,3,9215.129121
4,922,0,3,8914.300598
4,923,0,3,9097.371303
4,924,0,3,9160.554387
4,925,0,3,9116.579321
4,926,0,3,9281.185923
4,927,0,3,9075.50719
4,928,0,3,9089.227568
4,929,0,3,9128.106282
4,930,0,3,9143.68438
4,931,0,3,9119.490263
4,932,0,3,8961.265435
4,933,0,3,9064.918356
4,934,0,3,9153.581347
4,935,0,3,8923.629487
4,936,0,3,9044.656913
4,937,0,3,9267.619586
4,938,0,3,9082.508723
4,939,0,3,9287.716136
4,940,0,3,8961.909804
4,941,0,3,9094.754651
4,942,0,3,8963.838913
4,943,0,3,9193.702806
4,944,0,3,9294.965958
4,945,0,3,9218.582319
4,946,0,3,9224.328182
4,947,0,3,9472.788941
4,948,0,3,9119.040219
4,949,0,3,9170.568284
4,950,0,3,8936.400224
4,951,0,3,9017.210498
4,952,0,3,9035.298199
4,953,0,3,9228.629581
4,954,0,3,9439.715624
4,955,0,3,9153.720411
4,956,0,3,8995.202107
4,957,0,3,9126.249437
4,958,0,3,9311.049595
4,959,0,3,9003.714821
4,960,0,3,9096.971208
4,961,0,3,9392.893998
4,962,0,3,9140.124723
4,963,0,3,9273.790652
4,964,0,3,8972.732421
4,965,0,3,9167.176615
4,966,0,3,9128.156559
4,967,0,3,8956.773473
4,968,0,3,9097.543495
4,969,0,3,9223.134312
4,970,0,3,8961.768148
4,971,0,3,9214.533073
4,972,0,3,9294.643969
4,973,0,3,9137.650042
4,974,0,3,9160.664532
4,975,0,3,8955.653147
4,976,0,3,9058.065776
4,977,0,3,9312.516648
4,978,0,3,8960.238356
4,979,0,3,9208.210666
4,980,0,3,8967.714364
4,981,0,3,9022.579848
4,982,0,3,8920.351978
4,983,0,3,9067.492984
4,984,0,3,9163.114748
4,985,0,3,9088.682232
4,986,0,3,9100.636697
4,987,0,3,9130.354784
4,988,0,3,8975.681341
4,989,0,3,9102.135666
4,990,0,3,9085.459116
4,991,0,3,9033.05619
4,992,0,3,9371.397528
4,993,0,3,9183.129141
4,994,0,3,9077.677245
4,995,0,3,9125.924367
4,996,0,3,9029.07348
4,997,0,3,9238.253939
4,998,0,3,9046.428216
4,999,0,3,9011.718257
5,0,0,3,8949.030534
5,1,0,3,9250.236338
5,2,0,3,9264.907234
5,3,0,3,9136.724972
5,4,0,3,9024.815422
5,5,0,3,9109.952676
5,6,0,3,9301.049349
5,7,0,3,8944.703642
5,8,0,3,9048.764163
5,9,0,3,8994.202979
5,10,0,3,8872.827455
5,11,0,3,9334.939838
5,12,0,3,9319.626001
5,13,0,3,9299.567859
5,14,0,3,9299.88459
5,15,0,3,9282.416398
5,16,0,3,9241.634145
5,17,0,3,8905.099019
5,18,0,3,9089.744008
5,19,0,3,9021.118812
5,20,0,3,9321.115531
5,21,0,3,9053.079296
5,22,0,3,9100.712554
5,23,0,3,9024.192213
5,24,0,3,9156.306265
5,25,0,3,9000.17239
5,26,0,3,9205.514448
5,27,0,3,8962.249214
5,28,0,3,9201.392902
5,29,0,3,9010.078763
5,30,0,3,9085.936788
5,31,0,3,9114.913692
5,32,0,3,8959.510585
5,33,0,3,9095.741829
5,34,0,3,9257.783114
5,35,0,3,9084.782196
5,36,0,3,9195.862673
5,37,0,3,9114.214869
5,38,0,3,9254.796662
5,39,0,3,8948.948106
5,40,0,3,8922.259883
5,41,0,3,9221.888928
5,42,0,3,9214.54093
5,43,0,3,9248.338582
5,44,0,3,8910.46416
5,45,0,3,8973.411555
5,46,0,3,8972.51904
5,47,0,3,9134.255819
5,48,0,3,9461.378513
5,49,0,3,9249.740294
5,50,0,3,8872.747894
5,51,0,3,9093.341792
5,52,0,3,9095.122773
5,53,0,3,9180.73972
5,54,0,3,9058.466182
5,55,0,3,9134.887959
5,56,0,3,9048.78372
5,57,0,3,9074.324182
5,58,0,3,9023.660095
5,59,0,3,8974.425405
5,60,0,3,9004.105324
5,61,0,3,9210.585638
5,62,0,3,8970.465688
5,63,0,3,9515.855828
5,64,0,3,9234.539938
5,65,0,3,9123.684467
5,66,0,3,9265.903273
5,67,0,3,9304.119974
5,68,0,3,9143.204734
5,69,0,3,9141.551654
5,70,0,3,9187.083928
5,71,0,3,9080.63821
5,72,0,3,9200.432409
5,73,0,3,8980.153045
5,74,0,3,9332.477528
5,75,0,3,9256.195877
5,76,0,3,9100.19757
5,77,0,3,9072.809479
5,78,0,3,9067.171192
5,79,0,3,9227.301139
5,80,0,3,9098.755494
5,81,0,3,9261.560826
5,82,0,3,9273.717411
5,83,0,3,9076.756729
5,84,0,3,9220.269988
5,85,0,3,9100.419788
5,86,0,3,9051.917445
5,87,0,3,9270.700132
5,88,0,3,9277.209503
5,89,0,3,9246.296662
5,90,0,3,9214.838967
5,91,0,3,9045.390459
5,92,0,3,9084.798082
5,93,0,3,9391.699103
5,94,0,3,8960.66704
5,95,0,3,9258.562736
5,96,0,3,9097.327178
5,97,0,3,9130.481335
5,98,0,3,8943.554945
5,99,0,3,9394.090243
5,100,0,3,9177.382048
5,101,0,3,9164.274186
5,102,0,3,9232.061243
5,103,0,3,9125.193911
5,104,0,3,8859.026408
5,105,0,3,9283.335892
5,106,0,3,9094.687816
5,107,0,3,9755.128362
5,108,0,3,9138.656539
5,109,0,3,9102.245802
5,110,0,3,9059.828568
5,111,0,3,9104.299458
5,112,0,3,9192.72765
5,113,0,3,9022.672996
5,114,0,3,8985.87714
5,115,0,3,9130.09575
5,116,0,3,9263.848657
5,117,0,3,9082.403234
5,118,0,3,9215.717617
5,119,0,3,8965.112948
5,120,0,3,9063.698652
5,121,0,3,9232.911551
5,122,0,3,8860.582629
5,123,0,3,9059.786118
5,124,0,3,9227.740458
5,125,0,3,9276.337603
5,126,0,3,9315.115447
5,127,0,3,9085.541721
5,128,0,3,9222.285664
5,129,0,3,9022.062306
5,130,0,3,8915.572533
5,131,0,3,9001.940879
5,132,0,3,9121.504695
5,133,0,3,9218.181587
5,134,0,3,9072.426118
5,135,0,3,9035.013972
5,136,0,3,8965.983003
5,137,0,3,9332.283261
5,138,0,3,9188.524442
5,139,0,3,9188.191513
5,140,0,3,8973.047124
5,141,0,3,9008.451785
5,142,0,3,9042.410776
5,143,0,3,9307.394631
5,144,0,3,9160.996578
5,145,0,3,9069.870399
5,146,0,3,9171.479952
5,147,0,3,9091.948181
5,148,0,3,9006.409201
5,149,0,3,9059.410553
5,150,0,3,9050.433715
5,151,0,3,9303.208919
5,152,0,3,8984.146171
5,153,0,3,9313.455367
5,154,0,3,9104.303957
5,155,0,3,9389.53014
5,156,0,3,9012.119026
5,157,0,3,9066.047819
5,158,0,3,9118.438789
5,159,0,3,9496.1517
5,160,0,3,9098.556761
5,161,0,3,9045.724645
5,162,0,3,9138.099747
5,163,0,3,9029.509031
5,164,0,3,9036.970598
5,165,0,3,9078.667368
5,166,0,3,9558.375175
5,167,0,3,9317.965417
5,168,0,3,8896.410116
5,169,0,3,9053.234162
5,170,0,3,8868.891505
5,171,0,3,9176.554494
5,172,0,3,9258.029232
5,173,0,3,9078.435149
5,174,0,3,9212.461843
5,175,0,3,9080.735391
5,176,0,3,9064.943532
5,177,0,3,9001.414232
5,178,0,3,9132.116784
5,179,0,3,9027.844407
5,180,0,3,9119.641203
5,181,0,3,9130.021927
5,182,0,3,9059.447435
5,183,0,3,9059.373383
5,184,0,3,9118.645509
5,185,0,3,9031.763197
5,186,0,3,9176.092075
5,187,0,3,9027.492107
5,188,0,3,9096.291033
5,189,0,3,9025.573111
5,190,0,3,9122.554757
5,191,0,3,8966.573557
5,192,0,3,9025.108184
5,193,0,3,9169.744194
5,194,0,3,9093.213887
5,195,0,3,9402.017807
5,196,0,3,9138.46304
5,197,0,3,9141.216731
5,198,0,3,9341.345883
5,199,0,3,9420.702623
5,200,0,3,9043.677517
5,201,0,3,9118.069167
5,202,0,3,9042.951601
5,203,0,3,8909.088358
5,204,0,3,9054.320813
5,205,0,3,9151.976274
5,206,0,3,9153.551595
5,207,0,3,9371.04416
5,208,0,3,9158.021574
5,209,0,3,8926.182166
5,210,0,3,9174.806922
5,211,0,3,9365.279212
5,212,0,3,9247.952298
5,213,0,3,9101.216924
5,214,0,3,9382.414778
5,215,0,3,9082.039687
5,216,0,3,8942.382444
5,217,0,3,9295.00842
5,218,0,3,9318.589863
5,219,0,3,9201.947348
5,220,0,3,9014.108937
5,221,0,3,9124.44309
5,222,0,3,9073.446579
5,223,0,3,8899.576048
5,224,0,3,9099.970842
5,225,0,3,9187.594911
5,226,0,3,9300.859141
5,227,0,3,9323.503605
5,228,0,3,8958.801836
5,229,0,3,9176.904382
5,230,0,3,9049.421616
5,231,0,3,9159.857994
5,232,0,3,9352.525447
5,233,0,3,9080.426043
5,234,0,3,9120.289995
5,235,0,3,8933.669787
5,236,0,3,9023.698056
5,237,0,3,9013.55315
5,238,0,3,9010.329509
5,239,0,3,9007.354276
5,240,0,3,8975.318858
5,241,0,3,9147.579795
5,242,0,3,8942.58265
5,243,0,3,9164.401969
5,244,0,3,9154.165905
5,245,0,3,9056.221836
5,246,0,3,9104.016466
5,247,0,3,9011.099242
5,248,0,3,8959.009288
5,249,0,3,9224.89412
5,250,0,3,9048.512906
5,251,0,3,9165.329733
5,252,0,3,9155.044808
5,253,0,3,9054.95794
5,254,0,3,9007.829692
5,255,0,3,9127.073392
5,256,0,3,8921.427962
5,257,0,3,8988.7901
5,258,0,3,9098.536525
5,259,0,3,9056.786741
5,260,0,3,9122.606182
5,261,0,3,9091.05626
5,262,0,3,9033.297896
5,263,0,3,9296.483893
5,264,0,3,9018.568904
5,265,0,3,9216.211137
5,266,0,3,9064.372271
5,267,0,3,9091.876764
5,268,0,3,9188.001948
5,269,0,3,9421.26383
5,270,0,3,9173.593567
5,271,0,3,9076.432234
5,272,0,3,8927.935519
5,273,0,3,9167.648576
5,274,0,3,9299.247525
5,275,0,3,9221.742497
5,276,0,3,9025.635782
5,277,0,3,9066.038645
5,278,0,3,9092.051015
5,279,0,3,9073.46622
5,280,0,3,9187.31089
5,281,0,3,9035.663462
5,282,0,3,9023.403306
5,283,0,3,9068.139759
5,284,0,3,9483.476123
5,285,0,3,9165.305388
5,286,0,3,9204.47865
5,287,0,3,9219.724796
5,288,0,3,9321.74959
5,289,0,3,8977.584589
5,290,0,3,9308.497266
5,291,0,3,9084.443955
5,292,0,3,9226.216506
5,293,0,3,9121.601579
5,294,0,3,9178.60656
5,295,0,3,9087.560657
5,296,0,3,9087.367867
5,297,0,3,9060.172133
5,298,0,3,9048.570145
5,299,0,3,9035.918934
5,300,0,3,9092.472216
5,301,0,3,8965.954718
5,302,0,3,9066.565689
5,303,0,3,8967.234208
5,304,0,3,9205.039371
5,305,0,3,8985.275592
5,306,0,3,9460.258425
5,307,0,3,9223.135651
5,308,0,3,8982.606316
5,309,0,3,9395.932694
5,310,0,3,9126.058852
5,311,0,3,9392.068583
5,312,0,3,9355.934734
5,313,0,3,8909.791518
5,314,0,3,9041.609242
5,315,0,3,9018.847726
5,316,0,3,9382.520014
5,317,0,3,9153.503681
5,318,0,3,9210.130504
5,319,0,3,9141.717461
5,320,0,3,9222.485116
5,321,0,3,9258.46131
5,322,0,3,9072.834216
5,323,0,3,9089.721987
5,324,0,3,9195.714701
5,325,0,3,8925.006295
5,326,0,3,9165.534785
5,327,0,3,9268.52174
5,328,0,3,9396.665595
5,329,0,3,8953.091632
5,330,0,3,9052.579236
5,331,0,3,9245.818004
5,332,0,3,9106.774392
5,333,0,3,9084.761451
5,334,0,3,9428.209881
5,335,0,3,9257.817158
5,336,0,3,8988.13521
5,337,0,3,9223.661461
5,338,0,3,9171.189086
5,339,0,3,9146.407182
5,340,0,3,9040.160411
5,341,0,3,9070.450278
5,342,0,3,9211.989545
5,343,0,3,9122.477912
5,344,0,3,8931.261933
5,345,0,3,9361.478639
5,346,0,3,9288.546045
5,347,0,3,9006.976124
5,348,0,3,9075.586977
5,349,0,3,9099.321023
5,350,0,3,9087.347277
5,351,0,3,9085.207424
5,352,0,3,9384.831087
5,353,0,3,8949.975332
5,354,0,3,9284.324503
5,355,0,3,9032.000688
5,356,0,3,8997.700657
5,357,0,3,9077.865037
5,358,0,3,9159.060537
5,359,0,3,9053.224852
5,360,0,3,8964.746791
5,361,0,3,9116.818214
5,362,0,3,9515.492598
5,363,0,3,8936.273219
5,364,0,3,9178.102869
5,365,0,3,8943.508731
5,366,0,3,9175.240908
5,367,0,3,9054.255618
5,368,0,3,8869.302851
5,369,0,3,9128.041124
5,370,0,3,9076.148463
5,371,0,3,9019.76674
5,372,0,3,9092.297995
5,373,0,3,9155.811474
5,374,0,3,8987.635468
5,375,0,3,9302.870255
5,376,0,3,9010.336619
5,377,0,3,9193.317771
5,378,0,3,9173.683568
5,379,0,3,9018.18684
5,380,0,3,9088.499019
5,381,0,3,9156.35011
5,382,0,3,9040.396277
5,383,0,3,9112.027367
5,384,0,3,9006.440453
5,385,0,3,8990.525966
5,386,0,3,9114.637173
5,387,0,3,8983.043312
5,388,0,3,8993.474703
5,389,0,3,8964.109603
5,390,0,3,9117.415613
5,391,0,3,9001.790526
5,392,0,3,9012.38747
5,393,0,3,8993.604776
5,394,0,3,8982.616736
5,395,0,3,9182.350656
5,396,0,3,8983.116286
5,397,0,3,9010.442817
5,398,0,3,8954.167359
5,399,0,3,9041.979131
5,400,0,3,9084.057021
5,401,0,3,9117.447542
5,402,0,3,8914.350948
5,403,0,3,8978.171207
5,404,0,3,9139.734951
5,405,0,3,9090.883223
5,406,0,3,9179.911116
5,407,0,3,8959.620503
5,408,0,3,8874.362759
5,409,0,3,8994.103124
5,410,0,3,9058.853298
5,411,0,3,9091.759271
5,412,0,3,8948.652648
5,413,0,3,9084.467367
5,414,0,3,9124.873955
5,415,0,3,9261.057975
5,416,0,3,8972.50162
5,417,0,3,9084.011262
5,418,0,3,8974.820081
5,419,0,3,8985.454153
5,420,0,3,9191.893785
5,421,0,3,9221.84872
5,422,0,3,9014.415046
5,423,0,3,9009.174216
5,424,0,3,9052.804012
5,425,0,3,9268.933964
5,426,0,3,9147.292216
5,427,0,3,9124.293881
5,428,0,3,9086.96176
5,429,0,3,9005.950381
5,430,0,3,9165.727283
5,431,0,3,9131.021432
5,432,0,3,9209.239962
5,433,0,3,9080.670479
5,434,0,3,9120.730902
5,435,0,3,9081.650847
5,436,0,3,9147.594373
5,437,0,3,9192.121098
5,438,0,3,9151.789871
5,439,0,3,9133.375873
5,440,0,3,9553.411722
5,441,0,3,9094.774518
5,442,0,3,9341.322104
5,443,0,3,8992.282425
5,444,0,3,9229.311389
5,445,0,3,9098.547552
5,446,0,3,9075.549941
5,447,0,3,9150.074362
5,448,0,3,9096.109086
5,449,0,3,9256.35426
5,450,0,3,8989.173596
5,451,0,3,8902.465694
5,452,0,3,9097.583083
5,453,0,3,9310.881077
5,454,0,3,9305.276715
5,455,0,3,8967.967306
5,456,0,3,8981.420436
5,457,0,3,9307.127997
5,458,0,3,9111.192745
5,459,0,3,9251.290704
5,460,0,3,9104.356585
5,461,0,3,8945.138152
5,462,0,3,9132.674995
5,463,0,3,9194.663918
5,464,0,3,9163.498772
5,465,0,3,9049.730897
5,466,0,3,9074.753011
5,467,0,3,9075.791287
5,468,0,3,9047.236651
5,469,0,3,9082.420023
5,470,0,3,8989.690596
5,471,0,3,9138.469518
5,472,0,3,9240.948578
5,473,0,3,8918.220872
5,474,0,3,8970.321021
5,475,0,3,9118.149499
5,476,0,3,9151.146373
5,477,0,3,9150.188657
5,478,0,3,9032.261022
5,479,0,3,9116.65473
5,480,0,3,9469.895551
5,481,0,3,9021.947732
5,482,0,3,9233.890202
5,483,0,3,9064.404019
5,484,0,3,9102.16717
5,485,0,3,9118.850096
5,486,0,3,9028.039108
5,487,0,3,9127.494696
5,488,0,3,9041.362521
5,489,0,3,9034.418508
5,490,0,3,9234.30769
5,491,0,3,9406.957598
5,492,0,3,9152.640343
5,493,0,3,9180.191199
5,494,0,3,9201.0223
5,495,0,3,9002.774317
5,496,0,3,9035.99846
5,497,0,3,9102.250954
5,498,0,3,9127.902938
5,499,0,3,9129.370355
5,500,0,3,9095.327909
5,501,0,3,9250.481021
5,502,0,3,9234.971602
5,503,0,3,9130.349675
5,504,0,3,9024.141226
5,505,0,3,9516.095742
5,506,0,3,9164.832184
5,507,0,3,8985.26442
5,508,0,3,8923.994766
5,509,0,3,8914.588929
5,510,0,3,8995.698297
5,511,0,3,9159.966072
5,512,0,3,8973.312162
5,513,0,3,9155.676569
5,514,0,3,9072.17181
5,515,0,3,9146.508944
5,516,0,3,9090.424178
5,517,0,3,9319.916925
5,518,0,3,9083.342289
5,519,0,3,9099.971243
5,520,0,3,9247.533125
5,521,0,3,8959.999783
5,522,0,3,9302.852897
5,523,0,3,9197.982756
5,524,0,3,8974.270327
5,525,0,3,8928.892275
5,526,0,3,9118.650662
5,527,0,3,9026.627949
5,528,0,3,8935.949851
5,529,0,3,9028.821901
5,530,0,3,9191.462257
5,531,0,3,9081.725198
5,532,0,3,9337.109655
5,533,0,3,9249.77897
5,534,0,3,9240.362271
5,535,0,3,9020.139697
5,536,0,3,8946.001494
5,537,0,3,9083.803326
5,538,0,3,8937.822083
5,539,0,3,9069.926151
5,540,0,3,9184.791643
5,541,0,3,9062.326877
5,542,0,3,9360.525249
5,543,0,3,9221.63303
5,544,0,3,9292.004821
5,545,0,3,9187.769049
5,546,0,3,9371.928377
5,547,0,3,9051.39361
5,548,0,3,9095.396313
5,549,0,3,9141.426822
5,550,0,3,9060.327794
5,551,0,3,9067.914555
5,552,0,3,9104.343143
5,553,0,3,9222.104714
5,554,0,3,9132.083174
5,555,0,3,9195.749862
5,556,0,3,9308.359315
5,557,0,3,9122.173665
5,558,0,3,9109.746298
5,559,0,3,9099.526505
5,560,0,3,9023.037614
5,561,0,3,9005.515561
5,562,0,3,9108.531579
5,563,0,3,9050.607808
5,564,0,3,9159.252171
5,565,0,3,9399.347294
5,566,0,3,9219.652902
5,567,0,3,9160.728099
5,568,0,3,8974.240036
5,569,0,3,9106.972886
5,570,0,3,9120.036259
5,571,0,3,9311.24991
5,572,0,3,9261.549486
5,573,0,3,9043.574819
5,574,0,3,9114.432473
5,575,0,3,9158.481951
5,576,0,3,9143.192968
5,577,0,3,9070.412347
5,578,0,3,9162.933263
5,579,0,3,9172.100524
5,580,0,3,9238.947245
5,581,0,3,9416.646424
5,582,0,3,9105.07323
5,583,0,3,9135.595041
5,584,0,3,9041.693514
5,585,0,3,9161.163973
5,586,0,3,9081.535128
5,587,0,3,9010.450175
5,588,0,3,9045.135528
5,589,0,3,9086.516265
5,590,0,3,9267.787614
5,591,0,3,9161.531217
5,592,0,3,9382.338294
5,593,0,3,9046.017307
5,594,0,3,9216.207911
5,595,0,3,9087.067602
5,596,0,3,9019.200373
5,597,0,3,9024.18674
5,598,0,3,8985.307824
5,599,0,3,8914.279438
5,600,0,3,9092.969617
5,601,0,3,9190.982696
5,602,0,3,9142.677215
5,603,0,3,8947.657828
5,604,0,3,9041.630985
5,605,0,3,9155.080922
5,606,0,3,8990.941393
5,607,0,3,9227.497523
5,608,0,3,9174.393087
5,609,0,3,9106.46006
5,610,0,3,9015.515445
5,611,0,3,9225.945307
5,612,0,3,9032.152602
5,613,0,3,9206.965556
5,614,0,3,9145.380322
5,615,0,3,9104.928859
5,616,0,3,9354.123645
5,617,0,3,9097.338321
5,618,0,3,9126.469774
5,619,0,3,9061.854451
5,620,0,3,9066.595853
5,621,0,3,9178.714211
5,622,0,3,9354.745484
5,623,0,3,9140.173374
5,624,0,3,9158.397001
5,625,0,3,8982.670364
5,626,0,3,9076.852977
5,627,0,3,9171.812685
5,628,0,3,9088.029916
5,629,0,3,8867.439319
5,630,0,3,9107.934294
5,631,0,3,9259.303578
5,632,0,3,9137.724309
5,633,0,3,9159.761411
5,634,0,3,9108.339517
5,635,0,3,9048.835522
5,636,0,3,9036.59384
5,637,0,3,9188.480654
5,638,0,3,9172.950825
5,639,0,3,8984.630287
5,640,0,3,9109.273974
5,641,0,3,9204.23195
5,642,0,3,9061.403034
5,643,0,3,9184.921166
5,644,0,3,9163.429513
5,645,0,3,9001.065985
5,646,0,3,9102.194428
5,647,0,3,9010.209786
5,648,0,3,9152.383307
5,649,0,3,9068.286966
5,650,0,3,9143.516027
5,651,0,3,9152.932504
5,652,0,3,9296.956813
5,653,0,3,9033.653179
5,654,0,3,9250.281665
5,655,0,3,9195.18987
5,656,0,3,9102.883735
5,657,0,3,9073.155612
5,658,0,3,8899.293072
5,659,0,3,9214.732511
5,660,0,3,9000.985763
5,661,0,3,9027.363519
5,662,0,3,9097.377365
5,663,0,3,9318.974706
5,664,0,3,9210.501829
5,665,0,3,9228.93367
5,666,0,3,9042.251709
5,667,0,3,9090.343337
5,668,0,3,9126.245294
5,669,0,3,8975.092021
5,670,0,3,9289.94002
5,671,0,3,9053.303271
5,672,0,3,9016.52361
5,673,0,3,9043.88445
5,674,0,3,9042.937487
5,675,0,3,9181.784794
5,676,0,3,9096.337708
5,677,0,3,9279.371
5,678,0,3,9132.44107
5,679,0,3,9302.227771
5,680,0,3,9220.043926
5,681,0,3,9063.187343
5,682,0,3,9304.329103
5,683,0,3,9012.810408
5,684,0,3,9042.458349
5,685,0,3,9171.400394
5,686,0,3,9078.301199
5,687,0,3,8947.532743
5,688,0,3,8961.516111
5,689,0,3,8856.70912
5,690,0,3,9105.938235
5,691,0,3,9276.394005
5,692,0,3,9182.488002
5,693,0,3,9287.003376
5,694,0,3,9527.463031
5,695,0,3,9189.9377
5,696,0,3,9084.692319
5,697,0,3,9283.096818
5,698,0,3,9060.373299
5,699,0,3,9328.402934
5,700,0,3,9114.121746
5,701,0,3,9129.728842
5,702,0,3,9194.250537
5,703,0,3,9047.449167
5,704,0,3,9105.353259
5,705,0,3,9102.337053
5,706,0,3,9186.295435
5,707,0,3,9174.664934
5,708,0,3,9284.58841
5,709,0,3,9066.073219
5,710,0,3,8954.18542
5,711,0,3,9030.555187
5,712,0,3,9061.507595
5,713,0,3,9200.949473
5,714,0,3,9021.778306
5,715,0,3,9135.482915
5,716,0,3,9227.650517
5,717,0,3,9130.837527
5,718,0,3,9046.273334
5,719,0,3,9267.248484
5,720,0,3,8924.897713
5,721,0,3,9081.936963
5,722,0,3,9181.617237
5,723,0,3,9264.311402
5,724,0,3,9196.117696
5,725,0,3,9169.812772
5,726,0,3,9154.132236
5,727,0,3,9205.722522
5,728,0,3,9162.076246
5,729,0,3,9494.962417
5,730,0,3,9046.356769
5,731,0,3,8926.08663
5,732,0,3,8950.470952
5,733,0,3,8991.283689
5,734,0,3,9007.034723
5,735,0,3,9060.1816
5,736,0,3,9169.857245
5,737,0,3,9147.714383
5,738,0,3,9038.770913
5,739,0,3,9073.05211
5,740,0,3,9177.374861
5,741,0,3,9223.949684
5,742,0,3,8914.407806
5,743,0,3,9184.02348
5,744,0,3,9008.934654
5,745,0,3,8982.542991
5,746,0,3,9271.357701
5,747,0,3,8996.626986
5,748,0,3,9052.574022
5,749,0,3,9121.155562
5,750,0,3,8957.395181
5,751,0,3,9014.357828
5,752,0,3,8934.10224
5,753,0,3,8960.424627
5,754,0,3,9062.764919
5,755,0,3,8952.791626
5,756,0,3,9244.84197
5,757,0,3,8950.27006
5,758,0,3,9240.127617
5,759,0,3,9011.980548
5,760,0,3,9074.897981
5,761,0,3,9094.684804
5,762,0,3,9248.657141
5,763,0,3,9116.747949
5,764,0,3,9129.116918
5,765,0,3,9244.764541
5,766,0,3,9277.12414
5,767,0,3,9093.588976
5,768,0,3,9031.063932
5,769,0,3,8940.935982
5,770,0,3,9093.365144
5,771,0,3,9208.218833
5,772,0,3,9247.952051
5,773,0,3,9000.360289
5,774,0,3,9055.270152
5,775,0,3,9114.564039
5,776,0,3,9248.930839
5,777,0,3,9185.733933
5,778,0,3,9071.2941
5,779,0,3,9158.278205
5,780,0,3,9305.492072
5,781,0,3,8896.409695
5,782,0,3,9281.955506
5,783,0,3,9066.882825
5,784,0,3,9071.577556
5,785,0,3,9231.187988
5,786,0,3,9197.842471
5,787,0,3,9369.351944
5,788,0,3,9094.113739
5,789,0,3,9040.434542
5,790,0,3,9298.531314
5,791,0,3,9065.456138
5,792,0,3,9164.943332
5,793,0,3,9154.822528
5,794,0,3,9092.308197
5,795,0,3,8911.156094
5,796,0,3,9000.057815
5,797,0,3,8987.797749
5,798,0,3,9299.945924
5,799,0,3,9106.43632
5,800,0,3,9162.396961
5,801,0,3,9137.126564
5,802,0,3,9056.831001
5,803,0,3,9185.159492
5,804,0,3,9087.073519
5,805,0,3,9017.127848
5,806,0,3,9187.510946
5,807,0,3,9149.450681
5,808,0,3,9289.406111
5,809,0,3,9146.180663
5,810,0,3,9357.27391
5,811,0,3,9179.677614
5,812,0,3,9246.923979
5,813,0,3,9229.396714
5,814,0,3,9537.17792
5,815,0,3,9263.881575
5,816,0,3,9214.85248
5,817,0,3,8936.609565
5,818,0,3,9175.658902
5,819,0,3,9197.289035
5,820,0,3,9212.604759
5,821,0,3,9246.173023
5,822,0,3,9251.596911
5,823,0,3,9091.455927
5,824,0,3,9281.18318
5,825,0,3,9429.997535
5,826,0,3,9024.969751
5,827,0,3,9170.071445
5,828,0,3,9021.692671
5,829,0,3,9025.495304
5,830,0,3,9047.860889
5,831,0,3,9065.141296
5,832,0,3,9055.080755
5,833,0,3,9175.869092
5,834,0,3,9060.176245
5,835,0,3,9083.836718
5,836,0,3,8998.858857
5,837,0,3,9140.648433
5,838,0,3,8954.764407
5,839,0,3,9121.147324
5,840,0,3,9155.779483
5,841,0,3,8992.514496
5,842,0,3,9059.493329
5,843,0,3,9089.755478
5,844,0,3,9127.483703
5,845,0,3,9191.768308
5,846,0,3,9083.426705
5,847,0,3,9095.520107
5,848,0,3,9164.056454
5,849,0,3,9519.19648
5,850,0,3,9169.155012
5,851,0,3,8924.798844
5,852,0,3,9136.054667
5,853,0,3,8944.756244
5,854,0,3,9177.988446
5,855,0,3,9205.820643
5,856,0,3,9146.914924
5,857,0,3,8924.027481
5,858,0,3,9130.362901
5,859,0,3,9045.256235
5,860,0,3,9062.910771
5,861,0,3,9113.314948
5,862,0,3,9281.445969
5,863,0,3,9066.466829
5,864,0,3,9182.177919
5,865,0,3,9075.956694
5,866,0,3,8940.979619
5,867,0,3,9244.516733
5,868,0,3,9003.985763
5,869,0,3,9095.212234
5,870,0,3,9135.08178
5,871,0,3,9146.331628
5,872,0,3,9216.146141
5,873,0,3,9171.418862
5,874,0,3,9228.694021
5,875,0,3,9493.100658
5,876,0,3,9012.624615
5,877,0,3,9410.115488
5,878,0,3,9111.369677
5,879,0,3,9339.150203
5,880,0,3,9054.818204
5,881,0,3,9340.017212
5,882,0,3,9076.489175
5,883,0,3,8941.612496
5,884,0,3,9092.647905
5,885,0,3,9186.372373
5,886,0,3,9035.075825
5,887,0,3,9167.190147
5,888,0,3,8879.808334
5,889,0,3,9307.818257
5,890,0,3,9007.703034
5,891,0,3,9255.5868
5,892,0,3,9123.913306
5,893,0,3,9211.933519
5,894,0,3,9289.243742
5,895,0,3,9044.854656
5,896,0,3,8980.027371
5,897,0,3,9042.514532
5,898,0,3,9236.853344
5,899,0,3,9023.923238
5,900,0,3,9045.246865
5,901,0,3,8835.178728
5,902,0,3,9479.249636
5,903,0,3,9166.036364
5,904,0,3,9206.557196
5,905,0,3,9173.17155
5,906,0,3,8910.912037
5,907,0,3,9278.08771
5,908,0,3,9125.588608
5,909,0,3,9069.360608
5,910,0,3,8993.694938
5,911,0,3,9051.106836
5,912,0,3,9265.427829
5,913,0,3,9024.813431
5,914,0,3,9002.709354
5,915,0,3,9270.784624
5,916,0,3,9001.814846
5,917,0,3,9220.972026
5,918,0,3,8970.827902
5,919,0,3,9228.368321
5,920,0,3,9140.014464
5,921,0,3,9114.381846
5,922,0,3,9353.384203
5,923,0,3,9160.286668
5,924,0,3,9023.015152
5,925,0,3,9144.01902
5,926,0,3,9225.688031
5,927,0,3,8911.33037
5,928,0,3,9065.766915
5,929,0,3,9050.047379
5,930,0,3,9195.290361
5,931,0,3,9357.501157
5,932,0,3,9217.457628
5,933,0,3,9038.113874
5,934,0,3,9102.932594
5,935,0,3,9290.849675
5,936,0,3,8982.770415
5,937,0,3,9267.937878
5,938,0,3,9347.506511
5,939,0,3,9049.300491
5,940,0,3,9114.57818
5,941,0,3,9025.882314
5,942,0,3,9058.669672
5,943,0,3,9364.530497
5,944,0,3,9165.531763
5,945,0,3,9000.840982
5,946,0,3,9081.232806
5,947,0,3,9077.66092
5,948,0,3,9290.244713
5,949,0,3,9080.739783
5,950,0,3,9001.948513
5,951,0,3,8961.610837
5,952,0,3,9140.372176
5,953,0,3,9044.77417
5,954,0,3,9296.748659
5,955,0,3,9249.371457
5,956,0,3,9043.725945
5,957,0,3,9131.273878
5,958,0,3,9060.050169
5,959,0,3,9323.876471
5,960,0,3,9063.428105
5,961,0,3,9134.949536
5,962,0,3,9427.860777
5,963,0,3,8980.994008
5,964,0,3,9227.608156
5,965,0,3,9040.702688
5,966,0,3,9209.748953
5,967,0,3,9108.515986
5,968,0,3,9214.267478
5,969,0,3,9054.790679
5,970,0,3,9051.950704
5,971,0,3,8991.723928
5,972,0,3,9020.375955
5,973,0,3,9299.74254
5,974,0,3,9187.837565
5,975,0,3,9187.886026
5,976,0,3,9005.977703
5,977,0,3,8949.701683
5,978,0,3,9051.197358
5,979,0,3,9091.253781
5,980,0,3,9207.062502
5,981,0,3,9293.564483
5,982,0,3,9161.821788
5,983,0,3,9134.025571
5,984,0,3,9198.337015
5,985,0,3,9115.216918
5,986,0,3,9244.77536
5,987,0,3,9210.277658
5,988,0,3,9012.573872
5,989,0,3,9119.117532
5,990,0,3,9140.939588
5,991,0,3,8957.325457
5,992,0,3,9069.931409
5,993,0,3,9357.781058
5,994,0,3,9113.615554
5,995,0,3,9055.773554
5,996,0,3,9188.640101
5,997,0,3,9126.938028
5,998,0,3,9027.240893
5,999,0,3,9328.733677
6,0,0,3,9214.135425
6,1,0,3,9071.607745
6,2,0,3,8951.921584
6,3,0,3,9233.112228
6,4,0,3,8977.613616
6,5,0,3,9113.65246
6,6,0,3,8898.855155
6,7,0,3,9223.965305
6,8,0,3,9158.221545
6,9,0,3,8887.386987
6,10,0,3,8919.887437
6,11,0,3,9097.406817
6,12,0,3,9160.977656
6,13,0,3,9121.466506
6,14,0,3,9073.403963
6,15,0,3,9003.482551
6,16,0,3,9092.089856
6,17,0,3,8962.778088
6,18,0,3,9287.397203
6,19,0,3,9058.438882
6,20,0,3,9141.203303
6,21,0,3,9238.00455
6,22,0,3,9194.217067
6,23,0,3,9125.895954
6,24,0,3,8933.819082
6,25,0,3,9133.466852
6,26,0,3,9139.06562
6,27,0,3,9010.190192
6,28,0,3,9105.158034
6,29,0,3,9001.885878
6,30,0,3,8995.994335
6,31,0,3,9144.300878
6,32,0,3,9176.463752
6,33,0,3,9268.34488
6,34,0,3,9052.703765
6,35,0,3,9238.328793
6,36,0,3,9063.235499
6,37,0,3,9012.363551
6,38,0,3,9236.038946
6,39,0,3,9173.243809
6,40,0,3,9078.512489
6,41,0,3,8933.137127
6,42,0,3,9123.247133
6,43,0,3,9213.286515
6,44,0,3,9162.910239
6,45,0,3,9372.681392
6,46,0,3,8967.206893
6,47,0,3,9086.818131
6,48,0,3,9238.202127
6,49,0,3,9110.386023
6,50,0,3,9108.074594
6,51,0,3,9076.498172
6,52,0,3,9277.992386
6,53,0,3,8940.11475
6,54,0,3,9269.89051
6,55,0,3,9126.825019
6,56,0,3,9182.986677
6,57,0,3,9170.600503
6,58,0,3,8989.685781
6,59,0,3,9313.292398
6,60,0,3,8932.921843
6,61,0,3,9224.780099
6,62,0,3,9062.604518
6,63,0,3,9187.786975
6,64,0,3,9125.225315
6,65,0,3,9195.098059
6,66,0,3,8967.336903
6,67,0,3,9169.765746
6,68,0,3,9291.506001
6,69,0,3,8937.586191
6,70,0,3,9049.949876
6,71,0,3,9055.373908
6,72,0,3,8916.569618
6,73,0,3,8989.320729
6,74,0,3,9384.001094
6,75,0,3,9067.330189
6,76,0,3,9298.958007
6,77,0,3,8898.030103
6,78,0,3,9233.35275
6,79,0,3,8981.03566
6,80,0,3,9217.282704
6,81,0,3,9203.838791
6,82,0,3,8997.678624
6,83,0,3,9180.266227
6,84,0,3,9208.210636
6,85,0,3,9094.198574
6,86,0,3,9170.469767
6,87,0,3,9089.640114
6,88,0,3,8951.116536
6,89,0,3,9016.009415
6,90,0,3,9035.986203
6,91,0,3,8986.509085
6,92,0,3,9023.685308
6,93,0,3,9088.389482
6,94,0,3,8915.934365
6,95,0,3,9146.79534
6,96,0,3,9104.261609
6,97,0,3,9351.464035
6,98,0,3,8973.423922
6,99,0,3,9000.323837
6,100,0,3,9355.3091
6,101,0,3,9271.889609
6,102,0,3,9093.922701
6,103,0,3,9236.46662
6,104,0,3,9007.153434
6,105,0,3,9036.80826
6,106,0,3,9284.365985
6,107,0,3,9422.492416
6,108,0,3,9392.785233
6,109,0,3,9013.674538
6,110,0,3,9081.96117
6,111,0,3,9061.019296
6,112,0,3,8998.858914
6,113,0,3,9245.853651
6,114,0,3,9002.173432
6,115,0,3,9037.975271
6,116,0,3,9211.160243
6,117,0,3,9144.018125
6,118,0,3,9163.336262
6,119,0,3,9492.030542
6,120,0,3,8977.762206
6,121,0,3,8990.797946
6,122,0,3,9205.20649
6,123,0,3,9053.8517
6,124,0,3,9308.358846
6,125,0,3,9187.986927
6,126,0,3,8998.893928
6,127,0,3,9224.017124
6,128,0,3,9002.250911
6,129,0,3,9004.202332
6,130,0,3,9246.188778
6,131,0,3,9300.580399
6,132,0,3,9061.170363
6,133,0,3,9363.381558
6,134,0,3,8987.85815
6,135,0,3,9104.042559
6,136,0,3,9102.313643
6,137,0,3,9025.360472
6,138,0,3,9183.609305
6,139,0,3,9067.35349
6,140,0,3,9392.970271
6,141,0,3,9102.472677
6,142,0,3,9079.214731
6,143,0,3,9345.192846
6,144,0,3,9008.891112
6,145,0,3,8961.938683
6,146,0,3,9260.856156
6,147,0,3,9014.620438
6,148,0,3,9241.927209
6,149,0,3,9100.490518
6,150,0,3,9181.778522
6,151,0,3,9097.462389
6,152,0,3,9183.484044
6,153,0,3,9094.214202
6,154,0,3,9157.207044
6,155,0,3,9218.406598
6,156,0,3,9030.891909
6,157,0,3,9134.539756
6,158,0,3,8959.857711
6,159,0,3,9172.074793
6,160,0,3,9133.797269
6,161,0,3,9106.810337
6,162,0,3,9199.631485
6,163,0,3,9379.818841
6,164,0,3,9028.598611
6,165,0,3,9197.817591
6,166,0,3,9098.427003
6,167,0,3,9079.520883
6,168,0,3,9242.577587
6,169,0,3,9086.17225
6,170,0,3,9212.630712
6,171,0,3,9298.235003
6,172,0,3,9048.119033
6,173,0,3,9117.602932
6,174,0,3,9166.113471
6,175,0,3,9082.207801
6,176,0,3,9067.086174
6,177,0,3,8998.628182
6,178,0,3,9065.040735
6,179,0,3,9000.577905
6,180,0,3,9231.376575
6,181,0,3,9068.504844
6,182,0,3,8998.696672
6,183,0,3,9086.977815
6,184,0,3,9357.738083
6,185,0,3,8976.76255
6,186,0,3,9198.420345
6,187,0,3,9222.320599
6,188,0,3,9225.825423
6,189,0,3,9130.723739
6,190,0,3,9009.445845
6,191,0,3,9219.989551
6,192,0,3,9181.662324
6,193,0,3,9026.000461
6,194,0,3,9221.226415
6,195,0,3,9066.701265
6,196,0,3,8985.286317
6,197,0,3,9264.020358
6,198,0,3,9141.677962
6,199,0,3,9076.339246
6,200,0,3,9203.585396
6,201,0,3,9264.565344
6,202,0,3,9246.970408
6,203,0,3,8977.926497
6,204,0,3,8906.376156
6,205,0,3,9243.062583
6,206,0,3,9337.836738
6,207,0,3,9007.622765
6,208,0,3,9348.382745
6,209,0,3,9210.590054
6,210,0,3,9187.048272
6,211,0,3,8884.936256
6,212,0,3,8955.91682
6,213,0,3,9088.353532
6,214,0,3,9091.182187
6,215,0,3,9101.305377
6,216,0,3,9108.360704
6,217,0,3,9240.189731
6,218,0,3,9094.852169
6,219,0,3,9104.655837
6,220,0,3,8948.230361
6,221,0,3,9324.677445
6,222,0,3,9267.541719
6,223,0,3,8945.463179
6,224,0,3,9176.267458
6,225,0,3,9051.245016
6,226,0,3,8985.356841
6,227,0,3,9362.169744
6,228,0,3,9399.08022
6,229,0,3,8954.274223
6,230,0,3,8861.552461
6,231,0,3,9029.828696
6,232,0,3,9273.985743
6,233,0,3,9296.845678
6,234,0,3,8951.854735
6,235,0,3,9073.45943
6,236,0,3,9069.818227
6,237,0,3,9153.710483
6,238,0,3,9308.363712
6,239,0,3,9057.300867
6,240,0,3,9283.536307
6,241,0,3,8987.090235
6,242,0,3,8928.739251
6,243,0,3,9447.847609
6,244,0,3,9357.003779
6,245,0,3,9165.963573
6,246,0,3,9285.616924
6,247,0,3,9319.246737
6,248,0,3,9121.101366
6,249,0,3,9000.493607
6,250,0,3,9019.431584
6,251,0,3,9035.527286
6,252,0,3,9394.601684
6,253,0,3,9135.816445
6,254,0,3,9133.188346
6,255,0,3,8946.292885
6,256,0,3,9064.348271
6,257,0,3,9078.44885
6,258,0,3,9049.203605
6,259,0,3,9045.49497
6,260,0,3,8998.125798
6,261,0,3,8949.175878
6,262,0,3,9054.797416
6,263,0,3,9334.561857
6,264,0,3,9079.032011
6,265,0,3,8955.023912
6,266,0,3,9018.257162
6,267,0,3,9031.327236
6,268,0,3,9132.6739
6,269,0,3,8955.634178
6,270,0,3,9091.357634
6,271,0,3,9206.164321
6,272,0,3,8999.927397
6,273,0,3,9083.975529
6,274,0,3,9069.959036
6,275,0,3,9049.203215
6,276,0,3,9488.196336
6,277,0,3,9158.9347
6,278,0,3,9181.972279
6,279,0,3,9130.234659
6,280,0,3,9092.705009
6,281,0,3,8972.165068
6,282,0,3,9434.195157
6,283,0,3,8873.319378
6,284,0,3,9187.774375
6,285,0,3,9191.082932
6,286,0,3,9206.098426
6,287,0,3,9052.612039
6,288,0,3,9259.1697
6,289,0,3,9048.018767
6,290,0,3,9270.11073
6,291,0,3,8991.136749
6,292,0,3,9164.019076
6,293,0,3,9169.176252
6,294,0,3,9368.154831
6,295,0,3,9175.320146
6,296,0,3,9182.247461
6,297,0,3,8912.144722
6,298,0,3,9075.237098
6,299,0,3,8970.79505
6,300,0,3,9057.590894
6,301,0,3,9069.425635
6,302,0,3,9102.450025
6,303,0,3,9041.630929
6,304,0,3,9009.526004
6,305,0,3,9259.018147
6,306,0,3,8990.711365
6,307,0,3,8978.992672
6,308,0,3,9202.236345
6,309,0,3,9146.787018
6,310,0,3,9332.711825
6,311,0,3,9433.29773
6,312,0,3,9322.488103
6,313,0,3,9247.286914
6,314,0,3,9151.376478
6,315,0,3,9117.956217
6,316,0,3,9194.633634
6,317,0,3,8908.948442
6,318,0,3,9067.107231
6,319,0,3,9089.247593
6,320,0,3,8979.754383
6,321,0,3,8951.657606
6,322,0,3,9106.680793
6,323,0,3,9094.801007
6,324,0,3,9265.456
6,325,0,3,9048.792145
6,326,0,3,9052.459621
6,327,0,3,9023.66362
6,328,0,3,9189.557948
6,329,0,3,8966.919658
6,330,0,3,9085.141264
6,331,0,3,9129.848331
6,332,0,3,9175.992521
6,333,0,3,8987.625311
6,334,0,3,9084.28424
6,335,0,3,9171.522857
6,336,0,3,9115.217136
6,337,0,3,9235.396412
6,338,0,3,9148.798379
6,339,0,3,9164.979237
6,340,0,3,9111.93963
6,341,0,3,9076.385125
6,342,0,3,9374.636858
6,343,0,3,8959.825276
6,344,0,3,9252.857572
6,345,0,3,9181.826548
6,346,0,3,9049.990159
6,347,0,3,9110.607606
6,348,0,3,8900.061025
6,349,0,3,8898.130974
6,350,0,3,9244.466614
6,351,0,3,9004.472368
6,352,0,3,8954.71106
6,353,0,3,9046.124322
6,354,0,3,9032.299407
6,355,0,3,9117.082868
6,356,0,3,9245.893712
6,357,0,3,9000.209562
6,358,0,3,9212.960026
6,359,0,3,9030.081932
6,360,0,3,9082.473132
6,361,0,3,9218.635416
6,362,0,3,9209.547183
6,363,0,3,9241.640672
6,364,0,3,9000.989291
6,365,0,3,8989.703011
6,366,0,3,9039.489865
6,367,0,3,9298.019877
6,368,0,3,9107.361034
6,369,0,3,8991.647046
6,370,0,3,9090.611128
6,371,0,3,8978.221084
6,372,0,3,9339.229835
6,373,0,3,8974.05905
6,374,0,3,9268.548828
6,375,0,3,9159.180388
6,376,0,3,9181.632881
6,377,0,3,9098.101302
6,378,0,3,9169.052146
6,379,0,3,8945.965009
6,380,0,3,9090.180493
6,381,0,3,9028.034013
6,382,0,3,9110.896293
6,383,0,3,9127.872784
6,384,0,3,8913.59811
6,385,0,3,9086.286647
6,386,0,3,8997.488656
6,387,0,3,8939.513437
6,388,0,3,8930.112097
6,389,0,3,9133.213837
6,390,0,3,9121.732207
6,391,0,3,9309.112686
6,392,0,3,9247.253823
6,393,0,3,9387.390076
6,394,0,3,9215.415666
6,395,0,3,8900.180111
6,396,0,3,9471.661846
6,397,0,3,9066.20506
6,398,0,3,9065.13815
6,399,0,3,9138.218814
6,400,0,3,9352.691048
6,401,0,3,9145.126445
6,402,0,3,9285.853732
6,403,0,3,9075.001148
6,404,0,3,9113.659022
6,405,0,3,9218.663747
6,406,0,3,9146.8682
6,407,0,3,9213.22813
6,408,0,3,8986.467862
6,409,0,3,9122.423921
6,410,0,3,9245.082047
6,411,0,3,9098.102828
6,412,0,3,9159.893834
6,413,0,3,9139.03914
6,414,0,3,9034.320873
6,415,0,3,9149.879484
6,416,0,3,9036.540147
6,417,0,3,9316.477315
6,418,0,3,9234.643919
6,419,0,3,8976.716931
6,420,0,3,9023.790821
6,421,0,3,9291.48299
6,422,0,3,9080.768971
6,423,0,3,9256.348839
6,424,0,3,9269.88133
6,425,0,3,9188.25266
6,426,0,3,8895.344949
6,427,0,3,9050.189905
6,428,0,3,8931.886899
6,429,0,3,9208.335415
6,430,0,3,9466.688418
6,431,0,3,9222.944142
6,432,0,3,8903.336461
6,433,0,3,9056.122822
6,434,0,3,9157.605269
6,435,0,3,9057.066059
6,436,0,3,9132.511952
6,437,0,3,9266.846012
6,438,0,3,9280.502037
6,439,0,3,9261.281486
6,440,0,3,9105.873672
6,441,0,3,9054.684477
6,442,0,3,9018.668994
6,443,0,3,9108.665708
6,444,0,3,9128.246183
6,445,0,3,9041.323977
6,446,0,3,9200.8078
6,447,0,3,9143.809292
6,448,0,3,9017.905404
6,449,0,3,8919.757095
6,450,0,3,9122.861909
6,451,0,3,9194.018334
6,452,0,3,9246.409907
6,453,0,3,9137.040196
6,454,0,3,9251.996744
6,455,0,3,9148.994333
6,456,0,3,9002.430802
6,457,0,3,9074.450244
6,458,0,3,8945.989964
6,459,0,3,9168.743048
6,460,0,3,9111.508015
6,461,0,3,9077.002485
6,462,0,3,9129.313367
6,463,0,3,9099.26171
6,464,0,3,9022.841525
6,465,0,3,9121.69768
6,466,0,3,9084.28515
6,467,0,3,8861.410944
6,468,0,3,9016.322763
6,469,0,3,9184.338672
6,470,0,3,9296.397541
6,471,0,3,9257.386334
6,472,0,3,9155.606389
6,473,0,3,9149.340766
6,474,0,3,9292.051879
6,475,0,3,9097.452357
6,476,0,3,9218.80684
6,477,0,3,8934.791253
6,478,0,3,9231.671042
6,479,0,3,9162.164844
6,480,0,3,9409.968606
6,481,0,3,9499.013599
6,482,0,3,8964.064412
6,483,0,3,9187.886499
6,484,0,3,9328.431359
6,485,0,3,9171.624538
6,486,0,3,9151.976272
6,487,0,3,9025.058635
6,488,0,3,9073.215501
6,489,0,3,9125.972053
6,490,0,3,9198.491122
6,491,0,3,9056.693553
6,492,0,3,8983.842895
6,493,0,3,9166.952571
6,494,0,3,9016.009876
6,495,0,3,9125.637366
6,496,0,3,9101.513164
6,497,0,3,9111.636565
6,498,0,3,9399.12641
6,499,0,3,9166.237244
6,500,0,3,9161.338194
6,501,0,3,8996.932722
6,502,0,3,8967.256736
6,503,0,3,8962.821244
6,504,0,3,9015.134452
6,505,0,3,8975.292439
6,506,0,3,9285.549968
6,507,0,3,9156.894227
6,508,0,3,9019.334402
6,509,0,3,9186.960113
6,510,0,3,9130.681673
6,511,0,3,9509.717551
6,512,0,3,8966.449292
6,513,0,3,9133.692746
6,514,0,3,9049.962701
6,515,0,3,8986.992244
6,516,0,3,9144.958914
6,517,0,3,8956.081799
6,518,0,3,9154.138647
6,519,0,3,9239.565759
6,520,0,3,9056.912264
6,521,0,3,9320.418477
6,522,0,3,9053.586098
6,523,0,3,9060.577216
6,524,0,3,9055.799784
6,525,0,3,9026.073686
6,526,0,3,9143.631929
6,527,0,3,9121.124765
6,528,0,3,9012.700877
6,529,0,3,8951.060185
6,530,0,3,9221.100337
6,531,0,3,8997.380262
6,532,0,3,9040.139384
6,533,0,3,9069.177163
6,534,0,3,9037.512265
6,535,0,3,9052.832975
6,536,0,3,9116.9428
6,537,0,3,9248.303956
6,538,0,3,9063.5578
6,539,0,3,9243.238058
6,540,0,3,8967.945831
6,541,0,3,9013.459575
6,542,0,3,9129.623201
6,543,0,3,9194.587395
6,544,0,3,9278.520713
6,545,0,3,8978.803622
6,546,0,3,8945.118064
6,547,0,3,8940.028409
6,548,0,3,9372.121848
6,549,0,3,9143.886109
6,550,0,3,9318.972629
6,551,0,3,9117.679303
6,552,0,3,8973.060181
6,553,0,3,9299.094745
6,554,0,3,8999.727028
6,555,0,3,8983.719416
6,556,0,3,8919.489154
6,557,0,3,9266.022965
6,558,0,3,9178.498028
6,559,0,3,9121.176568
6,560,0,3,9146.850046
6,561,0,3,9058.305411
6,562,0,3,9345.113312
6,563,0,3,9087.595802
6,564,0,3,9388.987981
6,565,0,3,9263.78722
6,566,0,3,9117.860961
6,567,0,3,9301.433474
6,568,0,3,9106.27947
6,569,0,3,9223.839836
6,570,0,3,9132.695015
6,571,0,3,9106.156479
6,572,0,3,9297.269342
6,573,0,3,8956.289798
6,574,0,3,9184.339788
6,575,0,3,8921.008264
6,576,0,3,8943.121921
6,577,0,3,9160.841508
6,578,0,3,9111.030072
6,579,0,3,9262.310804
6,580,0,3,9113.816933
6,581,0,3,9101.731359
6,582,0,3,9242.078347
6,583,0,3,9103.937654
6,584,0,3,9162.881155
6,585,0,3,9000.872738
6,586,0,3,9120.151053
6,587,0,3,9035.705613
6,588,0,3,9071.547412
6,589,0,3,9186.148714
6,590,0,3,9233.609032
6,591,0,3,9141.231133
6,592,0,3,9082.477954
6,593,0,3,9125.802987
6,594,0,3,9028.999712
6,595,0,3,9117.142794
6,596,0,3,9326.895619
6,597,0,3,9406.548509
6,598,0,3,9236.710154
6,599,0,3,9252.662144
6,600,0,3,8994.582614
6,601,0,3,9291.590899
6,602,0,3,9141.237578
6,603,0,3,9226.776697
6,604,0,3,9142.11434
6,605,0,3,9298.039747
6,606,0,3,9104.397411
6,607,0,3,9090.700223
6,608,0,3,9121.168734
6,609,0,3,8968.33913
6,610,0,3,9064.109154
6,611,0,3,9334.859353
6,612,0,3,9454.993383
6,613,0,3,9181.106364
6,614,0,3,9093.565648
6,615,0,3,8999.92522
6,616,0,3,9430.023027
6,617,0,3,9108.560062
6,618,0,3,8892.059333
6,619,0,3,9119.727298
6,620,0,3,9112.030908
6,621,0,3,9322.160732
6,622,0,3,9137.473419
6,623,0,3,8991.59062
6,624,0,3,9053.413927
6,625,0,3,9428.117613
6,626,0,3,9017.290795
6,627,0,3,9024.89643
6,628,0,3,9084.189409
6,629,0,3,9163.520659
6,630,0,3,9202.756031
6,631,0,3,9023.489778
6,632,0,3,9340.046099
6,633,0,3,9211.308191
6,634,0,3,8997.170638
6,635,0,3,8937.805923
6,636,0,3,9121.536575
6,637,0,3,9091.376389
6,638,0,3,9078.022778
6,639,0,3,9281.038925
6,640,0,3,9299.92693
6,641,0,3,8920.193092
6,642,0,3,9092.772143
6,643,0,3,9162.456738
6,644,0,3,9233.874132
6,645,0,3,9193.067976
6,646,0,3,9148.440871
6,647,0,3,9173.329398
6,648,0,3,9003.48907
6,649,0,3,9281.61436
6,650,0,3,9104.2448
6,651,0,3,9080.549206
6,652,0,3,8997.111959
6,653,0,3,9206.887654
6,654,0,3,9265.670312
6,655,0,3,9067.706032
6,656,0,3,9098.924439
6,657,0,3,9390.30327
6,658,0,3,9361.830674
6,659,0,3,9130.350764
6,660,0,3,9109.531657
6,661,0,3,8996.709666
6,662,0,3,8976.383124
6,663,0,3,8933.949477
6,664,0,3,9134.15262
6,665,0,3,9105.063935
6,666,0,3,9126.422364
6,667,0,3,9260.419733
6,668,0,3,9248.074189
6,669,0,3,8926.115189
6,670,0,3,9147.068416
6,671,0,3,9213.361041
6,672,0,3,9146.296614
6,673,0,3,9183.275712
6,674,0,3,9157.642983
6,675,0,3,9091.619913
6,676,0,3,9206.759286
6,677,0,3,9121.706836
6,678,0,3,9310.760844
6,679,0,3,8990.430554
6,680,0,3,9180.124535
6,681,0,3,8963.473532
6,682,0,3,9300.429153
6,683,0,3,9422.631705
6,684,0,3,9291.142171
6,685,0,3,9246.297128
6,686,0,3,9051.116054
6,687,0,3,9095.351425
6,688,0,3,9294.472307
6,689,0,3,9100.369357
6,690,0,3,9268.78534
6,691,0,3,9003.544574
6,692,0,3,9277.44041
6,693,0,3,9198.725476
6,694,0,3,9068.510011
6,695,0,3,9248.04552
6,696,0,3,9057.90666
6,697,0,3,9229.632981
6,698,0,3,9069.539466
6,699,0,3,8976.151102
6,700,0,3,9038.012666
6,701,0,3,9251.672819
6,702,0,3,8943.803523
6,703,0,3,9044.206968
6,704,0,3,9033.118482
6,705,0,3,9224.350465
6,706,0,3,8969.675301
6,707,0,3,9003.543581
6,708,0,3,8954.882367
6,709,0,3,9102.703184
6,710,0,3,9193.314129
6,711,0,3,9128.343409
6,712,0,3,9210.699427
6,713,0,3,9199.327047
6,714,0,3,8937.371461
6,715,0,3,9129.370175
6,716,0,3,8960.697677
6,717,0,3,9075.14478
6,718,0,3,9260.713427
6,719,0,3,9064.814271
6,720,0,3,9189.984566
6,721,0,3,8938.869549
6,722,0,3,9200.453378
6,723,0,3,9216.628376
6,724,0,3,9188.367564
6,725,0,3,9341.241648
6,726,0,3,9226.5956
6,727,0,3,9018.978928
6,728,0,3,9177.810835
6,729,0,3,9245.009066
6,730,0,3,9163.220204
6,731,0,3,9012.251171
6,732,0,3,8885.190119
6,733,0,3,9097.168618
6,734,0,3,8972.436404
6,735,0,3,9154.836435
6,736,0,3,9262.242922
6,737,0,3,9047.207558
6,738,0,3,9088.523723
6,739,0,3,9066.91949
6,740,0,3,9443.44901
6,741,0,3,9242.864061
6,742,0,3,9318.791544
6,743,0,3,9234.798952
6,744,0,3,9182.499726
6,745,0,3,9149.695761
6,746,0,3,9212.8637
6,747,0,3,9221.83547
6,748,0,3,9099.514961
6,749,0,3,8928.325788
6,750,0,3,9025.592477
6,751,0,3,8966.735989
6,752,0,3,9239.347483
6,753,0,3,9071.541812
6,754,0,3,8951.136193
6,755,0,3,9161.266059
6,756,0,3,9087.155591
6,757,0,3,9027.146931
6,758,0,3,9180.383611
6,759,0,3,9034.540668
6,760,0,3,9488.83884
6,761,0,3,9129.753522
6,762,0,3,9051.299347
6,763,0,3,9101.488315
6,764,0,3,9461.583633
6,765,0,3,9178.704167
6,766,0,3,9076.836995
6,767,0,3,9375.123348
6,768,0,3,8950.793792
6,769,0,3,9047.088038
6,770,0,3,8985.324716
6,771,0,3,9075.313788
6,772,0,3,9138.970468
6,773,0,3,9066.250223
6,774,0,3,9150.820525
6,775,0,3,9057.421457
6,776,0,3,8984.017144
6,777,0,3,9207.416429
6,778,0,3,9205.775312
6,779,0,3,9211.870021
6,780,0,3,9300.477468
6,781,0,3,9061.615112
6,782,0,3,9202.130096
6,783,0,3,8911.997034
6,784,0,3,9145.933921
6,785,0,3,9111.573062
6,786,0,3,9471.488886
6,787,0,3,9370.186867
6,788,0,3,9176.710806
6,789,0,3,9018.738755
6,790,0,3,9236.442276
6,791,0,3,9243.176105
6,792,0,3,9369.854883
6,793,0,3,9214.712355
6,794,0,3,9086.142836
6,795,0,3,9262.574873
6,796,0,3,9136.837823
6,797,0,3,9228.584431
6,798,0,3,9328.832728
6,799,0,3,9133.159679
6,800,0,3,9244.091229
6,801,0,3,9359.048258
6,802,0,3,9259.761695
6,803,0,3,9092.649109
6,804,0,3,8950.487936
6,805,0,3,9275.060349
6,806,0,3,9161.644457
6,807,0,3,9268.150002
6,808,0,3,9352.676133
6,809,0,3,9399.689678
6,810,0,3,9281.780486
6,811,0,3,8934.184435
6,812,0,3,8987.763225
6,813,0,3,8989.391116
6,814,0,3,9309.266194
6,815,0,3,9064.249712
6,816,0,3,8986.899746
6,817,0,3,9087.165257
6,818,0,3,9047.445149
6,819,0,3,9162.534508
6,820,0,3,9232.032668
6,821,0,3,9355.627294
6,822,0,3,9547.425401
6,823,0,3,9103.502201
6,824,0,3,9105.597016
6,825,0,3,9107.09285
6,826,0,3,9019.345308
6,827,0,3,9119.872299
6,828,0,3,9207.083508
6,829,0,3,9133.168114
6,830,0,3,9278.33115
6,831,0,3,9384.812475
6,832,0,3,9188.289652
6,833,0,3,8999.280648
6,834,0,3,9006.467085
6,835,0,3,9045.438443
6,836,0,3,9015.469057
6,837,0,3,9037.574754
6,838,0,3,8967.322542
6,839,0,3,8981.610602
6,840,0,3,8996.585411
6,841,0,3,9410.688909
6,842,0,3,9235.938612
6,843,0,3,8921.303845
6,844,0,3,9090.822592
6,845,0,3,9136.801303
6,846,0,3,9356.023917
6,847,0,3,9147.957718
6,848,0,3,9100.670769
6,849,0,3,9235.332723
6,850,0,3,8980.708642
6,851,0,3,9176.655885
6,852,0,3,9047.222803
6,853,0,3,8989.663366
6,854,0,3,9071.147727
6,855,0,3,9133.754317
6,856,0,3,9232.74922
6,857,0,3,9233.984737
6,858,0,3,9223.883376
6,859,0,3,9108.443222
6,860,0,3,9293.911218
6,861,0,3,9116.182795
6,862,0,3,9277.920678
6,863,0,3,8958.6924
6,864,0,3,9152.91312
6,865,0,3,9349.899944
6,866,0,3,8993.357955
6,867,0,3,9044.381873
6,868,0,3,9045.89003
6,869,0,3,9197.221741
6,870,0,3,9179.376225
6,871,0,3,9253.461159
6,872,0,3,9277.958068
6,873,0,3,9008.678871
6,874,0,3,9032.038394
6,875,0,3,8945.088553
6,876,0,3,8975.54143
6,877,0,3,9222.450729
6,878,0,3,8975.726081
6,879,0,3,9047.068069
6,880,0,3,9135.526186
6,881,0,3,9038.904293
6,882,0,3,8989.063725
6,883,0,3,9209.868596
6,884,0,3,9089.002273
6,885,0,3,9129.600818
6,886,0,3,9113.383559
6,887,0,3,8997.102436
6,888,0,3,9158.837789
6,889,0,3,9150.474738
6,890,0,3,9385.258904
6,891,0,3,8953.596825
6,892,0,3,8930.455762
6,893,0,3,9433.388452
6,894,0,3,9211.387196
6,895,0,3,9228.901621
6,896,0,3,9233.422879
6,897,0,3,9161.135395
6,898,0,3,9214.868816
6,899,0,3,9130.341582
6,900,0,3,9515.739638
6,901,0,3,9324.021937
6,902,0,3,9381.783932
6,903,0,3,9046.616614
6,904,0,3,9153.70116
6,905,0,3,8948.15225
6,906,0,3,8945.661881
6,907,0,3,9003.380944
6,908,0,3,9062.079393
6,909,0,3,9037.452073
6,910,0,3,9100.857934
6,911,0,3,9208.183284
6,912,0,3,9163.350431
6,913,0,3,8904.740684
6,914,0,3,9034.619807
6,915,0,3,9175.72129
6,916,0,3,9158.043161
6,917,0,3,8945.016297
6,918,0,3,9200.65721
6,919,0,3,9227.337273
6,920,0,3,9102.705813
6,921,0,3,9083.952284
6,922,0,3,9128.012799
6,923,0,3,9175.368712
6,924,0,3,9092.346203
6,925,0,3,9070.293094
6,926,0,3,9142.357242
6,927,0,3,9125.221315
6,928,0,3,8943.117766
6,929,0,3,9043.7853
6,930,0,3,9173.477014
6,931,0,3,9025.407799
6,932,0,3,9299.161914
6,933,0,3,9419.257853
6,934,0,3,9196.23701
6,935,0,3,8937.737731
6,936,0,3,8995.901162
6,937,0,3,8946.675975
6,938,0,3,8822.009331
6,939,0,3,9093.017492
6,940,0,3,9070.970889
6,941,0,3,9227.815963
6,942,0,3,9315.518485
6,943,0,3,9194.487329
6,944,0,3,9175.42483
6,945,0,3,9160.366119
6,946,0,3,9178.74955
6,947,0,3,8990.937818
6,948,0,3,8955.973548
6,949,0,3,9099.552331
6,950,0,3,9054.27418
6,951,0,3,9311.911123
6,952,0,3,9237.940953
6,953,0,3,8993.429763
6,954,0,3,9187.730072
6,955,0,3,9155.281098
6,956,0,3,9155.879333
6,957,0,3,9096.449905
6,958,0,3,9134.036999
6,959,0,3,9174.987561
6,960,0,3,9028.901774
6,961,0,3,8980.510149
6,962,0,3,9015.726337
6,963,0,3,9051.839741
6,964,0,3,9155.416851
6,965,0,3,9444.306377
6,966,0,3,9144.566464
6,967,0,3,9210.395349
6,968,0,3,9274.064007
6,969,0,3,8998.397332
6,970,0,3,9117.314414
6,971,0,3,9233.715229
6,972,0,3,9193.66069
6,973,0,3,9085.379559
6,974,0,3,9245.3111
6,975,0,3,9218.806217
6,976,0,3,8986.434185
6,977,0,3,8966.501611
6,978,0,3,9152.835849
6,979,0,3,9097.056577
6,980,0,3,9169.941569
6,981,0,3,9174.420094
6,982,0,3,9188.076561
6,983,0,3,9248.296905
6,984,0,3,9102.34754
6,985,0,3,9107.809896
6,986,0,3,8958.582864
6,987,0,3,9150.35317
6,988,0,3,9313.530686
6,989,0,3,9150.207698
6,990,0,3,9101.411734
6,991,0,3,9168.3982
6,992,0,3,9051.451779
6,993,0,3,9173.156236
6,994,0,3,9112.312474
6,995,0,3,9211.979841
6,996,0,3,9082.335337
6,997,0,3,8994.815711
6,998,0,3,9070.720086
6,999,0,3,8923.027829
7,0,0,3,9276.043539
7,1,0,3,9174.180553
7,2,0,3,9051.304129
7,3,0,3,8927.749586
7,4,0,3,9143.499572
7,5,0,3,9221.512948
7,6,0,3,8983.121599
7,7,0,3,9082.644434
7,8,0,3,9077.855884
7,9,0,3,9092.507932
7,10,0,3,9240.132201
7,11,0,3,9163.929786
7,12,0,3,9244.74956
7,13,0,3,9080.794985
7,14,0,3,9166.555778
7,15,0,3,8998.567439
7,16,0,3,9407.673028
7,17,0,3,9074.492474
7,18,0,3,9194.557144
7,19,0,3,9264.263215
7,20,0,3,9147.869203
7,21,0,3,9043.63245
7,22,0,3,9042.153498
7,23,0,3,9089.657065
7,24,0,3,8978.837993
7,25,0,3,9155.974789
7,26,0,3,8977.623626
7,27,0,3,9092.530049
7,28,0,3,9272.784507
7,29,0,3,9097.271237
7,30,0,3,9072.372222
7,31,0,3,9143.588255
7,32,0,3,9068.289818
7,33,0,3,9155.859798
7,34,0,3,9155.517013
7,35,0,3,9081.212285
7,36,0,3,9333.754908
7,37,0,3,9298.634446
7,38,0,3,8992.89124
7,39,0,3,9125.706817
7,40,0,3,8954.120311
7,41,0,3,9133.320871
7,42,0,3,9122.685636
7,43,0,3,9166.956502
7,44,0,3,9084.967877
7,45,0,3,9212.915617
7,46,0,3,9200.293879
7,47,0,3,9239.102909
7,48,0,3,9036.873725
7,49,0,3,8994.507757
7,50,0,3,9388.901516
7,51,0,3,9098.103341
7,52,0,3,9223.681545
7,53,0,3,9119.138638
7,54,0,3,9055.929332
7,55,0,3,9184.79907
7,56,0,3,9205.945483
7,57,0,3,9237.806241
7,58,0,3,9219.470661
7,59,0,3,9103.460168
7,60,0,3,9093.227288
7,61,0,3,8951.627821
7,62,0,3,9095.889835
7,63,0,3,9177.952745
7,64,0,3,9080.162752
7,65,0,3,9118.034626
7,66,0,3,9073.927728
7,67,0,3,9043.720994
7,68,0,3,9146.245609
7,69,0,3,9393.178938
7,70,0,3,9143.187654
7,71,0,3,8985.351923
7,72,0,3,9191.106711
7,73,0,3,9149.252451
7,74,0,3,9114.750177
7,75,0,3,9281.506424
7,76,0,3,8995.774321
7,77,0,3,8895.190931
7,78,0,3,9200.196309
7,79,0,3,9143.513913
7,80,0,3,9147.591531
7,81,0,3,9040.811224
7,82,0,3,9293.760142
7,83,0,3,9218.691856
7,84,0,3,9255.989801
7,85,0,3,9172.379087
7,86,0,3,8993.259069
7,87,0,3,9186.621401
7,88,0,3,9329.880984
7,89,0,3,9119.826439
7,90,0,3,9330.582781
7,91,0,3,9016.958842
7,92,0,3,9137.705507
7,93,0,3,9166.199475
7,94,0,3,8880.536929
7,95,0,3,9326.610734
7,96,0,3,9394.394186
7,97,0,3,9016.32253
7,98,0,3,9173.019262
7,99,0,3,9097.416918
7,100,0,3,8889.20625
7,101,0,3,9211.777168
7,102,0,3,9207.477892
7,103,0,3,8993.265608
7,104,0,3,9162.132156
7,105,0,3,9173.517819
7,106,0,3,9227.99827
7,107,0,3,9032.267846
7,108,0,3,9182.332609
7,109,0,3,8880.630002
7,110,0,3,9002.237714
7,111,0,3,9178.143011
7,112,0,3,9261.337711
7,113,0,3,8931.830304
7,114,0,3,9107.559056
7,115,0,3,9126.437425
7,116,0,3,9118.019228
7,117,0,3,9478.343078
7,118,0,3,9184.387574
7,119,0,3,8985.42897
7,120,0,3,9131.512069
7,121,0,3,9162.130214
7,122,0,3,9133.532091
7,123,0,3,8920.732242
7,124,0,3,9050.774521
7,125,0,3,9404.69483
7,126,0,3,9215.449924
7,127,0,3,9130.114325
7,128,0,3,9220.472481
7,129,0,3,9073.440878
7,130,0,3,8971.811285
7,131,0,3,9126.684148
7,132,0,3,8964.120917
7,133,0,3,9209.215651
7,134,0,3,9145.540401
7,135,0,3,9187.787176
7,136,0,3,9148.026937
7,137,0,3,9058.176626
7,138,0,3,9212.159632
7,139,0,3,8878.684431
7,140,0,3,8941.518002
7,141,0,3,8957.212175
7,142,0,3,9049.279459
7,143,0,3,8939.587175
7,144,0,3,9205.673134
7,145,0,3,9290.975532
7,146,0,3,9163.608619
7,147,0,3,9052.531777
7,148,0,3,9055.843886
7,149,0,3,9090.946008
7,150,0,3,9292.587863
7,151,0,3,9163.861449
7,152,0,3,8999.930313
7,153,0,3,9257.287749
7,154,0,3,9419.830299
7,155,0,3,9241.637896
7,156,0,3,9143.178077
7,157,0,3,8940.29508
7,158,0,3,9255.810599
7,159,0,3,9133.97264
7,160,0,3,9204.175649
7,161,0,3,9126.672578
7,162,0,3,9385.992736
7,163,0,3,8990.92869
7,164,0,3,9148.542106
7,165,0,3,9174.618698
7,166,0,3,9220.31008
7,167,0,3,9209.556527
7,168,0,3,9259.874803
7,169,0,3,9082.088478
7,170,0,3,8999.511366
7,171,0,3,9034.109419
7,172,0,3,9187.216924
7,173,0,3,9020.756294
7,174,0,3,9054.923033
7,175,0,3,9229.125228
7,176,0,3,9017.494287
7,177,0,3,9135.117966
7,178,0,3,9127.588262
7,179,0,3,9154.787702
7,180,0,3,9226.24906
7,181,0,3,9219.494513
7,182,0,3,9026.222677
7,183,0,3,9290.011772
7,184,0,3,9121.594505
7,185,0,3,8978.567137
7,186,0,3,9068.655354
7,187,0,3,9231.830941
7,188,0,3,9391.76983
7,189,0,3,9052.716042
7,190,0,3,9371.179441
7,191,0,3,8986.45816
7,192,0,3,9372.916183
7,193,0,3,9003.398698
7,194,0,3,9033.043719
7,195,0,3,9020.26201
7,196,0,3,9072.804343
7,197,0,3,9261.886469
7,198,0,3,9188.183792
7,199,0,3,9362.908954
7,200,0,3,9093.879297
7,201,0,3,8964.464589
7,202,0,3,9189.701272
7,203,0,3,8845.752449
7,204,0,3,9056.941534
7,205,0,3,9077.673038
7,206,0,3,8944.999139
7,207,0,3,9089.750156
7,208,0,3,9132.889409
7,209,0,3,9035.995414
7,210,0,3,8966.006162
7,211,0,3,9377.496541
7,212,0,3,9077.591739
7,213,0,3,9008.356212
7,214,0,3,9238.805265
7,215,0,3,9193.264202
7,216,0,3,9173.312807
7,217,0,3,8952.495084
7,218,0,3,9142.294179
7,219,0,3,8912.119199
7,220,0,3,9133.666203
7,221,0,3,9061.896371
7,222,0,3,9215.216069
7,223,0,3,9108.151415
7,224,0,3,8966.358119
7,225,0,3,9188.296469
7,226,0,3,9128.904221
7,227,0,3,8986.48197
7,228,0,3,9137.723356
7,229,0,3,9102.583072
7,230,0,3,9478.622766
7,231,0,3,9196.666994
7,232,0,3,9127.487014
7,233,0,3,9138.088993
7,234,0,3,9033.750895
7,235,0,3,9278.550782
7,236,0,3,9164.78281
7,237,0,3,9218.209873
7,238,0,3,9131.45949
7,239,0,3,8964.041719
7,240,0,3,9292.236678
7,241,0,3,9246.446081
7,242,0,3,9033.974159
7,243,0,3,9104.710718
7,244,0,3,8979.56589
7,245,0,3,9070.08663
7,246,0,3,9134.107005
7,247,0,3,8985.020225
7,248,0,3,9189.348065
7,249,0,3,8845.093554
7,250,0,3,9299.346122
7,251,0,3,9149.802302
7,252,0,3,9187.702864
7,253,0,3,9475.214768
7,254,0,3,9178.065286
7,255,0,3,8966.876957
7,256,0,3,9005.817493
7,257,0,3,9009.874767
7,258,0,3,9241.906804
7,259,0,3,9287.393669
7,260,0,3,9063.454176
7,261,0,3,9224.406061
7,262,0,3,9266.174647
7,263,0,3,9059.127773
7,264,0,3,9711.206522
7,265,0,3,9211.638631
7,266,0,3,9006.106171
7,267,0,3,9037.78194
7,268,0,3,8987.899539
7,269,0,3,9119.788581
7,270,0,3,9228.209529
7,271,0,3,9224.427202
7,272,0,3,9096.479315
7,273,0,3,9088.909246
7,274,0,3,9194.1398
7,275,0,3,9231.20968
7,276,0,3,9002.329724
7,277,0,3,9202.3325
7,278,0,3,9138.083393
7,279,0,3,9048.166562
7,280,0,3,9129.562371
7,281,0,3,9017.731123
7,282,0,3,9072.515792
7,283,0,3,9033.68253
7,284,0,3,9232.061035
7,285,0,3,9092.278691
7,286,0,3,9208.531261
7,287,0,3,9168.392877
7,288,0,3,9262.242635
7,289,0,3,9203.19617
7,290,0,3,9200.268673
7,291,0,3,9041.528366
7,292,0,3,9043.576893
7,293,0,3,9225.010028
7,294,0,3,9053.032606
7,295,0,3,9084.610034
7,296,0,3,9156.329564
7,297,0,3,8906.114454
7,298,0,3,9157.880113
7,299,0,3,9323.819081
7,300,0,3,9224.94013
7,301,0,3,9478.95676
7,302,0,3,9051.005978
7,303,0,3,9212.125394
7,304,0,3,9109.998909
7,305,0,3,8915.07892
7,306,0,3,9203.306667
7,307,0,3,9254.91466
7,308,0,3,9088.495101
7,309,0,3,9098.216986
7,310,0,3,9074.760502
7,311,0,3,9199.487061
7,312,0,3,8988.453767
7,313,0,3,9028.396115
7,314,0,3,9075.858566
7,315,0,3,9114.585016
7,316,0,3,9639.350194
7,317,0,3,9054.747033
7,318,0,3,9028.138541
7,319,0,3,9028.416639
7,320,0,3,9003.692197
7,321,0,3,9193.387434
7,322,0,3,9040.291092
7,323,0,3,9228.33605
7,324,0,3,9002.922795
7,325,0,3,9042.065653
7,326,0,3,9311.462775
7,327,0,3,9163.048956
7,328,0,3,9016.890347
7,329,0,3,9020.09136
7,330,0,3,9258.279071
7,331,0,3,9230.385391
7,332,0,3,9157.825612
7,333,0,3,9141.213464
7,334,0,3,9028.242669
7,335,0,3,9091.392408
7,336,0,3,9109.409657
7,337,0,3,9051.302022
7,338,0,3,9179.921306
7,339,0,3,9225.467704
7,340,0,3,9050.21089
7,341,0,3,9339.59483
7,342,0,3,9062.716937
7,343,0,3,9295.094145
7,344,0,3,9273.955251
7,345,0,3,9176.275165
7,346,0,3,9066.49236
7,347,0,3,8924.02944
7,348,0,3,9033.568514
7,349,0,3,9453.43692
7,350,0,3,8855.088622
7,351,0,3,9097.817698
7,352,0,3,9001.290254
7,353,0,3,9024.605568
7,354,0,3,9120.00914
7,355,0,3,9242.09458
7,356,0,3,8914.561143
7,357,0,3,9500.091391
7,358,0,3,9164.982595
7,359,0,3,9188.802043
7,360,0,3,9054.971627
7,361,0,3,9026.137579
7,362,0,3,9260.059983
7,363,0,3,9035.617036
7,364,0,3,9271.95729
7,365,0,3,9089.784266
7,366,0,3,9161.30954
7,367,0,3,9241.077565
7,368,0,3,9100.053631
7,369,0,3,9078.325049
7,370,0,3,8860.820936
7,371,0,3,9412.042003
7,372,0,3,8996.18539
7,373,0,3,9219.211449
7,374,0,3,9238.340122
7,375,0,3,9309.38207
7,376,0,3,8938.153196
7,377,0,3,9052.95184
7,378,0,3,9255.758474
7,379,0,3,9336.193255
7,380,0,3,8983.11292
7,381,0,3,9207.543488
7,382,0,3,9095.256856
7,383,0,3,9158.839477
7,384,0,3,9067.937288
7,385,0,3,8940.910628
7,386,0,3,9251.770949
7,387,0,3,9079.347046
7,388,0,3,9130.64551
7,389,0,3,9076.43543
7,390,0,3,9159.397297
7,391,0,3,9008.668537
7,392,0,3,9138.901043
7,393,0,3,9117.184187
7,394,0,3,8954.67658
7,395,0,3,9059.306053
7,396,0,3,9175.568116
7,397,0,3,9439.859916
7,398,0,3,9178.413905
7,399,0,3,9298.344129
7,400,0,3,9195.339577
7,401,0,3,9071.482269
7,402,0,3,9028.919399
7,403,0,3,9471.632235
7,404,0,3,9145.874099
7,405,0,3,9009.955515
7,406,0,3,9318.122776
7,407,0,3,9274.182913
7,408,0,3,8972.871298
7,409,0,3,9129.466478
7,410,0,3,9115.47816
7,411,0,3,9079.772019
7,412,0,3,9287.995276
7,413,0,3,8998.247667
7,414,0,3,9180.194791
7,415,0,3,8946.426593
7,416,0,3,9131.631954
7,417,0,3,9095.917155
7,418,0,3,9031.046068
7,419,0,3,9154.02931
7,420,0,3,9012.382759
7,421,0,3,9123.171102
7,422,0,3,9073.205815
7,423,0,3,9041.646566
7,424,0,3,9145.623066
7,425,0,3,9308.357685
7,426,0,3,9053.832041
7,427,0,3,9396.917649
7,428,0,3,9173.824979
7,429,0,3,9173.625826
7,430,0,3,8955.820184
7,431,0,3,9186.414376
7,432,0,3,9128.263915
7,433,0,3,8884.420681
7,434,0,3,9140.782409
7,435,0,3,9384.513328
7,436,0,3,8991.020828
7,437,0,3,9013.570509
7,438,0,3,9111.959198
7,439,0,3,9019.172499
7,440,0,3,9050.864886
7,441,0,3,9229.200039
7,442,0,3,8937.047242
7,443,0,3,9191.19795
7,444,0,3,8918.934496
7,445,0,3,8964.899402
7,446,0,3,9243.341433
7,447,0,3,9144.428125
7,448,0,3,9344.363802
7,449,0,3,9206.70481
7,450,0,3,9016.356592
7,451,0,3,9088.131949
7,452,0,3,9324.045481
7,453,0,3,9067.753797
7,454,0,3,9091.269645
7,455,0,3,9105.088961
7,456,0,3,9799.499702
7,457,0,3,9093.206956
7,458,0,3,8936.358168
7,459,0,3,8974.556272
7,460,0,3,9276.898575
7,461,0,3,9237.812377
7,462,0,3,9058.630419
7,463,0,3,9035.604196
7,464,0,3,8970.00133
7,465,0,3,9136.605577
7,466,0,3,9249.782357
7,467,0,3,9125.305132
7,468,0,3,9166.074785
7,469,0,3,9037.134655
7,470,0,3,9037.364107
7,471,0,3,9293.089968
7,472,0,3,9426.693863
7,473,0,3,9096.173783
7,474,0,3,9281.803314
7,475,0,3,9128.131145
7,476,0,3,8935.528668
7,477,0,3,9295.695085
7,478,0,3,8977.852448
7,479,0,3,9200.11832
7,480,0,3,9228.37865
7,481,0,3,8988.831763
7,482,0,3,9134.89611
7,483,0,3,9084.225535
7,484,0,3,9279.801335
7,485,0,3,9312.242832
7,486,0,3,9214.562738
7,487,0,3,9131.525139
7,488,0,3,9088.957278
7,489,0,3,8984.458679
7,490,0,3,9152.934218
7,491,0,3,9101.666522
7,492,0,3,9341.220546
7,493,0,3,9087.382552
7,494,0,3,9370.542579
7,495,0,3,9125.257377
7,496,0,3,9368.612333
7,497,0,3,8911.9971
7,498,0,3,9091.384854
7,499,0,3,9476.206857
7,500,0,3,9112.771401
7,501,0,3,9161.103816
7,502,0,3,8975.211314
7,503,0,3,8963.703289
7,504,0,3,8899.01707
7,505,0,3,9232.043095
7,506,0,3,9215.008196
7,507,0,3,9277.275464
7,508,0,3,9485.212136
7,509,0,3,8978.874575
7,510,0,3,9183.218573
7,511,0,3,9371.822315
7,512,0,3,9091.899192
7,513,0,3,9133.493383
7,514,0,3,9196.096719
7,515,0,3,8948.286854
7,516,0,3,9170.691952
7,517,0,3,9337.362267
7,518,0,3,9215.199001
7,519,0,3,9022.390714
7,520,0,3,9115.249381
7,521,0,3,9344.204646
7,522,0,3,9142.561568
7,523,0,3,9122.122396
7,524,0,3,8930.942935
7,525,0,3,9117.759639
7,526,0,3,9328.285306
7,527,0,3,9270.752883
7,528,0,3,9085.547474
7,529,0,3,9080.727006
7,530,0,3,8957.292538
7,531,0,3,9203.099756
7,532,0,3,9086.685385
7,533,0,3,9215.580763
7,534,0,3,9136.83073
7,535,0,3,9021.566667
7,536,0,3,9011.588169
7,537,0,3,9112.961452
7,538,0,3,9105.64864
7,539,0,3,9000.629083
7,540,0,3,8915.132111
7,541,0,3,9115.07876
7,542,0,3,8909.759376
7,543,0,3,8962.022497
7,544,0,3,9044.489255
7,545,0,3,9041.105639
7,546,0,3,8955.371546
7,547,0,3,9021.798993
7,548,0,3,9201.514477
7,549,0,3,9424.510453
7,550,0,3,9100.922075
7,551,0,3,9050.158434
7,552,0,3,9158.781637
7,553,0,3,9067.846629
7,554,0,3,9091.899892
7,555,0,3,9043.452478
7,556,0,3,9234.575962
7,557,0,3,9048.650528
7,558,0,3,8988.221435
7,559,0,3,8979.90794
7,560,0,3,9436.038947
7,561,0,3,9039.610408
7,562,0,3,9211.933926
7,563,0,3,9035.733822
7,564,0,3,9284.854779
7,565,0,3,9053.062051
7,566,0,3,9364.646428
7,567,0,3,9045.92928
7,568,0,3,9104.79213
7,569,0,3,9210.743438
7,570,0,3,8977.347282
7,571,0,3,9326.804166
7,572,0,3,9292.770593
7,573,0,3,9069.158755
7,574,0,3,8974.307424
7,575,0,3,8956.425111
7,576,0,3,8996.424898
7,577,0,3,9187.018808
7,578,0,3,9081.557843
7,579,0,3,9099.87463
7,580,0,3,9026.695004
7,581,0,3,9226.05206
7,582,0,3,9111.777246
7,583,0,3,8963.49542
7,584,0,3,9276.149196
7,585,0,3,9272.406385
7,586,0,3,9007.007864
7,587,0,3,8990.239272
7,588,0,3,9288.497329
7,589,0,3,9161.943186
7,590,0,3,9000.688294
7,591,0,3,8939.33575
7,592,0,3,9164.581211
7,593,0,3,9103.998373
7,594,0,3,9192.170046
7,595,0,3,9122.20083
7,596,0,3,9178.788572
7,597,0,3,9010.03074
7,598,0,3,9081.648172
7,599,0,3,9167.950839
7,600,0,3,9076.098911
7,601,0,3,9024.540327
7,602,0,3,9066.235573
7,603,0,3,9174.319683
7,604,0,3,9062.257471
7,605,0,3,8973.901344
7,606,0,3,9109.618672
7,607,0,3,9080.891368
7,608,0,3,9140.058457
7,609,0,3,9097.735573
7,610,0,3,9011.118089
7,611,0,3,9210.828673
7,612,0,3,9026.784505
7,613,0,3,8895.733637
7,614,0,3,8972.542695
7,615,0,3,9082.392111
7,616,0,3,9117.884159
7,617,0,3,9050.473279
7,618,0,3,8954.271128
7,619,0,3,9022.477472
7,620,0,3,8965.967609
7,621,0,3,9471.700607
7,622,0,3,9022.957953
7,623,0,3,9113.211825
7,624,0,3,9250.723033
7,625,0,3,9024.004773
7,626,0,3,9126.160161
7,627,0,3,9120.742097
7,628,0,3,9299.117891
7,629,0,3,9100.50046
7,630,0,3,9130.008579
7,631,0,3,9062.579133
7,632,0,3,9052.822006
7,633,0,3,8906.629023
7,634,0,3,9248.463433
7,635,0,3,8993.648113
7,636,0,3,9258.365529
7,637,0,3,9051.079358
7,638,0,3,9116.41346
7,639,0,3,9031.978936
7,640,0,3,9103.707552
7,641,0,3,9085.082941
7,642,0,3,9063.421471
7,643,0,3,9340.726674
7,644,0,3,9079.319726
7,645,0,3,8997.307102
7,646,0,3,8942.078836
7,647,0,3,9130.1702
7,648,0,3,9151.217829
7,649,0,3,8998.506203
7,650,0,3,9141.832514
7,651,0,3,9118.523772
7,652,0,3,9054.204377
7,653,0,3,9272.153604
7,654,0,3,9227.510539
7,655,0,3,9153.885114
7,656,0,3,9313.29535
7,657,0,3,9064.11909
7,658,0,3,9239.98804
7,659,0,3,9132.887766
7,660,0,3,9060.622927
7,661,0,3,8992.868758
7,662,0,3,9085.350551
7,663,0,3,8971.149331
7,664,0,3,9166.216611
7,665,0,3,9186.136261
7,666,0,3,9045.628832
7,667,0,3,9285.332116
7,668,0,3,9332.5097
7,669,0,3,9094.817178
7,670,0,3,9036.974357
7,671,0,3,9139.362604
7,672,0,3,9183.664267
7,673,0,3,8894.497431
7,674,0,3,9118.49822
7,675,0,3,9069.570298
7,676,0,3,9050.445519
7,677,0,3,9186.470007
7,678,0,3,9275.466056
7,679,0,3,9105.773601
7,680,0,3,8974.811817
7,681,0,3,9078.11742
7,682,0,3,8987.898314
7,683,0,3,9181.215807
7,684,0,3,9025.62433
7,685,0,3,9150.293275
7,686,0,3,9016.9256
7,687,0,3,9150.317458
7,688,0,3,9138.979009
7,689,0,3,9247.225742
7,690,0,3,8917.70097
7,691,0,3,9105.971419
7,692,0,3,9080.239819
7,693,0,3,9281.725685
7,694,0,3,9275.00848
7,695,0,3,9283.746767
7,696,0,3,9174.062424
7,697,0,3,9144.309181
7,698,0,3,9340.96365
7,699,0,3,9198.786839
7,700,0,3,9712.745967
7,701,0,3,8908.284401
7,702,0,3,9178.927749
7,703,0,3,9176.830964
7,704,0,3,9035.696052
7,705,0,3,8917.343062
7,706,0,3,9211.827472
7,707,0,3,9319.779684
7,708,0,3,9124.866986
7,709,0,3,9182.51557
7,710,0,3,9285.590543
7,711,0,3,9129.054259
7,712,0,3,9024.331134
7,713,0,3,9174.867599
7,714,0,3,9134.872116
7,715,0,3,9130.357322
7,716,0,3,9048.848873
7,717,0,3,8964.76382
7,718,0,3,9087.715594
7,719,0,3,9224.131462
7,720,0,3,9253.999075
7,721,0,3,9002.049304
7,722,0,3,9117.151839
7,723,0,3,9058.385416
7,724,0,3,9365.140856
7,725,0,3,8966.719647
7,726,0,3,9059.528679
7,727,0,3,9116.90756
7,728,0,3,8971.825456
7,729,0,3,9174.141155
7,730,0,3,8925.935689
7,731,0,3,9137.59898
7,732,0,3,9081.124967
7,733,0,3,8982.981276
7,734,0,3,9240.097434
7,735,0,3,9179.358907
7,736,0,3,9159.218361
7,737,0,3,9033.518323
7,738,0,3,9017.183696
7,739,0,3,9215.91097
7,740,0,3,8953.075626
7,741,0,3,9109.133374
7,742,0,3,9011.536268
7,743,0,3,9020.466582
7,744,0,3,9208.362128
7,745,0,3,8982.382104
7,746,0,3,9182.473989
7,747,0,3,9010.547073
7,748,0,3,9332.204016
7,749,0,3,9019.963754
7,750,0,3,9109.082847
7,751,0,3,9022.957519
7,752,0,3,9145.764617
7,753,0,3,9178.907317
7,754,0,3,9036.325283
7,755,0,3,9194.684389
7,756,0,3,8952.914016
7,757,0,3,8811.704491
7,758,0,3,9123.944875
7,759,0,3,9125.184658
7,760,0,3,9151.304301
7,761,0,3,9195.277599
7,762,0,3,9070.915927
7,763,0,3,9282.51578
7,764,0,3,9211.180716
7,765,0,3,9035.872357
7,766,0,3,9191.338391
7,767,0,3,9299.629314
7,768,0,3,9129.81341
7,769,0,3,9233.467508
7,770,0,3,9034.846307
7,771,0,3,9177.569545
7,772,0,3,9039.533905
7,773,0,3,9257.227018
7,774,0,3,9101.607776
7,775,0,3,9136.395986
7,776,0,3,9032.972504
7,777,0,3,9114.93715
7,778,0,3,9079.090602
7,779,0,3,9073.197724
7,780,0,3,8946.322974
7,781,0,3,9459.135495
7,782,0,3,9105.543028
7,783,0,3,9253.28768
7,784,0,3,9180.249893
7,785,0,3,9096.321829
7,786,0,3,9061.710916
7,787,0,3,9031.892005
7,788,0,3,9140.169802
7,789,0,3,9349.301203
7,790,0,3,9059.670105
7,791,0,3,9102.985663
7,792,0,3,8997.8558
7,793,0,3,9436.038433
7,794,0,3,9026.345466
7,795,0,3,9157.590171
7,796,0,3,9168.967357
7,797,0,3,8930.449959
7,798,0,3,9210.577898
7,799,0,3,9122.779993
7,800,0,3,9212.821052
7,801,0,3,9092.414047
7,802,0,3,9097.8197
7,803,0,3,9068.575576
7,804,0,3,8849.990603
7,805,0,3,8890.904972
7,806,0,3,9149.647631
7,807,0,3,9210.887948
7,808,0,3,9014.530152
7,809,0,3,9057.24089
7,810,0,3,9180.479051
7,811,0,3,9271.622537
7,812,0,3,9267.162717
7,813,0,3,9094.201047
7,814,0,3,9142.928141
7,815,0,3,9505.334651
7,816,0,3,9212.895861
7,817,0,3,8899.570985
7,818,0,3,8999.329146
7,819,0,3,9156.255891
7,820,0,3,9313.671014
7,821,0,3,9171.558973
7,822,0,3,9195.418115
7,823,0,3,9190.629956
7,824,0,3,9088.737277
7,825,0,3,9015.934337
7,826,0,3,9399.99061
7,827,0,3,9228.765582
7,828,0,3,9270.023414
7,829,0,3,9282.726524
7,830,0,3,9210.514295
7,831,0,3,9101.962433
7,832,0,3,9125.923647
7,833,0,3,9029.505674
7,834,0,3,9072.942242
7,835,0,3,9041.246661
7,836,0,3,9236.63622
7,837,0,3,9122.58439
7,838,0,3,9257.360238
7,839,0,3,9197.24166
7,840,0,3,9461.68545
7,841,0,3,9268.159012
7,842,0,3,9203.799681
7,843,0,3,8973.714261
7,844,0,3,9102.300786
7,845,0,3,9345.973989
7,846,0,3,8975.281467
7,847,0,3,9041.193159
7,848,0,3,9210.283702
7,849,0,3,9149.29622
7,850,0,3,8972.18966
7,851,0,3,9115.860231
7,852,0,3,9182.982306
7,853,0,3,9072.203553
7,854,0,3,9198.274733
7,855,0,3,8988.388782
7,856,0,3,9078.388127
7,857,0,3,8978.837896
7,858,0,3,9001.585167
7,859,0,3,9324.243636
7,860,0,3,9107.922461
7,861,0,3,8837.707696
7,862,0,3,9178.66574
7,863,0,3,9194.196584
7,864,0,3,9101.041295
7,865,0,3,9264.692883
7,866,0,3,9114.132654
7,867,0,3,9083.928149
7,868,0,3,8951.332975
7,869,0,3,8948.245057
7,870,0,3,9113.997237
7,871,0,3,9036.787055
7,872,0,3,9339.24236
7,873,0,3,8951.909182
7,874,0,3,8954.863394
7,875,0,3,8940.661913
7,876,0,3,9130.568501
7,877,0,3,9030.965491
7,878,0,3,9039.611889
7,879,0,3,8971.587397
7,880,0,3,9341.923914
7,881,0,3,9197.478114
7,882,0,3,9187.014947
7,883,0,3,8989.069816
7,884,0,3,9288.078105
7,885,0,3,9355.44039
7,886,0,3,9079.102065
7,887,0,3,8978.493677
7,888,0,3,9003.976725
7,889,0,3,9133.507555
7,890,0,3,9388.507343
7,891,0,3,9262.433241
7,892,0,3,9036.54051
7,893,0,3,9176.908318
7,894,0,3,8978.239244
7,895,0,3,9041.236288
7,896,0,3,9218.131968
7,897,0,3,8953.505677
7,898,0,3,9211.256976
7,899,0,3,9319.982149
7,900,0,3,8959.911995
7,901,0,3,9238.097252
7,902,0,3,9004.998199
7,903,0,3,9011.227119
7,904,0,3,9206.006601
7,905,0,3,9112.208343
7,906,0,3,9154.411965
7,907,0,3,9068.876973
7,908,0,3,9061.659366
7,909,0,3,9175.282775
7,910,0,3,9136.149333
7,911,0,3,9074.783894
7,912,0,3,8936.674924
7,913,0,3,9126.661019
7,914,0,3,9196.872974
7,915,0,3,9123.455079
7,916,0,3,9140.601701
7,917,0,3,9028.438139
7,918,0,3,9027.17028
7,919,0,3,9049.997944
7,920,0,3,9322.292222
7,921,0,3,9051.210371
7,922,0,3,8925.155713
7,923,0,3,9301.87467
7,924,0,3,9265.98165
7,925,0,3,9163.478602
7,926,0,3,9293.650898
7,927,0,3,9088.837991
7,928,0,3,9023.222912
7,929,0,3,8966.43789
7,930,0,3,9135.217607
7,931,0,3,9125.885564
7,932,0,3,9174.462142
7,933,0,3,9008.315197
7,934,0,3,9189.374257
7,935,0,3,9130.626459
7,936,0,3,9099.648413
7,937,0,3,9176.931931
7,938,0,3,9062.760145
7,939,0,3,9346.453177
7,940,0,3,9004.401301
7,941,0,3,9047.49446
7,942,0,3,9225.182615
7,943,0,3,9036.562014
7,944,0,3,9387.60623
7,945,0,3,9066.023091
7,946,0,3,8936.431367
7,947,0,3,8999.044511
7,948,0,3,9085.160354
7,949,0,3,9060.042118
7,950,0,3,9091.668531
7,951,0,3,9122.148771
7,952,0,3,9142.388754
7,953,0,3,9170.324587
7,954,0,3,9179.908062
7,955,0,3,8997.787247
7,956,0,3,9080.492346
7,957,0,3,9080.340123
7,958,0,3,9175.52286
7,959,0,3,8931.680099
7,960,0,3,9215.042692
7,961,0,3,9165.605599
7,962,0,3,9168.835107
7,963,0,3,9013.581249
7,964,0,3,8924.459914
7,965,0,3,9210.032269
7,966,0,3,9288.823285
7,967,0,3,9102.139835
7,968,0,3,9161.663909
7,969,0,3,9177.730676
7,970,0,3,9193.652593
7,971,0,3,9080.353744
7,972,0,3,9120.402146
7,973,0,3,8941.769598
7,974,0,3,8921.720417
7,975,0,3,8988.52731
7,976,0,3,9280.273203
7,977,0,3,9105.745903
7,978,0,3,9026.473221
7,979,0,3,9136.177192
7,980,0,3,9123.412433
7,981,0,3,9150.108056
7,982,0,3,9042.630979
7,983,0,3,9089.625827
7,984,0,3,9162.82522
7,985,0,3,9206.213265
7,986,0,3,9280.371359
7,987,0,3,9107.54595
7,988,0,3,9092.710255
7,989,0,3,9106.883612
7,990,0,3,9134.180087
7,991,0,3,9121.299158
7,992,0,3,8995.37093
7,993,0,3,8948.915442
7,994,0,3,9322.789093
7,995,0,3,9010.817752
7,996,0,3,9280.16135
7,997,0,3,9018.907846
7,998,0,3,9241.090502
7,999,0,3,9419.528122
8,0,0,3,8924.940941
8,1,0,3,9034.521119
8,2,0,3,9068.783256
8,3,0,3,9113.74901
8,4,0,3,9341.565703
8,5,0,3,9048.954181
8,6,0,3,9161.030447
8,7,0,3,9141.532366
8,8,0,3,9210.426526
8,9,0,3,9000.659862
8,10,0,3,9129.140348
8,11,0,3,8925.156927
8,12,0,3,9065.302385
8,13,0,3,9154.50037
8,14,0,3,8944.885709
8,15,0,3,9038.504217
8,16,0,3,9098.461436
8,17,0,3,9235.840611
8,18,0,3,9255.248778
8,19,0,3,8932.451644
8,20,0,3,9175.52834
8,21,0,3,9091.05092
8,22,0,3,9140.102521
8,23,0,3,9200.714582
8,24,0,3,9207.075735
8,25,0,3,9281.720071
8,26,0,3,8965.278974
8,27,0,3,9066.39668
8,28,0,3,8933.639255
8,29,0,3,9158.851831
8,30,0,3,9107.575078
8,31,0,3,9025.963282
8,32,0,3,9064.137822
8,33,0,3,9513.263686
8,34,0,3,8960.864789
8,35,0,3,9133.368047
8,36,0,3,9139.542348
8,37,0,3,9013.543084
8,38,0,3,9227.828849
8,39,0,3,9130.299178
8,40,0,3,9038.151882
8,41,0,3,9223.391825
8,42,0,3,9190.23674
8,43,0,3,9252.602787
8,44,0,3,9148.527618
8,45,0,3,9141.789298
8,46,0,3,8891.856167
8,47,0,3,9151.868006
8,48,0,3,9409.254501
8,49,0,3,9018.0922
8,50,0,3,9287.368123
8,51,0,3,9022.624753
8,52,0,3,9119.581141
8,53,0,3,9218.040299
8,54,0,3,9110.62196
8,55,0,3,9110.051505
8,56,0,3,9460.269675
8,57,0,3,8946.445974
8,58,0,3,9003.984825
8,59,0,3,9249.095786
8,60,0,3,9222.485931
8,61,0,3,8964.366071
8,62,0,3,9179.298518
8,63,0,3,9289.05279
8,64,0,3,9092.375632
8,65,0,3,9573.858512
8,66,0,3,9049.633373
8,67,0,3,9202.087776
8,68,0,3,9054.169174
8,69,0,3,9031.140416
8,70,0,3,9007.369985
8,71,0,3,9013.75449
8,72,0,3,9073.592786
8,73,0,3,9008.934705
8,74,0,3,9325.505861
8,75,0,3,9037.964028
8,76,0,3,9175.946831
8,77,0,3,9087.296203
8,78,0,3,9097.888199
8,79,0,3,9273.743901
8,80,0,3,9146.830432
8,81,0,3,9067.114353
8,82,0,3,8926.752542
8,83,0,3,9149.21161
8,84,0,3,9135.045499
8,85,0,3,9047.258774
8,86,0,3,9232.307542
8,87,0,3,9174.977905
8,88,0,3,9152.512527
8,89,0,3,8931.810096
8,90,0,3,9016.527017
8,91,0,3,9051.596682
8,92,0,3,9060.202103
8,93,0,3,8996.945658
8,94,0,3,9300.873476
8,95,0,3,9043.409587
8,96,0,3,9095.337388
8,97,0,3,9128.291382
8,98,0,3,9231.355051
8,99,0,3,8999.374131
8,100,0,3,9282.823532
8,101,0,3,9022.50666
8,102,0,3,9013.991326
8,103,0,3,9088.905761
8,104,0,3,9277.163775
8,105,0,3,8973.933451
8,106,0,3,9112.805363
8,107,0,3,9247.566126
8,108,0,3,9208.671783
8,109,0,3,9071.229684
8,110,0,3,9078.029559
8,111,0,3,9257.530806
8,112,0,3,9139.226464
8,113,0,3,8935.869275
8,114,0,3,9204.992964
8,115,0,3,9159.34939
8,116,0,3,9122.591195
8,117,0,3,9029.312418
8,118,0,3,8992.081629
8,119,0,3,9404.028296
8,120,0,3,9403.933316
8,121,0,3,9172.250852
8,122,0,3,9161.674509
8,123,0,3,8865.802098
8,124,0,3,9120.001835
8,125,0,3,9039.950891
8,126,0,3,8904.615995
8,127,0,3,8988.017155
8,128,0,3,8987.95263
8,129,0,3,9136.176782
8,130,0,3,9131.491335
8,131,0,3,9110.180984
8,132,0,3,9060.461684
8,133,0,3,9199.692789
8,134,0,3,8909.551239
8,135,0,3,9317.044409
8,136,0,3,9170.902956
8,137,0,3,9209.146819
8,138,0,3,9318.158707
8,139,0,3,9154.818729
8,140,0,3,9168.375389
8,141,0,3,9334.132461
8,142,0,3,9072.619147
8,143,0,3,8888.431954
8,144,0,3,9088.428759
8,145,0,3,9110.524383
8,146,0,3,8995.800626
8,147,0,3,9035.738103
8,148,0,3,9150.224528
8,149,0,3,9370.529594
8,150,0,3,9115.899205
8,151,0,3,9389.319005
8,152,0,3,9297.625707
8,153,0,3,9007.34838
8,154,0,3,9222.064506
8,155,0,3,9231.069895
8,156,0,3,9331.659737
8,157,0,3,9213.771935
8,158,0,3,9097.242305
8,159,0,3,9220.207154
8,160,0,3,9348.347467
8,161,0,3,9355.900562
8,162,0,3,9256.692374
8,163,0,3,9083.693544
8,164,0,3,9055.204745
8,165,0,3,8989.26714
8,166,0,3,9114.335971
8,167,0,3,8865.231003
8,168,0,3,8995.651773
8,169,0,3,9257.158245
8,170,0,3,9115.695425
8,171,0,3,9179.039065
8,172,0,3,8823.502506
8,173,0,3,8995.313462
8,174,0,3,9197.914138
8,175,0,3,8980.981043
8,176,0,3,9200.433822
8,177,0,3,9050.956508
8,178,0,3,9348.395055
8,179,0,3,9190.99686
8,180,0,3,9090.108399
8,181,0,3,9317.805954
8,182,0,3,8847.641411
8,183,0,3,9115.601507
8,184,0,3,9072.074023
8,185,0,3,8994.561615
8,186,0,3,9210.612926
8,187,0,3,8979.684998
8,188,0,3,9190.132629
8,189,0,3,8895.00616
8,190,0,3,9192.758716
8,191,0,3,9181.836209
8,192,0,3,9139.314734
8,193,0,3,9228.071171
8,194,0,3,9126.098871
8,195,0,3,9128.273569
8,196,0,3,9101.576654
8,197,0,3,9398.283088
8,198,0,3,9120.00266
8,199,0,3,8954.878967
8,200,0,3,9265.477774
8,201,0,3,9184.849826
8,202,0,3,9103.870159
8,203,0,3,9078.210881
8,204,0,3,9392.936076
8,205,0,3,9160.7204
8,206,0,3,9074.704645
8,207,0,3,9066.242309
8,208,0,3,9061.480804
8,209,0,3,9224.82641
8,210,0,3,9025.12437
8,211,0,3,9043.607709
8,212,0,3,9017.956177
8,213,0,3,9036.623744
8,214,0,3,9087.933217
8,215,0,3,9252.471209
8,216,0,3,9143.071871
8,217,0,3,9412.475388
8,218,0,3,9157.134091
8,219,0,3,9127.911935
8,220,0,3,9353.865075
8,221,0,3,9443.775251
8,222,0,3,9154.191155
8,223,0,3,9319.401295
8,224,0,3,9514.750589
8,225,0,3,8908.416337
8,226,0,3,9113.154272
8,227,0,3,9168.570686
8,228,0,3,9154.538972
8,229,0,3,9119.178427
8,230,0,3,9236.296073
8,231,0,3,8985.965204
8,232,0,3,9249.124594
8,233,0,3,9062.991808
8,234,0,3,9112.808168
8,235,0,3,9129.912701
8,236,0,3,9117.047069
8,237,0,3,9176.697366
8,238,0,3,9070.439873
8,239,0,3,9293.990405
8,240,0,3,8914.832119
8,241,0,3,8971.693599
8,242,0,3,9205.876143
8,243,0,3,9138.942867
8,244,0,3,8924.072159
8,245,0,3,9043.153775
8,246,0,3,9150.910665
8,247,0,3,9199.873546
8,248,0,3,9249.473783
8,249,0,3,9080.823037
8,250,0,3,9226.830582
8,251,0,3,9377.872791
8,252,0,3,9018.755866
8,253,0,3,9230.440533
8,254,0,3,8945.100243
8,255,0,3,9295.544198
8,256,0,3,9110.03376
8,257,0,3,9165.308172
8,258,0,3,9198.475058
8,259,0,3,9133.91074
8,260,0,3,9053.253388
8,261,0,3,9312.86583
8,262,0,3,8875.505695
8,263,0,3,9099.848023
8,264,0,3,9193.832791
8,265,0,3,9408.142724
8,266,0,3,9111.443958
8,267,0,3,9160.378877
8,268,0,3,9189.55358
8,269,0,3,9214.784948
8,270,0,3,9003.460395
8,271,0,3,9184.441214
8,272,0,3,9152.674901
8,273,0,3,8884.821832
8,274,0,3,9165.5722
8,275,0,3,8972.830769
8,276,0,3,9183.215752
8,277,0,3,9244.004568
8,278,0,3,9218.996955
8,279,0,3,9022.667177
8,280,0,3,9143.842727
8,281,0,3,9031.105004
8,282,0,3,9215.557429
8,283,0,3,9081.585347
8,284,0,3,9075.628784
8,285,0,3,9112.945441
8,286,0,3,9094.965967
8,287,0,3,9326.259433
8,288,0,3,9297.895616
8,289,0,3,9120.606688
8,290,0,3,9352.937416
8,291,0,3,9475.929699
8,292,0,3,9214.335622
8,293,0,3,9180.547068
8,294,0,3,9232.692503
8,295,0,3,9243.977089
8,296,0,3,8931.68107
8,297,0,3,9089.990589
8,298,0,3,9249.398719
8,299,0,3,9017.406664
8,300,0,3,9092.808285
8,301,0,3,9016.055775
8,302,0,3,9112.495344
8,303,0,3,9115.070716
8,304,0,3,9261.236944
8,305,0,3,9332.862868
8,306,0,3,9089.133357
8,307,0,3,9213.117664
8,308,0,3,8962.479834
8,309,0,3,9017.74293
8,310,0,3,9125.863356
8,311,0,3,8954.004362
8,312,0,3,9083.579557
8,313,0,3,9044.916603
8,314,0,3,9252.873016
8,315,0,3,8949.139215
8,316,0,3,9213.593031
8,317,0,3,8990.595
8,318,0,3,9070.766965
8,319,0,3,9255.428231
8,320,0,3,9004.08905
8,321,0,3,9183.827475
8,322,0,3,9168.047411
8,323,0,3,9182.828695
8,324,0,3,8973.329066
8,325,0,3,9496.677886
8,326,0,3,9350.900256
8,327,0,3,9062.513406
8,328,0,3,9175.486856
8,329,0,3,9192.10287
8,330,0,3,8955.399168
8,331,0,3,9349.002843
8,332,0,3,9232.064158
8,333,0,3,9190.280767
8,334,0,3,9180.873323
8,335,0,3,9076.822853
8,336,0,3,9052.956328
8,337,0,3,9087.04088
8,338,0,3,9250.73086
8,339,0,3,9124.298567
8,340,0,3,9002.103602
8,341,0,3,9060.01403
8,342,0,3,9051.435831
8,343,0,3,8916.157562
8,344,0,3,9194.347493
8,345,0,3,9107.28916
8,346,0,3,9505.093144
8,347,0,3,9228.558488
8,348,0,3,9112.026243
8,349,0,3,9181.992935
8,350,0,3,9261.562111
8,351,0,3,9122.276721
8,352,0,3,9077.650925
8,353,0,3,8946.573352
8,354,0,3,8964.452525
8,355,0,3,8973.748924
8,356,0,3,9104.488839
8,357,0,3,9089.725537
8,358,0,3,9045.104404
8,359,0,3,9018.661427
8,360,0,3,9146.794184
8,361,0,3,8998.535329
8,362,0,3,9376.911453
8,363,0,3,9096.844678
8,364,0,3,8955.956103
8,365,0,3,9247.196025
8,366,0,3,9210.745558
8,367,0,3,9195.999513
8,368,0,3,9009.921152
8,369,0,3,9097.856086
8,370,0,3,9104.11311
8,371,0,3,9343.324622
8,372,0,3,9136.119173
8,373,0,3,9019.310866
8,374,0,3,9212.38847
8,375,0,3,9060.72701
8,376,0,3,9159.387613
8,377,0,3,9192.61231
8,378,0,3,9135.37641
8,379,0,3,9088.026781
8,380,0,3,9111.698632
8,381,0,3,9161.982497
8,382,0,3,9165.368171
8,383,0,3,9060.59087
8,384,0,3,9283.180907
8,385,0,3,9233.861793
8,386,0,3,9189.360636
8,387,0,3,9347.178868
8,388,0,3,9028.2347
8,389,0,3,9193.499943
8,390,0,3,9194.437499
8,391,0,3,9134.343902
8,392,0,3,9141.190558
8,393,0,3,9248.040578
8,394,0,3,9373.09922
8,395,0,3,9110.600726
8,396,0,3,9129.447664
8,397,0,3,9011.035527
8,398,0,3,9020.459413
8,399,0,3,8991.010965
8,400,0,3,9124.255513
8,401,0,3,9238.038852
8,402,0,3,9187.965838
8,403,0,3,9035.540104
8,404,0,3,9111.21573
8,405,0,3,9265.683413
8,406,0,3,9019.577641
8,407,0,3,9135.339449
8,408,0,3,8960.168505
8,409,0,3,9133.600518
8,410,0,3,8972.183192
8,411,0,3,9136.125061
8,412,0,3,9341.432582
8,413,0,3,9174.576495
8,414,0,3,9042.607431
8,415,0,3,9093.886182
8,416,0,3,9052.076767
8,417,0,3,9195.346575
8,418,0,3,9281.420302
8,419,0,3,9034.144991
8,420,0,3,9258.701971
8,421,0,3,9006.536544
8,422,0,3,9342.799935
8,423,0,3,9066.386659
8,424,0,3,9118.147021
8,425,0,3,9202.69202
8,426,0,3,9167.153304
8,427,0,3,8974.126492
8,428,0,3,9272.696059
8,429,0,3,9613.285437
8,430,0,3,9562.299516
8,431,0,3,9080.853079
8,432,0,3,9175.938178
8,433,0,3,9296.752826
8,434,0,3,9093.155179
8,435,0,3,9270.70235
8,436,0,3,9114.370434
8,437,0,3,8983.394465
8,438,0,3,9080.723459
8,439,0,3,8995.195002
8,440,0,3,9138.953641
8,441,0,3,9295.860235
8,442,0,3,9077.709625
8,443,0,3,9090.556826
8,444,0,3,9253.317483
8,445,0,3,9293.990411
8,446,0,3,8999.327022
8,447,0,3,8969.566076
8,448,0,3,8844.377958
8,449,0,3,9068.081864
8,450,0,3,9007.372309
8,451,0,3,8925.673482
8,452,0,3,9177.785652
8,453,0,3,9259.051448
8,454,0,3,9021.718572
8,455,0,3,9221.785653
8,456,0,3,9081.713315
8,457,0,3,9151.318051
8,458,0,3,9165.346905
8,459,0,3,9241.488364
8,460,0,3,9124.8617
8,461,0,3,9287.167467
8,462,0,3,9008.598262
8,463,0,3,8979.160993
8,464,0,3,9146.22363
8,465,0,3,9102.622836
8,466,0,3,9093.550109
8,467,0,3,9049.995615
8,468,0,3,9240.836316
8,469,0,3,9019.906133
8,470,0,3,9119.423142
8,471,0,3,9182.793565
8,472,0,3,9390.862437
8,473,0,3,9141.974673
8,474,0,3,9262.222955
8,475,0,3,9086.366969
8,476,0,3,9189.724851
8,477,0,3,8980.846403
8,478,0,3,8944.151829
8,479,0,3,9037.890309
8,480,0,3,9281.181753
8,481,0,3,8942.898337
8,482,0,3,9171.396974
8,483,0,3,8953.219837
8,484,0,3,9239.542267
8,485,0,3,9038.631951
8,486,0,3,9317.528235
8,487,0,3,9083.254208
8,488,0,3,9073.444369
8,489,0,3,9207.533459
8,490,0,3,9051.96378
8,491,0,3,9225.397142
8,492,0,3,9025.90583
8,493,0,3,9276.85264
8,494,0,3,9120.17662
8,495,0,3,9114.170988
8,496,0,3,9293.054329
8,497,0,3,9211.198368
8,498,0,3,9234.792997
8,499,0,3,9265.097761
8,500,0,3,9127.182441
8,501,0,3,9024.301691
8,502,0,3,9354.138991
8,503,0,3,9182.281705
8,504,0,3,9245.53851
8,505,0,3,9348.985693
8,506,0,3,9440.67108
8,507,0,3,8948.416975
8,508,0,3,9220.455424
8,509,0,3,9215.773749
8,510,0,3,9109.584072
8,511,0,3,9259.199057
8,512,0,3,8974.079582
8,513,0,3,9259.332558
8,514,0,3,8959.436027
8,515,0,3,9086.468333
8,516,0,3,9252.419669
8,517,0,3,8896.340789
8,518,0,3,9111.548109
8,519,0,3,9193.381144
8,520,0,3,9285.146491
8,521,0,3,9232.639216
8,522,0,3,9110.897941
8,523,0,3,9175.62575
8,524,0,3,9208.890965
8,525,0,3,9233.356866
8,526,0,3,9123.173485
8,527,0,3,9094.321461
8,528,0,3,9405.09835
8,529,0,3,8893.340982
8,530,0,3,8983.586688
8,531,0,3,9108.39252
8,532,0,3,8917.956758
8,533,0,3,9169.437902
8,534,0,3,9135.919078
8,535,0,3,9243.198821
8,536,0,3,9371.139956
8,537,0,3,8955.405311
8,538,0,3,8989.477948
8,539,0,3,9246.700069
8,540,0,3,9191.334789
8,541,0,3,8924.381559
8,542,0,3,9251.73613
8,543,0,3,9088.623187
8,544,0,3,9131.469557
8,545,0,3,9146.251988
8,546,0,3,9251.471509
8,547,0,3,9163.146933
8,548,0,3,8917.898176
8,549,0,3,9023.944234
8,550,0,3,9135.327268
8,551,0,3,9162.536516
8,552,0,3,8973.078405
8,553,0,3,9042.449138
8,554,0,3,9186.30153
8,555,0,3,9233.068295
8,556,0,3,9114.331855
8,557,0,3,9133.876977
8,558,0,3,9226.246434
8,559,0,3,8990.001585
8,560,0,3,9015.827503
8,561,0,3,9440.477647
8,562,0,3,8990.068069
8,563,0,3,9096.762003
8,564,0,3,9098.323709
8,565,0,3,9037.436032
8,566,0,3,9213.554278
8,567,0,3,9242.14412
8,568,0,3,9000.437592
8,569,0,3,8995.072898
8,570,0,3,9274.333712
8,571,0,3,9142.93712
8,572,0,3,8995.645829
8,573,0,3,9137.599809
8,574,0,3,9525.79471
8,575,0,3,9107.034048
8,576,0,3,9093.889649
8,577,0,3,9032.412372
8,578,0,3,9180.981411
8,579,0,3,8910.933239
8,580,0,3,9034.276623
8,581,0,3,9230.432632
8,582,0,3,9151.393211
8,583,0,3,8939.836571
8,584,0,3,9255.053279
8,585,0,3,9088.551386
8,586,0,3,9198.63167
8,587,0,3,9084.898251
8,588,0,3,9315.253498
8,589,0,3,9456.461932
8,590,0,3,9291.979887
8,591,0,3,9132.085311
8,592,0,3,9213.220604
8,593,0,3,9089.276164
8,594,0,3,8990.242914
8,595,0,3,9023.269818
8,596,0,3,8865.946369
8,597,0,3,9116.815449
8,598,0,3,9219.877961
8,599,0,3,9318.117431
8,600,0,3,9286.818886
8,601,0,3,9147.734072
8,602,0,3,8847.775438
8,603,0,3,8997.537985
8,604,0,3,9155.272868
8,605,0,3,9250.52745
8,606,0,3,9080.789636
8,607,0,3,9100.379681
8,608,0,3,9009.695069
8,609,0,3,8878.027492
8,610,0,3,9073.688798
8,611,0,3,9159.245888
8,612,0,3,9170.484834
8,613,0,3,9071.462608
8,614,0,3,8962.326728
8,615,0,3,9186.762549
8,616,0,3,9200.53406
8,617,0,3,9122.546889
8,618,0,3,9119.629844
8,619,0,3,9103.330902
8,620,0,3,9071.036208
8,621,0,3,9275.624566
8,622,0,3,8944.463758
8,623,0,3,8962.951912
8,624,0,3,8932.493812
8,625,0,3,9060.619164
8,626,0,3,9161.773614
8,627,0,3,9218.900791
8,628,0,3,8938.794124
8,629,0,3,9119.170026
8,630,0,3,9297.165463
8,631,0,3,9073.957893
8,632,0,3,9022.830506
8,633,0,3,9036.959516
8,634,0,3,9208.98069
8,635,0,3,9047.465062
8,636,0,3,9292.699472
8,637,0,3,9110.865316
8,638,0,3,9119.648932
8,639,0,3,9156.833119
8,640,0,3,9195.889423
8,641,0,3,9267.47865
8,642,0,3,9283.158648
8,643,0,3,9118.686481
8,644,0,3,9384.674536
8,645,0,3,8927.808549
8,646,0,3,9188.47399
8,647,0,3,9192.783818
8,648,0,3,9191.216293
8,649,0,3,8975.863352
8,650,0,3,9031.901728
8,651,0,3,9302.09981
8,652,0,3,9317.636156
8,653,0,3,9078.724193
8,654,0,3,9010.92491
8,655,0,3,9193.885559
8,656,0,3,9161.502878
8,657,0,3,9204.234349
8,658,0,3,9051.90693
8,659,0,3,9248.128276
8,660,0,3,9120.576884
8,661,0,3,9060.739258
8,662,0,3,9368.983922
8,663,0,3,9165.65803
8,664,0,3,9066.746747
8,665,0,3,9451.936908
8,666,0,3,9413.161765
8,667,0,3,9266.433265
8,668,0,3,9138.390868
8,669,0,3,9181.407649
8,670,0,3,9007.391156
8,671,0,3,9101.307567
8,672,0,3,9123.586735
8,673,0,3,9046.854675
8,674,0,3,9265.644268
8,675,0,3,9067.12394
8,676,0,3,9131.079243
8,677,0,3,8980.729919
8,678,0,3,9094.534027
8,679,0,3,8854.220231
8,680,0,3,8835.905268
8,681,0,3,9001.496854
8,682,0,3,9257.512088
8,683,0,3,9214.250912
8,684,0,3,9363.537407
8,685,0,3,9282.44291
8,686,0,3,9212.499388
8,687,0,3,9070.411882
8,688,0,3,9342.896392
8,689,0,3,9201.213804
8,690,0,3,9087.789107
8,691,0,3,8991.946446
8,692,0,3,9303.775294
8,693,0,3,9020.76922
8,694,0,3,9102.519621
8,695,0,3,9056.401573
8,696,0,3,9275.707175
8,697,0,3,9115.818422
8,698,0,3,8941.667528
8,699,0,3,9258.834504
8,700,0,3,9114.236812
8,701,0,3,9005.487863
8,702,0,3,9254.445559
8,703,0,3,9288.837928
8,704,0,3,9174.156773
8,705,0,3,8969.275535
8,706,0,3,8963.041771
8,707,0,3,9021.283846
8,708,0,3,9007.920449
8,709,0,3,9010.361461
8,710,0,3,9189.930226
8,711,0,3,8949.939362
8,712,0,3,8936.227902
8,713,0,3,9102.89367
8,714,0,3,9073.375295
8,715,0,3,9029.049368
8,716,0,3,9335.768394
8,717,0,3,9030.819897
8,718,0,3,9117.583288
8,719,0,3,8976.893191
8,720,0,3,9437.852419
8,721,0,3,9129.027079
8,722,0,3,8960.688358
8,723,0,3,9093.335562
8,724,0,3,8928.879716
8,725,0,3,9143.318765
8,726,0,3,9157.755779
8,727,0,3,9217.984547
8,728,0,3,9068.652826
8,729,0,3,9179.834962
8,730,0,3,9033.922178
8,731,0,3,9254.148646
8,732,0,3,9178.355279
8,733,0,3,9166.1511
8,734,0,3,9292.622907
8,735,0,3,9023.998171
8,736,0,3,9012.617767
8,737,0,3,9321.253283
8,738,0,3,9057.135927
8,739,0,3,9074.7506
8,740,0,3,9107.89703
8,741,0,3,9094.648354
8,742,0,3,9137.787635
8,743,0,3,9194.604636
8,744,0,3,9079.08914
8,745,0,3,9151.897733
8,746,0,3,9375.564914
8,747,0,3,9070.329449
8,748,0,3,8993.132227
8,749,0,3,9076.698805
8,750,0,3,9049.861014
8,751,0,3,9134.178069
8,752,0,3,9191.921146
8,753,0,3,9331.409917
8,754,0,3,9065.895588
8,755,0,3,8989.440388
8,756,0,3,9187.97078
8,757,0,3,9068.703641
8,758,0,3,9239.561742
8,759,0,3,9182.307685
8,760,0,3,9024.52887
8,761,0,3,8955.50933
8,762,0,3,9098.648356
8,763,0,3,9347.918229
8,764,0,3,9322.809827
8,765,0,3,9131.080864
8,766,0,3,9027.94703
8,767,0,3,8941.451383
8,768,0,3,9118.943678
8,769,0,3,9433.545919
8,770,0,3,9092.895616
8,771,0,3,8927.319
8,772,0,3,9122.463922
8,773,0,3,9194.735303
8,774,0,3,9141.928715
8,775,0,3,9189.641713
8,776,0,3,9125.31207
8,777,0,3,9140.647763
8,778,0,3,9045.590598
8,779,0,3,9100.499572
8,780,0,3,9317.173383
8,781,0,3,9068.847946
8,782,0,3,9045.78843
8,783,0,3,8898.816199
8,784,0,3,8950.990378
8,785,0,3,9167.318989
8,786,0,3,9032.929746
8,787,0,3,9152.38058
8,788,0,3,9044.066582
8,789,0,3,8984.355059
8,790,0,3,9158.991545
8,791,0,3,9165.734486
8,792,0,3,9144.5045
8,793,0,3,8997.874326
8,794,0,3,9101.42169
8,795,0,3,9192.588336
8,796,0,3,8939.082396
8,797,0,3,8998.478088
8,798,0,3,9108.43254
8,799,0,3,9086.29768
8,800,0,3,9026.010935
8,801,0,3,8991.273679
8,802,0,3,9055.266344
8,803,0,3,9310.659594
8,804,0,3,8967.261375
8,805,0,3,8987.983323
8,806,0,3,8955.222874
8,807,0,3,9025.921112
8,808,0,3,8957.214762
8,809,0,3,9173.912349
8,810,0,3,8912.084468
8,811,0,3,9395.435498
8,812,0,3,9035.952687
8,813,0,3,8997.003339
8,814,0,3,9185.531809
8,815,0,3,9167.250208
8,816,0,3,9037.654282
8,817,0,3,9158.859996
8,818,0,3,9133.067288
8,819,0,3,9017.30191
8,820,0,3,8931.715113
8,821,0,3,9215.776293
8,822,0,3,9212.690382
8,823,0,3,9250.579949
8,824,0,3,8997.00284
8,825,0,3,9164.26466
8,826,0,3,9073.378185
8,827,0,3,9036.242518
8,828,0,3,8827.012739
8,829,0,3,9270.302258
8,830,0,3,8996.645849
8,831,0,3,9311.494032
8,832,0,3,9068.997441
8,833,0,3,9069.192443
8,834,0,3,9126.474249
8,835,0,3,9137.748328
8,836,0,3,9281.109473
8,837,0,3,9342.067887
8,838,0,3,9358.663987
8,839,0,3,9138.248173
8,840,0,3,9437.679574
8,841,0,3,9126.207406
8,842,0,3,9256.055249
8,843,0,3,9133.62914
8,844,0,3,9109.181663
8,845,0,3,9097.021816
8,846,0,3,9148.170903
8,847,0,3,9241.992761
8,848,0,3,9124.072168
8,849,0,3,9200.021108
8,850,0,3,8936.78082
8,851,0,3,9019.257973
8,852,0,3,9041.561774
8,853,0,3,9063.911734
8,854,0,3,9180.212885
8,855,0,3,9075.462241
8,856,0,3,9181.736204
8,857,0,3,9236.337798
8,858,0,3,8907.633424
8,859,0,3,9043.936996
8,860,0,3,9100.300309
8,861,0,3,8932.815035
8,862,0,3,9326.074539
8,863,0,3,8958.642416
8,864,0,3,9038.397628
8,865,0,3,9079.421616
8,866,0,3,9179.995823
8,867,0,3,9013.98793
8,868,0,3,9187.561743
8,869,0,3,9196.993342
8,870,0,3,9141.519469
8,871,0,3,8998.5521
8,872,0,3,9185.01459
8,873,0,3,9012.304442
8,874,0,3,9164.50266
8,875,0,3,9221.786264
8,876,0,3,9001.889388
8,877,0,3,9182.916328
8,878,0,3,8979.843976
8,879,0,3,9021.229467
8,880,0,3,9167.983965
8,881,0,3,9111.745181
8,882,0,3,9073.806091
8,883,0,3,9189.672305
8,884,0,3,9272.722247
8,885,0,3,8949.904469
8,886,0,3,9205.188883
8,887,0,3,8963.797112
8,888,0,3,9009.990645
8,889,0,3,9052.275226
8,890,0,3,9082.813356
8,891,0,3,9444.831823
8,892,0,3,9026.747586
8,893,0,3,9026.530168
8,894,0,3,9061.483158
8,895,0,3,9108.220726
8,896,0,3,8997.031387
8,897,0,3,9093.781421
8,898,0,3,9031.639194
8,899,0,3,9019.448208
8,900,0,3,8977.636375
8,901,0,3,8842.052589
8,902,0,3,9341.845131
8,903,0,3,9157.290721
8,904,0,3,9247.348157
8,905,0,3,9068.362775
8,906,0,3,9129.738344
8,907,0,3,9097.711146
8,908,0,3,9205.097115
8,909,0,3,9072.850284
8,910,0,3,9185.943379
8,911,0,3,9289.660503
8,912,0,3,8943.295136
8,913,0,3,9049.168984
8,914,0,3,9214.916681
8,915,0,3,9201.453809
8,916,0,3,9199.745418
8,917,0,3,9202.534632
8,918,0,3,9016.076761
8,919,0,3,9025.729357
8,920,0,3,9150.610279
8,921,0,3,8985.444561
8,922,0,3,8970.77897
8,923,0,3,9210.806805
8,924,0,3,9160.377423
8,925,0,3,9183.502988
8,926,0,3,9257.276053
8,927,0,3,9198.912656
8,928,0,3,9046.449463
8,929,0,3,9112.686471
8,930,0,3,9133.607212
8,931,0,3,9184.995843
8,932,0,3,9153.415868
8,933,0,3,9048.59919
8,934,0,3,9392.515581
8,935,0,3,9129.913398
8,936,0,3,9152.162775
8,937,0,3,9063.515034
8,938,0,3,9020.499452
8,939,0,3,9185.971163
8,940,0,3,9201.846213
8,941,0,3,9101.111209
8,942,0,3,9026.139783
8,943,0,3,9130.559368
8,944,0,3,9183.680496
8,945,0,3,9066.064222
8,946,0,3,9287.48248
8,947,0,3,8906.80595
8,948,0,3,9063.932178
8,949,0,3,9361.25885
8,950,0,3,9144.295889
8,951,0,3,9281.024791
8,952,0,3,9049.087521
8,953,0,3,9158.112634
8,954,0,3,8882.270836
8,955,0,3,8972.452853
8,956,0,3,9214.829562
8,957,0,3,9266.768559
8,958,0,3,9319.381339
8,959,0,3,8883.073527
8,960,0,3,8966.830633
8,961,0,3,9049.179449
8,962,0,3,9250.009046
8,963,0,3,9099.540363
8,964,0,3,9147.801147
8,965,0,3,9147.157405
8,966,0,3,9217.644336
8,967,0,3,9065.05694
8,968,0,3,9029.343553
8,969,0,3,9246.220472
8,970,0,3,9091.714732
8,971,0,3,8961.217101
8,972,0,3,9189.227616
8,973,0,3,9143.347584
8,974,0,3,9124.958611
8,975,0,3,9123.992697
8,976,0,3,9227.480153
8,977,0,3,8917.032242
8,978,0,3,9020.601051
8,979,0,3,8883.442741
8,980,0,3,8996.251748
8,981,0,3,9183.158432
8,982,0,3,8906.417779
8,983,0,3,8952.535711
8,984,0,3,9157.527549
8,985,0,3,9064.377019
8,986,0,3,8966.373357
8,987,0,3,9078.157921
8,988,0,3,9223.142256
8,989,0,3,9191.655533
8,990,0,3,9417.367837
8,991,0,3,9047.605253
8,992,0,3,9528.349301
8,993,0,3,9093.001792
8,994,0,3,9140.406963
8,995,0,3,8966.136365
8,996,0,3,9178.850572
8,997,0,3,9018.61414
8,998,0,3,9241.81056
8,999,0,3,9087.894983
9,0,0,3,9149.239218
9,1,0,3,9257.882568
9,2,0,3,9046.475436
9,3,0,3,9187.69471
9,4,0,3,9011.298254
9,5,0,3,9089.53777
9,6,0,3,9327.001512
9,7,0,3,9382.641514
9,8,0,3,9474.484248
9,9,0,3,9398.572887
9,10,0,3,9065.69413
9,11,0,3,9129.564724
9,12,0,3,9166.602849
9,13,0,3,9118.689405
9,14,0,3,9000.130394
9,15,0,3,9027.120338
9,16,0,3,9154.810152
9,17,0,3,9073.266212
9,18,0,3,9011.639273
9,19,0,3,9048.260423
9,20,0,3,9154.258976
9,21,0,3,9052.313432
9,22,0,3,8974.643536
9,23,0,3,9073.240908
9,24,0,3,9159.390224
9,25,0,3,8902.980285
9,26,0,3,9088.210015
9,27,0,3,9085.128837
9,28,0,3,9095.783457
9,29,0,3,9070.496986
9,30,0,3,9040.632493
9,31,0,3,9008.051088
9,32,0,3,9058.442147
9,33,0,3,9330.827563
9,34,0,3,9235.261415
9,35,0,3,9116.756507
9,36,0,3,9408.006293
9,37,0,3,8882.000554
9,38,0,3,8943.787408
9,39,0,3,8978.903097
9,40,0,3,9418.878316
9,41,0,3,8926.270437
9,42,0,3,9069.997687
9,43,0,3,9103.206718
9,44,0,3,9177.927228
9,45,0,3,9044.988123
9,46,0,3,9094.397594
9,47,0,3,9119.50413
9,48,0,3,9269.40453
9,49,0,3,9223.063003
9,50,0,3,9127.89957
9,51,0,3,9244.916954
9,52,0,3,9147.202902
9,53,0,3,9006.870065
9,54,0,3,9192.655328
9,55,0,3,8968.836249
9,56,0,3,9160.52204
9,57,0,3,9084.66562
9,58,0,3,9129.881033
9,59,0,3,9106.041136
9,60,0,3,8933.074266
9,61,0,3,9113.020323
9,62,0,3,9012.672661
9,63,0,3,9287.749183
9,64,0,3,9076.014246
9,65,0,3,9311.285949
9,66,0,3,9105.926155
9,67,0,3,9145.12701
9,68,0,3,9364.60992
9,69,0,3,9020.392912
9,70,0,3,9401.483017
9,71,0,3,9109.082521
9,72,0,3,9242.151191
9,73,0,3,9020.335597
9,74,0,3,9307.918556
9,75,0,3,9080.704957
9,76,0,3,8999.21462
9,77,0,3,9063.89535
9,78,0,3,9113.191432
9,79,0,3,9227.1491
9,80,0,3,9010.391022
9,81,0,3,9118.154257
9,82,0,3,8926.437413
9,83,0,3,9199.982084
9,84,0,3,9235.480273
9,85,0,3,9202.76069
9,86,0,3,9182.494937
9,87,0,3,9001.294554
9,88,0,3,9296.537479
9,89,0,3,9322.800103
9,90,0,3,9342.754943
9,91,0,3,9465.212368
9,92,0,3,9012.584721
9,93,0,3,9165.655848
9,94,0,3,8973.34722
9,95,0,3,8953.353768
9,96,0,3,9094.034656
9,97,0,3,9196.395524
9,98,0,3,9303.940792
9,99,0,3,9170.479582
9,100,0,3,9096.391524
9,101,0,3,9157.259395
9,102,0,3,9229.626184
9,103,0,3,9054.418505
9,104,0,3,9088.901942
9,105,0,3,9203.888077
9,106,0,3,9127.254609
9,107,0,3,9090.017091
9,108,0,3,9109.40314
9,109,0,3,9209.068562
9,110,0,3,9103.824215
9,111,0,3,9071.860783
9,112,0,3,9125.680875
9,113,0,3,9296.814861
9,114,0,3,9262.154891
9,115,0,3,8978.355547
9,116,0,3,8977.07983
9,117,0,3,8933.661689
9,118,0,3,9222.857798
9,119,0,3,9125.962363
9,120,0,3,9249.441306
9,121,0,3,9161.692758
9,122,0,3,9349.825135
9,123,0,3,9105.82178
9,124,0,3,9126.159845
9,125,0,3,9115.132069
9,126,0,3,9237.838649
9,127,0,3,9319.031027
9,128,0,3,9059.6848
9,129,0,3,9286.953148
9,130,0,3,9250.323365
9,131,0,3,9068.356112
9,132,0,3,9195.012937
9,133,0,3,9333.784422
9,134,0,3,9242.609345
9,135,0,3,9175.950126
9,136,0,3,8967.715029
9,137,0,3,9001.686505
9,138,0,3,9213.81374
9,139,0,3,9169.410716
9,140,0,3,9153.610127
9,141,0,3,9144.578047
9,142,0,3,9149.599957
9,143,0,3,9089.9298
9,144,0,3,9084.639789
9,145,0,3,9136.128204
9,146,0,3,9164.605681
9,147,0,3,9209.829939
9,148,0,3,9138.773173
9,149,0,3,9148.427876
9,150,0,3,8999.304516
9,151,0,3,9056.11181
9,152,0,3,8936.841846
9,153,0,3,9042.688709
9,154,0,3,9211.21666
9,155,0,3,8942.725299
9,156,0,3,9238.161571
9,157,0,3,9116.330105
9,158,0,3,9162.797273
9,159,0,3,8956.582568
9,160,0,3,9194.31997
9,161,0,3,8952.521773
9,162,0,3,9095.470809
9,163,0,3,9308.089942
9,164,0,3,9185.726249
9,165,0,3,9094.500195
9,166,0,3,9139.089142
9,167,0,3,9580.331132
9,168,0,3,8978.375954
9,169,0,3,8949.651035
9,170,0,3,9205.254055
9,171,0,3,9021.608942
9,172,0,3,9432.574399
9,173,0,3,9113.164688
9,174,0,3,9190.572978
9,175,0,3,9099.421125
9,176,0,3,9295.742763
9,177,0,3,8961.525537
9,178,0,3,9360.570201
9,179,0,3,9114.713545
9,180,0,3,9093.220445
9,181,0,3,9023.97569
9,182,0,3,9179.458874
9,183,0,3,9194.96776
9,184,0,3,9302.207627
9,185,0,3,9225.110263
9,186,0,3,9215.116247
9,187,0,3,9122.681246
9,188,0,3,9259.171784
9,189,0,3,9044.862211
9,190,0,3,9248.576912
9,191,0,3,9105.296791
9,192,0,3,9218.268589
9,193,0,3,9261.89966
9,194,0,3,9281.081796
9,195,0,3,9034.636171
9,196,0,3,8978.066245
9,197,0,3,9110.129086
9,198,0,3,8998.954568
9,199,0,3,9034.838029
9,200,0,3,9129.210459
9,201,0,3,8921.040475
9,202,0,3,9080.273438
9,203,0,3,8951.365177
9,204,0,3,9108.513322
9,205,0,3,9142.190592
9,206,0,3,9202.004546
9,207,0,3,9148.325059
9,208,0,3,9300.106993
9,209,0,3,9041.591696
9,210,0,3,9172.008554
9,211,0,3,9083.420103
9,212,0,3,8960.739591
9,213,0,3,9075.183335
9,214,0,3,9169.594332
9,215,0,3,9086.389918
9,216,0,3,9254.607339
9,217,0,3,9096.491355
9,218,0,3,9313.756054
9,219,0,3,8911.671304
9,220,0,3,9125.074781
9,221,0,3,9023.237726
9,222,0,3,9020.679793
9,223,0,3,9172.813486
9,224,0,3,9523.977729
9,225,0,3,8942.651703
9,226,0,3,9034.751851
9,227,0,3,9181.064981
9,228,0,3,9171.623332
9,229,0,3,8976.057493
9,230,0,3,8963.265089
9,231,0,3,9190.092217
9,232,0,3,9132.200584
9,233,0,3,9371.057138
9,234,0,3,9205.848418
9,235,0,3,9153.597207
9,236,0,3,8999.780291
9,237,0,3,8952.433249
9,238,0,3,9058.333783
9,239,0,3,8975.059269
9,240,0,3,9157.26411
9,241,0,3,9045.901555
9,242,0,3,9201.741259
9,243,0,3,9224.247776
9,244,0,3,9003.422065
9,245,0,3,9070.606075
9,246,0,3,9043.271503
9,247,0,3,9014.135071
9,248,0,3,9147.594528
9,249,0,3,9098.759145
9,250,0,3,9271.964428
9,251,0,3,9445.644852
9,252,0,3,9101.312835
9,253,0,3,9042.56497
9,254,0,3,9116.562488
9,255,0,3,9095.676397
9,256,0,3,9089.964986
9,257,0,3,9326.119029
9,258,0,3,9060.567075
9,259,0,3,9026.214781
9,260,0,3,9298.071269
9,261,0,3,9474.795577
9,262,0,3,8946.439456
9,263,0,3,9039.51067
9,264,0,3,9074.667855
9,265,0,3,9148.395882
9,266,0,3,9045.520047
9,267,0,3,9277.108014
9,268,0,3,9146.196935
9,269,0,3,8988.734735
9,270,0,3,9176.705915
9,271,0,3,9196.424166
9,272,0,3,9187.213298
9,273,0,3,9232.64877
9,274,0,3,9006.867427
9,275,0,3,9146.712283
9,276,0,3,8930.526991
9,277,0,3,9237.854844
9,278,0,3,9173.636638
9,279,0,3,9204.558098
9,280,0,3,9053.789582
9,281,0,3,9119.611446
9,282,0,3,9154.725346
9,283,0,3,9112.348505
9,284,0,3,9049.837389
9,285,0,3,9187.527796
9,286,0,3,9191.861523
9,287,0,3,8996.283626
9,288,0,3,9034.284692
9,289,0,3,9075.17341
9,290,0,3,9338.146913
9,291,0,3,9085.310717
9,292,0,3,9301.390589
9,293,0,3,9187.921062
9,294,0,3,9217.915987
9,295,0,3,9104.998233
9,296,0,3,9282.839941
9,297,0,3,9021.940752
9,298,0,3,9133.242701
9,299,0,3,9359.09765
9,300,0,3,9135.885226
9,301,0,3,9044.557102
9,302,0,3,9141.282203
9,303,0,3,9179.197165
9,304,0,3,9125.416696
9,305,0,3,9048.355928
9,306,0,3,9265.537498
9,307,0,3,9208.556488
9,308,0,3,9147.959216
9,309,0,3,9024.948102
9,310,0,3,8934.43725
9,311,0,3,8975.536368
9,312,0,3,9316.045748
9,313,0,3,8966.176616
9,314,0,3,9001.363235
9,315,0,3,9056.508248
9,316,0,3,9030.433138
9,317,0,3,9075.96951
9,318,0,3,9041.282348
9,319,0,3,9104.41425
9,320,0,3,8977.933789
9,321,0,3,9271.523781
9,322,0,3,9098.051594
9,323,0,3,9174.465818
9,324,0,3,9322.934249
9,325,0,3,9106.029179
9,326,0,3,9151.223228
9,327,0,3,9018.197803
9,328,0,3,8954.089384
9,329,0,3,9125.84047
9,330,0,3,9152.445131
9,331,0,3,9291.907984
9,332,0,3,9069.090591
9,333,0,3,9361.922525
9,334,0,3,9007.323445
9,335,0,3,9129.895014
9,336,0,3,9314.422557
9,337,0,3,9142.639518
9,338,0,3,9366.186489
9,339,0,3,9085.067908
9,340,0,3,9352.581544
9,341,0,3,9008.017744
9,342,0,3,9266.680888
9,343,0,3,9198.762897
9,344,0,3,9164.782452
9,345,0,3,8952.822681
9,346,0,3,9492.071403
9,347,0,3,9142.989361
9,348,0,3,9050.903459
9,349,0,3,9038.674975
9,350,0,3,9410.574819
9,351,0,3,9222.360003
9,352,0,3,9542.881654
9,353,0,3,9123.206117
9,354,0,3,9205.333912
9,355,0,3,9272.16733
9,356,0,3,9102.817899
9,357,0,3,9083.336626
9,358,0,3,9049.341155
9,359,0,3,9070.818426
9,360,0,3,9221.530536
9,361,0,3,9173.033008
9,362,0,3,9129.391659
9,363,0,3,9482.698707
9,364,0,3,9187.681773
9,365,0,3,8857.438136
9,366,0,3,9020.06482
9,367,0,3,9420.545637
9,368,0,3,9295.025688
9,369,0,3,9155.56075
9,370,0,3,9257.177648
9,371,0,3,9312.821117
9,372,0,3,9263.69946
9,373,0,3,9214.165961
9,374,0,3,9087.332805
9,375,0,3,9229.158342
9,376,0,3,8989.847866
9,377,0,3,9260.498291
9,378,0,3,8966.105579
9,379,0,3,9223.566993
9,380,0,3,9010.48578
9,381,0,3,9202.860264
9,382,0,3,9049.835567
9,383,0,3,9053.689836
9,384,0,3,9073.118434
9,385,0,3,9105.040637
9,386,0,3,9267.511731
9,387,0,3,8937.593153
9,388,0,3,9041.431824
9,389,0,3,9112.253277
9,390,0,3,8953.605465
9,391,0,3,9059.59349
9,392,0,3,8963.640963
9,393,0,3,9138.133883
9,394,0,3,9165.381118
9,395,0,3,9094.327422
9,396,0,3,9125.733208
9,397,0,3,8991.009139
9,398,0,3,9047.665183
9,399,0,3,9140.503562
9,400,0,3,9171.47382
9,401,0,3,9262.552167
9,402,0,3,9120.655648
9,403,0,3,9225.31378
9,404,0,3,9109.486643
9,405,0,3,9112.332494
9,406,0,3,9073.595141
9,407,0,3,9119.66068
9,408,0,3,9002.590113
9,409,0,3,9346.567139
9,410,0,3,9004.984506
9,411,0,3,9170.886744
9,412,0,3,9048.613181
9,413,0,3,9243.463094
9,414,0,3,9182.195121
9,415,0,3,9279.750462
9,416,0,3,9361.535599
9,417,0,3,8898.854017
9,418,0,3,9029.482882
9,419,0,3,9126.629808
9,420,0,3,9010.598766
9,421,0,3,9120.251387
9,422,0,3,9192.582448
9,423,0,3,9119.420791
9,424,0,3,9087.956252
9,425,0,3,8991.049688
9,426,0,3,8983.173994
9,427,0,3,9079.813317
9,428,0,3,9148.050157
9,429,0,3,8959.712254
9,430,0,3,9164.478904
9,431,0,3,9017.77847
9,432,0,3,9016.155744
9,433,0,3,9047.877839
9,434,0,3,9323.916142
9,435,0,3,9309.306506
9,436,0,3,9126.796554
9,437,0,3,9017.508752
9,438,0,3,8973.974331
9,439,0,3,8956.420398
9,440,0,3,9078.116739
9,441,0,3,9110.109557
9,442,0,3,9083.259954
9,443,0,3,8962.270796
9,444,0,3,9160.045669
9,445,0,3,9155.804637
9,446,0,3,9395.027683
9,447,0,3,9318.386411
9,448,0,3,9163.471412
9,449,0,3,8977.475469
9,450,0,3,8922.150302
9,451,0,3,8964.440223
9,452,0,3,9392.072547
9,453,0,3,8949.435688
9,454,0,3,9186.774966
9,455,0,3,9071.621898
9,456,0,3,9113.031363
9,457,0,3,9170.60303
9,458,0,3,9100.954437
9,459,0,3,9057.691024
9,460,0,3,8846.769552
9,461,0,3,9211.229204
9,462,0,3,9483.10074
9,463,0,3,9393.409423
9,464,0,3,9035.090653
9,465,0,3,9049.590166
9,466,0,3,9049.472293
9,467,0,3,9403.247388
9,468,0,3,9116.029561
9,469,0,3,9342.292717
9,470,0,3,9025.664464
9,471,0,3,9307.115038
9,472,0,3,8981.69324
9,473,0,3,8983.522365
9,474,0,3,9093.96144
9,475,0,3,8969.256191
9,476,0,3,9122.471036
9,477,0,3,9183.876545
9,478,0,3,9170.446458
9,479,0,3,9057.020118
9,480,0,3,9254.761732
9,481,0,3,9205.394145
9,482,0,3,9036.715454
9,483,0,3,9270.077267
9,484,0,3,9306.847329
9,485,0,3,9024.585259
9,486,0,3,9120.310288
9,487,0,3,9120.618409
9,488,0,3,8997.641673
9,489,0,3,9133.137573
9,490,0,3,9066.171656
9,491,0,3,8891.202697
9,492,0,3,8924.085281
9,493,0,3,9054.850275
9,494,0,3,9035.40047
9,495,0,3,9132.549863
9,496,0,3,9100.127036
9,497,0,3,8924.590073
9,498,0,3,9276.762574
9,499,0,3,9172.513253
9,500,0,3,9066.427653
9,501,0,3,9209.94422
9,502,0,3,9227.045358
9,503,0,3,9127.441043
9,504,0,3,9009.431636
9,505,0,3,9058.249364
9,506,0,3,9229.231313
9,507,0,3,9172.222111
9,508,0,3,8967.29157
9,509,0,3,9117.932297
9,510,0,3,9142.219715
9,511,0,3,9247.697285
9,512,0,3,9256.7675
9,513,0,3,9064.243688
9,514,0,3,9082.928162
9,515,0,3,8971.112784
9,516,0,3,9063.93893
9,517,0,3,9125.629287
9,518,0,3,9288.182947
9,519,0,3,9151.63145
9,520,0,3,9180.161063
9,521,0,3,8983.694197
9,522,0,3,8987.36379
9,523,0,3,8956.155475
9,524,0,3,9361.158834
9,525,0,3,9083.889469
9,526,0,3,9159.405609
9,527,0,3,9008.832908
9,528,0,3,8921.841741
9,529,0,3,9042.44065
9,530,0,3,9148.70409
9,531,0,3,9196.812284
9,532,0,3,8934.77734
9,533,0,3,9053.982681
9,534,0,3,9259.550246
9,535,0,3,9178.672651
9,536,0,3,9100.79094
9,537,0,3,9007.347437
9,538,0,3,9030.096432
9,539,0,3,9430.685624
9,540,0,3,9006.886084
9,541,0,3,9046.541549
9,542,0,3,9352.652961
9,543,0,3,9097.979341
9,544,0,3,8943.6921
9,545,0,3,9240.947649
9,546,0,3,9028.710256
9,547,0,3,9263.561851
9,548,0,3,9297.210566
9,549,0,3,9128.143364
9,550,0,3,9010.308019
9,551,0,3,9449.417744
9,552,0,3,9080.656472
9,553,0,3,9238.194833
9,554,0,3,9402.028936
9,555,0,3,9301.076568
9,556,0,3,8967.983423
9,557,0,3,9198.163716
9,558,0,3,9132.638619
9,559,0,3,8988.667734
9,560,0,3,9358.644006
9,561,0,3,8958.659068
9,562,0,3,9107.001016
9,563,0,3,9125.584905
9,564,0,3,9368.635518
9,565,0,3,9041.382718
9,566,0,3,9110.617103
9,567,0,3,9393.064569
9,568,0,3,9233.967937
9,569,0,3,9279.424993
9,570,0,3,9111.835173
9,571,0,3,8992.325752
9,572,0,3,9148.37749
9,573,0,3,9168.419717
9,574,0,3,9082.958111
9,575,0,3,9000.236052
9,576,0,3,9298.205059
9,577,0,3,9330.639009
9,578,0,3,9183.800372
9,579,0,3,9168.143843
9,580,0,3,9184.171544
9,581,0,3,9343.069383
9,582,0,3,9190.230658
9,583,0,3,9161.279447
9,584,0,3,8872.841506
9,585,0,3,9416.30179
9,586,0,3,9227.680446
9,587,0,3,9151.808718
9,588,0,3,9217.863656
9,589,0,3,9221.542665
9,590,0,3,9194.804174
9,591,0,3,9163.705308
9,592,0,3,9006.365088
9,593,0,3,9150.317304
9,594,0,3,8980.167764
9,595,0,3,9003.309334
9,596,0,3,9409.751591
9,597,0,3,9399.312581
9,598,0,3,9104.518606
9,599,0,3,9073.157997
9,600,0,3,9116.969718
9,601,0,3,9062.250061
9,602,0,3,9238.159329
9,603,0,3,8880.119191
9,604,0,3,9104.490862
9,605,0,3,9003.918886
9,606,0,3,9045.775995
9,607,0,3,9121.284325
9,608,0,3,9175.02085
9,609,0,3,9035.170983
9,610,0,3,9042.363504
9,611,0,3,9056.892898
9,612,0,3,9037.427221
9,613,0,3,8913.906448
9,614,0,3,9228.134139
9,615,0,3,9265.986418
9,616,0,3,9203.035058
9,617,0,3,9021.85548
9,618,0,3,9122.002231
9,619,0,3,8989.661358
9,620,0,3,9120.611183
9,621,0,3,9140.581188
9,622,0,3,9116.862898
9,623,0,3,9157.381577
9,624,0,3,9032.818375
9,625,0,3,9106.327405
9,626,0,3,9186.821538
9,627,0,3,9134.757423
9,628,0,3,8904.418011
9,629,0,3,8980.561009
9,630,0,3,9000.320663
9,631,0,3,9072.279125
9,632,0,3,8903.037236
9,633,0,3,9017.419465
9,634,0,3,9156.814158
9,635,0,3,9129.776894
9,636,0,3,9116.059272
9,637,0,3,9274.15975
9,638,0,3,9170.904725
9,639,0,3,9085.050036
9,640,0,3,9363.28354
9,641,0,3,9019.954134
9,642,0,3,9072.712421
9,643,0,3,9157.26629
9,644,0,3,9262.438059
9,645,0,3,9152.445466
9,646,0,3,8983.583278
9,647,0,3,9006.588741
9,648,0,3,9168.817538
9,649,0,3,9208.201374
9,650,0,3,9106.307587
9,651,0,3,9195.614349
9,652,0,3,9007.639089
9,653,0,3,9071.134905
9,654,0,3,8933.129579
9,655,0,3,9503.957617
9,656,0,3,9067.130672
9,657,0,3,9479.364471
9,658,0,3,9127.175605
9,659,0,3,9353.797942
9,660,0,3,8983.655584
9,661,0,3,9002.500494
9,662,0,3,9060.254257
9,663,0,3,9391.344597
9,664,0,3,9391.334388
9,665,0,3,9202.020212
9,666,0,3,8945.176572
9,667,0,3,9164.866746
9,668,0,3,9056.506907
9,669,0,3,8950.728327
9,670,0,3,9125.42899
9,671,0,3,9281.889147
9,672,0,3,9040.349677
9,673,0,3,8863.542449
9,674,0,3,9229.87785
9,675,0,3,8950.727129
9,676,0,3,9081.815592
9,677,0,3,9059.448218
9,678,0,3,9292.709032
9,679,0,3,9104.313899
9,680,0,3,9188.036254
9,681,0,3,8892.366071
9,682,0,3,8930.526226
9,683,0,3,9282.239351
9,684,0,3,9120.030776
9,685,0,3,9140.264089
9,686,0,3,9153.591322
9,687,0,3,9089.270268
9,688,0,3,9010.395985
9,689,0,3,9148.610235
9,690,0,3,9266.277568
9,691,0,3,9094.318561
9,692,0,3,9073.854552
9,693,0,3,9319.943665
9,694,0,3,9111.614089
9,695,0,3,9184.904209
9,696,0,3,9340.863444
9,697,0,3,9131.996828
9,698,0,3,9198.832203
9,699,0,3,9146.024754
9,700,0,3,9135.191234
9,701,0,3,8921.392434
9,702,0,3,9073.864471
9,703,0,3,9035.303192
9,704,0,3,9167.229748
9,705,0,3,9011.556109
9,706,0,3,9608.230962
9,707,0,3,8889.334188
9,708,0,3,8933.758189
9,709,0,3,9171.559878
9,710,0,3,9086.278299
9,711,0,3,8925.777088
9,712,0,3,9086.952402
9,713,0,3,8989.208177
9,714,0,3,9228.716185
9,715,0,3,9094.454943
9,716,0,3,9034.986242
9,717,0,3,9029.806523
9,718,0,3,9052.506706
9,719,0,3,9041.119303
9,720,0,3,8963.053248
9,721,0,3,9279.325705
9,722,0,3,9527.640449
9,723,0,3,8976.954565
9,724,0,3,9057.340254
9,725,0,3,8986.863046
9,726,0,3,9168.041524
9,727,0,3,9031.205248
9,728,0,3,9361.231246
9,729,0,3,9019.229182
9,730,0,3,9177.241705
9,731,0,3,9122.348032
9,732,0,3,9192.481658
9,733,0,3,9056.177074
9,734,0,3,8920.949682
9,735,0,3,9343.885256
9,736,0,3,9135.226184
9,737,0,3,9237.396362
9,738,0,3,9109.815358
9,739,0,3,9411.928926
9,740,0,3,8992.020576
9,741,0,3,9238.769996
9,742,0,3,9124.687487
9,743,0,3,9239.205969
9,744,0,3,9134.149882
9,745,0,3,9147.627735
9,746,0,3,8894.233577
9,747,0,3,9091.495932
9,748,0,3,9095.122776
9,749,0,3,9279.813376
9,750,0,3,9232.726801
9,751,0,3,9014.665098
9,752,0,3,9120.193499
9,753,0,3,9136.32416
9,754,0,3,9011.872583
9,755,0,3,9083.358978
9,756,0,3,9172.763919
9,757,0,3,9026.771393
9,758,0,3,9379.749342
9,759,0,3,8976.676403
9,760,0,3,9110.955839
9,761,0,3,9240.60946
9,762,0,3,9188.442902
9,763,0,3,9208.609791
9,764,0,3,9102.851468
9,765,0,3,9210.500439
9,766,0,3,9021.899109
9,767,0,3,9098.159316
9,768,0,3,9019.735457
9,769,0,3,9191.345554
9,770,0,3,9134.333765
9,771,0,3,9039.233831
9,772,0,3,9354.303793
9,773,0,3,9240.593163
9,774,0,3,9006.734211
9,775,0,3,9088.825236
9,776,0,3,9073.479005
9,777,0,3,9003.706522
9,778,0,3,9015.708269
9,779,0,3,9197.86017
9,780,0,3,9157.259506
9,781,0,3,9108.583193
9,782,0,3,8889.637853
9,783,0,3,9303.696325
9,784,0,3,9103.845271
9,785,0,3,9115.150135
9,786,0,3,9280.714037
9,787,0,3,9148.045108
9,788,0,3,8992.765735
9,789,0,3,9054.543498
9,790,0,3,9230.557406
9,791,0,3,9095.494869
9,792,0,3,9405.806266
9,793,0,3,9413.96291
9,794,0,3,9241.013118
9,795,0,3,9040.850149
9,796,0,3,9051.097812
9,797,0,3,9045.112645
9,798,0,3,9114.896597
9,799,0,3,9209.035405
9,800,0,3,8922.301912
9,801,0,3,9240.004483
9,802,0,3,9032.362396
9,803,0,3,9060.922301
9,804,0,3,9042.627944
9,805,0,3,9280.536792
9,806,0,3,9413.971573
9,807,0,3,9035.411309
9,808,0,3,9005.889031
9,809,0,3,9076.81359
9,810,0,3,9006.577176
9,811,0,3,9260.447959
9,812,0,3,9153.042428
9,813,0,3,9172.77026
9,814,0,3,9226.007792
9,815,0,3,8936.93337
9,816,0,3,9128.563198
9,817,0,3,9199.68
9,818,0,3,8991.191524
9,819,0,3,9042.871951
9,820,0,3,8913.125706
9,821,0,3,9136.530025
9,822,0,3,9149.966783
9,823,0,3,9135.896007
9,824,0,3,9049.066277
9,825,0,3,9108.871913
9,826,0,3,9228.538809
9,827,0,3,9153.401472
9,828,0,3,9112.382741
9,829,0,3,9152.156246
9,830,0,3,9300.797268
9,831,0,3,9143.060014
9,832,0,3,9125.530532
9,833,0,3,9078.606038
9,834,0,3,9066.403943
9,835,0,3,9048.774818
9,836,0,3,9119.884913
9,837,0,3,9201.533361
9,838,0,3,8922.467257
9,839,0,3,9315.330979
9,840,0,3,9113.521324
9,841,0,3,9065.031069
9,842,0,3,9062.714769
9,843,0,3,9193.881632
9,844,0,3,9538.003824
9,845,0,3,8959.732244
9,846,0,3,9402.293962
9,847,0,3,8840.166481
9,848,0,3,9117.465258
9,849,0,3,8974.472354
9,850,0,3,9052.381128
9,851,0,3,9184.823349
9,852,0,3,9205.688725
9,853,0,3,8908.544246
9,854,0,3,9183.562742
9,855,0,3,9307.624464
9,856,0,3,9350.334879
9,857,0,3,8950.770308
9,858,0,3,9035.246723
9,859,0,3,8998.020852
9,860,0,3,8869.118104
9,861,0,3,9243.430938
9,862,0,3,9074.648085
9,863,0,3,9111.679998
9,864,0,3,9042.257409
9,865,0,3,8983.491377
9,866,0,3,9145.421776
9,867,0,3,9090.082308
9,868,0,3,9104.074277
9,869,0,3,9260.740683
9,870,0,3,8989.598434
9,871,0,3,9094.850438
9,872,0,3,9061.048151
9,873,0,3,9118.967187
9,874,0,3,9100.233476
9,875,0,3,9183.150518
9,876,0,3,9490.292336
9,877,0,3,8989.409198
9,878,0,3,8924.639515
9,879,0,3,9109.36101
9,880,0,3,9009.658058
9,881,0,3,9113.774818
9,882,0,3,9191.811568
9,883,0,3,9003.543949
9,884,0,3,9056.141581
9,885,0,3,9278.927913
9,886,0,3,9010.521656
9,887,0,3,9384.727218
9,888,0,3,9283.093067
9,889,0,3,9299.137111
9,890,0,3,9271.285386
9,891,0,3,9199.623329
9,892,0,3,9038.930597
9,893,0,3,8978.810126
9,894,0,3,8952.111878
9,895,0,3,9183.727531
9,896,0,3,9079.753926
9,897,0,3,8975.427349
9,898,0,3,9213.992011
9,899,0,3,9090.699142
9,900,0,3,9268.075678
9,901,0,3,9030.902188
9,902,0,3,9343.598661
9,903,0,3,9151.169716
9,904,0,3,9031.870261
9,905,0,3,9136.813452
9,906,0,3,9062.67884
9,907,0,3,9081.624259
9,908,0,3,8962.491075
9,909,0,3,9049.516458
9,910,0,3,9395.332241
9,911,0,3,9121.429565
9,912,0,3,8997.139151
9,913,0,3,9127.919369
9,914,0,3,9069.935461
9,915,0,3,9170.880561
9,916,0,3,9184.372729
9,917,0,3,9064.929288
9,918,0,3,9111.85225
9,919,0,3,9500.813199
9,920,0,3,9264.475049
9,921,0,3,9323.929764
9,922,0,3,9125.772266
9,923,0,3,9120.714118
9,924,0,3,9052.679677
9,925,0,3,9048.474486
9,926,0,3,9510.875958
9,927,0,3,9095.5427
9,928,0,3,9075.232332
9,929,0,3,9188.311254
9,930,0,3,9157.446847
9,931,0,3,9255.497289
9,932,0,3,9359.396038
9,933,0,3,9333.972746
9,934,0,3,8912.951714
9,935,0,3,9112.386246
9,936,0,3,9076.973128
9,937,0,3,9302.948173
9,938,0,3,9299.269943
9,939,0,3,9258.379327
9,940,0,3,9023.059304
9,941,0,3,9189.977091
9,942,0,3,8979.615775
9,943,0,3,9203.857627
9,944,0,3,9048.65995
9,945,0,3,8979.996078
9,946,0,3,9189.795313
9,947,0,3,9083.704991
9,948,0,3,9157.425945
9,949,0,3,9096.145413
9,950,0,3,9212.861364
9,951,0,3,9037.86827
9,952,0,3,9118.204573
9,953,0,3,9354.627938
9,954,0,3,8989.752216
9,955,0,3,8913.589006
9,956,0,3,8974.332812
9,957,0,3,9047.883471
9,958,0,3,9292.267404
9,959,0,3,9272.648251
9,960,0,3,9085.504343
9,961,0,3,9016.740744
9,962,0,3,9279.652452
9,963,0,3,9115.673493
9,964,0,3,9029.806641
9,965,0,3,8995.152814
9,966,0,3,9189.84595
9,967,0,3,9010.345778
9,968,0,3,9137.02898
9,969,0,3,9003.905221
9,970,0,3,9011.141704
9,971,0,3,8934.437562
9,972,0,3,9141.081475
9,973,0,3,9300.212496
9,974,0,3,8965.351119
9,975,0,3,9178.392432
9,976,0,3,9169.21895
9,977,0,3,9200.659607
9,978,0,3,9092.635283
9,979,0,3,9169.411943
9,980,0,3,9046.921976
9,981,0,3,9057.58814
9,982,0,3,9277.079125
9,983,0,3,9119.431716
9,984,0,3,9000.253963
9,985,0,3,9067.95284
9,986,0,3,9164.859471
9,987,0,3,9057.803947
9,988,0,3,9404.319526
9,989,0,3,9206.068495
9,990,0,3,8981.287415
9,991,0,3,8957.434688
9,992,0,3,9025.236186
9,993,0,3,9146.926398
9,994,0,3,9079.474389
9,995,0,3,9051.512738
9,996,0,3,9178.445365
9,997,0,3,9194.384042
9,998,0,3,9063.985876
9,999,0,3,9203.328674
10,0,0,3,9047.752128
10,1,0,3,9399.304404
10,2,0,3,9193.716643
10,3,0,3,8987.426527
10,4,0,3,9327.869386
10,5,0,3,9139.854911
10,6,0,3,9094.155011
10,7,0,3,9028.814908
10,8,0,3,9124.241403
10,9,0,3,9122.033608
10,10,0,3,9284.327946
10,11,0,3,9163.668026
10,12,0,3,8921.104995
10,13,0,3,9270.65315
10,14,0,3,8949.116244
10,15,0,3,9111.765111
10,16,0,3,9127.582893
10,17,0,3,9063.872284
10,18,0,3,9222.454327
10,19,0,3,9001.93415
10,20,0,3,9202.544387
10,21,0,3,9118.098591
10,22,0,3,9150.288572
10,23,0,3,9024.536596
10,24,0,3,9078.150984
10,25,0,3,9242.345192
10,26,0,3,9269.443186
10,27,0,3,8978.011191
10,28,0,3,8881.967306
10,29,0,3,9182.498188
10,30,0,3,9024.268458
10,31,0,3,9135.339173
10,32,0,3,9305.274182
10,33,0,3,8944.879709
10,34,0,3,9090.550689
10,35,0,3,9054.323873
10,36,0,3,9098.668888
10,37,0,3,9269.839536
10,38,0,3,9299.31918
10,39,0,3,9100.603022
10,40,0,3,9072.696786
10,41,0,3,9148.749806
10,42,0,3,9049.337116
10,43,0,3,9249.957303
10,44,0,3,9161.150516
10,45,0,3,9133.050584
10,46,0,3,9313.388185
10,47,0,3,8998.010451
10,48,0,3,9054.262085
10,49,0,3,9066.023988
10,50,0,3,9146.14494
10,51,0,3,9103.230703
10,52,0,3,9038.986635
10,53,0,3,9097.38942
10,54,0,3,9177.922688
10,55,0,3,9126.111418
10,56,0,3,9167.591541
10,57,0,3,9235.055698
10,58,0,3,9112.121007
10,59,0,3,9015.750491
10,60,0,3,9019.250282
10,61,0,3,9013.963238
10,62,0,3,9135.003201
10,63,0,3,9105.802641
10,64,0,3,9261.77671
10,65,0,3,9190.734246
10,66,0,3,8928.733286
10,67,0,3,9391.622123
10,68,0,3,9053.71412
10,69,0,3,9120.466111
10,70,0,3,8871.834946
10,71,0,3,9159.747997
10,72,0,3,9170.734365
10,73,0,3,9264.809295
10,74,0,3,9047.231154
10,75,0,3,8987.988175
10,76,0,3,9198.876966
10,77,0,3,9191.963026
10,78,0,3,9112.209789
10,79,0,3,9131.783429
10,80,0,3,9177.959447
10,81,0,3,9258.950969
10,82,0,3,9083.969996
10,83,0,3,9427.804345
10,84,0,3,9402.183964
10,85,0,3,9485.79115
10,86,0,3,9613.526734
10,87,0,3,9456.726297
10,88,0,3,9048.3612
10,89,0,3,8977.02459
10,90,0,3,9407.92952
10,91,0,3,9055.963245
10,92,0,3,9202.311083
10,93,0,3,9088.297273
10,94,0,3,8998.443173
10,95,0,3,9388.986103
10,96,0,3,9025.326704
10,97,0,3,9345.74076
10,98,0,3,9049.036569
10,99,0,3,9027.48881
10,100,0,3,9063.581963
10,101,0,3,9172.935996
10,102,0,3,9122.72111
10,103,0,3,9096.095058
10,104,0,3,8891.408201
10,105,0,3,9095.332448
10,106,0,3,9114.249805
10,107,0,3,9133.109946
10,108,0,3,9072.198359
10,109,0,3,9169.665941
10,110,0,3,8973.886945
10,111,0,3,9026.521401
10,112,0,3,9215.692225
10,113,0,3,9223.475806
10,114,0,3,9029.2272
10,115,0,3,9323.885522
10,116,0,3,9412.714885
10,117,0,3,9036.526036
10,118,0,3,8974.694203
10,119,0,3,9072.912803
10,120,0,3,9114.817982
10,121,0,3,9159.161993
10,122,0,3,9133.875135
10,123,0,3,9279.246971
10,124,0,3,9053.296408
10,125,0,3,9100.372224
10,126,0,3,9323.347938
10,127,0,3,9224.781086
10,128,0,3,9024.670783
10,129,0,3,9017.917949
10,130,0,3,9130.189243
10,131,0,3,9106.513665
10,132,0,3,9183.400587
10,133,0,3,8956.603099
10,134,0,3,9151.16024
10,135,0,3,9243.11033
10,136,0,3,9383.468925
10,137,0,3,9184.852742
10,138,0,3,9376.494354
10,139,0,3,8973.424485
10,140,0,3,9364.981536
10,141,0,3,9067.650388
10,142,0,3,8998.971855
10,143,0,3,9163.243086
10,144,0,3,9171.406419
10,145,0,3,9066.930355
10,146,0,3,9174.485819
10,147,0,3,8919.579768
10,148,0,3,9303.587876
10,149,0,3,9379.829119
10,150,0,3,9070.971386
10,151,0,3,9071.591237
10,152,0,3,9103.37887
10,153,0,3,9209.610281
10,154,0,3,9318.396217
10,155,0,3,9063.226797
10,156,0,3,9149.282919
10,157,0,3,9358.6624
10,158,0,3,9037.666299
10,159,0,3,9111.591913
10,160,0,3,9502.452212
10,161,0,3,9224.655592
10,162,0,3,9103.534071
10,163,0,3,9147.122406
10,164,0,3,9148.165724
10,165,0,3,9004.9473
10,166,0,3,9254.215768
10,167,0,3,9240.394588
10,168,0,3,9056.597526
10,169,0,3,9295.053397
10,170,0,3,9221.594055
10,171,0,3,8882.995093
10,172,0,3,9386.804562
10,173,0,3,8999.789343
10,174,0,3,8862.013578
10,175,0,3,9157.358725
10,176,0,3,9162.28576
10,177,0,3,9055.283065
10,178,0,3,9060.889226
10,179,0,3,9244.26353
10,180,0,3,9104.200326
10,181,0,3,9034.72345
10,182,0,3,9359.476249
10,183,0,3,9280.254463
10,184,0,3,9377.960707
10,185,0,3,9167.802746
10,186,0,3,9025.149364
10,187,0,3,9287.732907
10,188,0,3,9181.62211
10,189,0,3,9446.179793
10,190,0,3,9089.225826
10,191,0,3,9146.765177
10,192,0,3,9260.076009
10,193,0,3,9160.92441
10,194,0,3,9265.956605
10,195,0,3,9096.10411
10,196,0,3,9344.43798
10,197,0,3,9170.682241
10,198,0,3,8841.873106
10,199,0,3,9052.339554
10,200,0,3,9048.662038
10,201,0,3,9140.041559
10,202,0,3,9049.423119
10,203,0,3,9123.170608
10,204,0,3,9152.454134
10,205,0,3,9161.304227
10,206,0,3,9222.379266
10,207,0,3,9263.675524
10,208,0,3,8947.243174
10,209,0,3,9157.047816
10,210,0,3,9095.700586
10,211,0,3,8977.348212
10,212,0,3,9230.33107
10,213,0,3,8979.763995
10,214,0,3,9259.540159
10,215,0,3,9047.79594
10,216,0,3,9077.673249
10,217,0,3,9340.227751
10,218,0,3,9035.885031
10,219,0,3,9196.203884
10,220,0,3,9236.433328
10,221,0,3,8974.004162
10,222,0,3,9072.572063
10,223,0,3,9226.971625
10,224,0,3,9120.97827
10,225,0,3,9019.773989
10,226,0,3,9086.471807
10,227,0,3,9221.914103
10,228,0,3,9278.998294
10,229,0,3,9062.948578
10,230,0,3,9223.671327
10,231,0,3,9082.348243
10,232,0,3,9135.989453
10,233,0,3,9178.873117
10,234,0,3,8948.049139
10,235,0,3,8975.88578
10,236,0,3,9064.555239
10,237,0,3,9029.490291
10,238,0,3,9180.333123
10,239,0,3,9171.32514
10,240,0,3,8983.833171
10,241,0,3,9178.897363
10,242,0,3,8973.820162
10,243,0,3,9023.424842
10,244,0,3,9062.02969
10,245,0,3,9182.436084
10,246,0,3,9122.682672
10,247,0,3,9282.868128
10,248,0,3,9023.186042
10,249,0,3,9102.174569
10,250,0,3,9013.298764
10,251,0,3,9216.767695
10,252,0,3,9108.669736
10,253,0,3,9097.25178
10,254,0,3,9159.223078
10,255,0,3,9182.880525
10,256,0,3,9090.235061
10,257,0,3,9165.694891
10,258,0,3,9014.358067
10,259,0,3,9100.741987
10,260,0,3,9037.436165
10,261,0,3,8891.477383
10,262,0,3,8988.485182
10,263,0,3,9089.220864
10,264,0,3,9002.074696
10,265,0,3,9066.798526
10,266,0,3,9227.127896
10,267,0,3,9464.440059
10,268,0,3,9147.588875
10,269,0,3,9177.579949
10,270,0,3,9343.478087
10,271,0,3,9507.808759
10,272,0,3,8990.587881
10,273,0,3,8976.093207
10,274,0,3,9123.266345
10,275,0,3,8998.973408
10,276,0,3,9149.777267
10,277,0,3,9230.524081
10,278,0,3,9280.568644
10,279,0,3,9611.57335
10,280,0,3,9161.32216
10,281,0,3,9176.048038
10,282,0,3,8998.359205
10,283,0,3,9180.275659
10,284,0,3,9084.102882
10,285,0,3,9119.228261
10,286,0,3,9172.717339
10,287,0,3,9011.400298
10,288,0,3,9034.421528
10,289,0,3,9153.096002
10,290,0,3,9555.914489
10,291,0,3,9059.115386
10,292,0,3,9015.543395
10,293,0,3,8989.457388
10,294,0,3,8924.31559
10,295,0,3,9113.971824
10,296,0,3,9363.153269
10,297,0,3,9390.57225
10,298,0,3,9057.72785
10,299,0,3,8978.428173
10,300,0,3,9292.724425
10,301,0,3,8999.880704
10,302,0,3,9252.69356
10,303,0,3,9231.234775
10,304,0,3,9096.762565
10,305,0,3,9019.937328
10,306,0,3,9066.932537
10,307,0,3,9232.190269
10,308,0,3,9022.366198
10,309,0,3,9277.48986
10,310,0,3,9099.762991
10,311,0,3,9212.916434
10,312,0,3,9101.982448
10,313,0,3,9134.51125
10,314,0,3,9179.45053
10,315,0,3,9101.886274
10,316,0,3,9266.597914
10,317,0,3,9134.113434
10,318,0,3,9271.853145
10,319,0,3,9433.84282
10,320,0,3,9403.020409
10,321,0,3,9536.244237
10,322,0,3,8927.272396
10,323,0,3,9120.682387
10,324,0,3,9169.686891
10,325,0,3,9051.208464
10,326,0,3,9079.630132
10,327,0,3,8966.998712
10,328,0,3,9010.149521
10,329,0,3,9018.312282
10,330,0,3,9031.270907
10,331,0,3,8904.563027
10,332,0,3,8961.17865
10,333,0,3,9246.192363
10,334,0,3,9054.619309
10,335,0,3,9108.275213
10,336,0,3,9031.597867
10,337,0,3,8943.562802
10,338,0,3,9307.470058
10,339,0,3,9041.870228
10,340,0,3,9350.980806
10,341,0,3,9018.942707
10,342,0,3,9279.19422
10,343,0,3,9310.631538
10,344,0,3,9040.432728
10,345,0,3,9183.101012
10,346,0,3,9112.170411
10,347,0,3,9377.036564
10,348,0,3,9046.518187
10,349,0,3,9062.829235
10,350,0,3,9116.202541
10,351,0,3,9170.081191
10,352,0,3,9368.326054
10,353,0,3,9072.919317
10,354,0,3,8954.241242
10,355,0,3,9082.893763
10,356,0,3,9136.879114
10,357,0,3,9098.467683
10,358,0,3,9247.810025
10,359,0,3,9024.963288
10,360,0,3,8985.482455
10,361,0,3,9116.022842
10,362,0,3,9109.957084
10,363,0,3,8950.609395
10,364,0,3,9097.704498
10,365,0,3,9023.371629
10,366,0,3,9059.93046
10,367,0,3,9208.115842
10,368,0,3,9030.828467
10,369,0,3,9106.524245
10,370,0,3,9297.266514
10,371,0,3,9124.75718
10,372,0,3,9301.255708
10,373,0,3,9143.312965
10,374,0,3,8975.055438
10,375,0,3,9207.97786
10,376,0,3,9033.361248
10,377,0,3,9075.163873
10,378,0,3,9287.250595
10,379,0,3,9063.696125
10,380,0,3,9102.989287
10,381,0,3,9122.706035
10,382,0,3,9474.797693
10,383,0,3,8947.858139
10,384,0,3,9050.448921
10,385,0,3,9385.876052
10,386,0,3,9122.884101
10,387,0,3,9092.939506
10,388,0,3,9283.288529
10,389,0,3,9110.124458
10,390,0,3,8974.210873
10,391,0,3,9078.582428
10,392,0,3,9211.517449
10,393,0,3,9147.237614
10,394,0,3,9143.977454
10,395,0,3,9177.708673
10,396,0,3,9126.895275
10,397,0,3,9336.309393
10,398,0,3,9239.512198
10,399,0,3,9047.358246
10,400,0,3,9189.0047
10,401,0,3,9215.611289
10,402,0,3,8983.634192
10,403,0,3,9122.378803
10,404,0,3,9195.264487
10,405,0,3,8927.816323
10,406,0,3,9196.683918
10,407,0,3,9339.381613
10,408,0,3,9073.957895
10,409,0,3,9208.612937
10,410,0,3,8916.628521
10,411,0,3,9051.905313
10,412,0,3,9126.413931
10,413,0,3,9143.908405
10,414,0,3,9059.039343
10,415,0,3,8998.137756
10,416,0,3,9064.588732
10,417,0,3,9105.057969
10,418,0,3,9114.991313
10,419,0,3,9030.019161
10,420,0,3,9158.489837
10,421,0,3,9237.765439
10,422,0,3,8939.270309
10,423,0,3,9132.339698
10,424,0,3,9094.118936
10,425,0,3,9143.499502
10,426,0,3,9316.723802
10,427,0,3,9231.688407
10,428,0,3,9118.318065
10,429,0,3,9119.07339
10,430,0,3,8952.878743
10,431,0,3,9024.94234
10,432,0,3,9005.695876
10,433,0,3,8992.529038
10,434,0,3,9325.904612
10,435,0,3,9027.034418
10,436,0,3,9174.965709
10,437,0,3,9069.829815
10,438,0,3,9107.272313
10,439,0,3,9331.355296
10,440,0,3,9103.833628
10,441,0,3,9106.216664
10,442,0,3,9153.535291
10,443,0,3,8981.680189
10,444,0,3,9189.72527
10,445,0,3,9230.447777
10,446,0,3,9103.578512
10,447,0,3,9518.873389
10,448,0,3,9111.186574
10,449,0,3,8894.02202
10,450,0,3,9359.218921
10,451,0,3,9587.997024
10,452,0,3,9168.999824
10,453,0,3,9002.229565
10,454,0,3,9105.708868
10,455,0,3,8907.091175
10,456,0,3,9187.342733
10,457,0,3,9062.828329
10,458,0,3,9302.362014
10,459,0,3,9009.697264
10,460,0,3,9220.666034
10,461,0,3,9328.961074
10,462,0,3,9362.483358
10,463,0,3,9074.735317
10,464,0,3,9180.80006
10,465,0,3,9145.800581
10,466,0,3,9040.194328
10,467,0,3,9292.814275
10,468,0,3,8947.098577
10,469,0,3,9159.336604
10,470,0,3,9389.755032
10,471,0,3,9472.35371
10,472,0,3,8987.427389
10,473,0,3,9354.142833
10,474,0,3,9135.788756
10,475,0,3,8982.792178
10,476,0,3,8970.357811
10,477,0,3,9064.108974
10,478,0,3,9301.813925
10,479,0,3,9043.23716
10,480,0,3,9169.315817
10,481,0,3,8914.84811
10,482,0,3,8941.848931
10,483,0,3,9128.856724
10,484,0,3,9169.082632
10,485,0,3,8995.011868
10,486,0,3,9000.146024
10,487,0,3,9102.996272
10,488,0,3,9121.579038
10,489,0,3,9290.600375
10,490,0,3,9027.496553
10,491,0,3,9070.05987
10,492,0,3,8966.468412
10,493,0,3,8998.357869
10,494,0,3,9039.825417
10,495,0,3,9150.38701
10,496,0,3,8967.520454
10,497,0,3,9046.38028
10,498,0,3,9071.939719
10,499,0,3,9196.401494
10,500,0,3,8958.607261
10,501,0,3,8850.21073
10,502,0,3,9047.630244
10,503,0,3,9126.017604
10,504,0,3,9016.256041
10,505,0,3,9153.928531
10,506,0,3,9124.516038
10,507,0,3,9229.374531
10,508,0,3,9130.8222
10,509,0,3,8960.002332
10,510,0,3,9058.312244
10,511,0,3,9196.020855
10,512,0,3,9193.681341
10,513,0,3,9146.224561
10,514,0,3,9034.457926
10,515,0,3,9106.956422
10,516,0,3,9141.667449
10,517,0,3,9212.402884
10,518,0,3,9152.592927
10,519,0,3,9215.238687
10,520,0,3,9213.437518
10,521,0,3,9071.343983
10,522,0,3,9102.491496
10,523,0,3,9028.183581
10,524,0,3,9065.501209
10,525,0,3,9153.878882
10,526,0,3,9043.143001
10,527,0,3,9294.111884
10,528,0,3,9194.361489
10,529,0,3,9264.320762
10,530,0,3,9339.219539
10,531,0,3,9185.029985
10,532,0,3,9015.992878
10,533,0,3,9032.8203
10,534,0,3,9167.219866
10,535,0,3,9288.510998
10,536,0,3,9219.125879
10,537,0,3,9225.596497
10,538,0,3,9086.118651
10,539,0,3,8894.214079
10,540,0,3,9182.43994
10,541,0,3,9019.772809
10,542,0,3,9211.694437
10,543,0,3,8982.153354
10,544,0,3,9077.302657
10,545,0,3,9233.868026
10,546,0,3,9199.478993
10,547,0,3,9178.421801
10,548,0,3,9445.75486
10,549,0,3,9079.906168
10,550,0,3,8896.43107
10,551,0,3,8965.506254
10,552,0,3,9042.57256
10,553,0,3,9227.298509
10,554,0,3,8974.561676
10,555,0,3,8950.553233
10,556,0,3,9289.036479
10,557,0,3,9062.199252
10,558,0,3,8892.880852
10,559,0,3,9161.167594
10,560,0,3,8974.560342
10,561,0,3,8861.282125
10,562,0,3,8879.550894
10,563,0,3,9144.934594
10,564,0,3,9021.395199
10,565,0,3,9248.64359
10,566,0,3,9189.857578
10,567,0,3,9273.261574
10,568,0,3,9154.404499
10,569,0,3,9194.05433
10,570,0,3,9255.393651
10,571,0,3,9181.914149
10,572,0,3,8976.683586
10,573,0,3,9147.301631
10,574,0,3,9163.712158
10,575,0,3,9152.999378
10,576,0,3,9108.727915
10,577,0,3,9117.401084
10,578,0,3,9368.7771
10,579,0,3,9044.909543
10,580,0,3,9030.002767
10,581,0,3,9046.620982
10,582,0,3,9076.382165
10,583,0,3,9073.433429
10,584,0,3,9129.845071
10,585,0,3,9244.179689
10,586,0,3,9034.683
10,587,0,3,8996.17921
10,588,0,3,9075.149067
10,589,0,3,9039.483466
10,590,0,3,8981.036705
10,591,0,3,8981.586868
10,592,0,3,9179.949835
10,593,0,3,9315.708185
10,594,0,3,9210.501555
10,595,0,3,8997.817321
10,596,0,3,8989.045855
10,597,0,3,9089.77259
10,598,0,3,9411.863235
10,599,0,3,9214.975222
10,600,0,3,9049.67699
10,601,0,3,9049.126569
10,602,0,3,9244.940862
10,603,0,3,9149.793276
10,604,0,3,9081.596434
10,605,0,3,9035.054949
10,606,0,3,9042.62294
10,607,0,3,9034.616805
10,608,0,3,9217.836805
10,609,0,3,9325.942228
10,610,0,3,9204.104325
10,611,0,3,9134.841777
10,612,0,3,9262.214636
10,613,0,3,9138.926989
10,614,0,3,9250.519394
10,615,0,3,9253.167368
10,616,0,3,8994.350544
10,617,0,3,9430.450574
10,618,0,3,9077.556805
10,619,0,3,9287.385395
10,620,0,3,9156.876627
10,621,0,3,9022.737078
10,622,0,3,9112.871741
10,623,0,3,9089.155077
10,624,0,3,9377.434707
10,625,0,3,9099.641416
10,626,0,3,9058.441956
10,627,0,3,9089.159079
10,628,0,3,9158.022862
10,629,0,3,9054.448893
10,630,0,3,9110.059465
10,631,0,3,9083.264473
10,632,0,3,8953.0056
10,633,0,3,9113.82898
10,634,0,3,9016.522803
10,635,0,3,9061.53753
10,636,0,3,9098.388608
10,637,0,3,9133.348308
10,638,0,3,9152.944466
10,639,0,3,9002.763272
10,640,0,3,9201.403642
10,641,0,3,9015.560387
10,642,0,3,9050.071252
10,643,0,3,9108.999612
10,644,0,3,8926.999521
10,645,0,3,9182.283074
10,646,0,3,9061.942268
10,647,0,3,9145.877444
10,648,0,3,9039.082705
10,649,0,3,9108.433609
10,650,0,3,8987.695037
10,651,0,3,9375.277505
10,652,0,3,9303.204938
10,653,0,3,9132.917208
10,654,0,3,9084.608811
10,655,0,3,9086.028552
10,656,0,3,8822.720518
10,657,0,3,9073.714072
10,658,0,3,9138.13526
10,659,0,3,9248.298241
10,660,0,3,9234.137889
10,661,0,3,9191.202223
10,662,0,3,8988.982442
10,663,0,3,9188.211887
10,664,0,3,9180.681523
10,665,0,3,8995.732474
10,666,0,3,8898.550113
10,667,0,3,9065.27276
10,668,0,3,9223.938506
10,669,0,3,8950.819182
10,670,0,3,9289.655221
10,671,0,3,9053.49221
10,672,0,3,9059.329482
10,673,0,3,9016.871116
10,674,0,3,9152.750119
10,675,0,3,9263.990215
10,676,0,3,9038.703215
10,677,0,3,9169.03714
10,678,0,3,9461.743093
10,679,0,3,9208.810783
10,680,0,3,9654.402671
10,681,0,3,9188.139419
10,682,0,3,8862.083019
10,683,0,3,9125.933925
10,684,0,3,9151.055984
10,685,0,3,9333.599197
10,686,0,3,9322.831961
10,687,0,3,9219.532596
10,688,0,3,9042.208691
10,689,0,3,9147.761807
10,690,0,3,9217.524345
10,691,0,3,9668.208821
10,692,0,3,9180.912116
10,693,0,3,9009.743097
10,694,0,3,9004.821646
10,695,0,3,9012.109327
10,696,0,3,8970.104272
10,697,0,3,8985.062571
10,698,0,3,9006.157307
10,699,0,3,8944.30207
10,700,0,3,9009.416692
10,701,0,3,9339.199279
10,702,0,3,9219.298361
10,703,0,3,9112.329227
10,704,0,3,8966.960743
10,705,0,3,9258.546987
10,706,0,3,8993.342708
10,707,0,3,9220.469252
10,708,0,3,9069.47685
10,709,0,3,9071.932727
10,710,0,3,9059.209823
10,711,0,3,9080.214105
10,712,0,3,9446.141415
10,713,0,3,9146.493011
10,714,0,3,9045.420412
10,715,0,3,9222.094609
10,716,0,3,9050.45323
10,717,0,3,9242.391509
10,718,0,3,9277.989986
10,719,0,3,9053.196797
10,720,0,3,9094.407487
10,721,0,3,9110.731354
10,722,0,3,8990.631252
10,723,0,3,8938.575237
10,724,0,3,9350.758001
10,725,0,3,9170.031829
10,726,0,3,9123.469363
10,727,0,3,9132.112913
10,728,0,3,9195.877472
10,729,0,3,9043.829327
10,730,0,3,9225.444811
10,731,0,3,8929.126995
10,732,0,3,9227.616678
10,733,0,3,9139.119241
10,734,0,3,9130.346016
10,735,0,3,9168.562439
10,736,0,3,8930.875389
10,737,0,3,9116.139701
10,738,0,3,9442.498191
10,739,0,3,9129.655278
10,740,0,3,9161.806324
10,741,0,3,9389.634677
10,742,0,3,9123.030976
10,743,0,3,9049.102746
10,744,0,3,9080.067203
10,745,0,3,8981.23768
10,746,0,3,9094.006941
10,747,0,3,8958.240185
10,748,0,3,9319.847902
10,749,0,3,9043.427922
10,750,0,3,9268.069026
10,751,0,3,9133.300751
10,752,0,3,9066.831997
10,753,0,3,8971.498466
10,754,0,3,9225.106298
10,755,0,3,8848.62538
10,756,0,3,9077.702154
10,757,0,3,9034.3801
10,758,0,3,9172.830569
10,759,0,3,8946.593103
10,760,0,3,9033.61025
10,761,0,3,9182.282763
10,762,0,3,8923.011711
10,763,0,3,9014.243357
10,764,0,3,9422.359876
10,765,0,3,8915.115106
10,766,0,3,9097.011671
10,767,0,3,9178.346644
10,768,0,3,9381.56089
10,769,0,3,9097.908108
10,770,0,3,9014.948777
10,771,0,3,9062.828861
10,772,0,3,9409.547098
10,773,0,3,9113.259897
10,774,0,3,9195.627234
10,775,0,3,9049.19981
10,776,0,3,9293.941975
10,777,0,3,9086.841569
10,778,0,3,9226.764331
10,779,0,3,9242.775975
10,780,0,3,9142.520717
10,781,0,3,8989.861922
10,782,0,3,9187.781216
10,783,0,3,8978.257967
10,784,0,3,9239.182574
10,785,0,3,9245.67544
10,786,0,3,9297.524059
10,787,0,3,9123.507769
10,788,0,3,8955.118648
10,789,0,3,9118.72667
10,790,0,3,9132.35296
10,791,0,3,9053.91119
10,792,0,3,8951.121375
10,793,0,3,9012.679116
10,794,0,3,9026.757481
10,795,0,3,9112.19609
10,796,0,3,9173.737889
10,797,0,3,9055.749071
10,798,0,3,8938.723815
10,799,0,3,9195.842177
10,800,0,3,9224.487515
10,801,0,3,9137.78623
10,802,0,3,9152.579384
10,803,0,3,9255.378319
10,804,0,3,9050.597984
10,805,0,3,9088.161615
10,806,0,3,9102.898495
10,807,0,3,8938.869118
10,808,0,3,9210.516417
10,809,0,3,9117.127774
10,810,0,3,9023.883096
10,811,0,3,9074.165813
10,812,0,3,8969.653319
10,813,0,3,9514.747681
10,814,0,3,9262.714245
10,815,0,3,9063.04876
10,816,0,3,8951.770616
10,817,0,3,9084.242328
10,818,0,3,9438.381802
10,819,0,3,8990.207953
10,820,0,3,9051.00281
10,821,0,3,9122.899858
10,822,0,3,9316.71284
10,823,0,3,8976.851649
10,824,0,3,8956.960946
10,825,0,3,9216.919554
10,826,0,3,9133.139524
10,827,0,3,9169.121892
10,828,0,3,9116.065238
10,829,0,3,9011.810798
10,830,0,3,9122.770871
10,831,0,3,8950.187976
10,832,0,3,8985.490344
10,833,0,3,9056.190687
10,834,0,3,9086.647382
10,835,0,3,8989.809458
10,836,0,3,9094.689262
10,837,0,3,9071.679351
10,838,0,3,9069.820041
10,839,0,3,9390.597628
10,840,0,3,9299.55391
10,841,0,3,9115.446025
10,842,0,3,9213.24677
10,843,0,3,9150.325849
10,844,0,3,9151.085581
10,845,0,3,9150.653951
10,846,0,3,9021.914021
10,847,0,3,9078.372224
10,848,0,3,9155.430027
10,849,0,3,9036.2519
10,850,0,3,9136.279613
10,851,0,3,9379.012886
10,852,0,3,8977.812039
10,853,0,3,9504.55937
10,854,0,3,9360.329185
10,855,0,3,9112.008798
10,856,0,3,9145.245345
10,857,0,3,9444.777068
10,858,0,3,9052.916719
10,859,0,3,9127.927334
10,860,0,3,9071.441623
10,861,0,3,9106.882813
10,862,0,3,9412.239544
10,863,0,3,8952.079413
10,864,0,3,8916.503838
10,865,0,3,9152.734125
10,866,0,3,9092.931448
10,867,0,3,8903.951877
10,868,0,3,8996.115964
10,869,0,3,8962.965247
10,870,0,3,9408.956555
10,871,0,3,9099.166959
10,872,0,3,9157.1451
10,873,0,3,9138.351359
10,874,0,3,9256.168144
10,875,0,3,9198.287683
10,876,0,3,9221.061998
10,877,0,3,8976.206212
10,878,0,3,8952.861945
10,879,0,3,9145.191795
10,880,0,3,8947.766349
10,881,0,3,9043.032663
10,882,0,3,9058.40826
10,883,0,3,9225.021025
10,884,0,3,9314.91065
10,885,0,3,9024.439285
10,886,0,3,9113.34601
10,887,0,3,8969.536684
10,888,0,3,9098.496583
10,889,0,3,9201.556935
10,890,0,3,9209.01167
10,891,0,3,9321.003608
10,892,0,3,9064.855022
10,893,0,3,8984.78468
10,894,0,3,9098.800134
10,895,0,3,9188.179526
10,896,0,3,9152.609159
10,897,0,3,9095.849639
10,898,0,3,9008.297501
10,899,0,3,9048.415943
10,900,0,3,9136.734882
10,901,0,3,9157.311539
10,902,0,3,9340.769526
10,903,0,3,9092.985845
10,904,0,3,9054.111312
10,905,0,3,9117.28679
10,906,0,3,9196.307538
10,907,0,3,8974.930635
10,908,0,3,9165.472081
10,909,0,3,9288.419907
10,910,0,3,9067.134449
10,911,0,3,9444.927354
10,912,0,3,8918.166098
10,913,0,3,9208.783736
10,914,0,3,9106.104674
10,915,0,3,9175.740842
10,916,0,3,9049.705223
10,917,0,3,9065.426554
10,918,0,3,9225.338354
10,919,0,3,9089.33828
10,920,0,3,9136.363586
10,921,0,3,9324.454275
10,922,0,3,9201.314697
10,923,0,3,9159.03338
10,924,0,3,9069.074214
10,925,0,3,9109.080084
10,926,0,3,9004.219793
10,927,0,3,9050.901347
10,928,0,3,9111.369054
10,929,0,3,9098.293087
10,930,0,3,9124.935323
10,931,0,3,9155.921583
10,932,0,3,9150.886204
10,933,0,3,9177.274937
10,934,0,3,9295.089319
10,935,0,3,9112.251722
10,936,0,3,9181.61208
10,937,0,3,9134.405906
10,938,0,3,9423.377537
10,939,0,3,9452.078138
10,940,0,3,9319.638945
10,941,0,3,9045.113644
10,942,0,3,9011.967385
10,943,0,3,9119.480828
10,944,0,3,8922.801916
10,945,0,3,8953.71324
10,946,0,3,8902.984481
10,947,0,3,9062.740957
10,948,0,3,9033.834534
10,949,0,3,8995.497954
10,950,0,3,9110.980203
10,951,0,3,9191.189856
10,952,0,3,9227.0207
10,953,0,3,9009.315361
10,954,0,3,9183.014688
10,955,0,3,9060.805791
10,956,0,3,9324.163288
10,957,0,3,9160.468217
10,958,0,3,9361.133484
10,959,0,3,9121.602062
10,960,0,3,8988.74914
10,961,0,3,9167.407619
10,962,0,3,9241.239861
10,963,0,3,9067.698228
10,964,0,3,9414.9696
10,965,0,3,9236.15707
10,966,0,3,8847.667018
10,967,0,3,9074.148007
10,968,0,3,8954.063788
10,969,0,3,9150.023546
10,970,0,3,9079.973273
10,971,0,3,9382.209912
10,972,0,3,9107.238625
10,973,0,3,9004.888189
10,974,0,3,9106.67253
10,975,0,3,9192.068523
10,976,0,3,9308.878123
10,977,0,3,9040.699412
10,978,0,3,9210.910905
10,979,0,3,9152.670431
10,980,0,3,8977.460903
10,981,0,3,9119.148193
10,982,0,3,9215.480125
10,983,0,3,9406.939334
10,984,0,3,9594.177896
10,985,0,3,9239.82779
10,986,0,3,9095.754823
10,987,0,3,9083.589196
10,988,0,3,9088.328192
10,989,0,3,9206.726669
10,990,0,3,9298.406443
10,991,0,3,9131.403254
10,992,0,3,9298.288184
10,993,0,3,8830.127645
10,994,0,3,9276.583248
10,995,0,3,9116.670505
10,996,0,3,9032.846559
10,997,0,3,9154.033229
10,998,0,3,9194.35457
10,999,0,3,9209.499827
1,0,0,5,31227.039409
1,1,0,5,31446.16103
1,2,0,5,30893.962835
1,3,0,5,31045.598205
1,4,0,5,30952.437021
1,5,0,5,31213.066203
1,6,0,5,31191.686573
1,7,0,5,30874.365805
1,8,0,5,31165.978984
1,9,0,5,31170.266159
1,10,0,5,31274.639617
1,11,0,5,31386.257935
1,12,0,5,31311.802146
1,13,0,5,31269.907991
1,14,0,5,31297.086932
1,15,0,5,31981.245282
1,16,0,5,31161.662203
1,17,0,5,30780.961968
1,18,0,5,30965.93783
1,19,0,5,31537.188198
1,20,0,5,31179.407358
1,21,0,5,31122.262885
1,22,0,5,31079.0285
1,23,0,5,31374.267864
1,24,0,5,31279.936452
1,25,0,5,31363.563489
1,26,0,5,31240.90337
1,27,0,5,31050.856208
1,28,0,5,31382.001459
1,29,0,5,30998.87423
1,30,0,5,31113.340876
1,31,0,5,32061.221257
1,32,0,5,31050.650544
1,33,0,5,31426.254838
1,34,0,5,31193.65936
1,35,0,5,31485.982238
1,36,0,5,31668.18525
1,37,0,5,31264.398708
1,38,0,5,31174.144385
1,39,0,5,31181.556756
1,40,0,5,31987.021073
1,41,0,5,31057.802554
1,42,0,5,30822.296867
1,43,0,5,30955.734846
1,44,0,5,30791.36457
1,45,0,5,31082.215185
1,46,0,5,30778.958398
1,47,0,5,31233.713577
1,48,0,5,31428.477563
1,49,0,5,30930.775364
1,50,0,5,31687.679664
1,51,0,5,31161.027153
1,52,0,5,31143.673281
1,53,0,5,31428.75951
1,54,0,5,31235.92562
1,55,0,5,31141.011008
1,56,0,5,30971.82158
1,57,0,5,31149.125294
1,58,0,5,31364.132957
1,59,0,5,30870.416964
1,60,0,5,31466.741063
1,61,0,5,30696.541211
1,62,0,5,31455.77443
1,63,0,5,30964.246114
1,64,0,5,31882.529119
1,65,0,5,31863.840538
1,66,0,5,31445.384245
1,67,0,5,31390.156207
1,68,0,5,31030.374246
1,69,0,5,30997.543718
1,70,0,5,30848.728631
1,71,0,5,31512.692317
1,72,0,5,30772.524302
1,73,0,5,30931.926793
1,74,0,5,30915.080813
1,75,0,5,30728.160367
1,76,0,5,31122.836538
1,77,0,5,31055.727107
1,78,0,5,30948.932822
1,79,0,5,31624.000654
1,80,0,5,31040.145219
1,81,0,5,31105.38864
1,82,0,5,31609.938025
1,83,0,5,31508.632675
1,84,0,5,31012.65416
1,85,0,5,30890.085372
1,86,0,5,31183.739853
1,87,0,5,31123.199442
1,88,0,5,31067.367162
1,89,0,5,30884.281122
1,90,0,5,31302.696922
1,91,0,5,30927.558791
1,92,0,5,32400.145625
1,93,0,5,31281.551445
1,94,0,5,30956.084984
1,95,0,5,31230.205796
1,96,0,5,31223.191558
1,97,0,5,30829.019127
1,98,0,5,30969.588543
1,99,0,5,30970.044818
1,100,0,5,31079.633893
1,101,0,5,31152.453054
1,102,0,5,31305.834083
1,103,0,5,30889.636066
1,104,0,5,30915.097967
1,105,0,5,30952.085145
1,106,0,5,31430.262067
1,107,0,5,31264.008925
1,108,0,5,30853.517833
1,109,0,5,31254.321992
1,110,0,5,31311.886382
1,111,0,5,31489.9393
1,112,0,5,31233.084617
1,113,0,5,31206.097221
1,114,0,5,31180.888975
1,115,0,5,31481.760213
1,116,0,5,31270.409703
1,117,0,5,30990.54512
1,118,0,5,31588.107799
1,119,0,5,31210.007206
1,120,0,5,31356.769119
1,121,0,5,31263.133393
1,122,0,5,31172.372965
1,123,0,5,30988.466045
1,124,0,5,31354.339812
1,125,0,5,31534.425134
1,126,0,5,31106.497053
1,127,0,5,30861.77631
1,128,0,5,30947.548108
1,129,0,5,30973.104174
1,130,0,5,31159.819302
1,131,0,5,31291.469834
1,132,0,5,30669.045988
1,133,0,5,31171.791344
1,134,0,5,31504.013749
1,135,0,5,31586.184624
1,136,0,5,30982.702036
1,137,0,5,31605.593704
1,138,0,5,31099.092453
1,139,0,5,31360.561321
1,140,0,5,31165.205026
1,141,0,5,31078.049864
1,142,0,5,31607.53047
1,143,0,5,31583.990851
1,144,0,5,31324.634758
1,145,0,5,31185.034986
1,146,0,5,31479.952322
1,147,0,5,31512.667827
1,148,0,5,30932.449919
1,149,0,5,31189.133808
1,150,0,5,30623.666534
1,151,0,5,31232.835809
1,152,0,5,31234.723776
1,153,0,5,31212.289661
1,154,0,5,32175.034746
1,155,0,5,30609.739906
1,156,0,5,30865.705414
1,157,0,5,31415.367441
1,158,0,5,31079.798445
1,159,0,5,31593.159009
1,160,0,5,31118.609144
1,161,0,5,30859.438308
1,162,0,5,31621.902656
1,163,0,5,31202.697937
1,164,0,5,31071.62213
1,165,0,5,30898.441985
1,166,0,5,31278.549137
1,167,0,5,31661.317889
1,168,0,5,31324.014363
1,169,0,5,31030.46474
1,170,0,5,30890.774566
1,171,0,5,31570.348231
1,172,0,5,30992.225901
1,173,0,5,31391.70439
1,174,0,5,31384.563689
1,175,0,5,31332.076659
1,176,0,5,31074.769916
1,177,0,5,31101.158392
1,178,0,5,30924.767002
1,179,0,5,31457.614269
1,180,0,5,31160.204321
1,181,0,5,31070.286055
1,182,0,5,31504.397433
1,183,0,5,31290.778352
1,184,0,5,32707.944194
1,185,0,5,31306.622461
1,186,0,5,31386.474662
1,187,0,5,31416.97205
1,188,0,5,32021.522821
1,189,0,5,31204.904507
1,190,0,5,31314.934166
1,191,0,5,31120.81543
1,192,0,5,31046.308093
1,193,0,5,31424.414456
1,194,0,5,31772.109151
1,195,0,5,31428.852481
1,196,0,5,31245.973955
1,197,0,5,31011.700866
1,198,0,5,31255.195408
1,199,0,5,31089.413744
1,200,0,5,31052.407598
1,201,0,5,31026.12929
1,202,0,5,31428.005328
1,203,0,5,30747.825362
1,204,0,5,31527.197991
1,205,0,5,30744.958957
1,206,0,5,31187.3362
1,207,0,5,30959.82765
1,208,0,5,31368.894336
1,209,0,5,31372.753252
1,210,0,5,31174.414919
1,211,0,5,31918.126794
1,212,0,5,31300.438533
1,213,0,5,31531.469798
1,214,0,5,30834.935544
1,215,0,5,30833.566588
1,216,0,5,31451.431595
1,217,0,5,30914.36061
1,218,0,5,31165.44118
1,219,0,5,30993.348188
1,220,0,5,31001.911759
1,221,0,5,31588.673161
1,222,0,5,31023.037271
1,223,0,5,32002.117957
1,224,0,5,31274.713992
1,225,0,5,31189.506274
1,226,0,5,30973.056131
1,227,0,5,31307.408624
1,228,0,5,31200.949124
1,229,0,5,31398.511384
1,230,0,5,31083.127992
1,231,0,5,31468.964595
1,232,0,5,31383.974094
1,233,0,5,31396.588769
1,234,0,5,31225.926264
1,235,0,5,31048.342437
1,236,0,5,31974.175356
1,237,0,5,31426.304838
1,238,0,5,31009.304377
1,239,0,5,31037.643954
1,240,0,5,31755.923834
1,241,0,5,31146.79697
1,242,0,5,30984.942631
1,243,0,5,31403.110611
1,244,0,5,31456.119714
1,245,0,5,30638.739505
1,246,0,5,31662.752592
1,247,0,5,30829.824035
1,248,0,5,31090.401648
1,249,0,5,30976.661439
1,250,0,5,31134.087168
1,251,0,5,31578.717722
1,252,0,5,31418.490155
1,253,0,5,31270.435487
1,254,0,5,30950.007576
1,255,0,5,31248.330251
1,256,0,5,31136.609405
1,257,0,5,31624.041363
1,258,0,5,31113.047379
1,259,0,5,31245.114855
1,260,0,5,31337.701511
1,261,0,5,31086.181074
1,262,0,5,31739.342005
1,263,0,5,31099.221196
1,264,0,5,30929.849713
1,265,0,5,31118.735132
1,266,0,5,31199.104779
1,267,0,5,30944.452457
1,268,0,5,31141.849436
1,269,0,5,31479.981066
1,270,0,5,31127.75696
1,271,0,5,31279.139005
1,272,0,5,31224.006015
1,273,0,5,31396.227079
1,274,0,5,31421.15223
1,275,0,5,31340.271352
1,276,0,5,31890.396273
1,277,0,5,31853.298908
1,278,0,5,31362.184369
1,279,0,5,31182.356463
1,280,0,5,31155.988128
1,281,0,5,30786.850499
1,282,0,5,31777.672334
1,283,0,5,31413.34988
1,284,0,5,30871.74281
1,285,0,5,30942.349621
1,286,0,5,30884.494756
1,287,0,5,31070.950395
1,288,0,5,31058.808914
1,289,0,5,31603.365298
1,290,0,5,30887.810518
1,291,0,5,31001.178679
1,292,0,5,31243.603477
1,293,0,5,31241.552185
1,294,0,5,31135.021433
1,295,0,5,30968.617707
1,296,0,5,31352.864601
1,297,0,5,31009.703955
1,298,0,5,31144.719381
1,299,0,5,31782.756761
1,300,0,5,31017.419057
1,301,0,5,31047.569881
1,302,0,5,31751.697393
1,303,0,5,31138.569388
1,304,0,5,31209.821759
1,305,0,5,30751.602595
1,306,0,5,31728.372947
1,307,0,5,31001.161489
1,308,0,5,31174.701223
1,309,0,5,31711.301252
1,310,0,5,31412.182708
1,311,0,5,31035.680046
1,312,0,5,31191.807937
1,313,0,5,31483.371276
1,314,0,5,31512.268096
1,315,0,5,32261.339491
1,316,0,5,31608.155507
1,317,0,5,31070.337008
1,318,0,5,30790.466842
1,319,0,5,31768.745246
1,320,0,5,30795.607172
1,321,0,5,31153.392736
1,322,0,5,31265.679665
1,323,0,5,31113.766047
1,324,0,5,31512.653995
1,325,0,5,31227.471921
1,326,0,5,31123.28855
1,327,0,5,31105.284303
1,328,0,5,31061.374703
1,329,0,5,30859.37744
1,330,0,5,31305.121602
1,331,0,5,32365.756063
1,332,0,5,31250.832801
1,333,0,5,31084.387116
1,334,0,5,30713.079482
1,335,0,5,31221.511098
1,336,0,5,30742.038243
1,337,0,5,31239.08686
1,338,0,5,31673.679466
1,339,0,5,30803.159741
1,340,0,5,30916.378252
1,341,0,5,31104.851175
1,342,0,5,31153.54826
1,343,0,5,31473.744755
1,344,0,5,31477.030896
1,345,0,5,31092.060927
1,346,0,5,31116.523261
1,347,0,5,31352.025501
1,348,0,5,31321.689215
1,349,0,5,31501.199132
1,350,0,5,31085.092085
1,351,0,5,31266.312136
1,352,0,5,30804.192648
1,353,0,5,31041.025375
1,354,0,5,31821.642386
1,355,0,5,31731.130791
1,356,0,5,31419.332125
1,357,0,5,31011.512507
1,358,0,5,32328.002457
1,359,0,5,31782.389053
1,360,0,5,31255.181318
1,361,0,5,31463.069757
1,362,0,5,31373.374015
1,363,0,5,30971.245148
1,364,0,5,31172.410125
1,365,0,5,30915.567018
1,366,0,5,31128.34938
1,367,0,5,31053.337724
1,368,0,5,31326.877752
1,369,0,5,31120.554015
1,370,0,5,31125.040816
1,371,0,5,31533.206819
1,372,0,5,31235.642903
1,373,0,5,31417.248953
1,374,0,5,31301.447044
1,375,0,5,31096.666692
1,376,0,5,31310.03054
1,377,0,5,31142.730104
1,378,0,5,30929.936974
1,379,0,5,31322.140429
1,380,0,5,31427.302594
1,381,0,5,31094.782952
1,382,0,5,31814.970851
1,383,0,5,31529.797259
1,384,0,5,31483.968814
1,385,0,5,31740.254287
1,386,0,5,31012.134762
1,387,0,5,31201.092013
1,388,0,5,31240.303375
1,389,0,5,31334.529891
1,390,0,5,31416.533962
1,391,0,5,31347.324512
1,392,0,5,30983.500236
1,393,0,5,31055.980111
1,394,0,5,30958.387666
1,395,0,5,31198.768132
1,396,0,5,31234.455415
1,397,0,5,30917.681098
1,398,0,5,30992.551778
1,399,0,5,31331.523935
1,400,0,5,31439.676918
1,401,0,5,31282.519276
1,402,0,5,30891.784558
1,403,0,5,30871.532337
1,404,0,5,31374.905383
1,405,0,5,31372.007014
1,406,0,5,31226.146555
1,407,0,5,31822.071237
1,408,0,5,31147.545635
1,409,0,5,31231.058552
1,410,0,5,31540.714847
1,411,0,5,31213.209512
1,412,0,5,31606.489875
1,413,0,5,30889.576627
1,414,0,5,31016.648637
1,415,0,5,31417.320243
1,416,0,5,31305.058775
1,417,0,5,30933.708163
1,418,0,5,31682.923226
1,419,0,5,31220.892116
1,420,0,5,31418.232401
1,421,0,5,31072.030472
1,422,0,5,31027.372264
1,423,0,5,31100.634025
1,424,0,5,31214.099606
1,425,0,5,31200.145796
1,426,0,5,31166.481823
1,427,0,5,31128.633129
1,428,0,5,30701.045755
1,429,0,5,30824.300946
1,430,0,5,31066.800967
1,431,0,5,31054.222256
1,432,0,5,31128.120266
1,433,0,5,30768.328425
1,434,0,5,31080.958959
1,435,0,5,31317.859908
1,436,0,5,31546.241408
1,437,0,5,31071.607446
1,438,0,5,31864.059732
1,439,0,5,31158.799468
1,440,0,5,31050.392571
1,441,0,5,30903.042261
1,442,0,5,31102.009614
1,443,0,5,31424.465254
1,444,0,5,31001.821439
1,445,0,5,30802.56352
1,446,0,5,31144.613609
1,447,0,5,31223.812056
1,448,0,5,31605.520215
1,449,0,5,31003.265792
1,450,0,5,31523.36702
1,451,0,5,31075.016403
1,452,0,5,30614.346457
1,453,0,5,31327.886671
1,454,0,5,30560.844519
1,455,0,5,31271.28867
1,456,0,5,30848.541875
1,457,0,5,31210.250636
1,458,0,5,30685.510902
1,459,0,5,31233.547086
1,460,0,5,31633.733102
1,461,0,5,31637.057044
1,462,0,5,31267.285549
1,463,0,5,31291.710828
1,464,0,5,31639.065644
1,465,0,5,31285.426079
1,466,0,5,31732.110489
1,467,0,5,31077.507028
1,468,0,5,31517.841185
1,469,0,5,31223.696432
1,470,0,5,31231.574086
1,471,0,5,31200.058634
1,472,0,5,31224.844689
1,473,0,5,31016.09865
1,474,0,5,30679.36439
1,475,0,5,31248.76243
1,476,0,5,30979.964965
1,477,0,5,30682.735897
1,478,0,5,31155.146058
1,479,0,5,31181.60133
1,480,0,5,30984.868837
1,481,0,5,31138.397242
1,482,0,5,31248.324763
1,483,0,5,30943.567686
1,484,0,5,30809.151031
1,485,0,5,31520.35544
1,486,0,5,31524.498815
1,487,0,5,31074.038186
1,488,0,5,31549.405186
1,489,0,5,30886.345908
1,490,0,5,31654.149745
1,491,0,5,31449.047475
1,492,0,5,31261.991883
1,493,0,5,31653.880432
1,494,0,5,31960.278402
1,495,0,5,31241.763086
1,496,0,5,30612.347271
1,497,0,5,31657.368284
1,498,0,5,31139.5767
1,499,0,5,31190.876127
1,500,0,5,31642.791318
1,501,0,5,31082.667736
1,502,0,5,31354.166557
1,503,0,5,31016.084919
1,504,0,5,31069.7837
1,505,0,5,31342.52416
1,506,0,5,31120.216043
1,507,0,5,31039.706369
1,508,0,5,31430.051773
1,509,0,5,31960.738775
1,510,0,5,30806.091634
1,511,0,5,31257.767709
1,512,0,5,31129.906104
1,513,0,5,31180.926599
1,514,0,5,31084.484056
1,515,0,5,31377.229375
1,516,0,5,31545.37796
1,517,0,5,31003.583371
1,518,0,5,30803.685797
1,519,0,5,30952.484244
1,520,0,5,31202.13552
1,521,0,5,31324.759831
1,522,0,5,31663.842571
1,523,0,5,31870.56694
1,524,0,5,31315.968703
1,525,0,5,31498.365292
1,526,0,5,31424.403674
1,527,0,5,31051.483526
1,528,0,5,31402.87418
1,529,0,5,31397.630564
1,530,0,5,30927.389317
1,531,0,5,31631.756224
1,532,0,5,31141.165415
1,533,0,5,31527.400328
1,534,0,5,30950.711883
1,535,0,5,30988.43266
1,536,0,5,31883.558614
1,537,0,5,31329.500002
1,538,0,5,31617.595314
1,539,0,5,31365.688312
1,540,0,5,31433.584405
1,541,0,5,31437.550621
1,542,0,5,31798.530499
1,543,0,5,31631.078511
1,544,0,5,31186.4102
1,545,0,5,31055.48915
1,546,0,5,31487.023809
1,547,0,5,31488.991121
1,548,0,5,31200.396747
1,549,0,5,31117.139638
1,550,0,5,31151.96385
1,551,0,5,30974.080992
1,552,0,5,31739.339548
1,553,0,5,32116.449988
1,554,0,5,31526.118241
1,555,0,5,31559.226564
1,556,0,5,31093.733736
1,557,0,5,31761.708686
1,558,0,5,30960.44585
1,559,0,5,31514.147611
1,560,0,5,31281.247045
1,561,0,5,31919.171364
1,562,0,5,31910.588263
1,563,0,5,31425.379734
1,564,0,5,30730.674516
1,565,0,5,31829.760044
1,566,0,5,31054.581631
1,567,0,5,31057.409057
1,568,0,5,30932.241974
1,569,0,5,31459.991664
1,570,0,5,31571.252094
1,571,0,5,30815.187056
1,572,0,5,31167.284442
1,573,0,5,30829.465157
1,574,0,5,31294.103356
1,575,0,5,31517.939357
1,576,0,5,31043.53099
1,577,0,5,31360.268952
1,578,0,5,31430.287902
1,579,0,5,31525.714923
1,580,0,5,30985.93996
1,581,0,5,31169.970087
1,582,0,5,31079.83718
1,583,0,5,30933.618075
1,584,0,5,31256.410412
1,585,0,5,31346.791505
1,586,0,5,31904.787181
1,587,0,5,31330.499795
1,588,0,5,31067.856946
1,589,0,5,30899.022731
1,590,0,5,30981.114082
1,591,0,5,31131.078241
1,592,0,5,31162.708912
1,593,0,5,31545.53709
1,594,0,5,30745.905419
1,595,0,5,30920.211809
1,596,0,5,30942.016278
1,597,0,5,31658.659126
1,598,0,5,31009.404541
1,599,0,5,31623.21467
1,600,0,5,31136.586942
1,601,0,5,30934.312069
1,602,0,5,31113.408071
1,603,0,5,31381.138518
1,604,0,5,31262.213177
1,605,0,5,31203.616853
1,606,0,5,31284.789316
1,607,0,5,31037.23968
1,608,0,5,31122.163073
1,609,0,5,31423.684017
1,610,0,5,31266.409871
1,611,0,5,31234.644138
1,612,0,5,31180.631723
1,613,0,5,30688.399526
1,614,0,5,32057.246135
1,615,0,5,31416.214386
1,616,0,5,31019.65522
1,617,0,5,31031.583822
1,618,0,5,30811.885844
1,619,0,5,30935.656997
1,620,0,5,30904.974226
1,621,0,5,30972.068498
1,622,0,5,31262.589483
1,623,0,5,31485.539521
1,624,0,5,31648.334379
1,625,0,5,31521.970519
1,626,0,5,31197.954696
1,627,0,5,30747.919558
1,628,0,5,31716.400848
1,629,0,5,31014.61199
1,630,0,5,31038.240698
1,631,0,5,31667.581219
1,632,0,5,31388.450676
1,633,0,5,31584.094653
1,634,0,5,31283.199505
1,635,0,5,31083.114138
1,636,0,5,31302.327288
1,637,0,5,31014.533456
1,638,0,5,31529.11349
1,639,0,5,31188.939093
1,640,0,5,31394.401443
1,641,0,5,30775.577534
1,642,0,5,31065.961518
1,643,0,5,31123.49526
1,644,0,5,30949.358519
1,645,0,5,31112.911682
1,646,0,5,31671.371882
1,647,0,5,31925.126828
1,648,0,5,31271.09693
1,649,0,5,31639.539549
1,650,0,5,32110.594295
1,651,0,5,31486.566637
1,652,0,5,31177.523227
1,653,0,5,31707.80454
1,654,0,5,30899.111424
1,655,0,5,31212.61498
1,656,0,5,31250.539899
1,657,0,5,30934.491325
1,658,0,5,30995.635267
1,659,0,5,31471.621985
1,660,0,5,31396.565954
1,661,0,5,31525.234724
1,662,0,5,30999.044305
1,663,0,5,30957.096102
1,664,0,5,31683.585576
1,665,0,5,31299.762755
1,666,0,5,31028.63366
1,667,0,5,31139.017252
1,668,0,5,31024.552417
1,669,0,5,31077.481046
1,670,0,5,31263.886002
1,671,0,5,30756.219231
1,672,0,5,31660.801785
1,673,0,5,31347.794289
1,674,0,5,30981.067049
1,675,0,5,30790.400751
1,676,0,5,31215.829847
1,677,0,5,30764.829389
1,678,0,5,31430.350577
1,679,0,5,30971.115776
1,680,0,5,31486.991479
1,681,0,5,31025.950186
1,682,0,5,30827.637263
1,683,0,5,31119.143152
1,684,0,5,31240.598143
1,685,0,5,31562.523818
1,686,0,5,31399.763351
1,687,0,5,30953.760351
1,688,0,5,31447.149854
1,689,0,5,31034.104125
1,690,0,5,31603.687323
1,691,0,5,30880.639812
1,692,0,5,31044.755438
1,693,0,5,31511.973127
1,694,0,5,30703.842294
1,695,0,5,31014.899507
1,696,0,5,31717.387252
1,697,0,5,30941.645588
1,698,0,5,30993.882733
1,699,0,5,31443.793628
1,700,0,5,31235.470574
1,701,0,5,30995.778015
1,702,0,5,31165.16412
1,703,0,5,31262.905525
1,704,0,5,31615.706958
1,705,0,5,31685.799834
1,706,0,5,31111.191932
1,707,0,5,31301.805529
1,708,0,5,31187.436249
1,709,0,5,32134.269208
1,710,0,5,30912.446419
1,711,0,5,31147.768744
1,712,0,5,31352.605443
1,713,0,5,31157.276891
1,714,0,5,31200.208758
1,715,0,5,31337.603
1,716,0,5,30993.916049
1,717,0,5,31175.180864
1,718,0,5,30846.199245
1,719,0,5,31177.067945
1,720,0,5,30675.189411
1,721,0,5,31470.282222
1,722,0,5,31224.695747
1,723,0,5,31324.257405
1,724,0,5,31454.725241
1,725,0,5,31314.040734
1,726,0,5,31673.941837
1,727,0,5,31677.858776
1,728,0,5,31125.706072
1,729,0,5,30983.223112
1,730,0,5,31359.804897
1,731,0,5,31178.80342
1,732,0,5,31145.399444
1,733,0,5,30867.988321
1,734,0,5,31824.079768
1,735,0,5,31297.059589
1,736,0,5,31379.79542
1,737,0,5,31129.699567
1,738,0,5,31433.408717
1,739,0,5,31137.759667
1,740,0,5,31610.145097
1,741,0,5,31806.467156
1,742,0,5,30808.985821
1,743,0,5,31645.999279
1,744,0,5,31012.282913
1,745,0,5,30841.722618
1,746,0,5,30689.717398
1,747,0,5,31093.137588
1,748,0,5,31032.870885
1,749,0,5,31436.545673
1,750,0,5,31361.969365
1,751,0,5,31310.231004
1,752,0,5,31297.855189
1,753,0,5,31014.206414
1,754,0,5,30889.029737
1,755,0,5,31359.426734
1,756,0,5,31176.547268
1,757,0,5,31427.121386
1,758,0,5,31383.783381
1,759,0,5,31144.919294
1,760,0,5,31182.806201
1,761,0,5,31534.042032
1,762,0,5,31043.067693
1,763,0,5,31113.417771
1,764,0,5,31371.952877
1,765,0,5,31221.128431
1,766,0,5,31111.405542
1,767,0,5,31749.398299
1,768,0,5,30869.946408
1,769,0,5,31845.484686
1,770,0,5,31039.699376
1,771,0,5,30900.690604
1,772,0,5,31100.994949
1,773,0,5,30912.262818
1,774,0,5,31173.818893
1,775,0,5,31607.544168
1,776,0,5,31061.429766
1,777,0,5,30922.58423
1,778,0,5,31164.548017
1,779,0,5,31028.50878
1,780,0,5,30970.604487
1,781,0,5,31031.665421
1,782,0,5,30844.05316
1,783,0,5,30973.570591
1,784,0,5,30978.563093
1,785,0,5,31301.986196
1,786,0,5,31227.074498
1,787,0,5,31194.620929
1,788,0,5,31509.374036
1,789,0,5,31244.116179
1,790,0,5,30888.112354
1,791,0,5,30955.435907
1,792,0,5,31302.9875
1,793,0,5,31543.301566
1,794,0,5,31394.870671
1,795,0,5,30966.2574
1,796,0,5,31064.755817
1,797,0,5,31250.809292
1,798,0,5,31440.08416
1,799,0,5,30968.23095
1,800,0,5,30985.360213
1,801,0,5,31040.293801
1,802,0,5,31332.572655
1,803,0,5,31118.203174
1,804,0,5,31226.068295
1,805,0,5,31674.565141
1,806,0,5,30964.841171
1,807,0,5,31169.738639
1,808,0,5,31433.355746
1,809,0,5,31069.406253
1,810,0,5,31156.495636
1,811,0,5,31140.197364
1,812,0,5,31470.616205
1,813,0,5,31367.093529
1,814,0,5,31280.91031
1,815,0,5,31140.871097
1,816,0,5,31451.718437
1,817,0,5,31538.21418
1,818,0,5,31134.921838
1,819,0,5,31361.033676
1,820,0,5,31369.434071
1,821,0,5,31372.349167
1,822,0,5,31366.425769
1,823,0,5,31177.47892
1,824,0,5,30841.141503
1,825,0,5,31259.293943
1,826,0,5,30941.159461
1,827,0,5,30775.083346
1,828,0,5,31346.98774
1,829,0,5,31267.953759
1,830,0,5,30959.274
1,831,0,5,31162.794335
1,832,0,5,30920.403973
1,833,0,5,30854.929493
1,834,0,5,31344.603118
1,835,0,5,30967.576734
1,836,0,5,31726.588443
1,837,0,5,31223.186885
1,838,0,5,31035.282974
1,839,0,5,31049.361002
1,840,0,5,32093.465074
1,841,0,5,31206.516341
1,842,0,5,30745.682746
1,843,0,5,31092.493843
1,844,0,5,31170.949577
1,845,0,5,31453.343596
1,846,0,5,31332.385917
1,847,0,5,30841.941411
1,848,0,5,31286.415862
1,849,0,5,31225.82812
1,850,0,5,31111.652489
1,851,0,5,31659.476513
1,852,0,5,30967.910341
1,853,0,5,31155.127159
1,854,0,5,31203.409574
1,855,0,5,31639.561395
1,856,0,5,31181.5354
1,857,0,5,30955.847828
1,858,0,5,30773.594991
1,859,0,5,31825.585493
1,860,0,5,31020.307226
1,861,0,5,31166.865458
1,862,0,5,31014.458487
1,863,0,5,31530.254179
1,864,0,5,31279.169499
1,865,0,5,31036.535033
1,866,0,5,31137.546751
1,867,0,5,31567.504492
1,868,0,5,31583.06595
1,869,0,5,31005.820109
1,870,0,5,30908.736161
1,871,0,5,31155.455932
1,872,0,5,31585.162764
1,873,0,5,31084.4002
1,874,0,5,31397.126126
1,875,0,5,31154.000515
1,876,0,5,30975.866818
1,877,0,5,31364.171188
1,878,0,5,31471.769407
1,879,0,5,31241.022605
1,880,0,5,31007.831156
1,881,0,5,31211.476867
1,882,0,5,30914.935835
1,883,0,5,31433.230082
1,884,0,5,31275.015098
1,885,0,5,31148.742001
1,886,0,5,31126.762936
1,887,0,5,32084.659057
1,888,0,5,31239.060254
1,889,0,5,31221.153424
1,890,0,5,30857.83638
1,891,0,5,31212.964346
1,892,0,5,30734.600939
1,893,0,5,31567.50354
1,894,0,5,32279.877277
1,895,0,5,31166.416476
1,896,0,5,31029.450407
1,897,0,5,30995.916202
1,898,0,5,30927.927009
1,899,0,5,31401.300588
1,900,0,5,31498.784622
1,901,0,5,31526.705281
1,902,0,5,30590.98194
1,903,0,5,30770.887141
1,904,0,5,30965.741282
1,905,0,5,31727.739829
1,906,0,5,30883.157069
1,907,0,5,31354.190668
1,908,0,5,31013.719739
1,909,0,5,31484.294263
1,910,0,5,30942.403352
1,911,0,5,30824.518284
1,912,0,5,31547.36903
1,913,0,5,30905.82296
1,914,0,5,31664.774519
1,915,0,5,31102.5233
1,916,0,5,31206.85115
1,917,0,5,30692.270651
1,918,0,5,30969.206088
1,919,0,5,30889.582158
1,920,0,5,31164.21956
1,921,0,5,31073.661986
1,922,0,5,31087.54792
1,923,0,5,30885.171614
1,924,0,5,31408.786473
1,925,0,5,31208.113777
1,926,0,5,30815.746983
1,927,0,5,31143.663022
1,928,0,5,31332.029615
1,929,0,5,31314.32791
1,930,0,5,31692.291634
1,931,0,5,31093.084723
1,932,0,5,31180.994814
1,933,0,5,32270.394171
1,934,0,5,31284.646849
1,935,0,5,31022.80176
1,936,0,5,31415.324093
1,937,0,5,31761.497655
1,938,0,5,31363.347326
1,939,0,5,31044.141831
1,940,0,5,31397.833359
1,941,0,5,30985.5569
1,942,0,5,31010.399714
1,943,0,5,30717.23361
1,944,0,5,31127.217588
1,945,0,5,31059.686654
1,946,0,5,31083.497614
1,947,0,5,31015.87873
1,948,0,5,31060.814051
1,949,0,5,31628.393003
1,950,0,5,30953.075177
1,951,0,5,31349.30206
1,952,0,5,30900.99252
1,953,0,5,31211.653936
1,954,0,5,31416.237737
1,955,0,5,31522.001149
1,956,0,5,31271.430984
1,957,0,5,31203.665389
1,958,0,5,31206.534574
1,959,0,5,30930.17744
1,960,0,5,31072.696078
1,961,0,5,31397.393914
1,962,0,5,30918.581774
1,963,0,5,31017.516099
1,964,0,5,30686.564365
1,965,0,5,30981.199833
1,966,0,5,30625.942772
1,967,0,5,31603.165101
1,968,0,5,31823.962352
1,969,0,5,30845.215333
1,970,0,5,31546.358517
1,971,0,5,31404.108403
1,972,0,5,31329.010648
1,973,0,5,31121.787182
1,974,0,5,30888.107228
1,975,0,5,30938.722359
1,976,0,5,31126.994704
1,977,0,5,31251.8487
1,978,0,5,30854.114109
1,979,0,5,31360.469481
1,980,0,5,31117.772975
1,981,0,5,31262.688297
1,982,0,5,31384.72366
1,983,0,5,31268.336542
1,984,0,5,31504.568235
1,985,0,5,31138.08731
1,986,0,5,31111.345367
1,987,0,5,31157.964121
1,988,0,5,31381.280333
1,989,0,5,31426.550496
1,990,0,5,31723.106214
1,991,0,5,31154.478706
1,992,0,5,31775.779025
1,993,0,5,31828.982436
1,994,0,5,30968.246096
1,995,0,5,31167.166873
1,996,0,5,30915.61889
1,997,0,5,30855.131696
1,998,0,5,30942.74303
1,999,0,5,31145.354777
2,0,0,5,31178.076169
2,1,0,5,31152.85181
2,2,0,5,31073.100202
2,3,0,5,30667.956693
2,4,0,5,31303.621397
2,5,0,5,30955.564335
2,6,0,5,31377.54404
2,7,0,5,31287.03685
2,8,0,5,30776.257074
2,9,0,5,31778.777704
2,10,0,5,31364.709937
2,11,0,5,30877.487597
2,12,0,5,31510.015527
2,13,0,5,31157.508972
2,14,0,5,31322.721671
2,15,0,5,31757.951077
2,16,0,5,30906.9049
2,17,0,5,31162.26206
2,18,0,5,31162.002729
2,19,0,5,31116.060017
2,20,0,5,31460.796204
2,21,0,5,31363.765169
2,22,0,5,31480.735211
2,23,0,5,31212.261081
2,24,0,5,30856.787731
2,25,0,5,31102.891225
2,26,0,5,30889.823956
2,27,0,5,30965.723705
2,28,0,5,31449.074657
2,29,0,5,30858.780525
2,30,0,5,31221.426305
2,31,0,5,31127.909939
2,32,0,5,31021.069221
2,33,0,5,31462.322188
2,34,0,5,31295.929735
2,35,0,5,31386.401823
2,36,0,5,31880.791129
2,37,0,5,31114.55087
2,38,0,5,31045.366191
2,39,0,5,31036.183704
2,40,0,5,31538.502643
2,41,0,5,31462.555181
2,42,0,5,31291.683533
2,43,0,5,30724.054838
2,44,0,5,31383.103324
2,45,0,5,31393.679856
2,46,0,5,31249.021646
2,47,0,5,31331.689951
2,48,0,5,30967.920984
2,49,0,5,31279.504019
2,50,0,5,31280.727015
2,51,0,5,31880.898522
2,52,0,5,31020.794622
2,53,0,5,31455.240913
2,54,0,5,31039.362777
2,55,0,5,31392.676322
2,56,0,5,31292.936432
2,57,0,5,31502.448722
2,58,0,5,31630.594836
2,59,0,5,31202.827051
2,60,0,5,30960.758122
2,61,0,5,31062.818295
2,62,0,5,31229.264507
2,63,0,5,31495.945965
2,64,0,5,30959.337577
2,65,0,5,30966.286003
2,66,0,5,31063.578046
2,67,0,5,31245.130419
2,68,0,5,31284.191077
2,69,0,5,31483.734292
2,70,0,5,31370.82865
2,71,0,5,31422.290595
2,72,0,5,30745.760483
2,73,0,5,30798.490604
2,74,0,5,31272.185812
2,75,0,5,31475.962319
2,76,0,5,30914.715671
2,77,0,5,31062.183612
2,78,0,5,31670.813255
2,79,0,5,31263.793865
2,80,0,5,31108.943828
2,81,0,5,30962.850065
2,82,0,5,30890.54588
2,83,0,5,30950.833379
2,84,0,5,30891.314597
2,85,0,5,31524.852719
2,86,0,5,31568.151897
2,87,0,5,30959.09887
2,88,0,5,31416.549305
2,89,0,5,31015.456634
2,90,0,5,31034.682511
2,91,0,5,31178.9167
2,92,0,5,31005.220546
2,93,0,5,31224.183091
2,94,0,5,30917.98868
2,95,0,5,31064.336976
2,96,0,5,31185.340289
2,97,0,5,31142.903867
2,98,0,5,31684.688721
2,99,0,5,31337.224927
2,100,0,5,31101.673564
2,101,0,5,31214.01969
2,102,0,5,30938.581815
2,103,0,5,31633.212927
2,104,0,5,31134.875885
2,105,0,5,31480.587189
2,106,0,5,31297.498332
2,107,0,5,30737.838029
2,108,0,5,30798.143655
2,109,0,5,32397.359097
2,110,0,5,32166.810717
2,111,0,5,30816.662043
2,112,0,5,31024.613174
2,113,0,5,31290.569619
2,114,0,5,30976.124526
2,115,0,5,31330.242853
2,116,0,5,30822.858513
2,117,0,5,31297.840504
2,118,0,5,31125.390536
2,119,0,5,31082.602771
2,120,0,5,31344.689952
2,121,0,5,30983.535249
2,122,0,5,31168.686288
2,123,0,5,31152.082372
2,124,0,5,31007.179902
2,125,0,5,31198.01868
2,126,0,5,30840.225623
2,127,0,5,31663.894468
2,128,0,5,31263.81092
2,129,0,5,31326.965436
2,130,0,5,31649.14194
2,131,0,5,31137.956947
2,132,0,5,31027.116967
2,133,0,5,31175.15793
2,134,0,5,30966.88268
2,135,0,5,31581.982986
2,136,0,5,30981.78221
2,137,0,5,31009.693103
2,138,0,5,31273.473804
2,139,0,5,31055.492958
2,140,0,5,31194.798066
2,141,0,5,31234.155889
2,142,0,5,30731.10021
2,143,0,5,31805.845753
2,144,0,5,31366.577629
2,145,0,5,31043.14036
2,146,0,5,31057.923124
2,147,0,5,30657.022948
2,148,0,5,31011.454543
2,149,0,5,31317.15857
2,150,0,5,31006.046087
2,151,0,5,31443.333346
2,152,0,5,30910.110308
2,153,0,5,30681.75236
2,154,0,5,31126.686741
2,155,0,5,31061.445481
2,156,0,5,31023.43677
2,157,0,5,31064.050377
2,158,0,5,31194.922793
2,159,0,5,31199.961175
2,160,0,5,31063.328723
2,161,0,5,31042.43353
2,162,0,5,30851.079026
2,163,0,5,31552.4051
2,164,0,5,31296.933895
2,165,0,5,31239.545044
2,166,0,5,31211.952435
2,167,0,5,31704.078269
2,168,0,5,31398.570216
2,169,0,5,30832.754309
2,170,0,5,31025.390948
2,171,0,5,30909.075909
2,172,0,5,30877.748232
2,173,0,5,31011.665092
2,174,0,5,31146.573073
2,175,0,5,31153.666299
2,176,0,5,31316.50133
2,177,0,5,31638.240939
2,178,0,5,30961.180952
2,179,0,5,31549.676001
2,180,0,5,30977.994836
2,181,0,5,31096.652282
2,182,0,5,31460.820232
2,183,0,5,31119.073074
2,184,0,5,31086.347654
2,185,0,5,31458.478302
2,186,0,5,31008.363057
2,187,0,5,30969.364755
2,188,0,5,30921.647473
2,189,0,5,31472.522749
2,190,0,5,31390.545076
2,191,0,5,31294.938768
2,192,0,5,30826.379549
2,193,0,5,31189.398711
2,194,0,5,31012.734205
2,195,0,5,31414.245342
2,196,0,5,30796.323317
2,197,0,5,30802.261245
2,198,0,5,31251.536748
2,199,0,5,30896.548178
2,200,0,5,31198.525301
2,201,0,5,31076.273467
2,202,0,5,30883.409635
2,203,0,5,31441.540136
2,204,0,5,30892.716656
2,205,0,5,31322.592613
2,206,0,5,30774.372317
2,207,0,5,31599.193562
2,208,0,5,30960.036808
2,209,0,5,31464.487926
2,210,0,5,31092.107809
2,211,0,5,31480.907998
2,212,0,5,31017.383672
2,213,0,5,31504.221505
2,214,0,5,30880.896757
2,215,0,5,31216.633915
2,216,0,5,31445.299654
2,217,0,5,31377.351268
2,218,0,5,30949.522438
2,219,0,5,30870.250469
2,220,0,5,30944.565667
2,221,0,5,31127.18749
2,222,0,5,31639.31614
2,223,0,5,31675.123989
2,224,0,5,31047.677718
2,225,0,5,31327.666528
2,226,0,5,31485.905045
2,227,0,5,31919.343261
2,228,0,5,31429.364182
2,229,0,5,30628.596831
2,230,0,5,30974.069399
2,231,0,5,31108.33234
2,232,0,5,30935.857452
2,233,0,5,30917.434841
2,234,0,5,31309.28051
2,235,0,5,31319.692882
2,236,0,5,31694.381852
2,237,0,5,31482.41414
2,238,0,5,31314.782354
2,239,0,5,31293.693691
2,240,0,5,31209.5358
2,241,0,5,31488.698415
2,242,0,5,31593.390745
2,243,0,5,31000.058638
2,244,0,5,31064.815996
2,245,0,5,31262.064092
2,246,0,5,31306.6228
2,247,0,5,31294.414859
2,248,0,5,31211.806546
2,249,0,5,31084.028637
2,250,0,5,30964.724294
2,251,0,5,31277.500576
2,252,0,5,31872.625444
2,253,0,5,31162.578972
2,254,0,5,31301.594381
2,255,0,5,30866.024583
2,256,0,5,31419.820055
2,257,0,5,31063.057809
2,258,0,5,31077.61542
2,259,0,5,31033.192762
2,260,0,5,31276.681309
2,261,0,5,31328.85794
2,262,0,5,30971.493477
2,263,0,5,31379.773275
2,264,0,5,30886.27659
2,265,0,5,31607.073852
2,266,0,5,31640.277545
2,267,0,5,31479.626571
2,268,0,5,31862.120249
2,269,0,5,31021.681635
2,270,0,5,30957.683599
2,271,0,5,31433.574442
2,272,0,5,31367.710073
2,273,0,5,31037.283693
2,274,0,5,30869.748363
2,275,0,5,31296.791318
2,276,0,5,31319.426357
2,277,0,5,31124.044875
2,278,0,5,30897.33501
2,279,0,5,30928.350029
2,280,0,5,30847.397127
2,281,0,5,31199.281309
2,282,0,5,31466.929402
2,283,0,5,30977.127715
2,284,0,5,31115.012589
2,285,0,5,30952.677365
2,286,0,5,31456.269555
2,287,0,5,31629.86293
2,288,0,5,31210.420778
2,289,0,5,31342.50831
2,290,0,5,31230.209063
2,291,0,5,31968.18488
2,292,0,5,31380.121551
2,293,0,5,31168.730018
2,294,0,5,31115.636568
2,295,0,5,31058.705024
2,296,0,5,31278.605055
2,297,0,5,31632.565064
2,298,0,5,31365.605186
2,299,0,5,31093.643501
2,300,0,5,31552.752819
2,301,0,5,31108.90017
2,302,0,5,31164.966057
2,303,0,5,31080.624928
2,304,0,5,30532.164974
2,305,0,5,31128.421913
2,306,0,5,30703.562723
2,307,0,5,31597.611314
2,308,0,5,31694.952109
2,309,0,5,31182.639079
2,310,0,5,30800.359657
2,311,0,5,31153.295961
2,312,0,5,31172.927835
2,313,0,5,30992.074526
2,314,0,5,31463.906633
2,315,0,5,31087.224194
2,316,0,5,31039.535932
2,317,0,5,31119.378864
2,318,0,5,31292.613002
2,319,0,5,31160.566489
2,320,0,5,31223.303369
2,321,0,5,31018.805081
2,322,0,5,30985.192131
2,323,0,5,30872.489006
2,324,0,5,31340.33705
2,325,0,5,31171.940701
2,326,0,5,31447.164275
2,327,0,5,32085.4572
2,328,0,5,31229.030876
2,329,0,5,31134.431254
2,330,0,5,30795.563013
2,331,0,5,30812.637708
2,332,0,5,31372.436111
2,333,0,5,31308.639366
2,334,0,5,31472.491951
2,335,0,5,31043.436121
2,336,0,5,31091.846518
2,337,0,5,31150.651634
2,338,0,5,31109.061686
2,339,0,5,30813.285758
2,340,0,5,31012.748853
2,341,0,5,32001.191002
2,342,0,5,31535.229151
2,343,0,5,31589.232473
2,344,0,5,31004.361233
2,345,0,5,31214.087193
2,346,0,5,31406.220009
2,347,0,5,31086.970945
2,348,0,5,30975.156137
2,349,0,5,30869.617061
2,350,0,5,31069.731602
2,351,0,5,31352.956914
2,352,0,5,30898.927022
2,353,0,5,31166.147433
2,354,0,5,31056.323001
2,355,0,5,31364.844093
2,356,0,5,31795.927353
2,357,0,5,31990.81898
2,358,0,5,31075.881204
2,359,0,5,31292.112991
2,360,0,5,30969.787582
2,361,0,5,31186.516127
2,362,0,5,31265.51912
2,363,0,5,31426.779127
2,364,0,5,31264.358046
2,365,0,5,31011.345403
2,366,0,5,31115.381724
2,367,0,5,31122.845332
2,368,0,5,31381.76017
2,369,0,5,30911.235441
2,370,0,5,31626.998612
2,371,0,5,30870.927124
2,372,0,5,31118.870098
2,373,0,5,31505.071639
2,374,0,5,31368.726996
2,375,0,5,31206.26298
2,376,0,5,31678.959175
2,377,0,5,31126.369928
2,378,0,5,31479.719191
2,379,0,5,31343.636389
2,380,0,5,31288.287593
2,381,0,5,30646.383419
2,382,0,5,31353.161401
2,383,0,5,31314.999408
2,384,0,5,31519.854652
2,385,0,5,31338.514058
2,386,0,5,31782.167285
2,387,0,5,31253.916284
2,388,0,5,31033.678132
2,389,0,5,31065.312824
2,390,0,5,31152.522164
2,391,0,5,31449.931326
2,392,0,5,31785.124509
2,393,0,5,31544.896538
2,394,0,5,31438.491271
2,395,0,5,31149.109906
2,396,0,5,31176.733444
2,397,0,5,31168.323764
2,398,0,5,31054.984002
2,399,0,5,31033.104351
2,400,0,5,31131.443011
2,401,0,5,31266.852411
2,402,0,5,31044.802672
2,403,0,5,31040.596751
2,404,0,5,30986.134949
2,405,0,5,30796.150872
2,406,0,5,31184.473907
2,407,0,5,31919.606664
2,408,0,5,31076.48083
2,409,0,5,31292.311679
2,410,0,5,32000.435021
2,411,0,5,30858.854901
2,412,0,5,31361.379723
2,413,0,5,31155.703666
2,414,0,5,31479.798662
2,415,0,5,31638.432543
2,416,0,5,31325.073447
2,417,0,5,31222.955514
2,418,0,5,31650.415538
2,419,0,5,30865.85664
2,420,0,5,31116.108431
2,421,0,5,31375.567243
2,422,0,5,32263.762486
2,423,0,5,31213.602938
2,424,0,5,31297.291863
2,425,0,5,31311.821402
2,426,0,5,30867.632596
2,427,0,5,31151.385287
2,428,0,5,31325.817012
2,429,0,5,31152.320223
2,430,0,5,30903.984385
2,431,0,5,31579.595778
2,432,0,5,31397.872915
2,433,0,5,30927.932688
2,434,0,5,31439.272854
2,435,0,5,31109.230996
2,436,0,5,31855.830568
2,437,0,5,31087.521195
2,438,0,5,31637.689545
2,439,0,5,31051.158332
2,440,0,5,31063.75001
2,441,0,5,31423.967921
2,442,0,5,30842.177919
2,443,0,5,31266.095158
2,444,0,5,31324.152461
2,445,0,5,31275.2326
2,446,0,5,31199.303263
2,447,0,5,31332.521285
2,448,0,5,31091.271348
2,449,0,5,31384.251082
2,450,0,5,31278.131416
2,451,0,5,31474.1788
2,452,0,5,30916.917262
2,453,0,5,30862.926808
2,454,0,5,31649.373615
2,455,0,5,31170.413767
2,456,0,5,30836.89173
2,457,0,5,31573.279019
2,458,0,5,31164.105818
2,459,0,5,31075.033965
2,460,0,5,31571.721248
2,461,0,5,31074.906164
2,462,0,5,31281.206384
2,463,0,5,31091.087667
2,464,0,5,30988.942728
2,465,0,5,30899.086049
2,466,0,5,31057.969973
2,467,0,5,32049.07168
2,468,0,5,31056.764056
2,469,0,5,31196.56221
2,470,0,5,31028.246968
2,471,0,5,30980.581127
2,472,0,5,31101.080093
2,473,0,5,31268.088415
2,474,0,5,31572.430942
2,475,0,5,31113.161131
2,476,0,5,31417.099613
2,477,0,5,31023.656924
2,478,0,5,31407.329566
2,479,0,5,30757.935805
2,480,0,5,31034.301339
2,481,0,5,30824.460015
2,482,0,5,31077.215996
2,483,0,5,31220.913421
2,484,0,5,31034.746189
2,485,0,5,30810.352764
2,486,0,5,31261.322682
2,487,0,5,32388.334515
2,488,0,5,31103.527528
2,489,0,5,31031.229536
2,490,0,5,32092.237298
2,491,0,5,30929.814545
2,492,0,5,31375.462201
2,493,0,5,31445.045659
2,494,0,5,30926.906799
2,495,0,5,31182.854159
2,496,0,5,30971.609529
2,497,0,5,31586.740015
2,498,0,5,31327.592937
2,499,0,5,31399.946058
2,500,0,5,30992.666184
2,501,0,5,31640.078062
2,502,0,5,31448.943905
2,503,0,5,30803.002159
2,504,0,5,31122.033738
2,505,0,5,30964.086278
2,506,0,5,30870.632216
2,507,0,5,31672.32884
2,508,0,5,31354.883488
2,509,0,5,31366.70764
2,510,0,5,30953.691337
2,511,0,5,31604.895107
2,512,0,5,30766.866385
2,513,0,5,31014.841318
2,514,0,5,31940.843934
2,515,0,5,31272.890776
2,516,0,5,31755.140548
2,517,0,5,31040.911363
2,518,0,5,31553.650743
2,519,0,5,31482.202663
2,520,0,5,31040.768971
2,521,0,5,31404.136062
2,522,0,5,31416.787517
2,523,0,5,31014.538757
2,524,0,5,31340.333943
2,525,0,5,30748.149681
2,526,0,5,30946.172154
2,527,0,5,31365.842312
2,528,0,5,31598.978447
2,529,0,5,31067.514273
2,530,0,5,30912.87336
2,531,0,5,31235.702514
2,532,0,5,31488.971682
2,533,0,5,31209.204145
2,534,0,5,31261.267387
2,535,0,5,31344.916347
2,536,0,5,31361.954459
2,537,0,5,31044.785188
2,538,0,5,31856.901714
2,539,0,5,31016.671944
2,540,0,5,30952.10984
2,541,0,5,30879.094219
2,542,0,5,30920.62907
2,543,0,5,31519.355587
2,544,0,5,31268.264936
2,545,0,5,31338.825602
2,546,0,5,31138.858544
2,547,0,5,31579.918271
2,548,0,5,31129.29109
2,549,0,5,31150.617747
2,550,0,5,31048.63904
2,551,0,5,30992.730806
2,552,0,5,30991.603591
2,553,0,5,30824.02575
2,554,0,5,31427.407866
2,555,0,5,31859.218762
2,556,0,5,31033.916048
2,557,0,5,31759.957981
2,558,0,5,31368.423067
2,559,0,5,31126.803219
2,560,0,5,31849.45238
2,561,0,5,31093.057073
2,562,0,5,31735.922867
2,563,0,5,31095.863479
2,564,0,5,31220.206442
2,565,0,5,30884.941859
2,566,0,5,31560.838584
2,567,0,5,31301.041126
2,568,0,5,31271.156474
2,569,0,5,30899.297855
2,570,0,5,31173.646863
2,571,0,5,31060.407874
2,572,0,5,31616.126907
2,573,0,5,31189.436559
2,574,0,5,31747.861755
2,575,0,5,31226.731701
2,576,0,5,31023.08156
2,577,0,5,31111.084699
2,578,0,5,30722.92065
2,579,0,5,31414.286769
2,580,0,5,31095.119494
2,581,0,5,31327.401309
2,582,0,5,31357.274109
2,583,0,5,31300.453113
2,584,0,5,31235.467645
2,585,0,5,30909.654921
2,586,0,5,30988.654708
2,587,0,5,31820.500112
2,588,0,5,30954.118647
2,589,0,5,31344.770748
2,590,0,5,31084.293986
2,591,0,5,30741.113903
2,592,0,5,31115.508251
2,593,0,5,31055.448036
2,594,0,5,31018.029269
2,595,0,5,31614.998092
2,596,0,5,30823.805558
2,597,0,5,31251.678782
2,598,0,5,31790.271872
2,599,0,5,31118.848739
2,600,0,5,30889.924583
2,601,0,5,31167.182306
2,602,0,5,31307.655136
2,603,0,5,31211.939738
2,604,0,5,31284.923427
2,605,0,5,31125.269847
2,606,0,5,30965.416981
2,607,0,5,31342.820451
2,608,0,5,31476.526766
2,609,0,5,30790.812408
2,610,0,5,31262.658773
2,611,0,5,31929.51656
2,612,0,5,31336.568248
2,613,0,5,31103.510625
2,614,0,5,31088.257367
2,615,0,5,31407.688959
2,616,0,5,31256.565816
2,617,0,5,31035.62195
2,618,0,5,31393.51273
2,619,0,5,31203.716839
2,620,0,5,31205.467691
2,621,0,5,32185.798495
2,622,0,5,31486.53726
2,623,0,5,31688.653441
2,624,0,5,31000.37189
2,625,0,5,31043.99745
2,626,0,5,31216.811185
2,627,0,5,31084.769791
2,628,0,5,31573.103183
2,629,0,5,31011.688981
2,630,0,5,31066.756329
2,631,0,5,31603.930863
2,632,0,5,31092.420797
2,633,0,5,30916.812567
2,634,0,5,31175.512599
2,635,0,5,31031.987044
2,636,0,5,31086.688267
2,637,0,5,31172.615345
2,638,0,5,31625.849976
2,639,0,5,31551.292668
2,640,0,5,30881.396278
2,641,0,5,30991.079466
2,642,0,5,31212.275739
2,643,0,5,31590.970108
2,644,0,5,31700.63665
2,645,0,5,31080.491723
2,646,0,5,31160.255237
2,647,0,5,31181.139322
2,648,0,5,31604.04401
2,649,0,5,31441.959189
2,650,0,5,30784.142226
2,651,0,5,31261.05835
2,652,0,5,31085.467595
2,653,0,5,30919.462871
2,654,0,5,31393.290027
2,655,0,5,31331.704523
2,656,0,5,31145.78335
2,657,0,5,30853.62794
2,658,0,5,30963.685935
2,659,0,5,31602.951383
2,660,0,5,31185.00793
2,661,0,5,31534.639168
2,662,0,5,30925.228075
2,663,0,5,32042.433752
2,664,0,5,30991.765064
2,665,0,5,30805.562401
2,666,0,5,30853.54576
2,667,0,5,31215.559448
2,668,0,5,31235.182401
2,669,0,5,31067.672021
2,670,0,5,31208.320688
2,671,0,5,31657.777326
2,672,0,5,31061.200448
2,673,0,5,30931.099445
2,674,0,5,31086.841104
2,675,0,5,30931.167515
2,676,0,5,31321.278852
2,677,0,5,30683.382819
2,678,0,5,31170.052833
2,679,0,5,31020.271955
2,680,0,5,31113.45099
2,681,0,5,30981.369528
2,682,0,5,31548.173088
2,683,0,5,31379.50926
2,684,0,5,31280.539603
2,685,0,5,31011.529175
2,686,0,5,31263.746427
2,687,0,5,31419.85977
2,688,0,5,30985.299589
2,689,0,5,30946.21091
2,690,0,5,31908.793612
2,691,0,5,31475.843727
2,692,0,5,31164.267172
2,693,0,5,31417.409722
2,694,0,5,31684.792063
2,695,0,5,31330.39711
2,696,0,5,31305.273974
2,697,0,5,31420.238754
2,698,0,5,31168.926905
2,699,0,5,31168.52855
2,700,0,5,31276.278258
2,701,0,5,31065.530663
2,702,0,5,31327.641895
2,703,0,5,31123.873842
2,704,0,5,31419.954469
2,705,0,5,31061.071039
2,706,0,5,31226.809886
2,707,0,5,31622.697533
2,708,0,5,31301.286272
2,709,0,5,31236.749382
2,710,0,5,31407.209526
2,711,0,5,30786.384454
2,712,0,5,30880.27824
2,713,0,5,31383.141504
2,714,0,5,31131.911926
2,715,0,5,31981.83204
2,716,0,5,31285.789584
2,717,0,5,31139.3561
2,718,0,5,31097.54085
2,719,0,5,31110.523625
2,720,0,5,31115.138061
2,721,0,5,30954.185004
2,722,0,5,31126.143108
2,723,0,5,30906.143184
2,724,0,5,31046.458053
2,725,0,5,31037.025064
2,726,0,5,31155.701066
2,727,0,5,31372.731673
2,728,0,5,31035.463397
2,729,0,5,31380.0875
2,730,0,5,31261.009131
2,731,0,5,30831.870368
2,732,0,5,30900.66581
2,733,0,5,32156.863123
2,734,0,5,31227.230459
2,735,0,5,31346.443695
2,736,0,5,31323.441103
2,737,0,5,30862.420381
2,738,0,5,30685.532969
2,739,0,5,30780.885203
2,740,0,5,31552.871517
2,741,0,5,31130.855317
2,742,0,5,31366.637615
2,743,0,5,31522.525414
2,744,0,5,31073.179297
2,745,0,5,31169.603415
2,746,0,5,30841.216675
2,747,0,5,31987.138129
2,748,0,5,30962.999664
2,749,0,5,31076.974568
2,750,0,5,31234.457759
2,751,0,5,31086.993952
2,752,0,5,31133.420995
2,753,0,5,31330.077292
2,754,0,5,31077.120619
2,755,0,5,31494.629805
2,756,0,5,30871.48967
2,757,0,5,30994.742779
2,758,0,5,30870.383934
2,759,0,5,31048.654896
2,760,0,5,31443.494834
2,761,0,5,30951.838905
2,762,0,5,31148.442748
2,763,0,5,31483.595212
2,764,0,5,31390.840886
2,765,0,5,31196.870899
2,766,0,5,32026.366694
2,767,0,5,31342.529524
2,768,0,5,31587.23353
2,769,0,5,30937.282158
2,770,0,5,31531.390927
2,771,0,5,31204.964591
2,772,0,5,30710.546199
2,773,0,5,31106.501913
2,774,0,5,30999.846631
2,775,0,5,30976.614905
2,776,0,5,30969.651468
2,777,0,5,31111.293279
2,778,0,5,30952.943655
2,779,0,5,31154.364652
2,780,0,5,31439.198849
2,781,0,5,31028.972001
2,782,0,5,30903.849067
2,783,0,5,31354.848898
2,784,0,5,31237.496801
2,785,0,5,31307.331354
2,786,0,5,30987.562744
2,787,0,5,31259.342068
2,788,0,5,31203.174774
2,789,0,5,30833.463773
2,790,0,5,31709.64569
2,791,0,5,31549.740842
2,792,0,5,31253.037898
2,793,0,5,31475.819599
2,794,0,5,31186.099268
2,795,0,5,31205.887014
2,796,0,5,31170.65488
2,797,0,5,31699.323119
2,798,0,5,31068.609441
2,799,0,5,31063.379194
2,800,0,5,32191.13553
2,801,0,5,31074.642163
2,802,0,5,30952.11589
2,803,0,5,31086.114638
2,804,0,5,31014.192535
2,805,0,5,30714.482776
2,806,0,5,31089.502725
2,807,0,5,30999.824669
2,808,0,5,31730.501268
2,809,0,5,31333.866097
2,810,0,5,31230.220494
2,811,0,5,31290.435848
2,812,0,5,31264.3927
2,813,0,5,30829.95355
2,814,0,5,31392.277152
2,815,0,5,31098.206681
2,816,0,5,31152.280413
2,817,0,5,31542.75157
2,818,0,5,30860.037686
2,819,0,5,31274.399175
2,820,0,5,31389.833685
2,821,0,5,31090.378323
2,822,0,5,30792.68121
2,823,0,5,30695.298417
2,824,0,5,31050.105189
2,825,0,5,31430.467369
2,826,0,5,30929.022518
2,827,0,5,31245.116358
2,828,0,5,31588.946029
2,829,0,5,31387.066765
2,830,0,5,30749.168026
2,831,0,5,0.0
2,832,0,5,31227.756083
2,833,0,5,30990.987376
2,834,0,5,31271.402447
2,835,0,5,30753.172958
2,836,0,5,31348.939068
2,837,0,5,31172.082933
2,838,0,5,31452.333456
2,839,0,5,31335.571628
2,840,0,5,30969.825053
2,841,0,5,31204.837092
2,842,0,5,31425.502904
2,843,0,5,30693.173935
2,844,0,5,30973.320057
2,845,0,5,31010.551649
2,846,0,5,30949.347574
2,847,0,5,31036.771922
2,848,0,5,31131.370746
2,849,0,5,31330.414486
2,850,0,5,31312.221425
2,851,0,5,31285.014495
2,852,0,5,31112.762812
2,853,0,5,31323.095458
2,854,0,5,31967.557595
2,855,0,5,31960.325194
2,856,0,5,31024.328913
2,857,0,5,31489.267206
2,858,0,5,31421.279494
2,859,0,5,31558.432707
2,860,0,5,31728.984995
2,861,0,5,31329.732186
2,862,0,5,31136.004535
2,863,0,5,31402.260448
2,864,0,5,31002.892517
2,865,0,5,31120.805016
2,866,0,5,31008.269267
2,867,0,5,30882.197376
2,868,0,5,31074.291828
2,869,0,5,31161.26286
2,870,0,5,30999.978172
2,871,0,5,31159.402284
2,872,0,5,31233.095285
2,873,0,5,31245.802657
2,874,0,5,30858.276804
2,875,0,5,31177.756791
2,876,0,5,31447.429441
2,877,0,5,31072.558938
2,878,0,5,31449.14403
2,879,0,5,31048.733978
2,880,0,5,31102.474417
2,881,0,5,30651.119109
2,882,0,5,30650.988991
2,883,0,5,31242.605811
2,884,0,5,31425.700927
2,885,0,5,31219.102014
2,886,0,5,31545.448636
2,887,0,5,31249.146352
2,888,0,5,31158.600931
2,889,0,5,31265.226249
2,890,0,5,30893.016597
2,891,0,5,31106.461452
2,892,0,5,31562.706115
2,893,0,5,31560.274736
2,894,0,5,31636.14014
2,895,0,5,30974.679128
2,896,0,5,30881.173524
2,897,0,5,31046.82336
2,898,0,5,31455.90221
2,899,0,5,31099.289149
2,900,0,5,31124.559296
2,901,0,5,31444.345102
2,902,0,5,31301.481069
2,903,0,5,31057.173659
2,904,0,5,31039.648355
2,905,0,5,31472.805303
2,906,0,5,31264.133226
2,907,0,5,31864.639417
2,908,0,5,31104.428063
2,909,0,5,30802.599857
2,910,0,5,31321.500417
2,911,0,5,31067.883674
2,912,0,5,31709.385409
2,913,0,5,31178.674443
2,914,0,5,31299.575341
2,915,0,5,31124.028109
2,916,0,5,31176.688941
2,917,0,5,31219.244739
2,918,0,5,31102.372107
2,919,0,5,31212.09136
2,920,0,5,31271.282289
2,921,0,5,30719.594523
2,922,0,5,31198.514264
2,923,0,5,30798.614617
2,924,0,5,30840.548912
2,925,0,5,31129.205775
2,926,0,5,30780.924307
2,927,0,5,30998.164049
2,928,0,5,31076.975219
2,929,0,5,31421.99219
2,930,0,5,31909.141086
2,931,0,5,31738.017845
2,932,0,5,30775.712641
2,933,0,5,31320.083046
2,934,0,5,31188.474465
2,935,0,5,31377.549157
2,936,0,5,31124.287836
2,937,0,5,30883.892984
2,938,0,5,31061.523829
2,939,0,5,31182.163494
2,940,0,5,31404.638175
2,941,0,5,31585.654446
2,942,0,5,31324.333177
2,943,0,5,30931.299273
2,944,0,5,31131.323911
2,945,0,5,31543.657462
2,946,0,5,31502.116084
2,947,0,5,30904.348627
2,948,0,5,30867.797599
2,949,0,5,30825.371365
2,950,0,5,31077.04425
2,951,0,5,31524.874406
2,952,0,5,31700.164462
2,953,0,5,31201.194235
2,954,0,5,31315.733966
2,955,0,5,31389.890741
2,956,0,5,31667.280691
2,957,0,5,31862.231376
2,958,0,5,31200.45973
2,959,0,5,31244.675776
2,960,0,5,31056.640259
2,961,0,5,31020.438259
2,962,0,5,31293.167906
2,963,0,5,31103.247235
2,964,0,5,31944.56471
2,965,0,5,31002.671946
2,966,0,5,31706.307677
2,967,0,5,31228.592715
2,968,0,5,31082.315071
2,969,0,5,30997.324906
2,970,0,5,31268.155512
2,971,0,5,30804.187621
2,972,0,5,30619.448526
2,973,0,5,31198.561386
2,974,0,5,31030.361751
2,975,0,5,31571.13844
2,976,0,5,31570.728985
2,977,0,5,31147.96734
2,978,0,5,30791.364538
2,979,0,5,31435.780397
2,980,0,5,31070.482653
2,981,0,5,31106.204997
2,982,0,5,31534.989856
2,983,0,5,30892.52778
2,984,0,5,31306.596608
2,985,0,5,30846.80343
2,986,0,5,31035.293637
2,987,0,5,30966.075491
2,988,0,5,31328.846777
2,989,0,5,31348.232344
2,990,0,5,31715.837563
2,991,0,5,31175.911917
2,992,0,5,30938.041766
2,993,0,5,31008.594122
2,994,0,5,31677.153222
2,995,0,5,31290.709612
2,996,0,5,31147.338892
2,997,0,5,31321.800488
2,998,0,5,31076.456761
2,999,0,5,30973.26178
